ingredient_name,ingredient_id
water (aqua),1
dipropylene glycol,2
peg-6 caprylic/capric glycerides,3
glycerin,4
2-hexanediol,5
polyglyceryl-4 caprate,6
butylene glycol,7
carbomer,8
propanediol,9
tromethamine,10
peg-60 hydrogenated castor oil,11
ethylhexylglycerin,12
citrus aurantium bergamia (bergamot) fruit oil,13
tricholoma matsutake extract,14
trisodium ethylenediamine disuccinate,15
hydrolyzed cicer seed extract,16
rhododendron chrysanthum leaf extract,17
hyaluronic acid,18
hydrolyzed hyaluronic acid,19
sodium hyaluronate,20
tocopherol *limonene,21
*linalool,22
diisostearyl malate,23
hydrogenated polyisobutene,24
phyto- steryl/isostearyl/cetyl/stearyl/behenyl dimer dilinoleate,25
hydrogenated poly(c6-14 olefin),26
polybutene,27
microcrystalline wax / cera microcristallina / cire microcri stalline,28
butyrospermum parkii (shea) butter,29
synthetic wax,30
ethylene/propylene/styrene copolymer,31
sucrose tetrastearate triacetate,32
mica,33
euphorbia cerifera (candelilla) wax / candelilla cera hydrocarbons / cire de candelilla,34
candelilla wax esters,35
astrocaryum murumuru seed butter,36
titanium dioxide (ci 77891),37
fragrance / parfum,38
glyceryl caprylate,39
polyglyceryl-2 diisostearate,40
butylene/ethylene/styrene copolymer,41
copernicia cerifera (carnauba) wax / copernicia cerifera cera / cire de carnauba,42
methicone,43
polyglyceryl-2 triisostearate,44
cocos nucifera (coconut) oil,45
yellow 6 lake (ci 15985),46
pentaerythrityl tetra-di-t-butyl hydroxyhydrocinnamate,47
red 6 (ci 15850),48
ascorbic acid,49
water / aqua / eau,50
bht,51
punica granatum fruit juice,52
rubus idaeus (raspberry) juice,53
vitis vinifera (grape) juice,54
aqua (water),55
coco-glucoside,56
xanthan gum,57
polyglyceryl-10 laurate,58
centaurea cyanus flower water,59
cucumis sativus (cucumber) fruit extract,60
helianthus annuus (sunflower) seed oil,61
borago officinalis seed oil,62
hydrolyzed soy protein,63
rosa damascena extract,64
rosa damascena flower water,65
aloe barbadensis leaf juice,66
panax ginseng root extract,67
malva sylvestris (mallow) flower extract,68
rosa damascena flower oil,69
tocopherol,70
caprylic/capric triglyceride,71
caprylyl glycol,72
hydrolyzed jojoba esters,73
silica,74
citric acid,75
pentylene glycol,76
caramel,77
sodium hydroxide,78
sodium benzoate,79
potassium sorbate.,80
argania spinosa (argan) kernel oil.,81
colloidal oatmeal 0.50%,82
water,83
stearic acid,84
c12-15 alkyl benzoate,85
glyceryl stearate,86
glyceryl stearate se,87
cetearyl alcohol,88
dimethicone,89
squalane,90
phenoxyethanol,91
allantoin,92
disodium edta,93
chrysanthemum parthenium (feverfew) extract,94
camellia sinensis leaf extract,95
glycyrrhiza glabra (licorice) root extract,96
ceramide np,97
eucalyptus globulus leaf oil.,98
step 1:,99
water/aqua/eau,100
alcohol denat. (sd alcohol 40-b),101
glycolic acid,102
potassium hydroxide,103
hamamelis virginiana (witch hazel) water,104
salicylic acid*,105
polysorbate 20,106
lactic acid,107
mandelic acid,108
malic acid,109
salix alba (willow) bark extract,110
achillea millefolium extract,111
chamomilla recutita (matricaria) flower extract,112
soy isoflavones,113
anthemis nobilis flower extract,114
copper pca,115
zinc pca,116
lecithin,117
alcohol,118
polysorbate 80,119
menthone glycerin acetal,120
fragrance (parfum),121
benzoic acid,122
potassium sorbate (* - exfoliant),123
step 2:,124
sodium bicarbonate,125
resveratrol,126
retinol,127
ubiquinone,128
phospholipids,129
adenosine,130
tocopheryl acetate,131
leuconostoc/radish root ferment filtrate,132
sodium pca,133
octoxynol-9,134
tetrasodium edta,135
methl trimethicone,136
alcohol denat,137
cyclopentasiloxane,138
malakite extract,139
pentaerythrityl tetraethylhexanoate,140
peg/ppg/polybutylene glycol-8/5/3 glycerin,141
alchemilla vulgaris leaf extract*,142
equisetum arvense leaf extract*,143
stellaria media (chickweed) extract*,144
urtica dioica (nettle) leaf extract*,145
plantago lanceolata leaf extract*,146
avena sativa (oat) kernel extract**,147
calendula officinalis flower extract**,148
nepeta cataria extract**,149
rubus idaeus (raspberry) leaf extract**,150
baptisia tinctoria root extract**,151
dimethiconol,152
polymethylsilsesquioxane,153
sodium acrylate/acryloyldimethyltaurate/dimethylacrylamide crosspolymer,154
isohexadecane,155
polysorbate 60,156
ceramide 3,157
cholesterol,158
phenl trimethicone,159
pentaerythrityl tetraisostearate,160
panthenol,161
triethylhexanoin,162
macadamia ternifolia seed oil,163
peg-150,164
peg-40 hydrogenated castor oil,165
acrylates/c10-30 alkyl acrylate crosspolymer,166
c14-22 alcohols,167
arachidyl glucoside,168
hydrogenated lecithin,169
peg-100 stearate,170
trisodium edta,171
fragrance+,172
citronellol,173
limonene,174
citral,175
geraniol,176
linalool.,177
cetyl ethylhexanoate,178
peg-20 glyceryl triisostearate,179
peg-10 isostearate,180
polyethylene,181
echinacea purpurea root extract,182
carica papaya (papaya) fruit extract,183
moringa pterygosperma seed extract,184
moringa oleifera seed oil,185
zingiber officinale (ginger) root oil,186
sorbitan sesquioleate,187
citrus aurantifolia (lime) oil,188
melia azadirachta leaf extract,189
melia azadirachta flower extract,190
corallina officinalis extract,191
citrus aurantium dulcis (orange) peel oil,192
amber powder,193
cananga odorata flower oil,194
coccinia indica fruit extract,195
solanum melongena (eggplant) fruit extract,196
curcuma longa (turmeric) root extract,197
ocimum sanctum leaf extract,198
disodium phosphate,199
alcohol denat.,200
water (aqua/eau),201
benzyl salicylate,202
hydroxycitronellal,203
coumarin,204
farnesol,205
benzyl alcohol,206
benzyl benzoate,207
dicaprylyl carbonate,208
cetearyl olivate,209
sorbitan olivate,210
sclerocarya birrea seed oil,211
bacillus/ folic acid ferment filtrate extract,212
nymphaea alba root extract,213
sh-oligopeptide-1,214
sh-oligopeptide-2,215
sh-polypeptide-1,216
sh-polypeptide-9,217
sh-polypeptide-11,218
copper palmitoyl heptapeptide-14,219
heptapeptide-15 palmitate,220
palmitoyl tetrapeptide-7,221
palmitoyl tripeptide-1,222
alanine,223
arginine,224
glycine,225
histidine,226
isoleucine,227
phenylalanine,228
proline,229
serine,230
threonine,231
valine,232
acetyl glutamine,233
coconut alkanes,234
coco-caprylate/caprate,235
aspartic acid,236
linoleic acid,237
linolenic acid,238
polyvinyl alcohol,239
sodium lactate,240
pca,241
sorbitan isostearate,242
lactic acid/glycolic acid copolymer,243
hydroxyethyl acrylate/sodium acryloyldimethyl taurate copolymer,244
isomalt,245
chlorphenesin,246
phenylpropanol,247
symphytum officinale callus culture extract.,248
cocamidopropyl hydroxysultaine,249
sodium cocoyl glutamate,250
sorbeth-230 tetraoleate,251
sodium chloride,252
aloe barbadensis leaf (aloe vera) juice powder,253
brassica oleracea acephala (kale) leaf extract,254
spinacia oleracea (spinach) leaf extract,255
camellia sinensis (green tea) leaf extract,256
medicago sativa (alfalfa) extract,257
tetrahexyldecyl ascorbate (vitamin c),258
panthenol (vitamin b5),259
tocopheryl acetate (vitamin e),260
decyl glucoside,261
sorbitan laurate,262
tetrasodium glutamate diacetate,263
gluconolactone,264
maltodextrin,265
potassium sorbate,266
gardenia jasminoides (jasmine) fruit extract,267
fragrance/parfum,268
sodium glycolate,269
sodium formate,270
hexyl cinnamal,271
linalool,272
chlorophyllin-copper complex (ci 75810).,273
niacinamide,274
dimethyl isosorbide,275
tamarindus indica seed gum,276
isoceteth-20,277
ethoxydiglycol,278
chlorphenesin.,279
botanical blend aqua,280
opuntia tuna fruit extract,281
cypripedium pubescens extract,282
opuntia vulgaris leaf extract,283
agave tequilana leaf extract,284
arnica montana flower extract,285
aloe barbadensis leaf extract,286
saccharomyces cerevisiae (yeast) extract,287
ppg-12 / smdi copolymer,288
phenyl trimethicone,289
disiloxane,290
ceteareth-20,291
stearyl glycyrrhetinate,292
glycyrrhiza glabra root extract,293
cymbopogon schoenanthus (lemongrass) oil,294
sodium phytate.,295
centella asiatica leaf water,296
isononyl isononanoate,297
methyl methacrylate crosspolymer,298
beeswax/cire d’abeille,299
diethylhexyl carbonate,300
polyglyceryl-3 polyricinoleate,301
cyclohexasiloxane,302
pan-thenol,303
diglycerin,304
iron oxides,305
polyglyceryl-4 diisostearate/polyhydroxystearate/sebacate,306
dimethicone/vinyl dimethi- cone crosspolymer,307
isododecane,308
ethylene/methacrylate copolymer,309
aluminum hydroxide,310
disteardimonium hectorite,311
acrylates/ammonium methacrylate copolymer,312
sclerotium gum,313
acrylates/dimethicone copolymer,314
hydrogen dimethicone,315
chromium oxide greens,316
triethyl citrate,317
fragaria vesca (strawberry) leaf extract,318
asiaticoside,319
aden- osine,320
triethoxycaprylylsilane,321
lavandula angustifolia (lavender) oil,322
boron nitride,323
asiatic acid,324
madecassic acid,325
citrus grandis (grapefruit) peel oil,326
rosmarinus officinalis (rosemary) leaf oil,327
2- hexanediol,328
anthemis nobilis flower oil,329
houttuynia cordata extract,330
centella asiatica extract,331
gentiana lutea root extract,332
artemisia absinthium extract,333
aniba rosodora (rosewood) wood oil,334
sodium glycerophosphate,335
selaginella lepidophylla extract,336
potassium magnesium aspartate,337
calcium gluconate,338
madecassoside,339
magnesium gluconate,340
centella asiatica meristem cell culture,341
titanium dioxide,342
zinc oxide.,343
pure white petrolatum (surgical grade),344
cotton seed oil,345
trade secret blend of essential oils,346
botanicals.,347
aqua/water/eau,348
sodium cocoyl isethionate,349
hydrogenated coconut acid,350
sodium isethionate,351
stearyl alcohol,352
hydrogenated palm glycerides citrate,353
disodium cocoamphodiacetate,354
hydroxypropyl methylcellulose,355
glyceryl oleate,356
tetrasodium edta.,357
microcrystalline cellulose,358
magnesium oxide,359
colloidal oatmeal,360
disodium lauryl sulfosuccinate,361
sodium lauroyl glutamate,362
oryza sativa (rice) bran extract,363
oryza sativa (rice) starch,364
papain,365
salicylic acid,366
ginkgo biloba leaf extract,367
populus tremuloides bark extract,368
cyclodextrin,369
lauryl methacrylate/glycol dimethacrylate copolymer,370
melaleuca,371
alternifolia (tea tree) leaf oil,372
citrus paradisi (grapefruit) peel oil,373
sodium dehydroacetate,374
hydrolyzed corn starch hydroxyethyl ether,375
citric acid.,376
salicylic acid 0.5%,377
aloe barbadensis (aloe vera) leaf extract,378
retinyl acetate (vitamin a),379
hydrocolloid polymer technology.,380
myrtus communis (myrtle) leaf water,381
kaolin,382
bentonite,383
montmorillonite,384
charcoal powder,385
peg-150 distearate,386
propylene glycol stearate,387
propylene glycol laurate,388
simethicone,389
hexylene glycol,390
dehydroacetic acid,391
phenoxyethanol.,392
diheptyl succinate,393
sorbitan stearate,394
ceramide eop,395
ceramide ap,396
aminopropyl ascorbyl phosphate,397
bisabolol,398
physalis angulata extract,399
castanea sativa (chestnut) seed extract,400
phytosphingosine,401
capryloyl glycerin/sebacic acid copolymer,402
sodium lauroyl lactylate,403
ethylhexyl palmitate,404
carthamus tinctorius (safflower) seed oil,405
sorbeth-30 tetraoleate,406
peg-5 glyceryl triisostearate,407
coco-betaine,408
zea mays (corn) starch,409
cocamidopropyl betaine,410
magnesium aluminum silicate,411
sodium methyl cocoyl taurate,412
glyceryl laurate,413
alpha-glucan oligosaccharide,414
amaranthus caudatus seed extract,415
chlorella vulgaris extract,416
hydrogenated castor oil,417
hydrolyzed rice protein,418
lactis proteinum/whey protein/protéine du lait,419
lactobacillus,420
lactose,421
laminaria digitata extract,422
lonicera caprifolium (honeysuckle) flower extract,423
lonicera japonica (honeysuckle) flower extract,424
maris aqua/sea water/eau de mer,425
phenethyl alcohol,426
polymnia sonchifolia root juice,427
saccharide isomerate,428
sodium cocoyl alaninate,429
sodium phytate,430
yogurt,431
yogurt powder,432
parfum/fragrance.,433
saccharomyces/camellia sinensis leaf/cladosiphon okamuranus/rice ferment filtrate*,434
diphenylsiloxy phenyl trimethicone,435
gold,436
belamcanda chinensis root extract,437
rosa multiflora fruit extract,438
sophora angustifolia root extract,439
pistacia lentiscus (mastic) gum,440
sodium citrate,441
peg-9 polydimethylsiloxyethyl dimethicone,442
dimethicone/peg-10/15 crosspolymer,443
dimethicone/phenyl vinyl dimethicone crosspolymer,444
tin oxide,445
parfum/fragrance,446
phenoxyethanol. *hadasei-3.,447
bis-peg-18 methyl ether dimethyl silane,448
laminaria saccharina extract,449
polygonum cuspidatum root extract,450
saccharomyces lysate extract,451
hordeum vulgare (barley) extract/extrait d’orge,452
helianthus annuus (sunflower) seedcake,453
caffeine,454
trehalose,455
chamomilla recutita (matricaria),456
polysilicone-11,457
propylene glycol dicaprate,458
oleth-10,459
lactobacillus ferment,460
laureth-23,461
laureth-4,462
ammonium acryloyldimethyltaurate/vp copolymer,463
yellow 5 (ci 19140),464
red 4 (ci 14700),465
yellow 6 (ci 15985) lotion.,466
fragrance,467
lauryl glucoside,468
citrullus lanatus (watermelon) fruit extract,469
sodium stearoyl lactylate,470
tocopherol.,471
sodium hyaluronate crosspolymer,472
ahnfeltia concinna extract,473
caprylyl glycol.,474
ascorbyl glucoside,475
isodecyl neopentanoate,476
peucedanum japonicum leaf/stem extract,477
eschscholtzia californica leaf cell extract,478
saccharomyces ferment lysate filtrate,479
citrus unshiu peel extract (citrus unshiu),480
zingiber aromaticus extract,481
isostearic acid,482
lauryl betaine,483
behenyl alcohol,484
stearamidopropyl dimethylamine,485
beheneth-20,486
batyl alcohol,487
sodium metaphosphate,488
sodium metabisulfite,489
phenoxyethanol. may contain/peut contenir (+/-): iron oxides (ci 77491,490
ci 77492,491
ci 77499).,492
phytosteryl/isostearyl/cetyl/stearyl/behenyl dimerdilinoleate,493
hydrogenatedpoly(c6-14 olefin),494
diisostearylmalate,495
phytosterylisostearyl dimer dilinoleate,496
microcrystalline wax /ceramicrocristallina / ciremicrocristalline,497
butyrospermumparkii (shea) butter,498
sucrosetetrastearate triacetate,499
astrocaryum murumuruseed butter,500
euphorbia cerifera(candelilla) wax / candelillacera hydrocarbons / ciredecandelilla,501
copernicia cerifera(carnauba) wax / coperniciacerifera cera / cire de carnauba,502
red 7 lake (ci 15850),503
red 6 (ci15850),504
lyciumchinensefruit extract,505
rubus idaeus(raspberry) fruit extract,506
vaccinium angustifolium(blueberry) fruit extract,507
coffea arabica (coffee) seedextract,508
sapindus mukorossifruit extract,509
vacciniummacrocarpon (cranberry)fruit extract,510
fragari achiloensis (strawberry) fruitextract,511
rubus chamaemorusseed extract,512
beeswax,513
c 18-38 alkyl hydroxystearol stearate,514
camellia sinenesis (green tea) leaf extract,515
flavor,516
lanolin,517
microcrystalline wax,518
ozokerite,519
persea gratissima (avocado) oil,520
polyglyceryl 3 beeswax,521
theobroma cacao (cocoa) seed butter,522
tocopheryl acetate.,523
water\\aqua\\eau,524
bis-diglyceryl polyacyladipate-2,525
ppg-2 myristyl ether propionate,526
cetyl alcohol,527
peg-40 stearate,528
butyrospermum parkii (shea butter),529
epilobium angustifolium extract,530
yeast extract\\faex\\extrait de levure,531
beta-carotene,532
methyl glucose sesquistearate,533
pelargonium graveolens (geranium) flower oil,534
dimethicone crosspolymer,535
peg-20 methyl glucose sesquistearate,536
c12-15 alkyl ethylhexanoate,537
magnesium ascorbyl phosphate,538
tartaric acid,539
vitis vinifera (grape) juice extract,540
opuntia ficus-indica extract,541
aesculus hippocastanum (horse chestnut) seed extract,542
rubus idaeus (raspberry) fruit extract,543
saccharomyces cerevisiae extract,544
buddleja davidii meristem cell culture,545
hydroxyethylcellulose,546
galactoarabinan,547
sodium carbonate,548
ethylhexylglycerin.,549
olus oil/vegetable oil/huile végétale,550
polyester-7,551
neopentyl glycol diheptanoate,552
steareth-21,553
avena sativa (oat) kernel extract,554
potassium cetyl phosphate,555
hydrolyzed viola tricolor extract,556
aloe barbadensis (aloe vera) leaf juice,557
camellia oleifera seed oil,558
rosa canina fruit oil,559
rosa damascena (rose) extract,560
michelia alba leaf oil,561
peg-8,562
ascorbyl palmitate,563
plumeria rubra flower extract,564
nicotiana sylvestris leaf cell culture,565
geraniol.,566
citrus aurantium amara (bitter orange) flower water,567
parfum (fragrance),568
potassium alum,569
mentha piperita (peppermint) oil,570
commiphora myrrha resin extract,571
styrax tonkinensis resin extract,572
melissa officinalis (balm mint) leaf oil,573
citrus aurantium amara (bitter orange) flower oil,574
vitis vinifera (grape) fruit extract,575
linalool (010/035).,576
opuntia ficus-indica (cactus) extract,577
sodium polyglutamate,578
betaine salicylate,579
melaleuca alternifolia (tea tree) extract,580
hibiscus sabdariffa flower extract,581
lactobacillus/watermelon fruit ferment extract,582
saccharum officinarum (sugarcane) extract,583
scutellaria baicalensis root extract,584
paeonia suffruticosa root extract,585
brassica oleracea capitata (cabbage) leaf extract,586
ipomoea batatas root extract,587
sorbitan oleate,588
levulinic acid,589
sodium levulinate,590
fragrance/parfum.,591
lavandula angustifolia (lavender) flower water,592
myristic acid,593
behenic acid,594
palmitic acid,595
lauric acid,596
anthemis nobilis flower oil *,597
mentha viridis (spearmint) leaf oil*,598
pelargonium graveolens flower oil*,599
lavandula hybrida oil*,600
citrus aurantium bergamia (bergamot) fruit oil*,601
styrax benzoin gum,602
peg-3 distearate,603
tourmaline,604
hydrolyzed wheat protein,605
polyquaternium-7,606
methylchloroisothiazolinone,607
methylisothiazolinone.,608
avobenzone,609
3%,610
homosalate 8%,611
octisalate 5%,612
octocrylene 4%,613
dimethicone/bis-isobutyl ppg-20 crosspolymer,614
meadowfoam estolide,615
lithothamnion calcareum extract,616
jojoba esters,617
mannitol,618
olibanum,619
diatomaceous earth,620
zinc sulfate,621
aloe barbadensis leaf water,622
daucus carota sativa extract,623
cocamidopropyl dimethylamine,624
potassium citrate,625
tasmannia lanceolata fruit/leaf extract,626
simmondsia chinensis (jojoba) seed oil,627
dicaprylyl ether,628
macadamia integrifolia (macadamia) seed oil,629
vitis vinifera (grape) fruit extract*,630
calendula officinalis extract,631
epilobium fleischeri flower/leaf/stem extract,632
glycine soja (soybean) oil,633
olea europaea (olive) fruit oil,634
phytosterols,635
punica granatum fruit extract,636
rosmarinus officinalis (rosemary) leaf extract,637
sodium gluceptate,638
troxerutin,639
isopropyl alcohol,640
zinc oxide,641
sulfur,642
camphor,643
ci 77491 (iron oxides).,644
saccharomyces/rice ferment filtrate,645
myristyl myristate,646
dipentaerythrityl hexahydroxystearate,647
tridecyl trimellitate,648
inositol,649
sorbitan tristearate,650
cladosiphon okamuranus extract,651
chondrus crispus extract,652
betaphycus gelatinum extract,653
origanum majorana leaf extract,654
thymus serpyllum extract,655
sericin,656
phytosteryl macadamiate,657
dimethicone/vinyl dimethicone crosspolymer,658
violet 2 (ci 60725),659
sodium acrylates copolymer,660
c13-15 alkane,661
caprylic/capric/myristic/stearic triglyceride,662
coco-caprylate,663
hexyldecyl stearate,664
passiflora incarnata seed oil,665
aloe barbadensis leaf juice powder,666
algin,667
cellulose gum,668
glyceryl polyacrylate,669
glyceryl stearate citrate,670
hydrogenated ethylhexyl olivate,671
hydrogenated olive oil unsaponifiables,672
hydrolyzed sodium hyaluronate,673
sea water,674
menthyl lactate,675
polyacrylate crosspolymer-6,676
polyglyceryl-3 diisostearate,677
potassium phosphate,678
pullulan,679
salvia hispanica seed oil,680
sodium carboxymethyl beta-glucan,681
tridecane,682
undecane,683
urea,684
zingiber officinale (ginger) root extract,685
sorbic acid,686
fragrance.,687
pectin,688
carica papaya (papaya) fruit,689
dehydroxanthan gum,690
lactobacillus/pumpkin ferment extract,691
cinnamal,692
mel/honey/miel,693
eugenol,694
bromelain,695
retinyl palmitate,696
cinnamomum cassia leaf oil,697
acetic acid,698
pogostemon cablin oil,699
pelargonium graveolens flower oil,700
aniba rosaeodora (rosewood) wood extract,701
ci 75810 (chlorophyllin-copper complex).,702
prunus amygdalus dulcis (sweet almond) oil,703
avena sativa (oat) kernel oil,704
candelilla cera (cire de candelilla),705
tribehenin,706
peg-60 almond glycerides,707
avena sativa (oat) kernel flour,708
aqua (water/eau),709
biosaccharide gum-4,710
helianthus annuus (sunflower) seed oil.,711
caprylyl trimethicone,712
hdi/trimethylol hexyllactone crosspolymer,713
sucrose polystearate,714
pca dimethicone,715
cellulose,716
centella asiatica leaf extract,717
avena sativa (oat) kernel extract*,718
calendula officinalis flower extract*,719
nepeta cataria extract*,720
rubus idaeus (raspberry) leaf extract*,721
baptisia tinctoria root extract*,722
alchemilla vulgaris leaf extract**,723
viola tricolor extract**,724
rosa damascena flower extract**,725
spiraea ulmaria flower extract**,726
althaea officinalis root extract**,727
achillea millefolium flower extract,728
symphytum officinale leaf extract,729
trifolium pratense (clover) flower extract,730
menyanthes trifoliata leaf extract,731
peg-10 rapeseed sterol,732
glycereth-20,733
c12-20 alkyl gucoside,734
hydroxyethyl acrylate/sodium acryloyldimethyl taurate copolymwer,735
hydroxyproline,736
citrus aurantium dulcis (orange) peel oil+,737
rosamarinus officinalis (rosemary) leaf oil+,738
pelargonium graveolens flower oil+,739
citrannellol,740
sources of vitamin c:,741
3-o-ethyl ascorbic acid,742
glycereth-26,743
ammonium acryloyldimethyltaurate/beheneth-25 methacrylate crosspolymer,744
hydroxyacetophenone,745
polyglyceryl-3 methylglucose distearate,746
tetrahexyldecyl ascorbate,747
cetearyl glucoside,748
citrus aurantium dulcis (orange) fruit extract,749
citrus limon (lemon) fruit extract,750
hippophae rhamnoides extract,751
lycium barbarum fruit extract,752
rosa canina fruit extract,753
camellia japonica flower extract,754
aroma/flavor,755
sodium polyacrylate,756
vegetable collagen,757
yellow 6 (ci 15985),758
benzyl alcohol.,759
cera alba (beeswax),760
c10-18 triglycerides,761
ricinus communis (castor) seed oil,762
hydrogenated olive oil decyl esters,763
vitis vinifera (grape) seed oil,764
crithmum maritimum extract,765
prunus domestica seed oil,766
limnanthes alba (meadowfoam) seed oil,767
ribes nigrum (black currant) seed oil,768
cera carnauba (copernicia cerifera (carnauba) wax),769
hydrogenated vegetable oil,770
triolein,771
ammonium glycyrrhizate,772
glyceryl dioleate,773
ascorbyl tetraisopalmitate,774
ethyl vanillin,775
phytic acid,776
saccharum officinarum (sugar cane) extract,777
santalum album (sandalwood) extract,778
galactomyces ferment filtrate*,779
methylparaben,780
sorbic acid.,781
diisopropyl sebacate,782
talc,783
peg/ppg-9/2 dimethyl ether,784
sd alcohol 40-b,785
lauryl peg-9 polydimethylsiloxyethyl dimethicone,786
dextrin palmitate,787
ppg-3 dipivalate,788
trimethylsiloxysilicate,789
peg/ppg-14/7 dimethyl ether,790
saxifraga sarmentosa extract,791
ppg-17,792
calcium stearate,793
silica dimethyl silylate,794
vinyl dimethicone/methicone silsesquioxane crosspolymer,795
peg-6,796
syzygium jambos leaf extract,797
polysilicone-2,798
iron oxides.,799
cococaprylate/caprate,800
palmitoyl grapevine shoot extract,801
polyglyceryl-3 distearate,802
parfum (fragrance).,803
triethanolamine,804
aminomethyl propanol,805
glutamic acid,806
fructose,807
glucose,808
sucrose,809
hexyl nicotinate,810
dextrin,811
gellan gum,812
dihydroxyacetone,813
erythrulose,814
propylene glycol,815
tropaeolum majus flower/leaf/stem extract,816
tocopheryl acetate (vitamin e acetate),817
aloe barbadensis extract,818
eucalyptus globulus leaf oil,819
salvia officinalis (sage) oil,820
methoxyphenyl t-butylphenyl propanediol,821
agastache mexicana flower/leaf/stem extract,822
triethylene glycol.,823
100% cotton.,824
peg-10 dimethicone,825
moringa oleifera seed extract,826
hibiscus sinensis flower extract,827
acetyl hexapeptide-8,828
whey protein/lactis protein/proteine du petit-lait,829
opuntia tuna extract,830
acetyl glucosamine,831
narcissus tazetta bulb extract,832
algae extract,833
hypnea musciformis (algae) extract,834
pyrus malus (apple) fruit extract,835
lens esculenta (lentil) fruit extract,836
silybum marianum (lady thistle) extract,837
gelidiella acerosa extract,838
helianthus annuus (sunflower) seed extract,839
sigesbeckia orientalis (st. paul wort) extract,840
triticum vulgare (wheat) germ extract,841
sorbitol,842
propylene carbonate,843
peg-32,844
iron oxides (ci 77491).,845
sodium lauroyl methyl isethionate,846
sodium methyl oleoyl taurate,847
glycolipids,848
cucumis melo cantalupensis fruit extract,849
dipotassium glycyrrhizate,850
polylysine.,851
cetearyl isononanoate,852
ppg-3 myristyl ether,853
dipsacus sylvestris extract,854
silybum marianum seed oil,855
escin,856
chenopodium quinoa seed extract,857
theobroma cacao (cocoa) extract,858
persea gratissima (avocado) oil unsaponifiables,859
leontopodium alpinum extract,860
salicyloyl phytosphingosine,861
musa sapientum (banana) fruit extract,862
salicornia herbacea extract,863
actinidia chinensis (kiwi) fruit extract,864
kalanchoe pinnata leaf extract,865
myrothamnus flabellifolia leaf/stem extract,866
orthosiphon stamineus extract,867
hedychium coronarium root extract,868
mangifera indica (mango) leaf extract,869
jania rubens extract,870
engelhardtia chrysolepis leaf extract,871
ci 14700/red 4,872
callicarpa japonica fruit extract.,873
salicylic acid (1.5%),874
sodium c14-16 olefin sulfonate,875
yeast amino acids,876
taurine,877
betaine,878
methyl gluceth-20,879
ppg-26-buteth-26,880
cimicifuga racemosa root extract,881
camellia oleifera leaf extract,882
silver citrate,883
menthol,884
hydrolyzed corn starch,885
hydrolyzed corn starch octenylsuccinate,886
citrus reticulata (tangerine) leaf oil,887
cymbopogon nardus (citronella) oil,888
citrus limon (lemon) peel oil,889
lavandula hybrida oil,890
citrus nobilis (mandarin orange) peel oil,891
prunus armeniaca (apricot) kernel oil,892
fragrance (parfum).,893
cucumis sativus (cucumber) fruit wa-ter,894
chrysanthemum partheni-um (feverfew) extract,895
citrus medica limonum (lemon) peel extract,896
citrus nobilis (mandarin orange) fruit extract,897
glycyrrhiza glabra (lico-rice) root extract,898
phyllanthus emblica fruit extract,899
cit-ric acid,900
edta,901
wheat amino acids,902
ananas sativus (pineapple) fruit extract,903
berberis vulgaris root extract,904
lactobacillus/punica granatum fruit ferment extract,905
silybum marianum seed extract,906
camellia sinensis leaf powder,907
cicer arietinum seed powder,908
passiflora edulis seed oil,909
polydextrose,910
amylopectin,911
aqua /water,912
sucrose stearate,913
peg-8 stearate,914
prunus armeniaca kernel oil / apricot kernel oil,915
persea gratissima oil / avocado oil,916
oryza sativa bran oil / rice bran oil,917
olea europaea fruit oil / olive fruit oil,918
palmitic acid carbomer,919
acrylates/c10-30 alkyl acrylate crosspolymer trisodium ethylenediamine disuccinate,920
prunus amygdalus dulcis oil / sweet almond oil,921
sodium hydroxide tocopherol,922
glycine soja oil / soybean oil,923
pseudoalteromonas ferment extract,924
hydroxypalmitoyl sphinganine salicylic acid,925
helianthus annuus seed oil / sunflower seed oil,926
rosmarinus officinalis leaf extract / rosemary leaf extract citric acid,927
bis-peg-18,928
methyl ether dimethyl silane,929
stearate,930
prunus armeniaca kernel oil / apricot kernel,931
oil,932
cetyl,933
olea europaea fruit oil / olive,934
fruit oil,935
acrylates/c10-30,936
alkyl acrylate crosspolymer trisodium ethylenediamine disuccinate,937
prunus,938
amygdalus dulcis oil / sweet almond oil,939
sodium,940
hydroxide tocopherol,941
pseudoalteromonas ferment,942
extract,943
helianthus,944
annuus seed oil / sunflower seed oil,945
aqua / water / eau,946
hydroxyethylpiperazine ethane sulfonic acid,947
butyrospermum parkii butter / shea butter,948
hydroxypalmitoyl sphinganine,949
parfum / fragrance.,950
water/eau/aqua,951
vegetable oil,952
cetyl lactate,953
c12-16 alcohols,954
caprylyl caprylate/caprate,955
jojoba oil/macadamia seed oil esters,956
dilinoleic acid/propanediol copolymer,957
ophiopogon japonicus root extract,958
phytosteryl sunflowerseedate,959
glycine soja (soybean) extract,960
hydrogenated vegetable glycerides,961
ceramide eop.,962
acrylates copolymer,963
sodium caproyl methyltaurate,964
oryza sativa (rice) powder,965
polyquaternium-39,966
alcohol.,967
persea gratissima (extra virgin,968
cold-pressed avocado) oil,969
vitis vinifera (cold-pressed concord grape) seed oil,970
rubus fruticosus (cold-pressed blackberry) seed oil,971
salvia hispanica (cold-pressed chia) oil,972
dimethyl isosorbide (and) hydroxypinacolone retinoate,973
chamomila recutita (matricaria) flower oil,974
tanacetum annuum (blue tansy) oil,975
anthemis nobilis (english chamomile) oil,976
eriocephalus punctualatus (cape chamomile) oil,977
citrus aurantium amara (neroli) oil,978
citrus aurantium dulcis (blood orange) oil,979
cananga odorata flower (ylang ylang) oil,980
vetivera zizanoides (vetiver) oil,981
helianthus annuus (sunflower) seed oil (and) rosmarinus officinalis (rosemary) leaf extract,982
ci 61565 (green 6),983
ci 60725 (violet 2).,984
white beeswax,985
trade secret strawberry flavor.,986
helianthus annuus (sunflower) extract,987
rosa centifolia flower,988
porphyridium cruentum extract,989
aspalathus linearis leaf extract,990
faex (yeast extract),991
maris aqua (sea water),992
glyceryl acrylate/acrylic acid copolymer,993
bifida ferment lysate,994
peg-75,995
adansonia digitata seed extract,996
tripeptide-32,997
cola acuminata (kola) seed extract,998
anthemis nobilis (chamomile) flower extract,999
hydrolyzed algin,1000
pantethine,1001
sodium rna,1002
oleth-3 phosphate,1003
oleth-3,1004
oleth-5,1005
choleth-24,1006
jojoba wax peg-120 esters,1007
ceteth-24,1008
yellow 5 (ci 19140).,1009
aromol,1010
essential oils,1011
petrolatum base.,1012
saccharomyces/camellia sinensis leaf/cladosiphonokamuranus/rice ferment filtrate*,1013
luffa cylindrica fruit/leaf/stem extract,1014
luffa cylindrica fruit,1015
sodium lauroyl hydrolyzed silk,1016
polyglyceryl-10 dioleate,1017
polyglyceryl-2 sesquicaprylate,1018
isopropyl myristate,1019
opuntia tuna (prickly pear) flower/stem extract,1020
euterpe oleracea (açaí) fruit extract,1021
lycium barbarum (goji) fruit extract,1022
aristotelia chilensis (maqui) fruit extract,1023
moringa oleifera leaf extract,1024
riboflavin (vitamin b2),1025
citrus aurantium dulcis peel oil,1026
gamma-undecalactone,1027
gamma-decalactone,1028
citrus aurantium dulcis (orange) peel oil*,1029
citrus limon (lemon) peel oil*,1030
lavandula angustifolia (lavender) oil*,1031
amyris balsamifera bark oil*,1032
eugenia caryophyllus (clove) leaf oil*,1033
rosa damascena flower oil*,1034
eucalyptus globulus leaf oil*,1035
zingiber officinale (ginger) root oil*,1036
epilobium angustifolium flower\\leaf\\stem extract,1037
cistus incanus flower/leaf/stem extract,1038
sucrose**,1039
bambusa vulgaris (bamboo) extract,1040
pisum sativum (pea) extract,1041
albizia julibrissin bark extract,1042
glucosamine hcl,1043
beeswax\\cera alba\\cire d’abeille,1044
silica silylate,1045
silybum marianum (milk thistle) seed oil,1046
nigella sativa (black cumin) seed oil,1047
cucumis sativus (cucumber) seed oil,1048
punica granatum (pomegranate) seed oil,1049
vaccinium macrocarpon (cranberry) seed oil,1050
linum usitatissimum  (flax) seed oil,1051
caprylic/capric triglycerides,1052
ethyl linoleate,1053
hexylresorcinol,1054
chamomilla recutita flower oil,1055
citrus aurantium amara (neroli) flower oil,1056
melaleuca alternifolia (tea tree) leaf oil,1057
helianthus annuus seed oil,1058
citrus paradisii (grapefruit) peel oil,1059
melia azadirachta (neem) leaf extract,1060
melia azadirachta (neem) flower extract,1061
amino esters-1,1062
amber leaf extract,1063
aloe barbadensis flower extract,1064
lawsonia inermis (henna) extract,1065
ocimum basilicum (basil) leaf extract,1066
pearl powder,1067
moringa pterygosperma seed oil.,1068
rosa centifolia (rose) flower extract,1069
cocos nucifera (coconut) fruit extract,1070
saccharum officinarum (sugarcane) extract/saccharum officinarum/extrait de canne à sucre,1071
acer saccharum (sugar maple) extract,1072
camellia japonica (camellia) leaf extract,1073
citrus paradisi (grapefruit) seed extract,1074
phellodendron amurense (cork tree) bark extract,1075
psidium guajava (guava) leaf extract,1076
camellia sinensis (tea plant) leaf extract,1077
mangifera indica (mango) fruit extract,1078
passiflora edulis (passionfruit) fruit extract,1079
vaccinium myrtillus (blueberry) fruit extract,1080
magnolia officinalis (magnolia) bark extract,1081
sodium laureth sulfate,1082
lauramidopropyl betaine,1083
sodium cocoyl sarcosinate,1084
tea-cocoyl glutamate,1085
di-ppg-2 myreth-10 adipate,1086
peg-120 methyl glucose dioleate,1087
cetyl triethylmonium dimethicone peg-8 succinate,1088
laureth-2,1089
sodium sulfate,1090
c10-30 cholesterol/lanosterol esters,1091
cera microcristallina (microcrystalline wax),1092
glyceryl behenate/eicosadio-,1093
ate,1094
butylene/ethylene/styrene copoly-,1095
mer,1096
vitis vinifera,1097
(grape) seed oil,1098
mel extract (honey extract),1099
ammonium gly-,1100
cyrrhizate,1101
vanillin,1102
ci 77492 (iron,1103
oxides),1104
ci 77491 (iron oxides),1105
trimethylolpropane triisostearate,1106
ci 77499,1107
(iron oxides),1108
propyl gallate,1109
3-butanediol,1110
citrullus lanatus fruit extract,1111
eclipta prostrata extract,1112
polyquaternium-51,1113
benzyl benzoate.,1114
aqua,1115
alumina,1116
hydrated silica,1117
garnet powder,1118
quartz,1119
terminalia ferdinandiana fruit extract,1120
zizyphus jujuba seed extract,1121
terminalia ferdinandiana seed oil,1122
olea europaea (olive) leaf extract,1123
citrus nobilis (mandarin orange) oil,1124
lavendula hybrida oil,1125
vetiveria zizanoides root oil,1126
sodium stearoyl glutamate,1127
xylitol,1128
caprylic acid,1129
caprylhydroxamic acid,1130
levan,1131
limonene.,1132
mineral oil\\paraffinum liquidum\\huile minérale,1133
petrolatum,1134
sesamum indicum (sesame) oil,1135
lanolin alcohol,1136
hordeum vulgare (barley) extract\\extrait d’orge,1137
red 33 (ci 17200).,1138
epigallocatechin gallatyl glucoside,1139
gallyl glucoside,1140
oxidized glutathione,1141
melanin,1142
glycine soja (soybean) seed extract,1143
isoamyl laurate,1144
euterpe oleracea sterols,1145
oleic acid,1146
isoamyl cocoate,1147
cetyl palmitate,1148
sorbitan palmitate,1149
sodium gluconate.,1150
pentapeptide-59,1151
withania somnifera (ashwagandha) leaf extract,1152
ganoderma lucidum (reishi mushroom) extract,1153
ocimum tenuiflorum (holy basil) extract,1154
prunus amygdalus (sweet almond) dulcis oil,1155
rhodiola rosea extract,1156
caramel.,1157
maltose,1158
phytosteryl canola glycerides,1159
avobenzone 3%,1160
octocrylene 10%,1161
butyloctyl salicylate,1162
bismuth oxychloride,1163
lauryl lactate,1164
cetyl phosphate,1165
ethylhexyl hydroxystearate,1166
limonium gerberi extract,1167
leuconostoc/ radish root ferment filtrate,1168
theobroma cacao (cocoa) seed extract,1169
pantothenic acid,1170
ferulic acid.,1171
ppg-5-ceteth-10 phosphate,1172
camellia japonica seed oil,1173
oryza sativa (rice) germ oil,1174
royal jelly extract,1175
ziziphus jujuba fruit extract,1176
trideceth-12,1177
glyceryl oleate citrate,1178
vitis vinifera (grape) seed extract,1179
acetyl tetrapeptide-17,1180
magnolia officinalis bark extract,1181
glutamylamidoethyl imidazole,1182
colloidal platinum nano,1183
ci 77492 (iron oxides),1184
ci 77499 (iron oxides),1185
sodium c14-16 olefin sulfonate.,1186
helianthus annuus (sunflower) seed oil**,1187
polysorbate-80**,1188
polysorbate-20**,1189
carthamus tinctorius (safflower) seed oil**,1190
argania spinosa (argan) kernel oil*,1191
citrus grandis (pomelo grapefruit) seed oil**,1192
vitis vinifera (grape) seed oil**,1193
olea europaea (olive) fruit oil**,1194
sucralose**.,1195
neopentyl glycol diethylhexanoate,1196
polyglyceryl-6 distearate,1197
glyceryl behenate,1198
mangifera indica (mango) seed butter,1199
cetearyl wheat straw glycosides,1200
whey protein/lactis protein/protéine du petit-lait,1201
prunus amygdalus dulcis (sweet almond) seed extract,1202
acetyl octapeptide-3,1203
palmitoyl hexapeptide-12,1204
phytosteryl/isostearyl/cetyl/stearyl/behenyl dimer dilinoleate,1205
tridecyl stearate,1206
dipentaerythrityl hexacaprylate/hexacaprate,1207
molasses extract/saccharum officinarum/extrait de mélasse,1208
beeswax/cera alba/cire d’abeille,1209
nylon-12,1210
glyceryl polymethacrylate,1211
arachidyl alcohol,1212
polyglyceryl-3 beeswax,1213
phenoxyethanol <iln49540>.,1214
caprylic/ capric triglyceride,1215
isopropyl isostearate,1216
pseudozyma epicola/camellia sinensis seed oil/glucose/glycine soja (soybean) meal/malt extract/yeast extract ferment filtrate,1217
plantago lanceolata leaf extract,1218
adansonia digitata seed oil,1219
citrullus lanatus (watermelon) seed oil,1220
schinziophyton rautanenii kernel oil,1221
polyglyceryl-6 ximenia americana seedate,1222
peppermint oil,1223
trade secret blend of essential oils and botanicals.,1224
palmitoyl tripeptide-1.,1225
ethylene/propylene copolymer,1226
calendula officinalis flower extract,1227
nepeta cataria extract,1228
rubus idaeus (raspberry) leaf extract,1229
stellaria media (chickweed) extract,1230
baptisia tinctoria root extract,1231
alchemilla vulgaris leaf extract,1232
equisetum arvense leaf extract,1233
urtica dioica (nettle) leaf extract,1234
citral.,1235
vitis vinifera (grape) fruit water,1236
butyrospermum parkii (shea) butter extract,1237
hexyldecanol,1238
hexyldecyl laurate,1239
palmitoyl grape seed extract,1240
erythritol,1241
glycine soja (soybean) sterols,1242
biosaccharide gum-1,1243
homarine hcl,1244
sodium anisate,1245
acetyl tetrapeptide-15,1246
parfum (fragrance) (098/131).,1247
carthamus tinctorius (safflower) oleosomes,1248
honey extract,1249
propolis extract,1250
argania spinosa kernel oil,1251
amaranthus caudatus seed oil,1252
vaccinium myrtillus fruit/leaf extract,1253
polyglyceryl-10 stearate,1254
ocimum basilicum (basil) flower/leaf extract,1255
t-butyl alcohol,1256
carica papaya (papaya) leaf extract,1257
salix nigra (willow) bark extract,1258
tanacetum annuum flower oil,1259
jasminum sambac floral extract.,1260
citrullus lanatus (watermelon) fruit,1261
hydrolyzed corn protein,1262
glutamic acid (derived from fermented grains),1263
cetearyl olivate (derived from olive),1264
sorbitan olivate (derived from olive),1265
cyamopsis tetragonoloba (guar) gum,1266
apricot kernel amino acid,1267
alkanna tinctoria root extract,1268
paeonia suffruticosa (peony) root extract,1269
beta-glucan,1270
jasminum grandiflorum (jasmine) flower wax,1271
ipomoea batatas (sweet potato) root extract,1272
pleiogynium timorense fruit extract,1273
podocarpus elatus fruit extract,1274
sodium acetylated hyaluronate,1275
tremella fuciformis polysaccharide,1276
acacia seyal gum extract,1277
sr-spider polypeptide-1**,1278
spirulina platensis extract,1279
raphanus sativus root extract,1280
polyglyceryl-6 caprylate,1281
carrageenan,1282
fragrance/parfum*.,1283
polyisobutene,1284
copernicia cerifera (carnauba) wax/cera carnauba/cire de carnauba,1285
euphorbia cerifera (candelilla) wax/candelilla cera/cire de candelilla,1286
dictyopteris membranacea extract,1287
magnolia grandiflora bark extract,1288
schinziophyton rautanenii (mongongo) kernel oil,1289
lauryl alcohol,1290
isostearyl neopentanoate,1291
dipeptide diaminobutyroyl benzylamide diacetate,1292
acrylamide/sodium acryloyldimethyltaurate copolymer,1293
sodium benzoate.,1294
c9-12 alkane,1295
persea gratissima (avocado) fruit extract,1296
oryza sativa (rice) extract,1297
coffea arabica (coffee) fruit extract,1298
pei-10,1299
fructan,1300
spirulina maxima extract,1301
ci 75300*,1302
potassium chloride,1303
sodium phosphate,1304
hydrogenated starch hydrolysate,1305
maltooligosyl glucoside,1306
sodium dilauramidoglutamide lysine,1307
carthamus tinctorius (safflower) seed extract,1308
lavandula angustifolia (lavender) flower/leaf/stem extract,1309
malachite extract,1310
ppg-3 benzyl ether myristate,1311
pvp,1312
sodium hydroxypropylsulfonate laurylglucoside crosspolymer,1313
fragrance/parfum**,1314
isostearyl alcohol,1315
butylene glycol cocoate,1316
macrocystis pyrifera (kelp) extract,1317
ethylcellulose,1318
polyglyceryl- 10 stearate,1319
inulin lauryl carbamate,1320
oryza sativa (rice) bran oil,1321
glyceryl behenate/eicosadioate,1322
serica/silk powder/poudre de soie,1323
hydrolyzed silk,1324
caesalpinia spinosa fruit extract,1325
kappaphycus alvarezii extract,1326
yeast extract,1327
peg/ppg-18/18 dimethicone,1328
distearyldimonium chloride,1329
zinc stearate,1330
iron oxides (ci 77491),1331
ceramide eos,1332
ceramide ns,1333
sambucus nigra fruit extract,1334
caprooyl phytosphingosine,1335
caprooyl sphingosine,1336
saccharomyces/magnesium ferment,1337
saccharomyces/iron ferment,1338
saccharomyces/copper ferment,1339
saccharomyces/silicon ferment,1340
saccharomyces/zinc ferment,1341
ceteareth-25,1342
mica.,1343
cocos nucifera (coconut) fruit juice,1344
(water,1345
eau),1346
sodi-um acrylate/sodium acryloyldimethyl taurate copolymer,1347
cocos nucifera (coconut) fruit ex-tract,1348
hydrolyzed quinoa,1349
prunus armeniaca (apricot) fruit extract,1350
dipteryx odorata seed extract,1351
coffea arabica (coffee) seed extract,1352
vanilla planifolia fruit extract,1353
sodi-um hydroxide,1354
ci 77891 (titanium dioxide),1355
c15-19 alkane,1356
isostearyl isostearate,1357
hexyl laurate,1358
2 hexanediol,1359
steareth-2,1360
rosa damascena flower extract,1361
angelica keiskei extract,1362
acacia senegal gum,1363
methyl trimethicone,1364
lavandula angustifolia (lavender) flower extract,1365
yeast extract/faex/extrait de levure,1366
hypnea musciformis extract,1367
poria cocos sclerotium extract,1368
hordeum distichon (barley) extract/extrait d’orge a deux rangs,1369
triticum vulgare (wheat) germ oil,1370
jojoba alcohol,1371
isopropyl jojobate,1372
polysorbate 40,1373
potassium gluconate,1374
iron oxides (ci 77492).,1375
peg-8 beeswax,1376
citrus sinesis (sweet orange) oil,1377
citrus tangerina peel oil,1378
glycine soja sterols,1379
ppg-12/smdi copolymer,1380
acetamidoethoxyethanol,1381
sodium acrylate/sodium acryloyldimethyl taurate copolymer,1382
chlorphenesin glycerin,1383
gluconic acid,1384
salvia hispanica (chia) seed oil,1385
betula alba juice,1386
polyacrylate-13,1387
biotin,1388
eriophorum spissum flower/stem extract,1389
iron oxides (ci 77491,1390
ci 77499),1391
enteromorpha compressa extract,1392
sea salt extract,1393
stearoyl inulin,1394
silanetriol,1395
gardenia taitensis flower extract,1396
blue 1 (ci 42090).,1397
trisiloxane,1398
hydroxyethyl urea,1399
betula alba (birch) bark extract,1400
thermus thermophillus ferment,1401
sodium polyaspartate,1402
aloe barbadensis leaf polysaccharides,1403
lactobacillus ferment lysate,1404
sodium lauryl phosphate,1405
sodium lauroyl methylaminopropionate,1406
hydrolyzed conchiolin protein,1407
phytosteryl/octyldodecyl lauroyl glutamate,1408
caprylyl methicone,1409
polyglycerin-6,1410
cetyl diglyceryl tris(trimethylsiloxy)silylethyl dimethicone,1411
octyldodecanol,1412
peg-12 dimethicone/ppg-20,1413
olive oil,1414
hydroxypinacolone retinoate,1415
madecassoside acid,1416
papaver rhoeas (red poppy) extract,1417
bellis perennis (daisy) flower extract,1418
hieracium pilosella (hawkweed daisy) extract,1419
methylpropanediol,1420
polyquaternium-80,1421
didecyldimonium chloride,1422
benzotriazolyl dodecyl p-cresol,1423
sodium dehydroacetate.,1424
hamamelis virginiana (witch hazel),1425
eugenia caryophyllus (clove) bud oil*,1426
origanum heracleoticum flower oil*,1427
nelumbo nucifera extract,1428
prunus persica (peach) leaf extract,1429
nelumbo nucifera flower extract,1430
cocoglycerides,1431
vitis vinifera (grape) fruit water*,1432
vitis vinifera (grape) juice*,1433
nitrogen.,1434
citrus aurantium bergamia (bergamot) fruit water,1435
r-bacillus licheniformis keratinase,1436
calcium chloride,1437
c10-18 triglycerideds,1438
hydroxyethyl acrylate/sodium acryloyldimethyl,1439
taurate copolymer,1440
polypropylsilsesquioxane,1441
butyrospermum parkii (shea) butter polyglyceryl-3 beeswax,1442
aesculus hippocastanum (horse chesnut) extract,1443
methylproanediol,1444
citrullus vulgaris (watermelon) fruit extract,1445
ptychopetalum olacoides bark/stem extract,1446
pfaffia paniculata (brazilian ginseng) root extract,1447
lilium candidum flower extract,1448
synthetic fluorphlogopite,1449
carthamus tinctorious seed oil,1450
tagetes erecta (marigold) flower extract.,1451
gylcerin,1452
oleth-20,1453
eucalpytus globulus leaf oil,1454
melia azadirachta seed oil,1455
eucalyptus globulus leaf extract,1456
chondrus crispus (carrageenan) extract,1457
isocetyl stearate,1458
ficus carica (fig) fruit extract,1459
adansonia digitata fruit extract,1460
polyglyceryl-10 oleate,1461
ceteth-20,1462
potassium stearate,1463
glyceryl undecylenate,1464
propylene glycol dicaprylate/dicaprate,1465
trisodium dicarboxymethyl alaninate,1466
ascorbic acid (vitamin c),1467
brassica oleracea capitata (kale) leaf extract,1468
medicago sativa (alfalfa) leaf extract,1469
sodium acetate,1470
sodium hydroxymethylglycinate,1471
natural fragrance/parfum,1472
chlorophyll (ci 75810).,1473
glycyrrhetinic acid,1474
whey protein\\lactis protein\\protéine du petit-lait,1475
titanium dioxide (ci 77891).,1476
aqua / water,1477
peg-30 dipolyhydroxystearate,1478
isodecyl salicylate,1479
isocetyl stearoyl stearate,1480
magnesium sulfate,1481
hydrogenated jojoba oil,1482
p-anisic acid,1483
isopropyl palmitate,1484
ci 40800 / beta-carotene,1485
100% unrefined sclerocraya birrea (marula) kernel oil.,1486
ppg-15 stearyl ether,1487
citrus aurantium amara (bitter orange)leaf/twig oil*,1488
ricinus communis (castor) seed oil*,1489
osmanthus fragrans flower extract,1490
ribes nigrum bud extract,1491
cinnamomum camphora (camphor) leaf extract,1492
benzaldehyde,1493
hexenyl acetate,1494
ionone,1495
ethyl acetate,1496
citrus aurantium dulcis (orange) peel wax,1497
triticum vulgare (wheat bran) extract,1498
olea europaea (olive) fruit extract,1499
punica granatum (pomegranate) sterols,1500
oryzanol,1501
isostearyl palmitate,1502
ethylene/acrylic acid copolymer,1503
morus bombycis (mulberry) root extract,1504
triticum vulgare (wheat) bran extract,1505
pyridoxine dipalmitate,1506
cetyl peg/ppg-10/1 dimethicone,1507
quaternium-90 bentonite,1508
ci 77499) <iln41964>.,1509
sodium lauroyl oat amino acids,1510
copernicia cerifera (carnauba) wax\\cera carnauba\\cire de carnauba,1511
disodium cocoyl glutamate,1512
citrus grandis (grapefruit) peel oil*,1513
panax ginseng (ginseng) root extract,1514
garcinia mangostana peel extract,1515
cordyceps sinensis extract,1516
monosodium citrate,1517
methylisothiazolinone,1518
rosa canina seed oil.,1519
cetyl esters,1520
polymethyl methacrylate,1521
coleus barbatus extract,1522
betula alba (birch) extract,1523
salvia officinalis (sage) leaf,1524
gentiana lutea (gentian) root extract,1525
milk protein\\lactis proteinum\\protéine du lait,1526
palmitoyl oligopeptide,1527
isomerized linoleic acid,1528
decarboxy carnosine hcl,1529
potassium sulfate,1530
bis-glyceryl ascorbate,1531
angelica acutiloba root extract,1532
callicarpa japonica fruit extract,1533
prunus mume fruit extract,1534
crataegus cuneata fruit extract,1535
citrus paradisi (grapefruit) fruit extract,1536
citrus aurantium dulcis (orange) juice,1537
citrus limon (lemon) juice,1538
citrus aurantifolia (lime) juice,1539
artemisia capillaris flower extract,1540
morus alba root extract,1541
ammonium acryloyldimethyltaurate/carboxyethyl acrylate crosspolymer,1542
ppg-6-decyltetradeceth-30,1543
lactococcus ferment lysate,1544
pentapeptide-18,1545
palmitoyl tripeptide-38,1546
acetylarginyltryptophyl diphenylglycine,1547
hydroxypropyl cyclodextrin,1548
quercus alba bark extract,1549
citrus grandis (grapefruit) fruit extract,1550
prunus persica (peach) fruit extract,1551
citrus aurantifolia (lime) fruit extract,1552
tilia cordata flower extract,1553
amyl cinnamal,1554
red 40 (ci 16035),1555
ferulic acid,1556
tetrahydrobisdemethoxydiferuloylmethane,1557
tetrahydrodemethoxydiferuloylmethane,1558
tetrahydrodiferuloylmethane,1559
faex extract/yeast extract/extrait de levure,1560
ammonium polyacryldimethyltauramide/ammonium polyacryloyldimethyl taurate,1561
glyceryl dibehenate,1562
butylene,1563
glycol,1564
glycine soja (soybean) sterol,1565
darutoside,1566
aqua/water,1567
mel/honey,1568
propylparaben,1569
prunus amygdalus dulcis protein/sweet almond protein,1570
faex/yeast extract,1571
alpha-isomethyl ionone,1572
disodium succinate,1573
ci 14700/red 4.,1574
dmae bitartrate,1575
cera alba/beeswax/cire d’abeille,1576
paeonia albiflora flower extract,1577
geranium robertianum extract,1578
yeast ferment extract,1579
sargassum vulgare extract,1580
sodium polyacrylate starch,1581
peg-150 pentaerythrityl tetrastearate,1582
coconut acid,1583
hydrogenated palm glycerides citrate.,1584
avobenzone 2.5%,1585
homosalate 10.0%,1586
octisalate 5.0%,1587
octocrylene 10.0%,1588
mineral oil,1589
hydroxystearic acid,1590
dibutyl lauroyl glutamide,1591
polyamide-8,1592
castor oil/ipdi copolymer,1593
salicylic acid 2%,1594
butylphenyl methylpropional,1595
lauryl laurate,1596
polyglyceryl-3 laurate,1597
polyhydroxystearic acid,1598
helianthus annuus (sunflower) seed wax,1599
euterpe oleracea fruit oil,1600
fragaria ananassa (strawberry) seed extract,1601
polyglyceryl-2 caprate,1602
vaccinium angustifolium (blueberry) fruit extract,1603
ximenia americana seed oil,1604
glycerin.,1605
menthoxypropanediol,1606
epilobium fleischeri extract,1607
saussurea involucrata extract,1608
macrocystis pyrifera (kelp) extract*,1609
eucalyptus globulus leaf extract*,1610
chondrus crispus (carrageenan) extract*,1611
camellia sinensis leaf extract*,1612
chromium hydroxide green (ci 77289),1613
butyrospermum parkii butter/shea butter,1614
simmondsia chinensis seed oil/jojoba seed oil,1615
beheneth-10,1616
glycol palmitate,1617
cocos nucifera oil/coconut oil,1618
palmitoyl tripeptide-8,1619
coriandrum sativum fruit oil/coriander fruit oil,1620
rosa gallica flower extract,1621
prunus armeniaca kernel oil/apricot kernel oil,1622
dextran,1623
good genes:,1624
extract blend water/ eau/ aqua,1625
opuntia tuna fruit (prickly pear) extract,1626
agave tequilana leaf (blue agave) extract,1627
cypripedium pubescens (lady slipper orchid) extract,1628
opuntia vulgaris (cactus) extract,1629
aloe barbadensis leaf extract & saccharomyses cerevisiae (yeast) extract lactic acid,1630
cyclomethicone,1631
ppg-12/ smdi copolymer,1632
ceteareth 20,1633
arnica montana (flower) extract,1634
peg-75 meadowfoam oil,1635
xantham gum,1636
steareth-20,1637
dmdm hydantoin.,1638
luna night oil:,1639
cold pressed avocado) oil,1640
vitis vinifera (organic,1641
cold pressed concord grape) seed oil,1642
rubus fruticosus (cold pressed blackberry) seed oil,1643
salvia hispanica (cold pressed chia) oil,1644
carnitine hcl,1645
adipic acid,1646
fomes officinalis (mushroom) extract,1647
opuntia ficus-indica stem extract,1648
siraitia grosvenorii fruit extract,1649
pentasodium pentetate,1650
quercetin,1651
citrus limon (lemon) peel extract,1652
rose extract,1653
coriandrum sativum (coriander) fruit/leaf extract,1654
jasminum officinale (jasmine) flower/leaf extract,1655
citrus aurantium bergamia (bergamot) fruit extract,1656
fucus vesiculosus extract,1657
vaccinium macrocarpon (cranberry) fruit extract,1658
ribose,1659
vaccinium myrtillus fruit extract,1660
caprylyl/capryl glucoside,1661
capsicum annuum fruit extract,1662
rosmarinus officinalis (rosemary) leaf extract.,1663
sodium ascorbyl phosphate,1664
plukenetia volubilis seed oil,1665
ceteareth-6 olivate,1666
glycine soja (soybean) protein,1667
palmitoyl dipeptide-5 diaminobutyroyl hydroxythreonine,1668
palmitoyl dipeptide-5 diaminohydroxybutyrate,1669
hesperidin methyl chalcone,1670
dipeptide-2,1671
morus alba leaf extract,1672
spilanthes acmella flower extract,1673
superoxide dismutase,1674
vaccinium myrtillus leaf extract,1675
thioctic acid,1676
n-hydroxysuccinimide,1677
chrysin,1678
sodium dextran sulfate,1679
chlorhexidine digluconate,1680
citronellol.,1681
gossypium herbaceum (cotton) fruit water,1682
saccharum officinarum (sugarcane) extract/extrait de canne a sucre,1683
citrus aurantifolia (lime) peel extract,1684
sodium riboflavin phosphate,1685
citrus aurantium bergamia (bergamot) peel oil,1686
dimethylhydroxy furanone,1687
decyloxazolidinone,1688
saponins,1689
malva sylvestris (mallow) extract,1690
palmaria palmata extract,1691
aframomum angustifolium seed extract,1692
jasminum officinale (jasmine) flower extract.,1693
ethylhexyl methoxycrylene,1694
portulaca oleracea extract,1695
echium plantagineum seed oil,1696
helianthus annuus (sunflower) seed oil unsaponifiables,1697
cardiospermum halicacabum flower/leaf/vine extract,1698
hamamelis virginiana (witch hazel) leaf extract,1699
citrus unshiu peel extract,1700
opuntia coccinellifera fruit extract,1701
orchid extract,1702
camellia japonica leaf extract,1703
prunus domestica seed oil*,1704
terminalia ferdinandiana seed oil*,1705
davidsonia jerseyana fruit extract*,1706
terminalia ferdinandiana fruit powder*,1707
podocarpus elatus fruit extract*,1708
polyglutamic acid,1709
pleiogynium timoriense fruit extract*,1710
epilobium fleischeri (alpine willowherb) flower/leaf/stem extract,1711
xylitylglucoside,1712
anhydroxylitol,1713
hydroxypropylcellulose,1714
alaria esculenta extract,1715
fragrance/parfum**.,1716
glycol distearate,1717
chonrus crispus (carrageenan) extract,1718
papaya enzymes: smooth,1719
resurface,1720
and soothe skin.,1721
carica papaya (papaya) seed oil,1722
fragaria ananassa (strawberry) fruit extract,1723
sodium metabisulfite.,1724
triheptanoin,1725
imperata cylindrica root extract,1726
acacia decurrens/jojoba/sunflower seed wax polyglyceryl-3 esters,1727
distarch phosphate,1728
hydroxyethyl acrylate/ sodium acryloyldimethyl taurate copolymer,1729
rosmarinus officinalis (rosemary) extract,1730
xanthan gum.,1731
butylene glycol dicaprylate/dicaprate,1732
snail secretion filtrate,1733
polyglyceryl-4 isostearate,1734
ethyl hexanediol,1735
canadian colloidal clay,1736
moroccan lava clay,1737
hydrolyzed collagen,1738
silk extract,1739
melaleuca alternifolia (tea tree) flower/leaf/stem extract,1740
palmitoyl tetrapeptide- 7,1741
titanium dioxide 7.4%,1742
zinc oxide 6.3% may contain titanium dioxide,1743
iron oxide v282466/1,1744
water(aqua/eau),1745
hydrogenated polydecene,1746
mineral oil (paraffinum liquidum/huile minerale),1747
paraffin,1748
carnosine,1749
beeswax(cera alba/cire d’abeille),1750
microcrystalline wax (cera microcristallina/cire microcristalline),1751
ethylparaben,1752
iron oxides (ci 77492),1753
sapindus mukorossi peel extract,1754
uncaria gambir extract,1755
angelica keiskei leaf/stem extract,1756
sanguisorba officinalis root extract,1757
crataegus monogyna flower extract,1758
citrus junos seed extract,1759
cinnamomum cassia bark extract,1760
eucheuma serra/grateloupia sparsa/saccharina angustata/ulva linza/undaria pinnatifida extract,1761
curcuma longa (turmeric) rhizome extract,1762
saccharina angustata/undaria pinnatifida extract,1763
palmitoyl tetrapeptide-7.,1764
potassium palmitoyl hydrolyzed wheat protein,1765
boswellia serrata extract,1766
elettaria cardamomum seed extract,1767
chlorophyllin-copper complex (ci 75810),1768
cananga odorata flower extract,1769
cucumis melo (melon) fruit extract,1770
santalum album (sandalwood) wood extract,1771
argania spinosa (argan) kernel oil,1772
dicapryl carbonate,1773
hydroxyethyl acrylate/sodium acryloyl dimethyl taurate copolymer,1774
polysorbate-60,1775
lysolecithin,1776
citrullus lanatus (watermelon) extract,1777
pullulan.,1778
hydrolyzed elastin,1779
crambe abyssinica seed oil,1780
sodium chondroitin sulfate,1781
polyglyceryl-10 eicosanedioate/tetradecanedioate,1782
hydrogenated coco-glycerides,1783
polyglycerin-3,1784
nephelium lappaceum leaf extract,1785
alpinia speciosa leaf extract,1786
potassium sorbate (* - exfoliant).,1787
algae (seaweed) extract,1788
citrus aurantifolia (lime) extract,1789
sesamum indicum (sesame) seed oil,1790
eucalyptus globulus (eucalyptus) leaf oil,1791
sesamum indicum (sesame) seed powder,1792
medicago sativa (alfalfa) seed powder,1793
prunus amygdalus dulcis (sweet almond) seed meal,1794
sodium gluconate,1795
copper gluconate,1796
zinc gluconate,1797
tocopheryl succinate,1798
niacin,1799
decyl oleate,1800
aluminum distearate,1801
cyanocobalamin,1802
magnesium stearate,1803
mineral oil\\paraffinum liquidum\\huile minerale,1804
microcrystalline wax\\cera microcristallina\\cire microcristalline,1805
eucalyptus globulus (ecalyptus) leaf oil,1806
hamamelis virginiana (witch hazel) extract,1807
red 33 (ci 17200),1808
ext. violet 2 (ci 60730).,1809
water/eau,1810
vinyl dimethicone,1811
macadamia integrifolia seed oil,1812
eryngium maritimum callus culture filtrate,1813
ilex aquifolium (holly) leaf extract,1814
streptococcus thermophilus ferment,1815
achillea millefolium oil,1816
sodium polyacryloyldimethyl taurate,1817
dna,1818
hedera helix (ivy) extract,1819
trideceth-10,1820
centella asiatica extract.,1821
zinc oxide 20%,1822
haematococcus pluvialis extract,1823
helianthus annuus (sunflower) sprout extract,1824
raspberry seed oil/tocopheryl succinate aminopropanediol esters,1825
cymbopogon citratus leaf oil,1826
melissa officinalis leaf oil,1827
inulin,1828
moringa oleifera leaf water,1829
anhydroxylitol.,1830
organic helianthus annuus seed (sunflower) oil,1831
organic cocos nucifera (coconut) oil,1832
organic olea europea (extra virgin olive) oil,1833
vitis vinifera (grapeseed) oil,1834
theobroma grandiflorum (cupuacu),1835
euterpe oleracae (aca�) extract organic,1836
cannabis sativa seed (hemp) oil,1837
butter,1838
aloe vera.,1839
oryza sativa (rice) bran wax,1840
cera alba/beeswax/cire d’ abeille,1841
melissa officinalis leaf extract,1842
thiotaurine,1843
paeonia albiflora root extract,1844
garcinia mangostana bark extract,1845
perilla ocymoides leaf extract,1846
barium sulfate,1847
ensulizole 1.0%,1848
homosalate 15.0%,1849
zinc oxide 15.5%,1850
squalene,1851
myristyl alcohol,1852
citrus aurantium amara (bitter orange) peel oil*,1853
citrus aurantium amara (bitter orange) flower oil*,1854
cinnamomum zeylanicum leaf oil*,1855
valeriana officinalis root oil*,1856
ferula galbaniflua (galbanum) resin oil*,1857
calcium carbonate,1858
elaeis guineensis (palm) oil,1859
hordeum vulgare (barley) extract,1860
simmondsia chinensis (jojoba) butter,1861
tocotrienols,1862
citrus aurantium dulcis (orange) oil,1863
juniperus mexicana oil,1864
mentha arvensis leaf oil,1865
mentha viridis (spearmint) leaf oil,1866
myristica fragrans (nutmeg) extract,1867
althaea officinalis root extract,1868
nelumbo nucifera flower extract.,1869
rhus succedanea fruit wax,1870
hydrogenated rice bran oil,1871
bakuchiol,1872
heptasodium hexacarboxymethyl dipeptide-12,1873
biotinoyl hexapeptide-2 amide,1874
astaxanthin,1875
astragalus membranaceus root extract,1876
terminalia arjuna extract,1877
cellulose acetate butyrate,1878
tricaprylin,1879
water (aqua / eau).,1880
bis-diglyceryl polyacyladipate-1,1881
hydrogenated rapeseed oil,1882
hippophae rhamnoides oil,1883
flavor (aroma)*,1884
sodium benzoate (*natural flavor / arome naturel),1885
sodium stearate,1886
blue 1 (ci 42090),1887
collagen (vegan)*,1888
water (aqua,1889
cetearyl methicone,1890
chlorella protothecoides oil,1891
glyceryl glucoside,1892
polyglyceryl-2 stearate,1893
parachlorella beijerinckii exopolysaccharides,1894
collagen amino acids (vegan)*,1895
silybum marianum fruit extract,1896
amyl salicylate,1897
benzyl acetate,1898
cedrus atlantica bark oil,1899
homosalate 8.5%,1900
octocrylene 8.5%,1901
zinc oxide 12.1%,1902
lauroyl lysine,1903
polyester-8,1904
diethylhexyl syringylidenemalonate,1905
magnesium aspartate,1906
copper gluconate.,1907
passiflora edulis fruit extract,1908
parfum* (fragrance),1909
citrus tangerina (tangerine) peel oil,1910
citrus aurantium dulcis (orange) flower oil,1911
sodium bisulfite,1912
polyglyceryl-10 dipalmitate,1913
citrus limon (lemon) peel powder,1914
ppg-14 butyl ether,1915
peg-7 glyceryl cocoate,1916
gaultheria procumbens (wintergreen) leaf oil*,1917
cananga odorata (ylang ylang) flower oil*,1918
rosmarinus officinalis (rosemary) leaf oil*,1919
eugenia caryophyllus (clove) flower extract,1920
porphyra yezoensis (algae) extract,1921
quaternium-22,1922
brassica oleracea acephala leaf extract,1923
brassica oleracea italica (broccoli) extract,1924
xanthophylls,1925
physalis pubescens fruit juice,1926
oryza sativa (rice bran) extract,1927
carthamus tinctorium (safflower) seed oil,1928
bambusa vulgaris leaf/stem extract,1929
trideceth-6 phosphate,1930
fragaria vesca (strawberry) fruit extract,1931
ribes nigrum (black currant) fruit extract,1932
fragaria ananassa (strawberry) fruit juice,1933
cetearyl ethylhexanoate,1934
ammonium polyacryloyldimethyl taurate,1935
ci 14700 / red 4,1936
hydroxypropyltrimonium hyaluronate,1937
daucus carota sativa (carrot) seed oil,1938
daucus carota sativa (carrot) root extract,1939
leontopodium alpinum callus culture extract,1940
violet 2 (ci 60730),1941
red 4 (ci 14700).,1942
heptyl glucoside,1943
potassium azeloyl diglycinate,1944
citrus nobilis (mandarin) peel oil,1945
heptanol,1946
gel essence:,1947
water cream mask:,1948
hydroxylated lecithin,1949
peg-40 sorbitan peroleate,1950
cymbopogon schoenanthus oil,1951
solanum lycopersicum (tomato) extract,1952
aleurites moluccana seed oil,1953
triisostearin,1954
sucrose hexaisostearate,1955
dextrin palmitate/ethylhexanoate,1956
prunus persica (peach) kernel extract,1957
prunus persica (peach) fruit water,1958
rosa canina fruit/(rosa centifolia/rosa damascena) flower extract,1959
lithospermum officinale root extract,1960
pyridoxine hcl,1961
silica.,1962
zinc oxide (ci 77947),1963
diazolidinyl urea,1964
propylparaben.,1965
mel (honey),1966
royal jelly,1967
biosaccharide gum-2,1968
commiphora mukul resin extract,1969
volcanic ash,1970
caprylic/caprictriglyceride,1971
cetearylalcohol,1972
polysorbate60,1973
iron oxides (ci 77499),1974
hydrogenated vegetableoil,1975
juglans regia (walnut) shell powder,1976
lactic acid/glycolic acidcopolymer,1977
tetrasodium pyrophosphate,1978
spondias mombin pulp extract,1979
mangifera indica (mango) pulp extract,1980
musa sapientum (banana) pulp extract,1981
lavendula angustifolia (lavender) oil,1982
piperonyl glucose,1983
disodium oleamido mipa-sulfosuccinate,1984
stearamidoethyl diethylamine,1985
oleamide mipa,1986
trisodium sulfosuccinate,1987
titanium dioxide (ci 77891) &lt,1988
iln46335&gt,1989
avobenzone 2.3%,1990
octocrylene 5.0%,1991
glyceryl diisostearate,1992
c30-45 alkyl methicone,1993
c30-45 olefin,1994
titanium dioxide.,1995
dimethicone peg-10/15 crosspolymer,1996
tamarindus indica seed polysaccharide,1997
lavandula angustifolia (lavender)  oil,1998
cetylhydroxyproline palmitamide,1999
honey,2000
brassica campestris (rapeseed) sterols,2001
chlorophyllin-copper complex,2002
aspalathus linearis (rooibos) extract,2003
saccharomyces polypeptides.,2004
camellia oleifera (green tea) leaf extract,2005
extract blend water/eau/aqua,2006
chondrus crispus (red algae) extract,2007
c13-15 alkane (from sugarcane),2008
tri(polyglyceryl-3/lauryl) hydrogenated trilinoleate,2009
prunus amygdalus dulcis (sweet almond) fruit extract,2010
fructooligosaccharides,2011
beta vulgaris (beet) root extract,2012
shea butter ethyl esters,2013
pimpinella anisum (anise) fruit extract,2014
punica granatum sterols,2015
rhus verniciflua peel wax/rhus succedanea fruit wax,2016
tapioca starch,2017
carbomer.,2018
oenothera biennis oil/evening primrose oil,2019
simmondsia chinensis oil/jojoba seed oil,2020
coriandrum sativum oil/coriander seed oil,2021
lavandula angustifolia oil/lavender oil,2022
rosmarinus officina-lis leaf oil/rosemary leaf oil,2023
cucumis sativus extract/cucumber fruit extract,2024
curcuma longa extract/turmeric root extract,2025
sclareolide,2026
rosa spp/rose flower oil,2027
jasminum officinale extract/jasmine extract,2028
helianthus annuus seed oil/sunflower seed oil.,2029
rosa canina fruit oil*,2030
simmondsia chinensis (jojoba) seed oil*,2031
helianthus annuus (sunﬂower) seed oil*,2032
morinda citrifolia fruit extract*,2033
jasminum ofﬁcinale (jasmine) flower/leaf extract,2034
punica granatum seed oil*,2035
hippophae rhamnoides (sea buckthorn) seed oil*,2036
geraniol**,2037
citronellol**,2038
farnesol** citral**.,2039
helichrysum stoechas flower extract,2040
cylindrotheca fusiformis extract,2041
amodimethicone,2042
homosalate,2043
butyl methoxydibenzoylmethane,2044
octocrylene,2045
beta-carotene (ci 40800).,2046
phytosteryl/isostearyl/cetyl/stearyl behenyl dimer dilinoleate,2047
hydrogenated poly (c6-14 olefin),2048
microcrystalline wax/cera microcristallina/cire microcrystalline,2049
sodium hyaluronate.,2050
disodium cocoamphodipropionate,2051
sodium lauroyl sarcosinate,2052
sodium lauryl sulfoacetate,2053
sodium coco pg-dimonium chloride phosphate,2054
polyquaternium-10,2055
fructosyl cocoate/olivate,2056
sodium cocoyl/olivoyl hydrolyzed oat/wheat protein,2057
cocoyl hydroxyethyl imidazoline,2058
methyl alcohol,2059
gardenia tahitensis flower extract,2060
pentylene,2061
dunaliella salina extract,2062
undaria pinnatifida extract,2063
palmitoyl tripeptide-5,2064
coffea arabica (coffee) seed oil,2065
ceramide ng,2066
peg-10 phytosterol,2067
pisum sativum (pea),2068
pantolactone,2069
pfaffia paniculata root extract,2070
corylus avellana (hazel) seed oil,2071
salvia sclarea (clary) oil,2072
belumbium speciosum flower extract,2073
bis-behenyl/isostearyl/phytosteryl dimer dilinoleyl dimer dilinoleate,2074
limnanthes alba seed oil/meadowfoam seed oil,2075
c30-45 alkyl dimethicone,2076
peg-20 stearate,2077
hydroxypropyl tetrahydropyrantriol,2078
capryloyl salicylic acid,2079
hydrolyzed linseed extract,2080
zea mays oil/corn oil,2081
oryza sativa bran oil/rice bran oil,2082
trideceth-6,2083
rosa centifolia flower extract,2084
ci 19140/yellow 5,2085
canola oil,2086
helianthus  annuus  seed  oil  unsaponifiables/sunflower seed oil unsaponifiables,2087
citrus aurantium dulcis peel oil/orange peel oil,2088
coriandrum sativum seed oil/coriander seed oil,2089
calophyllum inophyllum seed oil,2090
rosa rubiginosa seed oil,2091
citrus grandis peel oil/grapefruit peel oil,2092
zingiber officinale root oil/ginger root oil,2093
malpighia punicifolia/acerola fruit extract.,2094
niacinamide (skin-restoring),2095
glycerin (skin-replenishing),2096
lactobacillus (skin-replenishing/skin-soothing),2097
tranexamic acid (skin-conditioning/brightening),2098
caprylic/capric triglyceride (skin-replenishing),2099
dicaprylyl carbonate (emollient solvent),2100
ethyl macadamiate (skin-softening),2101
c13-15 alkane (solvent),2102
behenyl alcohol (texture enhancer),2103
glyceryl stearate (emulsifier),2104
butylene glycol (hydration),2105
silybum marianum seed oil (non-fragrant antioxidant plant oil),2106
tocopherol (vitamin e/antioxidant),2107
cocos nucifera (coconut) fruit extract (antioxidant),2108
lecithin (skin-restoring),2109
bakuchiol (skin-restoring/antioxidant),2110
xanthan gum (texture enhancer),2111
caprylyl glycol (emollient),2112
hydrogenated lecithin (skin-restoring),2113
allantoin (skin-soothing),2114
glycine soja (soybean) oil (non-fragrant antioxidant plant oils),2115
hexylene glycol (solvent),2116
boerhavia diffusa root extract (skin-soothing antioxidant plant),2117
glycine soja (soybean) sterols (skin-replenishing/antioxidant),2118
citric acid (ph adjuster),2119
sodium phytate (chelating agent),2120
malic acid (ph adjuster),2121
phenoxyethanol (preservative),2122
ethylhexylglycerin (preservative).,2123
plankton extract,2124
hexylene glycol.,2125
lactobionic acid,2126
morus nigra (mulberry) root extract,2127
salvia sclarea (clary) extract,2128
padina pavonica thallus extract,2129
di-c12-18 alkyl dimonium chloride,2130
titanium dioxide (ci 77891) <iln41076>.,2131
clitoria ternatea (butterfly pea) flower extract,2132
polyglyceryl-4 laurate,2133
titanium dioxide (cl 77891),2134
mica (ci 77019),2135
oenothera biennis (evening primrose) flower/leaf/stem extract,2136
caulerpa lentillifera extract,2137
yucca aloifolia leaf/root extract,2138
collagen amino acids,2139
quercetin caprylate,2140
symphytum officinale extract,2141
tetrapeptide-21,2142
ethylhexyl methoxycinnamate,2143
ethylhexyl salicylate,2144
sodium benzotriazolyl butylphenol sulfonate,2145
water.,2146
octyldodecyl stearoyl stearate,2147
gellidiella acerosa extract,2148
citrus aurantium amara (bitter orange) leaf/twig extract,2149
diisooctyl succinat,2150
ethyl ferulate,2151
prunus amygdalus,2152
amara (bitter almond) kernel oil,2153
avobenzone 2.9% homosalate 9.8% octisalate 4.9% octocrylene 9.5%,2154
camellia sinensis (green tea) polyphenols,2155
genistein,2156
purified water,2157
hea/sodium acryloyldimethyltaurate /stearath-20 methacrylate copolymer,2158
c13-c14 isoparaffin,2159
marine algae eye cream:,2160
lactic acid resurfacing night serum:,2161
lespedeza capitata leaf/stem extract,2162
omega repair cream:,2163
squalane + vitamin c rose oil:,2164
zingiber officinale (ginger) water,2165
cichorium intybus (chicory) root extract,2166
alcaligenes polysaccharides,2167
sex dust proprietary blend (cacao powder°,2168
shilajit extract,2169
shatavari root powder°,2170
epimedium (horny goat weed) leaf extract°,2171
maca root extract°,2172
schisandra berry powder°,2173
stevia leaf extract (reb a).,2174
aloe barbadensis leaf juice*,2175
carthamus tinctorius (safflower) oleosomes*,2176
olea europaea (olive) oil*,2177
rosa damascena flower water*,2178
leuconostoc ferment filtrate,2179
borago officinalis (borage) leaf extract*,2180
medicago sativa (alfalfa) extract*,2181
calendula officinalis (calendula) flower extract*,2182
arnica montana (arnica) extract*,2183
lavandula stoechas (spanish lavender) extract,2184
menyanthes trifoliata (buckbean) flower extract,2185
tilia europaea (linden) leaf & flower extract*,2186
spiraea ulmaria (meadowsweet) extract*,2187
aroma**,2188
vitamin c,2189
collagen peptide hydro-matrix blend (includes types i and iii collagen),2190
skin repair and protection blend (chondroitin sulfate,2191
red wine extract,2192
grape seed extract),2193
gelatin capsule,2194
magnesium stearate (vegetable source).,2195
blueberry extract: potent antioxidant with soothing and anti-glycation properties.,2196
pekee bar:,2197
sodium coco-sulfate,2198
triticum vulgare (wheat) starch,2199
honey/mel/miel,2200
vaccinium angustifolium (blueberry) fruit extract.,2201
juju bar:,2202
heilmoor clay,2203
euterpe oleracea fruit extract,2204
lycium barbarum fruit extract.,2205
juju bar is vegan.,2206
tribehenin peg-20 esters,2207
orbignya oleifera seed oil,2208
camellia sinensis seed oil,2209
hydrolyzed ginseng saponins.,2210
garcinia indica (kokum) butter,2211
prunus domestica (plum kernel) oil,2212
borago officinalis (borage) seed oil,2213
calophyllum inophyllum (tamanu) oil,2214
camellia oleifara (camellia seed) oil,2215
rosa canina l. (rosehip) oil,2216
vigtia annua (blue tansy) oil.,2217
zinc oxide 13%,2218
peg-12 dimethicone,2219
trihydroxystearin,2220
epigallocatechin gallate,2221
punica granatum (pomegranate) extract,2222
isopropyl titanium triisostearate,2223
iron oxide (ci77491,2224
glo brilliant teeth whitening vials:,2225
distilled water,2226
polyethylene glycol,2227
hydrogen peroxide (6%),2228
potassium nitrate,2229
edetate disodium,2230
sodium saccharin,2231
sodium fluoride,2232
flavor.,2233
glo lip treatment:,2234
beeswax /cire d’abeille,2235
mentha piperita (peppermint) leaf,2236
stearalkonium hectorite,2237
* vanilla planifolia fruit extract,2238
* copernicia cerifera (carnauba) wax,2239
ubiquinone.,2240
that fresh take eye cream:,2241
adipic acid/neopentyl glycol crosspolymer,2242
pentaerythrityl tetracaprylate/tetracaprate,2243
galactomyces ferment filtrate,2244
polyurethane-35,2245
peg-75 stearate,2246
vp/va copolymer,2247
heptapeptide-7,2248
that jlo glow serum:,2249
cannabis sativa seed oil,2250
rice ferment filtrate (sake),2251
olive oil glycereth-8 esters,2252
pseudozyma epicola/olive fruit oil ferment filtrate,2253
aspalathus linearis extract,2254
tetrapeptide-14,2255
isopentyldiol,2256
carmine (ci 75470),2257
that blockbuster hydrating cream:,2258
hydrogenated cottonseed oil,2259
tin oxide.,2260
galactomyces ferment filtrate (pitera),2261
peg-20 sorbitan cocoate,2262
peg-11 methyl ether dimethicone,2263
polyacrylamide,2264
undecylenoyl phenylalanine,2265
c13-14 isoparaffin,2266
hydrolyzed prunus domestica,2267
laureth-7,2268
citrus reticulata peel extract/citrus reticulata (tangerine) peel extract,2269
ci 77891 (titanium dioxide).,2270
phenoxyethnaol,2271
methyl dihydroabietate,2272
iron oxides (ci  77491),2273
iron oxides (ci  77499),2274
lactobacillus/arundinaria gigantea leaf ferment filtrate,2275
titanium dioxide (ci  77891),2276
titanium dioxide 1.33%,2277
zinc oxide 17.42%,2278
electro-lite energizing + brightening face cleanser:,2279
hectorite,2280
sodium cocoyl apple amino acids,2281
hordeum distichon (barley) extract,2282
melissa officinalis (lemon balm) leaf extract,2283
calcium pca,2284
magnesium pca,2285
disodium rutinyl disulfate,2286
hydrogenated vegetable glycerides citrate,2287
face coach lifting q10 + mastic tree enzymatically activated face oil:,2288
almond/borage/linseed/olive acids/glycerides,2289
avena sativa kernel oil,2290
arnica montana flower,2291
rubus idaeus seed oil,2292
pistacia lentiscus gum,2293
parfum,2294
rosmarinus officinalis leaf extract.,2295
supreme restructure firming egf collagen boosting moisturizer:,2296
hordeum vulgare (barley) seed extract/extrait de semence d’orge,2297
lysine hcl,2298
bacillus ferment,2299
hexapeptide-9,2300
oligopeptide-1,2301
sodium hydroxide.,2302
face ball tension release tool:,2303
made from high-quality pvc (vinyl). free from harmful chemicals such as phthalates,2304
latex,2305
lead,2306
and bpa.,2307
bambusa vulgaris extract,2308
pinus densiflora leaf extract,2309
thuja orientalis extract,2310
chamaecyparis obtusa leaf extract,2311
schizandra chinensis fruit extract,2312
coptis japonica root extract,2313
hydroxyethyl acrylate/sodium,2314
acryloyldimethyl taurate copolymer,2315
citrus grandis (grapefruit) seed extract,2316
acorus calamus root extract,2317
peg-10 dimethicone/vinyl dimethicone crosspolymer,2318
thymus vulgaris (thyme) flower/leaf oil.,2319
lauryl polyglyceryl-3 polydimethylsiloxyethyl dimethicone,2320
bidens pilosa extract,2321
microcitrus australasica fruit extract,2322
terminalia chebula fruit extract,2323
gossypium herbaceum (cotton) seed oil,2324
linum usitatissimum (linseed) seed oil,2325
disodium edta.,2326
malpighia emarginata (acerola) fruit extract,2327
c12-20 alkyl glucoside,2328
sodium magnesium silicate,2329
glutathione,2330
undaria pinnatifida extract.,2331
hydra prep gel:,2332
polyglyceryl-4 laurate/succinate,2333
hydroxyethylcellulose.,2334
hordeum vulgare leaf juice*,2335
opuntia ficus indica*,2336
santalum spicatum (sandalwood) seed oil,2337
asteriscus graveolens flower/fruit/leaf/stem extract,2338
bioflavonoids,2339
iron oxides (c.i. 77491),2340
iron oxides (c.i. 77499),2341
hydrolyzed soybean fiber,2342
rubus idaeus (raspberry) seed oil,2343
aloe barbadensis (aloe) leaf juice,2344
retinyl acetate,2345
pvm/ma copolymer,2346
triethylene glycol,2347
ci 17200 (d&c red no. 33).,2348
anogeissus leiocarpus bark extract,2349
chrysanthellum indicum extract,2350
ascophyllum nodosum extract,2351
asparagopsis armata extract,2352
centaurium erythraea (centaury) extract,2353
micrococcus lysate,2354
cetyl ricinoleate,2355
peg-4 dilaurate,2356
step 1 triple acid exfoliating solution:,2357
cucumis sativus (cucumber) extract,2358
glyceryl caprylate/caprate,2359
step 2 kaolin clay neutralizing mask:,2360
polyglyceryl-3 stearate,2361
collagen,2362
yellow 6  (ci 15985),2363
calcium ascorbate,2364
euphrasia officinalis extract,2365
triacetin,2366
cera alba/beeswax,2367
ci 77891/titanium dioxide,2368
ci 16035/red 40,2369
gleditsia triacanthos seed extract,2370
saccharomyces ferment filtrate,2371
pentadecalactone,2372
zea mays germ oil/corn germ oil,2373
peg-14m,2374
mentha piperita (peppermint) leaf water,2375
cucumis sativus (cucumber) fruit water,2376
benzophenone-4,2377
ci 19140 (yellow 5),2378
ci 42090 (blue 1),2379
oenothera biennis (evening primrose) oil,2380
pseudozyma epicola/camellia sinensis seed oil ferment extract filtrate,2381
ceramide as,2382
beta-sitosterol.,2383
punica granatum extract,2384
coleus barbatus root extract,2385
peucedanum ostruthium leaf extract,2386
pinus cembra wood extract,2387
limonene and fragrance/parfum*.,2388
collagen (vegetable)*,2389
hydroxyphenyl propamidobenzoic acid,2390
coelastrella vacuolata oil,2391
watanabea reniformis oil,2392
ethyhexylglycerin,2393
codium tomentosum extract,2394
hydrogenated olive oil,2395
olive fruit oil,2396
olive oil unsaponifiables,2397
watermelon fruit extract,2398
apple fruit extract,2399
lentil fruit extract,2400
chitosan,2401
lavender oil.,2402
citrus aurantium amara (bitter orange) flower water extract,2403
sodium carboxymethyl betaglucan,2404
parfum (100% natural fragrance),2405
styrene/acrylates copolymer,2406
peg-8 laurate,2407
lauryl peg/ppg-18/18 methicone,2408
poly c10-30 alkyl acrylate,2409
sodium dodecylbenzenesulfonate.,2410
tetrapeptide-4,2411
diglucosyl gallic acid,2412
citrus latifolia peel oil,2413
ocimum basilicum (basil) oil,2414
juniperus virginiana oil,2415
amyris balsamifera bark oil,2416
zinc oxide 24.9%,2417
calcium aluminum borosilicate,2418
calcium sodium borosilicate,2419
polyglyceryl-10 pentaisostearate,2420
aletris farinosa root extract,2421
iron oxides (cl 77492,2422
77499).,2423
rosa canina extract,2424
thymus vulgaris (thyme) leaf extract,2425
gardenia florida fruit extract,2426
ci 17200 (red 33),2427
ci 42090 (blue 1).,2428
c13-16 isoalkane,2429
saccharomyces ferment,2430
cassia angustifolia seed extract,2431
tetrasodium glutamate diacetate.,2432
ethylhexyl stearate,2433
hydroxystearic/linolenic/oleic polyglycerides,2434
c20-40 alcohols,2435
daphne odora callus extract,2436
cinnamyl alcohol,2437
eugenol.,2438
boerhavia diffusa root extract,2439
pinus pinaster (pine) bark extract,2440
vinegar,2441
vaccinium myrtillus (bilberry) fruit/leaf extract,2442
arctium lappa (burdock) root extract,2443
docosahexaenoic acid,2444
eicosapentaenoic acid,2445
phosphatidylcholine,2446
trimethylpentanediol/adipic acid copolymer,2447
opuntia ficus-indica fruit extract,2448
isopulegol,2449
glabridin,2450
camellia sinensis (white tea) extract,2451
camellia sinensis (green tea) extract,2452
palmitoyl tripeptide-28,2453
ergothioneine,2454
tocopherol acetate,2455
clitoria ternatea flower extract,2456
adenosine.,2457
volcanic soil,2458
hexapeptide-2,2459
peg-7 trimethylolpropane coconut ether,2460
bha,2461
regenerating cleanser:,2462
helianthus annuus (sunflower) seed oil*,2463
prunus armeniaca (apricot) seed powder,2464
oryza sativa (rice) extract*,2465
kaolin (rose clay),2466
salix alba (willow) bark extract*,2467
denatured alcohol,2468
hydrating floral essence:,2469
lavandula angustifolia (lavender) flower/leaf/stem water*,2470
beta vulgaris/beet root extract/extrait de racine de betterave,2471
centella asiatica (gotu kola) extract*,2472
sodium hyaluronate olea europaea (olive) oil*,2473
spiraea ulmaria flower extract*,2474
superoxide dismutase*,2475
soybean peroxidase*,2476
rejuvenating serum:,2477
rosa rubiginosa seed oil*,2478
borago officinalis (borage) leaf extract,2479
pheonix dactylifera (date) seed extract,2480
tilia europaea (linden) leaf/flower extract*,2481
narcissus tazetta (daffodil) bulb extract*,2482
repairative moisturizer:,2483
caprylic/capric/triglyceride,2484
theobroma cacao (cocoa seed) butter,2485
retinoic nutrient face oil:,2486
prunus armeniaca (apricot) kernel oil*,2487
resurfacing mask:,2488
teeth whitening glo vial:,2489
glo lip care:,2490
butyrospermum parkii (shea) butter*,2491
copernicia cerifera (carnauba) wax,2492
agave tequilana,2493
aloe barbadensis extract*,2494
cocos nucifera (coconut) oil*,2495
mentha piperita (peppermint) oil*,2496
persea gratissima (avocado) oil*,2497
salvia hispanica seed oil*,2498
salvia officinalis (sage) oil*,2499
ci 19140 (fd&c yellow no.5),2500
ci 17200 (d&c red no.33),2501
ci 15985 (fd&c yellow no.6),2502
ci 42090 (fd&c blue no.1),2503
ci 14700 (fd&c red no.4).,2504
ascorbyl glucoside (vitamin c),2505
vaccinium myrtillus (bilberry) fruit extract,2506
tocopheryl (vitamin e) acetate,2507
ci 77491,2508
salicylic acid 2.0%,2509
aloe barbadensis leaf,2510
centella asiatica flower/leaf/stem extract,2511
dilinoleic acid/butanediol copolymer,2512
declustered water (+)\\aqua\\eau de-structuree (+),2513
quartz powder,2514
nephrite powder,2515
sea salt\\maris sal\\sel marin,2516
humic acids,2517
macrocystis pyrifera (kelp) protein,2518
green 5 (ci 61570).,2519
lactobacillus/panax ginseng root ferment filtrate,2520
dimer dilinoleyl dimer dilinoleate,2521
cucumis melo (kiwano melon) fruit extract,2522
lepidium meyenii root extract,2523
saccharomyces lysate.,2524
sodium cocoyl glycinate,2525
algae oligosaccharides,2526
alteromonas ferment extract,2527
manganese violet (ci 77742),2528
chromium hydroxide green (ci 77289).,2529
potassium cocoyl glycinate,2530
sapindus mukurossi peel extract,2531
peg-7m,2532
titanium dioxide (ci 77891) <iln40749>.,2533
water/aqua,2534
retinyl propionate,2535
dilauryl thiodipropionate,2536
bht.,2537
aloe barbadensis leaf juice powder.,2538
methylisothiazolinone <iln39605>.,2539
aluminum starch octenylsuccinate,2540
avena sativa (oat) bran extract,2541
olea europaea (olive) oil unsaponifiables,2542
citrus aurantium dulcis (orange) peel extract,2543
algae exopolysaccharides,2544
copper lysine prolinate,2545
methyl glucoside phosphate,2546
albiza julibrissin bark extract,2547
kigelia africana fruit extract,2548
glycereth-7 triacetate,2549
polyurethane-100,2550
betula alba bark extract,2551
lycium barbarum (goji berry) fruit extract,2552
palmitoyl hexapeptide-14,2553
sodium phosphate.,2554
alpha-arbutin,2555
dicaprylylcarbonate,2556
tetrapeptide -30.,2557
oenothera biennis (evening primrose) flower extract,2558
phenoxyethanol <iln42038>.,2559
hand repair cream:,2560
caprylyl–caprylate/caprate,2561
polyglyceryl-2-stearate,2562
foaming oil body wash:,2563
polyglyceryl-10 caprylate/caprate,2564
targeted body balm:,2565
dermatitis face balm:,2566
aqua (water,2567
malpighia glabra (acerola) fruit juice,2568
myristyl nicotinate,2569
orobanche rapum extract,2570
malus domestica fruit cell culture extract,2571
bacillus/sea salt ferment filtrate,2572
hydroxymethoxyphenyl decanone,2573
rhizobian gum,2574
peg/ppg-17/6 copolymer,2575
octyldodeceth-16,2576
gelatin,2577
hydrolyzed glycosaminoglycans,2578
benzyl glycol,2579
raspberry ketone.,2580
precleanse:,2581
daily microfoliant:,2582
oryza sativa (rice) bran,2583
lauryl methacrylate/glycol dimethacrylate crosspolymer,2584
centipeda cunninghamii extract,2585
sea whip extract,2586
guava vitamin c bright-eye gel cream:,2587
psidium guajava fruit extract,2588
psidium guajava seed oil,2589
acetyl tetrapeptide-5,2590
melia azadirachta extract,2591
fraxinus excelsior bark extract,2592
prunus armeniaca (apricot) kernel extract,2593
pyrus communis (pear) fruit extract,2594
rubus idaeus (raspberry) fruit extract.,2595
watermelon glow niacinamide dew drops:,2596
aroma (flavor),2597
pertolatum,2598
natural flavor,2599
artificial flavor.,2600
cassia angustifolia seed polysaccharide,2601
humulus lupulus (hops) extract,2602
prunus insititia seed oil,2603
sodium stearoyl glutamate.,2604
t.l.c. framboos glycolic resurfacing night serum:,2605
sodium nitrate,2606
lala retro whipped moisturizer with ceramides:,2607
schisandra chinensis fruit extract,2608
hydrolyzed eragrostis tef seed extract,2609
anigozanthos flavidus flower/leaf extract,2610
morus alba fruit extract,2611
ginkgo biloba nut extract,2612
caprylyl/capryl glucoside sclerotium gum,2613
diisopropyl adipate,2614
musa sapientum (banana) fruit extract citrus aurantium amara (bitter orange) leaf/twig extract,2615
cinnamomum camphora linalooliferum wood extract.,2616
3-oethyl ascorbic acid,2617
inonotus obliquus (mushroom) extract,2618
lavandula angustifolia (lavender) flower/ leaf/stem extract,2619
citrus auranitum bergamia (bergamot) fruit extract,2620
citrus aurantium amara (bitter orange) flower extract,2621
cupressus sempervirens leaf/stem extract,2622
jasminum officinale (jasmine) flower extract,2623
salvia officinalis (sage) leaf extract,2624
heterotheca inuloides flower extract,2625
poncirus trifoliata fruit extract,2626
hydrolyzed brassica napus seedcake extract,2627
sr-hydrozoan polypeptide-1,2628
vaccinium myrtillus seed oil,2629
citrus aurantium amara (bitter orange) peel oil,2630
hydrogenated  polydecene,2631
bis-diglyceryl  polyacyladipate-2,2632
hydrogenated   styrene/isoprene   copolymer,2633
cera   microcristallina/microcrystalline wax/cire  microcristalline,2634
rubus  chamaemorus  seed  oil,2635
garcinia  indica  seed butter,2636
euterpe   oleracea   sterols,2637
palmitoyl   hexapeptide-12,2638
palmitoyl   tripeptide-1,2639
tocopheryl  acetate,2640
irvingia  gabonensiskernel  butter,2641
citrus  aurantium dulcis  (orange)  peel  oil,2642
citrus  aurantium  dulcis  (orange)  peel  wax,2643
citrus  aurantium dulcis   (orange)   fruit   extract,2644
linoleic   acid,2645
linolenic   acid,2646
oleic   acid,2647
lactic   acid,2648
cera carnauba/copernicia  cerifera  (carnauba)  wax/cire  de  carnauba,2649
hydrogenated  coco-glycerides,2650
sorbitan   isostearate,2651
pentaerythrityl   tetraisostearate,2652
pentaerythrityl tetra-di-t-butyl     hydroxyhydrocinnamate,2653
ethylhexyl     palmitate,2654
dicalcium   phosphate,2655
propylene   carbonate,2656
stearalkonium   hectorite,2657
iron  oxides  (ci  77491,2658
ci  77492),2659
peg-60 glyceryl isostearate,2660
silk powder(serica/poudre de soie),2661
artemisia princeps leaf extract,2662
sodium lauryl sulfate.,2663
soluble collagen,2664
candelilla/jojoba/rice bran polyglyceryl-3 esters,2665
diisooctyl succinate,2666
polyglyceryl-6 stearate,2667
polyglyceryl-6 behenate,2668
methyl lactate,2669
soy acid,2670
diamond powder,2671
curcuma longa root extract,2672
zingiber officinale root extract,2673
gluconol actone,2674
polyglyceryl- 6 distearate,2675
olus oil,2676
butyrospermum parkii butter,2677
histidine hcl,2678
sucrose laurate,2679
citrus aurantium dulcis peel oil expressed,2680
cupressus sempervirens oil,2681
citrus bergamia peel oil,2682
lime oil terpenes,2683
litsea cubeba fruit oil,2684
pogostemon cablin leaf oil,2685
thuja occidentalis leaf oil,2686
sucrose palmitate,2687
ferula galbaniflua (galbanum) resin oil,2688
hydrolyzed gardenia florida extract,2689
gardenia jasminoides fruit extract,2690
ethyl macadamiate,2691
sucrose dilaurate,2692
sucrose trilaurate,2693
sodium succinate,2694
faex extract / yeast extract,2695
arginine ethylhexylglycerin,2696
ceratonia siliqua gum / carob gum,2697
methionine,2698
polyglyceryl-10 behenate/eicosadioate,2699
azelaic acid,2700
tranexamic acid,2701
sodium hylauronate,2702
euphorbia cerifera (candelilla) wax,2703
honey\\mel\\miel,2704
chamomilla recutita (matricaria) extract,2705
leucine,2706
tyrosine,2707
lysine,2708
gentle micellar antioxidant cleanser:,2709
citrus aurantium dulcis (orange) fruit water,2710
citrus limon (lemon) fruit water,2711
sodium pca.,2712
firming vegan collagen prep serum:,2713
nourishing squalane daily moisturizer:,2714
bar:,2715
soap base (sekken soji),2716
tetrasodium etidronate.,2717
glove:,2718
sea salt,2719
tremella fuciformis polysaccharide.,2720
maslinic acid,2721
ruby powder,2722
aluminium hydroxide,2723
glucosyl hesperidin,2724
l-theanine,2725
ashwagandha (withania somnifera) root and leaf extract,2726
tapioca syrup,2727
cane sugar,2728
agar,2729
locust bean gum,2730
less than 2% of: citric acid,2731
natural cherry flavor,2732
grape juice color,2733
monk fruit extract,2734
sunflower oil.,2735
camellia sinensis (white tea) leaf extract,2736
symphytum officinale (comfrey) extract,2737
di-c12-13 alkyl malate,2738
hydrogenated castor oil isostearate,2739
hydroxypropyl starch phosphate,2740
phytosteryl/behenyl/octyldodecyl lauroyl glutamate,2741
juglans regia (walnut) seed extract,2742
polygonatum officinale rhizome/root extract,2743
rehmannia glutinosa root extract,2744
lilium candidum bulb extract,2745
arachidic acid,2746
glycyrrhiza uralensis (licorice) root extract,2747
punica granatum flower extract.,2748
salvia sclarea (clary) oil*,2749
anthemis nobilis flower oil*,2750
gellidiela acerosa (algae) extract,2751
nuface gel primer:,2752
tremella fuciformis sporocarp extract,2753
glycereth-7 trimethyl ether,2754
trimethylolpropane tricaprylate/tricaprate,2755
glycereth-18 ethylhexanoate,2756
oligopeptide-10,2757
melaleuca alternifolia leaf oil,2758
glycereth-18,2759
polymethylsilsesquioxane/silica crosspolymer,2760
disodium carboxyethyl siliconate,2761
2 propanediol,2762
acrylic acid polymer,2763
cellulose polymer.,2764
sd alcohol 40b,2765
ammonium hydroxide,2766
bakuchoil,2767
acetone,2768
ceratonia siliqua (carob) gum,2769
zea mays oil/zea mays (corn) oil,2770
ci 75130 (beta-carotene).,2771
sodium lauroamphoacetate,2772
acrylates/beheneth-25 methacrylate copolymer,2773
methyl glucose caprate/caprylate/oleate,2774
chlorophyllin-copper complex.,2775
dimethicone/divinyldimethicone/silsesquioxane crosspolymer,2776
titanium dioxide (ci77891),2777
iris florentina root extract,2778
methylsilanol mannuronate,2779
tin oxide (ci77861).,2780
rosa canina seed oil,2781
panthenyl triacetate,2782
7-dehydrocholesterol,2783
zea mays (corn) oil,2784
glyceryl distearate,2785
steareth-10,2786
glyceryl triacetyl ricinoleate,2787
diethylhexyl succinate,2788
dipalmitoyl hydroxyproline,2789
tetradecyl aminobutyroylvalylaminobutyric urea trifluoroacetate,2790
lactoperoxidase,2791
glucose oxidase,2792
cetyl hydroxyethylcellulose,2793
polyquaternium-10.,2794
trimethylsiloxyphenyl dimethicone,2795
pelargonium graveolens flower extract,2796
sorghum bicolor stalk juice,2797
calcium hydroxymethionine,2798
3-aminopropane sulfonic acid,2799
sodium polystyrene sulfonate,2800
saccharomyces/xylinum/black tea ferment,2801
rubus fruticosus (blackberry) leaf extract,2802
lonicera japonica (honeysuckle) leaf extract,2803
litchi chinensis seed extract,2804
acetyl dipeptide-1 cetyl ester,2805
peg-90,2806
lavandula angustifolia (lavender) oil* pelargonium graveolens flower oil*,2807
illicium verum (anise) oil*,2808
carthamus tinctorius (safflower) seed oil*,2809
myristica fragrans (nutmeg) kernel oil*,2810
citrus aurantium dulcis (orange) oil*,2811
citrus nobilis (mandarin orange) peel oil*,2812
citrus medica limonum (lemon) peel oil*,2813
litsea cubeba fruit oil*,2814
hibiscus abelmoschus extract,2815
jasminum officinale (jasmine) flower wax,2816
phytantriol,2817
phenoxyethanol <iln38656>* essential oil,2818
torreya nucifera seed oil,2819
active blast concentrated collagen daily treatment:,2820
sh-polypeptide-123,2821
glucose.,2822
hydro-bound hydrating hyaluronic acid + niacinamide serum:,2823
potassium hydrolyzed polygamma-glutamate,2824
disodium acetyl glucosamine phosphate,2825
sodium glucuronate,2826
glyceryl dilaurate,2827
acrylates/steareth-20 methacrylate copolymer,2828
glyceryl acrylate/acrylic acid polymer,2829
myristyl laurate,2830
bakuchiol punica granatum sterols,2831
pinanediol,2832
camphanediol,2833
phytonadione (vitamin k),2834
polysorbate-20,2835
hydrolyzed vegetable protein,2836
arnica montana powder,2837
butylated pvp,2838
3-glyceryl ascorbate (vitamin c),2839
cannabis sativa flower stem and leaves (cbd),2840
terminalia ferdinandiana fruit extract (kakadu plum),2841
citrus paradisi (pink grapefruit),2842
citrus medica limonum (lemon) peel,2843
citrus aurantifolia (lime),2844
litsea cubeba (litsea) fruit,2845
citrus reticulata (mandarin),2846
citrus aurantium dulcis (sweet orange) peel oil,2847
phenoxyethanol (less than 1%) ethylhexylglycerin (less than 1%).,2848
peg-8 dimethicone,2849
phloretin,2850
sodium propoxyhydroxypropyl thiosulfate silica,2851
adenosine triphosphate,2852
hydrolyzed oat protein,2853
olus/vegetable oil/huile végétale,2854
nigella sativa seed oil,2855
candelilla cera/euphorbia cerifera (candelilla) wax/cire de candelilla,2856
totarol,2857
alanyl glutamine,2858
oligopeptide-177,2859
sisymbrium irio seed oil.,2860
aloe barbadensis leaf extract (organic),2861
anisaldehyde,2862
cocos nucifera (coconut) water (organic),2863
delta-decalactone,2864
ethyl butyrate,2865
gamma-nonalactone,2866
gamma-octalactone,2867
heliotropine,2868
jasminum sambac (jasmine) leaf cell extract,2869
juniperus mexicana,2870
methyl benzoate,2871
nerolidol,2872
schinus molle extract,2873
avobenzone 2%,2874
homosalate 10%,2875
octocrylene 5.5%,2876
gum arabic,2877
olive oil glyceryth-8 esters,2878
leptospermum scoparium (manuka) branch/leaf oil,2879
solanum melongena (eggplant) leaf extract,2880
rosa cannina fruit extract,2881
natural fragrance,2882
camellia sinensis (green tea) japanese,2883
and fragrance/parfum*.,2884
glyceryl citrate/lactate/linoleate/oleate,2885
magnesium chloride,2886
zinc chloride,2887
polyglyceryl-4 cocoate,2888
polyglyceryl-3 caprate,2889
green clean makeup removing cleansing balm:,2890
deep sweep 2% bha pore cleaning toner with moringa + papaya:,2891
lactobacillus/papaya fruit ferment extract,2892
eucalyptus globulus leaf water,2893
chlorella ferment,2894
honeymoon glow aha resurfacing night serum with hydrating honey + gentle flower acids:,2895
arachidyl,2896
glucoside sodium benzoate,2897
gluconolactone 1,2898
2-hexanediol ocimum basilicum (basil) flower/leaf extract,2899
calcium,2900
gluconate,2901
honey halo ultra-hydrating ceramide moisturizer:,2902
vegetable oil/olus oil,2903
flavor (aroma),2904
plum plump hyaluronic acid moisturizer:,2905
davidsonia jerseyana fruit extract,2906
terminalia ferdinandiana fruit powder,2907
pleiogynium timoriense fruit extract,2908
plum plump hyaluronic acid serum:,2909
sr-spider polypeptide-1,2910
arbutin,2911
chamomilla.,2912
centella asiatica (hydrocotyl) extract,2913
sodium hexametaphosphate,2914
stearyl heptanoate,2915
pentaerythrityl distearate,2916
stearyl caprylate,2917
faex/yeast extract/extrait de levure,2918
withania somnifera root extract,2919
soy amino acids,2920
hordeum vulgare/hordeum vulgare extract/extrait d’orge,2921
cucumis sativus (cucumber) seed extract,2922
camellia sinensis (green tea) seed oil*,2923
polyglyceryl-2 sesquioleate,2924
isopropyl shea butterate,2925
camellia oleifera seed oil*,2926
plukenetia volubilis seed oil*,2927
silybum marianum (milk thistle) ethyl ester,2928
vitis vinifera (grape) seed oil*,2929
solanum lycopersicum (tomato) fruit extract,2930
macadamia ternifolia (macadamia) seed oil,2931
oligopeptide-76,2932
curcumin,2933
maltodextrin.,2934
yeast ferment (pink yeast) extract,2935
acetyl tetrapeptide-11,2936
acetyl tetrapeptide-9,2937
epigallocatechin gallatyl glucoside (egcg),2938
sphingolipids,2939
laminaria digitata (sea kelp) extract,2940
zymomonas ferment extract,2941
citrus paradisi (grapefruit) peel extract,2942
jasminum officinale (jasmine) flower/ leaf extract,2943
rose damascena extract,2944
lauroyl lactylate,2945
matodextrin,2946
tris(tetramethylhydroxypiperidinol) citrate,2947
coleus forskohlii root extract,2948
hydrolyzed fish (pisces) collagen,2949
artemia extract,2950
zea mays (corn) kernel extract,2951
fish (pisces) collagen,2952
disodium distyrylbiphenyl disulfonate,2953
laureth-12,2954
sodium beta-sitosteryl sulfate,2955
titanium dioxide (ci 77891) <iln38704>.,2956
citrus aurantium amara (neroli) distillate,2957
calcium ketogluconate,2958
anigozanthos flavidus extract,2959
banksia serrata flower extract,2960
grevillea speciosa flower extract,2961
beet root extract,2962
zinc oxide 17%,2963
cetearyl dimethicone,2964
ectoin,2965
hydroxyectoin,2966
sodium citrate.,2967
pinus pinaster bark extract,2968
sophora japonica flower extract,2969
impatiens balsamina flower extract,2970
glyceryl olivate,2971
hydrogenated rapeseed alcohol,2972
polyglyceryl-4 oleate,2973
bambusa arundinacea (bamboo) stem extract,2974
the cult classic purifying face cleanser:,2975
disodium laureth sulfosuccinate,2976
disteareth-75 ipdi,2977
camelina sativa seed oil,2978
lactis proteinum/milk protein/protéine du lait,2979
glutaral,2980
so polished exfoliating sugar scrub:,2981
hydroxycitronellal.,2982
24-7 moisture hydrating day & night cream:,2983
beta vulgaris (beet) root extract/beta vulgaris/extrait de racine de betterave,2984
brightening treatment drops triple vitamin c serum:,2985
vaccinium vitis-idaea fruit extract,2986
hippophae rhamnoides fruit extract,2987
acetylcysteine,2988
sodium sulfite,2989
keep it clean hydrating gel cleanser:,2990
glucosyl ceramide,2991
pelargonium graveolens extract,2992
alpha-glucan,2993
sorbitan oleate decylglucoside crosspolymer,2994
green machine vitamin c serum:,2995
helianthus annuus (sunflower) seed oil/helianthus annuus seed oil,2996
isosorbide dicaprylate,2997
chenopodium quinoa seed oil,2998
xanthangum,2999
crithmum maritimum callus culture filtrate,3000
punica granatum (pomegranate) seed extract,3001
ocimum sanctum (holy basil) leaf extract,3002
origanum vulgare (oregano) oil,3003
thymus vulgaris (thyme) oil,3004
curcuma longa (turmeric) leaf extract,3005
slushy serum moisturizer crush:,3006
citrus junos (yuzu) seed oil,3007
citrus junos (yuzu) peel,3008
monascus extract,3009
10+10 more-sturizer:,3010
c18-36 acid glycol ester,3011
c18-36 acid triglyceride.,3012
crambe abyssinica seed oil phytosterol esters,3013
cocos nucifera (coconut) extract,3014
morinda citrifolia (noni) fruit extract,3015
cyamposis tetragonoloba (guar) gum,3016
rosa centifolia flower oil,3017
maltodextrin (tapioca starch),3018
polydodecanamideaminium triazadiphenylethenesulfonate,3019
polyvinylalcohol crosspolymer,3020
sodium carbomer,3021
titanium dioxide (ci 77891) <iln37804>.,3022
bis-stearyl dimethicone,3023
theobroma grandiflorum seed butter,3024
stearoxymethicone/dimethicone copolymer,3025
copper tripeptide-1,3026
astrocaryum vulgare kernel oil,3027
nicotiana benthamiana hexapeptide-40 sh-oligopeptide-1,3028
phaseolus lunatus (green bean) seed extract,3029
pentaclethra macroloba seed oil/behenic acid/aminopropanediol amides/esters,3030
evodia rutaecarpa fruit extract,3031
nymphaea alba flower extract,3032
methylglucoside phosphate,3033
copper lysinate/prolinate,3034
dipotassium phosphate,3035
sodium isostearate,3036
rutin,3037
niacinamide.,3038
trametes versicolor extract,3039
dimethoxytolyl propylresorcinol,3040
ethyl ascorbic acid,3041
zeolite,3042
sodium  chloride,3043
ci 60730 (violet 2).,3044
homosalate 7%,3045
and octocrylene 5%: provide sun protection.,3046
sweet almond oil,3047
apricot kernel oil,3048
avocado oil.,3049
borago officinalis (borage) flower extract,3050
phyllostachys bambusoides extract,3051
sclerocarya birrea (marula) kernel oil,3052
tremella fuciformis sporocarp (mushroom) extract,3053
prunus virginiana (chokecherry) extract,3054
beta sitosterol,3055
palmitoyl carnitine,3056
copolymer,3057
hydrogen peroxide,3058
silicone dioxide,3059
polyvinylpyrrolidone,3060
wintergreen oil,3061
natural cinnamon flavor,3062
sodium tripolyphosphate,3063
eucalyptus extract,3064
thyme extract.,3065
forskolin,3066
seaweed extract,3067
chromium,3068
rice flour.,3069
medicago sativa (alfalfa) seed extract,3070
hydrolyzed lupine protein,3071
sodium benzate,3072
gluconolacctone.,3073
glyceryl stearate/peg-100 stearate,3074
hydrolyzed pumpkin seedcake,3075
euterpe oleracea (acai) fruit extract,3076
prunus serotina (wild cherry) fruit extract,3077
tripeptide-29,3078
lecithin.,3079
ethylhexyl isononanoate,3080
coceth-7,3081
ppg-1-peg-9 lauryl glycol ether,3082
pentapeptide-34 trifluoroacetate,3083
acetyl hydroxyproline,3084
polydecene,3085
hydrolyzed wheat protein/pvp crosspolymer,3086
hydroxyapatite,3087
dimethicone crosspolymer-3,3088
lavandula stoechas extract,3089
cetyl babassuate,3090
dibutyl adipate,3091
trifluoroacetyl tripeptide-2,3092
zinc ricinoleate,3093
geranium maculatum oil,3094
lavandula hybrida (lavandin) oil,3095
pogostemon cablin (patchouli) oil,3096
linum usitatissimum (linseed) seed extract,3097
pea protein,3098
hemp seed protein,3099
pumpkin seed protein,3100
flax seed powder,3101
amylase,3102
protease,3103
lipase,3104
lactase,3105
cellulase,3106
l. acidophilus,3107
natural flavors,3108
guar gum,3109
stevia,3110
chlorella protothecoides,3111
polygonum bistorta root extract,3112
nannochloropsis oculata extract,3113
coco glucoside,3114
coffea robusta seed extract,3115
rosa damascena (damask rose) extract,3116
rubius idaeus (raspberry) fruit extract,3117
prunus perscia (peach) fruit extract,3118
vanila planifolia fruit extract,3119
lauryl glucoised,3120
microcitrus australis fruit extract,3121
citrus glauca fruit extract,3122
thymol,3123
terpineol,3124
100% high-grade (6a) long-fiber mulberry silk with a thickness of 22 momme.,3125
olive oil polyglyceryl-6 esters,3126
polyglyceryl-6 pentaoleate,3127
pogostemon cablin oil*,3128
boswellia carterii (olibanum) oil**,3129
lycium chinense (wolfberry) fruit extract,3130
fuscoporia obliqua extract,3131
ganoderma lucidum (mushroom) extract,3132
cetrimonium chloride,3133
phenoxyethanol *organic essential oils: organic orange oil,3134
organic mandarin oil,3135
organic patchouli oil,3136
organic geranium oil,3137
organic lavender oil**. essential oil.,3138
tridecyl neopentanoate,3139
palmitoyl dipeptide-10,3140
tripleurospermum maritimum extract,3141
mentha piperita (peppermint) leaf extract,3142
passiflora incarnata fruit extract,3143
cupressus sempervirens seed extract,3144
coriandrum sativum (coriander) seed extract,3145
calendula officinalisflower extract,3146
pentyleneglycol,3147
100% brazilian rose quartz.,3148
water squalane,3149
titanium dioxide 6.3%,3150
zinc oxide 4.0%water,3151
polydiethylsiloxane,3152
dipentaerythrityl tri-polyhydroxystearate,3153
dimethicone silylate,3154
iron oxides (ci 77491) <iln41953>.,3155
hydrolyzed opuntia ficus-indica flower extract,3156
pentapeptide-48,3157
salvia hispanica seed extract,3158
ci 42090 (blue 1) (fdc blue #1-aluminum lake).,3159
facial treatment clear lotion:,3160
facial treatment essence:,3161
sorbic acid.facial treatment mask:,3162
sodium salicylate,3163
butylene/ethylene/ styrene copolymer,3164
tripeptide-1,3165
dipotassium glycyrrhizinate,3166
sucralose,3167
methyl nicotinate,3168
face cleanser:,3169
sodiumcocoyl isethionate,3170
facial radiance pads:,3171
phyllanthus emblica (indian gooseberry) fruit extract,3172
polysorbate 20.,3173
ultra repair cream:,3174
eucalyptus globulus,3175
ceramide 3.,3176
sodium ascorbate,3177
zingiber,3178
officinale (ginger) root extract,3179
ethylhexyl olivate,3180
cucumis,3181
sativus (cucumber) fruit extract,3182
mica (ci 77019).,3183
grape seed extract,3184
lactobacillus plantarum dr7,3185
err731,3186
vegetarian capsule (hypromellose,3187
water).,3188
methyl gluceth-¬‐20,3189
(rice extract),3190
sericin (silk extract),3191
panax,3192
ginseng root extract,3193
chondrus crispus (red,3194
algae) extract,3195
thymus serpillum (thyme) extract,3196
ppg-¬‐6-¬‐,3197
decyltetradeceth-¬‐ 20,3198
polyglyceryl-¬‐,3199
10eicosanedioate/tetradecanedioate,3200
polyglyceryl-¬‐10,3201
isostearate,3202
(natural),3203
glow2oh dark spot toner:,3204
banana bright vitamin c serum:,3205
citrus sinensis (orange) fruit extract,3206
succinoglycan,3207
c-rush brightening gel créme:,3208
paraffinum liquidum/ mineral oil,3209
dimethi-cone,3210
butyrospermum parkii/ shea butter,3211
solum diatomeae/diatomaceous earth,3212
ammonium polyacryloyl-dimethyl taurate,3213
butylparaben,3214
epilobium angustifolium/ epilobium angustifolium extract,3215
hydrolyzed algin.,3216
l-arginine,3217
pichia ferment lysate filtrate,3218
sodium carbonate.,3219
chasteberry tree extract,3220
dong quai,3221
magnesium stearate (vegetable source),3222
salvia officinalis (sage) flower/leaf/stem extract*,3223
pyrus malus (apple) seed oil,3224
lactobacillus/arundinaria gigantea ferment filtrate,3225
oenothera biennis (evening primrose) oil*,3226
hippophae rhamnoides (sea buckthorn) oil*,3227
hydrolyzed avocado protein,3228
dictyopteris membranacea (sea fern) extract,3229
serenoa serrulata fruit extract,3230
lentinus edodes extract,3231
tremella fuciformis (mushroom) extract,3232
myristyl glucoside,3233
glyceryl linoleate,3234
ethylhexyl polyhydroxystearate,3235
maltitol,3236
o-cymen-5-ol,3237
pyrus malus (apple) peel extract,3238
*limonene,3239
prenatal:,3240
vitamin a,3241
vitamin d3,3242
vitamin e,3243
vitamin k,3244
vitamin,3245
k1,3246
vitamin k2,3247
vitamin b1,3248
vitamin b-2,3249
vitamin b3,3250
vitamin b-6,3251
vitamin b12,3252
folate,3253
iron,3254
iodine,3255
magnesium,3256
zinc,3257
selenium,3258
manganese,3259
molybdenum,3260
choline,3261
baron.,3262
dha:,3263
algal oil,3264
docosahexaenoic acid (dha).,3265
benzoyl peroxide,3266
sodium laurylglucosides hydroxypropylsulfonate,3267
stearic acidl phenoxyethanol,3268
hydrolyzed,3269
t-butyl alcohol.,3270
salicylic acid 1%,3271
peg-9 cocoate,3272
polyglyceryl-6 ricinoleate,3273
peg-32 distearate,3274
peg-175 distearate,3275
sorbeth-450 tristearate,3276
isodecyl isononanoate,3277
peucedanum graveolens (dill) extract,3278
cassia alata leaf extract,3279
illicium verum (anise) fruit/seed oil*,3280
phenoxyethanol <iln42228>,3281
stearyl dimethicone,3282
theobroma cacao extract/cocoa extract,3283
paeonia suffruticosa extract/paeonia suffruticosa root extract,3284
jasminum officinale extract/jasmine flower extract,3285
rosa gallica extract/rosa gallica flower extract,3286
crambe abyssinica seed oillimnanthes alba (meadowfoam) seed oil,3287
cannabis sativa seed oilglycine soja (soybean) oil,3288
pseudozyma epicola / apricot kernel oil / olive fruit oil / sunflower seed oil / sweet almond oil / angelica gigas root extract ferment extract filtrate,3289
bixa orellana seed oil,3290
oenothera biennis (evening primrose) seed oil,3291
caprylic / capric triglyceride,3292
caryodendron orinocense seed oil,3293
pseudozyma epicola / argania spinosa kernel oil ferment filtrate,3294
pseudozyma epicola / camellia sinensis seed oil / glucose / malt extract / soybean flour / yeast extract ferment filtrate,3295
laminaria ochroleuca extract,3296
pseudozyma epicola/apricot kernel oil/olive fruit oil/sunflower seed oil/sweet almond oil/angelica gigas root extract ferment extract filtrate,3297
pseudozyma epicola/argania spinosa kernel oil ferment filtrate,3298
pseudozyma epicola/camellia sinensis seed oil/glucose/malt extract/soybean flour/yeast extract ferment filtrate,3299
prunus armeniaca (apricot),3300
kernel oil,3301
glycine soja (soybean) sterol & t-butyl alcohol.,3302
butlyene glycol,3303
alcohol (organic),3304
algae (organic) extract,3305
aloe barbadensis (organic) leaf extract,3306
cucumis sativus (organic cucumber) fruit extract,3307
fragaria vesca (organic strawberry) fruit extract,3308
glycerin (organic),3309
va/butyl maleate/isobornyl acrylate copolymer,3310
hydrolyzed myrtus communis leaf extract,3311
aloe barbadensis (aloe) leaf extract,3312
hyaluronic acid: improves overall appearance by boosting radiance and moisture levels.,3313
glycogen,3314
lupinus albus seed extract,3315
succinic acid,3316
hydroxyacetophenone.,3317
titanium dioxide 4.28%,3318
zinc oxide 19.03%,3319
behenyl behenate,3320
sorbitol/sebacic acid copolymer behenate,3321
octyldodecyl erucate,3322
fragrance/parfum*,3323
polyglyceryl-6 polyricinoleate,3324
leuconostoc/radish root ferment filtrate.,3325
superfood antioxidant cleanser:,3326
15% vitamin c + caffeine energy serum:,3327
3-o-ethyl ascorbic acid (vitamin c),3328
magnesium ascorbyl phosphate (vitamin c),3329
passiflora edulis (passionfruit) extract,3330
ilex guayusa leaf extract,3331
ilex paraguariensis (yerba mate) leaf extract,3332
hylocereus undatus (dragon) fruit extract,3333
ergothioneine.,3334
superfood air-whip moisture cream:,3335
superberry hydrate + glow dream oil:,3336
squalane olive,3337
tocopherol (vitamin e),3338
euterpe oleracea fruit (acai) extract,3339
borago officinalis (borage) seed oil*,3340
linum usitatissimum (flaxseed) seed oil*,3341
olea europaea (olive) fruit oil*,3342
rosa canina (rosehip) fruit oil*,3343
punica granatum (pomegranate) seed oil*,3344
vaccinium macrocarpon (cranberry) seed oil*,3345
amylcinnamyl alcohol,3346
dream eye cream:,3347
opuntia ficus-indica (prickly pear) seed oil*,3348
lycium barbarum (goji) callus culture extract,3349
gardenia jasminoides (gardenia) fruit extract,3350
yerba mate resurfacing energy facial:,3351
ilex guayusa (guayusa) leaf extract,3352
polyglyceryl-6 laurate,3353
bromelain (pineapple),3354
papain (papaya),3355
passiflora edulis (passion fruit) extract,3356
curcuma longa (turmeric) root powder,3357
hylocereus undatus (dragon fruit) fruit extract,3358
helianthus annus (sunflower) seed oil,3359
chondrus crispus (seaweed) extract,3360
amethyst powder,3361
sapphire powder,3362
silver,3363
ci 77000 (aluminum),3364
polyethylene terephthalate,3365
lithium magnesium sodium silicate nano,3366
conchiolin powder,3367
hyroxycitronellal,3368
blue 1 lake (ci 42090).,3369
calcium sulfate,3370
sodium potassium aluminum silicate,3371
glyceryl polyacrelate,3372
caprylyl glyceryl ether,3373
butyrospermum parkii (shea) nut butter,3374
full flower hemp extract (cbd),3375
hydrolyzed hibiscus esculentus extract (hibiscus peptides),3376
hibiscus sabdariffa flower extract (hibiscus),3377
magnolol (magnolia),3378
honokiol (magnolia),3379
punica granatum seed extract (pomegranate),3380
apricot kernel oil (apricot),3381
polyglyceryl-6 esters,3382
sodium hyaluronate (hyaluronic acid),3383
eclipta prostrata extract (daisy),3384
melia azadirrachta leaf extract (neem),3385
moringa pterygosperma seed oil (moringa),3386
nelumbo nucifera (pink lotus) flower oil,3387
jasminum grandiflorum (jasmine) flower oil,3388
acacia dealbata (mimosa) flower extract,3389
plumeria alba (frangipani) flower.,3390
rose quartz,3391
silver plated iron.,3392
averrhoa carambola leaf extract,3393
rose hip seed oil,3394
jojoba oil,3395
elder flower extract,3396
calendula extract,3397
borage leaf extract,3398
alfalfa extract,3399
arnica extract,3400
linden flower extract,3401
essential oil blend for scent,3402
paraffinum liquidum (mineral oil,3403
huile minérale),3404
olus (vegetable oil,3405
huile végétale),3406
polyquaternium-24,3407
ci 15985 (yellow 6).,3408
water (aqua /eau),3409
cetearyl,3410
diospyros mespiliformis leaf extract,3411
sanicula europaea extract,3412
myrothamnus flabellifolia extract,3413
lapsana communis flower/leaf/stem extract,3414
furcellaria lumbricalis extract,3415
maris sal/sea salt/sel marin.ci 14700/red 4.ci 17200/red 33.polyvinyl alcohol.copper palmitoyl heptapeptide-14 .heptapeptide-15 palmitate.,3416
hydrolyzed hyaluronlc acid,3417
fusanus spicatus wood oil,3418
exfolikate intensive pore exfoliating treatment:,3419
exfolikate cleanser daily foaming wash:,3420
cetearyl phosphate,3421
dimethicone peg-8 meadowfoamate,3422
lactobacillus/pumpkin fruit ferment filtrate,3423
lauramide dipa,3424
liquid exfolikate triple acid resurfacing treatment:,3425
pelargonium graveolens flower/leaf/stem water,3426
mel extract/honey extract/extrait de miel,3427
ethyl oleate,3428
salvia hispanica seed oil.,3429
barrier+ triple lipid-peptide cream:,3430
dilinoleic acid/ propanediol copolymer,3431
barrier+ triple hyaluronate serum:,3432
polyacrylate crosspolymer-11,3433
paeonia albiflora (peony) root extract,3434
barrier+ triple lipid boost 360° eye cream:,3435
barrier+ foaming oil cleanser:,3436
hydroxypropyl guar hydroxypropyltrimonium chloride,3437
potassium cocoate,3438
isobutane,3439
propane,3440
perfluorohexane,3441
perfluoroperhydrophenanthrene,3442
perfluorodecalin,3443
peg-200 hydrogenated glyceryl palmate,3444
ci 45410 (red 28),3445
ci 19140 (yellow 5).,3446
gardenia florida fruit extract & polylysine.,3447
citrus junos seed oil,3448
*linalool.,3449
ppg-2 hydroxyethyl cocamide,3450
dipentaerythrityl pentaisononanoate,3451
arginine ferulate,3452
milk protein/lactis proteinum/protéine du lait,3453
swertia chirata extract,3454
hedychium spicatum extract,3455
plumeria rubra flower,3456
hibiscus abelmoschus seed extract,3457
polystyrene,3458
dipentaerythrityl hexahydroxystearate/hexastearate/hexarosinate,3459
citrus clean balm & makeup melt:,3460
pelargonium graveolens oil,3461
canarium luzonicum gum nonvolatiles,3462
lemon-aid detox & glow micro-peel:,3463
citrus-c mask & daily moisturizer:,3464
acrylates/c10- 30 alkyl acrylate crosspolymer,3465
myrciaria dubia fruit extract,3466
natto gum,3467
cysteine,3468
copper tripeptide-1.,3469
jasminum officinale (jasmine) oil,3470
cananga odorata (ylang-ylang) flower oil,3471
lavandula angustifolia (lavender) herb oil,3472
salvia hispanica (chia) seed oil*,3473
tris (tetramethylhydroxypiperidinol) citrate,3474
ci 16035 (red 40),3475
hydrolyzed rice extract,3476
aroma (flavor)*,3477
(*natural flavor / arome naturel),3478
dipentaerythrityl hexa c5-9 acid esters,3479
sigesbeckia orientalis extract,3480
hovenia dulcis fruit extract,3481
butyl-ene glycol,3482
sodium acrylates crosspolymer-2,3483
c20-22 alkyl phosphate,3484
c20-22 alcohols,3485
potassium hydroxide.,3486
calcium pantothenate,3487
sodium starch octenylsuccinate,3488
sodium cocoamphoacetate,3489
sodium lauryl glucose carboxylate,3490
lactobacillus/portulaca oleracea ferment extract,3491
cyclotetrasiloxane,3492
ethylhexyl cocoate,3493
ceramide 2,3494
hydrolyzed rice bran protein,3495
acetyl hexapeptide-3,3496
oxido reductases.,3497
benzyl salicylate.,3498
evercalm gentle cleansing milk:,3499
anthemis nobilis (chamomile) flower oil,3500
cinnamomum camphora linalloliferum (ho wood) leaf oil,3501
foeniculum vulgare (fennel) fruit extract,3502
evercalm redness relief serum:,3503
vaccinium vitis-idaea seed oil,3504
albatrellus confluens (mushroom) extract,3505
evercalm global protection day cream:,3506
pueraria lobata (kudzu) symbiosome extract,3507
rosmarinus.,3508
evercalm overnight recovery balm:,3509
oryza sativa starch,3510
magnesium carboxymethyl beta-glucan,3511
eclipta prostrata leaf extract,3512
rosmarinus officinalis leaf extract,3513
evercalm ultra comforting rescue mask:,3514
butyrospermum,3515
parkii (shea) butter,3516
helianthus annus (sunflower) seed wax,3517
simmondsia chinesis (jojoba) seed oil,3518
caprylic/capric triglyceride panthenol,3519
vaccinium vitas-idaea (lingonberry) seed oil,3520
cocus nucifera (coconut) fruit extract,3521
albatrellus ovinus extract,3522
rosmarinus officinalis leat extract,3523
magnesium carboxymethyl beta glucan,3524
rhodiola rosea root extract,3525
coconut alcohol,3526
nu-mag certified organic rice extract,3527
rice (oryza sativa cera) flour,3528
organic rice hulls,3529
organic gum arabic,3530
organic sunflower oil.,3531
cucurbita pepo (pumpkin) seed extract,3532
cydonia oblonga (quince) leaf extract,3533
acacia senegal (gum arabic) gum,3534
cocos nucifera (coconut) fruit powder,3535
sorbitan isostearate & trisodium ethylenediamine disuccinate.,3536
aleurites moluccana (kukui) seed oil,3537
malachite,3538
vp/eicosene copolymer,3539
green 5 (ci 61570),3540
juglans regia (walnut) seed oil,3541
vitis vinifera (grape) sead oil,3542
rosa multiflora seed oil.,3543
eschscholtzia californica flower/leaf/stem extract,3544
maris sal/sea salt/sel marin,3545
heptapeptide-15 palmitate v2802a,3546
disodium c12-14 pareth-3 sulfosuccinate,3547
glycol stearate,3548
hydroxypropyl guar,3549
laureth-10,3550
stearamide amp,3551
linalyl acetate,3552
geranium maculatum extract.,3553
glycerine,3554
styrene/acrylate copolymer,3555
glycereth-2 cocoate,3556
mpolysorbate 20,3557
cassia alata leaf extract.,3558
yogurt extract,3559
citrus limon (lemon) seed oil,3560
citrus aurantifolia (lime) peel oil,3561
juniperus virginiana wood oil,3562
benzoyl peroxide 2.5%,3563
phoenix dactylifera (date) seed extract,3564
phosphatidylglycerol,3565
rosmarinus officinalis (rosemary) leaf essential oil,3566
capryloyl glycine,3567
sarcosine,3568
enantia chlorantha bark extract,3569
epilobium angustifolium flower/leaf/stem extract,3570
cinnamomum zeylanicum bark extract,3571
d-limonene,3572
oleanolic acid.,3573
omega 3 fish oil (with epa and dha),3574
vitamin b5,3575
vitamin b6,3576
l-tyrosine,3577
rhodiola,3578
eleuthero,3579
ashwagandha,3580
ginger,3581
licorice,3582
astragalus,3583
gotu kola,3584
schizandra,3585
beeswax (cera alba),3586
allantoin.,3587
chondrus crispus (chondrus crispus (carrageenan)),3588
step 01: peeling essence:,3589
saccharum offlcinarum (sugarcane) extract,3590
polyglceryl-10 oleate,3591
polyglyceryl-2 oleate,3592
beewax/cire d’abelle,3593
copernicia cerifera (carnauba) wax/cire de carnauba,3594
carbon dioxide,3595
rose flower oil,3596
betaine saliculate,3597
papin,3598
step 02: ph balancing mask:,3599
citrus aurantifolia (lima) fruit extract,3600
ethlhexylglycerin,3601
butylphenyl methylpropional.c15,3602
prunus avium (sweet cherry) fruit extract,3603
magnesium sulfate.,3604
butyrospermum parkii (shea) butter (emollient/antioxidant),3605
ceteareth-6 olivate (hydration/texture enhancer),3606
butylene glycol (slip agent/hydration),3607
glyceryl stearate (texture enhancer),3608
polyglyceryl-4 laurate (emollient/emulsifier),3609
decyl oleate (emollient),3610
linum usitatissimum (linseed) seed oil (flax seed,3611
non-fragrant omega 3,3612
and 9 plant oil),3613
salvia hispanica (chia) seed oil (non-fragrant omega-3 plant oil),3614
olea europaea (olive) fruit oil (non-fragrant antioxidant plant oil),3615
passiflora edulis (passion fruit) seed oil (non-fragrant omega-6 plant oil),3616
borago officinalis seed oil (non-fragrant antioxidant plant oil/skin-soothing),3617
hydrogenated olive oil (emollient plant oil),3618
psidium guajava (guava)fruit extract (antioxidant),3619
olea europaea (olive) oil unsaponifiables (hydration),3620
limnanthes alba (meadowfoam) seed oil (non-fragrant plant oil),3621
linolenic acid (skin-restoring fatty acids),3622
oleic acid (non-fragrant omega-9 fatty acid),3623
euterpe oleracea (acai) sterols (emollient),3624
ceramide np (skin-replenishing/skin-restoring ingredients),3625
proline (amino acids/hydration),3626
lysine hcl (amino acid salt/hydration),3627
arginine (amino acids/hydration),3628
squalane (emollient),3629
cholesterol (skin-replenishing),3630
phytosphingosine (skin-restoring),3631
anastatica hierochuntica extract (rose of jericho/skin-soothing/antioxidant),3632
sodium hyaluronate (skin-replenishing),3633
sodium lactate (electrolyte hydration),3634
boerhavia diffusa root extract (skin-soothing/antioxidant),3635
adenosine (skin-restoring),3636
phytic acid (chelating agent),3637
glutamic acid (amino acid/hydration),3638
betaine (hydration),3639
pullulan (texture enhance/film-forming agent),3640
sodium pca (skin-replenishing),3641
carbomer (thickener),3642
sodium polyacrylate starch (texture enhancer/stabilizer),3643
xanthan gum (plant-derived thickeners),3644
sodium lauroyl lactylate (emulsifier),3645
ethylhexylglycerin (preservatives).,3646
butyrospermum parkii (shea butter) extract,3647
sodium tocopheryl phosphate,3648
methylsilanol tri-peg-8 glyceryl cocoate.,3649
spiraea ulmaria extract,3650
denatonium benzoate,3651
sodium benzoate iln 30092.,3652
retinal,3653
methyl methacrylate/glycol dimethacrylate crosspolymer,3654
perilla ocymoides seed oil,3655
polyglyceryl-10 heptahydroxystearate,3656
jojoba oil peg-150 esters,3657
lycium chinense fruit extract,3658
milk thistle extract,3659
dandelion root,3660
artichoke leaf,3661
cellulose powder,3662
magnesium.,3663
musa sapientum flower extract,3664
myrica cerifera fruit wax,3665
bis-peg-12 dimethicone,3666
+/- yellow 5 (ci 19140),3667
blue 1 (ci 42090) <iln42239>.,3668
ceratonia siliqua gum,3669
chondrus crispus powder,3670
cupressus sempervirens leaf/nut/stem oil,3671
palmitoyl oligopeptide.,3672
octyldodecyl neopentanoate,3673
mica <iln42082>,3674
avobenzone 3.0%,3675
homosalate 5.0%,3676
octisalate 4.5%,3677
octocrylene 2.8%,3678
mauritia flexuosa fruit oil,3679
arctostaphylos uva-ursi (bearberry) leaf extract,3680
hippophae rhamnoides (sea buckthorn) oil,3681
lactobacillus papaya fruit ferment extract,3682
salix alba (willow bark) extract,3683
ppg-20 methyl glucose ether,3684
soapberry (sapindus mukurossi) peel extract,3685
sodium lauryl sulfate,3686
cocamide mea,3687
hypericum perforatum extract,3688
althaea officinalis leaf/root extract,3689
diazolidinyl urea.,3690
ci 77288 (chromium oxide green).,3691
hexapeptide-11,3692
spirulina platensis (algae) powder,3693
sodium gluconate & dehydroacetic acid.,3694
lithothamnion calcareum powder,3695
aminopropyl triethoxysilane,3696
ci 77491/ci77492/iron oxides,3697
titanium dioxide 3.6%,3698
zinc oxide 2.34%,3699
polyepsilon-lysine,3700
boswellia carterii oil,3701
ascorbyl tetraisopalmitate.,3702
crambe maritima leaf extract,3703
aster tripolium (sea starwort oil) extract,3704
ganoderma lucidum (reishi) extract,3705
chlorella vulgaris (dermochlorella algae) extract,3706
citrus aurantifolia (lime) seed oil,3707
fragaria ananassa (strawberry) seed oil,3708
curcuma longa (turmeric) root oil,3709
ribes nigrum (blackcurrant) seed oil,3710
thymus vulgaris (common thyme) extract,3711
psidium guajava (guava) fruit extract,3712
petroselinum crispum (parsley) leaf extract,3713
terminalia ferdinandiana (kakadu plum) fruit extract,3714
cinnamyl alcohol.,3715
anthemis nobilis (chamomile),3716
lavandula angustifolia (lavender),3717
methyldihydrojasmonate,3718
phenoxyethanol <iln41968>.,3719
helichrysum italicum flower oil,3720
acmella oleracea extract,3721
ci 75130/beta-carotene.,3722
arginine hcl,3723
rubus suavissimus (raspberry) leaf extract,3724
beta-carotene (ci 75130).,3725
sucrose polycottonseedate,3726
palmitoyl dipeptide-7,3727
hexapeptide-3,3728
polysorbate 65,3729
methoxy peg-114/polyepsilon caprolactone,3730
hydrolyzed ginseng saponins (enzyme-treated red ginseng saponins),3731
honey / mel / miel,3732
panax ginseng flower extract,3733
paeonia lactiflora root extract,3734
polygonatum odoratum rhizome extract,3735
sodium methyl stearoyl taurate,3736
acetyl heptapeptide-4,3737
acetyl octapeptide-3.,3738
octinoxate 7.5%,3739
octocrylene 2%,3740
sambucus nigra (black elderberry) fruit extract,3741
acrylates crosspolymer-4,3742
sodium formate.,3743
thiamin (as b complex from organic blend of psidium guajava,3744
ocimum sanctum,3745
citrus limon extracts),3746
riboflavin (as b complex from organic blend of psidium guajava,3747
niacin (as b complex from organic blend of psidium guajava,3748
vitamin b6 (as b complex from organic blend of psidium guajava,3749
folate (as l-5-methyltetrahydrofolate (calcium-l- methylfolate) metafolin,3750
b complex from organic blend of psidium guajava,3751
vitamin b12 (as vitamin b12 (as methylcobalamin) (mecobalactive)),3752
pantothenic acid (as b complex from organic blend of psidium guajava,3753
fermented l-glutamine powder,3754
ginseng (panax quinquefolius l.) root extract (cereboost),3755
organic mango flavor,3756
organic monk fruit powder,3757
beta carotene (organic).,3758
ammonium acryloyldimethyl-taurate/vp copolymer,3759
hydroxyacetophe-none,3760
nymphaea coerulea flower extract,3761
subtilisin,3762
lipase.,3763
avena strigosa seed extract,3764
cynara scolymus (artichoke) leaf extract,3765
hydrogenated palm glycerides,3766
hydrogenated palm kernel glycerides,3767
pancratium maritimum extract,3768
pinus heldreichii bark extract,3769
sesamum indicum (sesame) seed extract,3770
stearyl stearate,3771
copernicia cerifera (carnauba) wax/ cire de carnauba,3772
rhus verniciflua peel wax,3773
punica granatum pericarp extract.,3774
citrullus lanatus (watermelon) fruit juice,3775
lactic acid.,3776
polyglyceryl-2 isostearate/dimer dilinoleate copolymer,3777
ci 15985/yellow 6 lake,3778
ci 17200/red 33 lake,3779
ci 15850/red 7 lake,3780
ci 45410/red 27.,3781
symphytum officinale root extract,3782
brassica campestris/aleurites fordi oil copolymer,3783
aniba rosaeodora (rosewood) wood oi,3784
cetyl behenate,3785
pentasodium triphosphate,3786
hemp seed oil,3787
broad spectrum hemp extract,3788
sambucus nigra (elderberry),3789
fruit extract,3790
viola odorata (violet) flower extract,3791
lavandula angustifolia (lavender) extract,3792
cymbidium grandiflorum (orchid) flower extract,3793
sodium mannose phosphate,3794
mannose,3795
tambourissa trichophylla leaf extract,3796
camellia sinensis (green tea) seed oil,3797
hydroxyethyl,3798
acrylate/sodium acryloyldimenthyl taurate copolymer,3799
caprylic /capri triglyceride,3800
violet no.2,3801
nicotiana benthamiana hexapeptide-40 sh-polypeptide-76,3802
harungana madagascariensis extract,3803
2-hexanediol.,3804
menthyl pca,3805
aluminum calcium sodium silicate,3806
titanium/titanium dioxide,3807
+/- mica,3808
bismuth oxychloride (ci 77163),3809
blue 1 lake (ci 42090),3810
bronze powder (ci 77400),3811
copper powder (ci 77400),3812
red 21 (ci 45380),3813
red 27 (ci 45410),3814
red 28 lake (ci 45410),3815
red 30 lake (ci 73360),3816
red 33 lake (ci 17200),3817
yellow 5 lake (ci 19140),3818
yellow 6 lake (ci 15985).,3819
zea mays starch/corn starch,3820
saccharomyces/xylinum/ black tea ferment,3821
poloxamer 338,3822
prunus domestica (plum) seed oil,3823
glyceryl rosinate,3824
oleanolic acid,3825
denatonium benzoate.,3826
salicylic acid 2% (bha),3827
seaweed (algae) extract,3828
gelidium cartilagineum extract,3829
sesamum indicum (sesame) seed,3830
whey protein\\lactis protein\\proteine du petit-lait,3831
tetraacetylphytosphingosine,3832
propylene glycol dioctanoate,3833
dipentaerythrityl tetrahydroxystearate/tetraisostearate,3834
synthetic beeswax,3835
hydrolyzed chondrus crispus extract,3836
lauryl dimethicone/polyglycerin-3 crosspolymer,3837
may contain (+/-):,3838
mentha arvensis leaf extract,3839
carum carvi (caraway) seed oil,3840
mentha viridis (spearmint) extract,3841
peumus boldus leaf extract,3842
polyglyceryl-10 myristate,3843
propylene glycol dipelargonate,3844
caprylic/capric/succinic triglyceride,3845
pyrus cydonia seed extract,3846
dimethylmethoxy chromanol,3847
haberlea rhodopensis leaf extract,3848
phaeodactylum tricornutum extract,3849
caprylic /capric triglyceride,3850
geranylgeranylisopropanol,3851
jasminum sambac (jasmine) flower extract,3852
pseudozyma epicola/argania spinosa kernel oil/olive fruit oil/sunflower seed oil/(angelica gigas/licorice/lithospermum erythrorhizon) root ferment extract filtrate,3853
honey (mel),3854
pinus pinaster extract (pinus pinaster bark extract),3855
garcinia indica (kokum) seed butter,3856
sida cordifolia (bala) oil sesamum indicum (sesame) seed oil,3857
sida cordifolia (bala) oil,3858
aegle marmelo (dashmool),3859
hordeum vulgare (barley),3860
ziziphus mauritiana (indian jujube),3861
macrotyloma uniflorum (kulittha),3862
indigofera tinctoria (neelika),3863
withania somnifera (ashwagandha),3864
asparagus racemosus (shatavari),3865
pueraria tuberosa (vidarikand),3866
dioscorea bulbifera,3867
tinospora cordifolia (moonseed),3868
phaseolous trilobus (mudgaparni),3869
bambusa arundiaceae,3870
pistacia integerrima,3871
artemisia vulgaris (mugwort),3872
leptadenia reticulata,3873
glycyrrhiza glabra (licorice root),3874
shorea robusta,3875
cedrus dcodara,3876
rubia cordifolia (manjistha),3877
cyperus rotundus (nut grass),3878
elettaria cardamomum,3879
valeriana wallichii,3880
nardostachys jatamansi,3881
parmelia perlata,3882
cinnamomum tamala,3883
hemidesmus indicus,3884
\u200eacorus calamus (sweet flag),3885
boerhavia diffusa,3886
undecane (and) tridecane,3887
hydrogenated soy polyglycerides (and) c15-23 alkanes,3888
caprylic capric triglyceride**,3889
rose damascena (rose) oil,3890
pelargonium graveolens (geranium) oil,3891
tocopherol+,3892
**vegetable derived,3893
+derived from non-gmo soy.,3894
butyrosperum parkii (shea) butter,3895
olea europeaea (olive) fruit oil,3896
calcium titanium borosilicate,3897
helianthus annuus (sunflower seed oil),3898
carbomer algae (dictyopteris membranacca) extract,3899
magnolia gradiflora bark extract,3900
luaryl alcohol,3901
crocus sativus flower extract,3902
tin oxide (ci 77861),3903
carmine (ci 75470).,3904
phenoxyethano,3905
borago (borage) officinalis seed oil,3906
santalum album (sandalwood) wood oil,3907
carapa guaianensis (andiroba) seed oil,3908
bulnesia sarmientoi (palo santo) wood oil,3909
arnica montana (arnica) flower,3910
pogostemon cablin (patchouli) leaf extract,3911
vanilla planifolia (vanilla) bean extract,3912
farnesol.,3913
water bank blue hyaluronic cream moisturizer:,3914
bis-hydroxyethoxypropyl dimethicone,3915
octadecene,3916
water bank blue hyaluronic revitalizing toner:,3917
ppg-13-decyltetradeceth-24,3918
water bank blue hyaluronic serum:,3919
water bank blue hyaluronic eye cream:,3920
tocopherol. c3,3921
hydrogenated castor oil/sebacic acid copolymer,3922
dipentaerythrityl tetrabehenate/polyhydroxystearate,3923
glucomannan,3924
arginine/lysine polypeptide,3925
butyrospermum parkii (shea) butter unsaponifiables,3926
portulaca pilosa extract,3927
sucrose cocoate,3928
polypropylene,3929
ethylbisiminomethylguaiacol manganese chloride,3930
blue 1 (ci 42090) <iln42547>.,3931
bisabolol (organic),3932
brassica campestris (rapeseed) seed oil,3933
carthamus tinctorius (safflower) seed oil (organic),3934
decanal,3935
ethyl hexanoate,3936
hexyl acetate,3937
mauritia flexuosa (buriti) fruit oil (organic),3938
opuntia ficus-indica flower extract,3939
prunus persica (peach) flower extract,3940
rubus idaeus (raspberry) seed oil (organic),3941
cellulose acetate,3942
volcanic sand,3943
hamamelis virginiana (witch hazel) bark/leaf/twig extract,3944
citrus grandis (grapefruit) peel extract,3945
citrus clementina fruit extract,3946
citrus tangerina (tangerine) peel extract,3947
fragaria chiloensis (strawberry) fruit extract,3948
homosalate 7.0%,3949
citrus japonica fruit extract,3950
oryza sativa (rice) germ extract,3951
morinda citrifolia extract,3952
red 40 (ci 16035).,3953
bellis perennis (daisy) flower/helichrysum italicum extract,3954
gigartina stellata extract,3955
water (aqua / eau),3956
phenylbenzimidazole sulfonic acid,3957
oryza sativa (purple rice) hull extract,3958
camellia sinensis (purple tea) leaf extract,3959
ipomoea batatas (purple sweet potato) root extract,3960
brain dust proprietary blend (lion’s mane mushroom extract°,3961
astragalus root extract°,3962
rhodiola root extract,3963
ashwagandha root and leaf extract°,3964
ginkgo leaf extract,3965
stevia leaf extract (reb a)°). °organic.,3966
calendula officinalis flower/leaf/stem juice*,3967
morus alba (mulberry) leaf extract,3968
chlamydomonas acidophila extract,3969
chamomilla recutita (matricaria) flower extract*,3970
lavandula angustifolia (lavender) extract*,3971
l (+) lactic acid,3972
tocopheryl linoleate,3973
glycoproteins,3974
skeletonema costatum extract,3975
ascorbyl palmitate.,3976
pyruvic acid,3977
potassium azeloyl digyclinate,3978
cannabis sativa (hemp) seed oil,3979
sea water extract,3980
spirulina maxima (spirulina) extract,3981
butylene glycol.,3982
theobroma cacao (cocoa) seed extract.,3983
ursolic acid,3984
adenosine phosphate,3985
acetyl carnitine hcl,3986
creatine,3987
menthanediol,3988
ext. violet 2 (ci 60730),3989
alchemilla vulgaris leaf extract+,3990
stellaria media (chickweed) extract+,3991
equisetum arvense leaf extract+,3992
urtica dioica (nettle) leaf extract+,3993
lactobacillus/ soybean ferment extract,3994
saccharomyces/ potato extract ferment filtrate,3995
saccharomyces/ barley seed ferment filtrate,3996
octyldodeceth 16,3997
polyimide-1,3998
citrus paradisi peel oil/grapefruit peel oil,3999
buteth-3,4000
ci 15985/yellow 6,4001
tributyl citrate,4002
lactobacillus/coconut fruit juice ferment filtrate,4003
citrus sinensis peel oil expressed,4004
panax ginseng callus culture extract,4005
rosa damascena callus culture extract,4006
daucus carota sativa (carrot) callus culture extract,4007
camellia sinensis callus culture extract,4008
palmitoyl pentapeptide-4,4009
asparagine,4010
1-methylhydantoin-2-imide,4011
formic acid,4012
magnesium citrate,4013
tryptophan,4014
citrulline,4015
glutamine,4016
usnea barbata extract/lichen extract,4017
pulsatilla koreana extract,4018
zanthoxylum piperitum fruit extract,4019
shea butter glycerides,4020
sclerotium gum.,4021
thymus vulgaris (thyme) flower/leaf extract,4022
ornithine,4023
cetyl stearate,4024
atractylodes macrocephala root extract,4025
bupleurum falcatum root extract,4026
caesalpinia spinosa gum,4027
o-cymen- 5-ol,4028
punica granatum (pomegranate) fruit extract,4029
wine,4030
alanyl glutamine.,4031
chamomilla recutita matricaria (chamomile) flower extract,4032
euphorbia cerifera (candelilla) wax\\candelilla cera\\cire de candelilla,4033
molasses extract\\saccharum officinarum\\extrait de melasse,4034
vegetable oil\\olus\\huile vegetale,4035
ethylene brassylate,4036
avobenzone (3%),4037
octisalate (5%),4038
octocrylene (10%),4039
salvia hispanica (sage) seed oil,4040
vaccinium myrtillus (myrtle) fruit extract,4041
theobroma cacoa (cocoa) seed extract,4042
ethylhexylglycerin parfum (fragrance),4043
ci 17200 (d&c red no.33).,4044
avobenzone 1.75% homosalate 5% octisalate 2% octocrylene 5%,4045
aloe barbadensis leaf juice (organic),4046
carthamus tinctorius (safflower) seedcake extract,4047
hydrogenated methyl abietata,4048
tropolone,4049
aqua(water,4050
maris aqua (sea water,4051
eau de mer),4052
nicotiana benthamiana octapeptide-30 sh-oligopeptide-2,4053
hydrolyzed rhodophyceae extract,4054
onopordum acanthium flower/leaf/stem extract,4055
senna alata extract,4056
phragmites kharka extract,4057
poria cocos extract,4058
xanthium sibiricum fruit extract,4059
cyperus rotundus root extract,4060
cyathea cumingii leaf extract,4061
lepidium sativum sprout extract,4062
alpinia officinarum root extract,4063
acetyl hexapeptide-1,4064
cinnamic acid,4065
water/aqua/edu,4066
coco betaine,4067
mentha piperita (peppermint) flower/leaf/stem,4068
lonicera japonica (honeysuckle) flower extract.,4069
daucus carota sativa (carrot) extract,4070
hydrolyzed hemp seed protein,4071
potassium lactate,4072
polyglyceryl-2 dipolyhydroxystearate,4073
stevia rebaudiana leaf/stem extract,4074
hydrogenated phosphatidylcholine,4075
beta-sitosterol,4076
phytic acid.,4077
octyldodecyl myristate,4078
hydrolyzed rice bran extract,4079
citrus reticulata (tangerine) peel extract,4080
fumaria officinalis flower/leaf/stem extract,4081
limonium vulgare flower/leaf/stem extract,4082
palmitoyl hydroxypropyltrimonium amylopectin/glycerin crosspolymer,4083
fumaric acid,4084
hydroxyisohexyl 3-cyclohexene carboxaldehyde,4085
yellow 5 (ci 19140) <iln41390>.,4086
beeswax (cera alba/cire d’abeille),4087
sodium lauryl glycol carboxylate,4088
ultramarines (ci 77007),4089
silk powder (serica/poudre de soie),4090
tapioca,4091
calendula officinalis flower,4092
hedera helix extract - ivy leaf/stem extract,4093
glycyrrhiza glabra root extract/licorice root extract,4094
chamomilla recutita flower extract/matricaria flower extract,4095
rosmarinus officinalis leaf extract/rosemary leaf extract,4096
zingiber officinale root extract/ginger root extract.,4097
declustered water (-)\\aqua\\eau de-structuree (-),4098
ppg-28-buteth-35,4099
ppg-5-ceteth-20,4100
disodium edta-copper,4101
mica <iln42148>,4102
hylocereus undatus fruit extract,4103
ilex paraguariensis leaf extract,4104
momordica cochinchinensis seed extract,4105
punica granatum seed extract,4106
sodium carrageenan,4107
cl 77891 / titanium dioxide,4108
globularia alypum leaf extract,4109
heptyl undecylenate,4110
mucor miehei extract,4111
) glycerin,4112
potassium pca,4113
polyglyceryl-4 olivate,4114
laminaria saccharina (brown algae) extract,4115
biotin/folic acid/cyanocobalamin/niacinamide/pantothenic acid/pyridoxine/riboflavin/thiamine/yeast polypeptides,4116
garcinia mangostana (mangosteen) peel extract,4117
acetyl hexapeptide-37,4118
sodium acrylates copolymer acrylates/c10-30 alkyl acrylate crosspolymer,4119
myreth-3 myristate,4120
citrus madurensis fruit extract,4121
secale cereale (rye) seed extract,4122
oenothera biennis (evening primrose) root extract,4123
kluyveromyces extract,4124
lactobacillus/pumpkin ferment filtrate,4125
rubus fruticosus (blackberry) fruit extract,4126
calendula officinalis flower/leaf/stem juice,4127
salvia miltorrhiza root extract,4128
rhododendron ferrugineum extract,4129
calendula officinalis (calendula) flower extract,4130
stevioside,4131
dunaliella salina (algae) extract,4132
pongamia glabra seed oil,4133
glyceryl ascorbate,4134
dimethylsilanol hyaluronate,4135
silanediol salicylate,4136
isoceteth-10,4137
diethylhexyl adipate,4138
methylsilanol hydroxyproline aspartate,4139
lavandula angustifolia (lavender) flower oil,4140
decapeptide-22,4141
oligopeptide-78,4142
palmitoyl decapeptide-21,4143
zinc palmitoyl nonapeptide-14,4144
checks and balances frothy face wash:,4145
clear improvement active charcoal mask to clear pores:,4146
dr. andrew weil for origins mega-mushroom relief & resilience soothing treatment lotion:,4147
peg-4,4148
pogostemon cablin (patchouli) oil*,4149
boswellia carterii (olibanum) oil*,4150
fuscoporia obliqua sclerotium extract,4151
cordyceps sinensis (mushroom) extract,4152
hippophae rhamnoides extract*,4153
zingiber officinale (ginger) root extract*,4154
curcuma longa (turmeric) root extract*,4155
sucrose*,4156
trideceth-9,4157
plantscription multi-powered anti-aging peptide serum:,4158
ginzing oil-free energy boosting gel moisturizer:,4159
hydroxyethyl ure,4160
ethyl ascorbic acid.,4161
eryngium maritimum extract,4162
mimosa tenuiflora bark extract,4163
coenzyme a,4164
rosma rinus officinalis (rosemary) extract,4165
punica granatum (pomegranate) fruit juice,4166
glycosaminoglycans,4167
propylene glycol diethylhexanoate,4168
yeast polysaccharides,4169
nordihydroguaiaretic acid,4170
light:,4171
ci 16035 (fd&c red no.40),4172
ci 19140 (fd&c yellow no.5).,4173
medium:,4174
ci 16035 (fd&c red no.40).,4175
dark:,4176
ci 42090 (fd&c blue no.1).,4177
lactobacillus ferment lysate filtrate,4178
lauryl hydroxysultaine,4179
quillaja saponaria bark extract,4180
prunus yedoensis leaf extract,4181
cyanocobalamin.,4182
biosaccharide gum - 1,4183
phenoxyethanol <iln42266>.,4184
c12-20 acid peg-8 ester,4185
mica <iln38240>.,4186
avobenzone 2.70%,4187
homosalate 6.30%,4188
octisalate 4.05%,4189
octocrylene 9.00%,4190
nicotiana benthanmiana hexapeptide-40 sh-polypeptide-76,4191
hibiscus sabdariffa fruit extract,4192
alpha-isomethyl ionone.,4193
hordeum vulgare extract,4194
parfum/ fragrance,4195
alpha-isomethyl-ionone,4196
calamine,4197
iron oxide (c177491),4198
mel / honey,4199
ci 17200 / red 33,4200
argania spinosa shell powder,4201
hydrolyzed yeast protein,4202
wrinkle treatment drops retinol alternative serum:,4203
laurate,4204
beauty sleep overnight repair treatment:,4205
dipentaerythrityl penta isononanoate,4206
milk protein,4207
linum usitatissimum (linseed) oil,4208
methyl dihydrojasmonate,4209
methyl undecylenate,4210
ethyl undecylenate,4211
phenylisohexanol,4212
dipentaerythrityl hexahydroxystearate/hexastearate/hexatosinate,4213
protect + plump firming & hydrating face moisturizer:,4214
curcuma longa  (turmeric) root extract,4215
instant depuff eye renewal serum:,4216
ilex paraguariensis (yerba mate tea) leaf extract,4217
coffea robusta (green coffee) seed extract,4218
tremella fuciformis sporocarp (silver ear mushroom) extract,4219
kappaphycus alvarezii (red algae) extract,4220
scenedesmus rubescens (microalgae) extract,4221
hydroxypropylmethylcellulose stearoxyether,4222
potassiumsorbate,4223
leontopodium alpinum (edelweiss) flower/leaf extract,4224
butyrospermum parkii (shea) oil,4225
octyldodecyl oleate,4226
myrothamnus flabellifolia leaf extract,4227
schisandra chinensis (magnolia) fruit extract,4228
saussurea involucrata callus extract,4229
plumeria alba flower extract,4230
solanum tuberosum (potato) pulp extract,4231
bismuth oxychloride (ci 77163).,4232
water drench hyaluronic cloud cream hydrating moisturizer:,4233
caprooyl phytosphin-gosine,4234
saccharo-myces/silicon ferment,4235
water drench hyaluronic cloud hydra-gel eye patches:,4236
angelica gigas root extract,4237
morus alba bark extract,4238
phellinus linteus extract,4239
polygonum multiflorum root extract,4240
amorphophallus konjac root powder,4241
bis(glycidoxyphenyl)propane/bisaminomethylnorbornane copolymer,4242
ethyl hexanediol chlorphenesin,4243
glycerin**,4244
aloe barbadensis leaf juice powder*,4245
butyrospermum parkii (shea butter)*,4246
lavandula angustifolia (lavender) flower extract*,4247
hydrolyzed adansonia digitata seed protein,4248
aesculus hippocastanum (horse chestnut) extract,4249
acrylamide/ sodium acryloyldimethyltaurate copolymer,4250
ci 77891 (titanium dioxide) iln 20225.,4251
leptospermum scoparium oil,4252
crataegus oxyacantha stem extract,4253
arabian jasmine: flower flavonoids strengthen thin skin and depollute impurities under eyes.,4254
psidium guajava leaf extract,4255
jasminum sambac flower extract,4256
acacial senegal gum,4257
hydrolyzed rhizobian gum,4258
cocoyl proline,4259
elettria cardamomum seed oil,4260
salix alba (willow) bark extract.,4261
linum alpinum flower/leaf/stem extract,4262
palargonium graveolens flower oil*,4263
myristoyl nonapeptide-3,4264
lip sleeping mask:,4265
microcrystalline wax/cera microcristallina/cire microcristalline,4266
euphorbia cerifera (candelilla) wax/candelilla cera hydrocarbons/cire de candelilla,4267
copernicia cerifera (carnauba) wax/copernicia cerifera cera/cire de carnauba,4268
polyglyceryl-2 triisos-tearate,4269
vitis vinifera (grape) juice.,4270
water sleeping mask:,4271
raffinose,4272
stearyl behenate,4273
hydroxypropyl bispalmitamide mea,4274
acorus gramineus extract,4275
cica sleeping mask:,4276
aureobasidium pullulans ferment,4277
cymbopogon martini oil,4278
(sd alcohol 40-b),4279
erythulose,4280
tocopheryl acetate (vitmain e acetate),4281
allyl methacrylates crosspolymer,4282
disodium edta <iln43040>.,4283
am,4284
moringa oil/hydrogenated moringa oil esters,4285
capsicum frutescens fruit extract,4286
simmondsia chinensis seed wax,4287
vitis vinifera seed oil,4288
hydroxymethoxyphenyl propylmethylmethoxybenzofuran,4289
olea europaea husk oil,4290
vanillyl butyl ether,4291
iron oxides  (ci 77491),4292
pm,4293
phenoxethanol,4294
caprylyl capryl glucoside,4295
glycine (soybean) soja extract,4296
baicalin,4297
glutathione.,4298
nicotiana benthamiana hexapeptide-40 shpolypeptide-76.,4299
the rice wash:,4300
*hadasei-3.,4301
the dewy skin cream:,4302
violet 2 (ci 60725).,4303
chamomilla recutita matricaria flower extract,4304
citrullus lanatus (watermelon) seed extract,4305
adansonia digitata pulp extract,4306
barosma betulina leaf extract,4307
red 33.,4308
propylene glycol caprylate,4309
yellow 5 (ci 19140) <iln46063>.,4310
phytelephas aequatorialis seed powder,4311
peg-20 glyceryl laurate,4312
cl 77891 (titanium dioxide),4313
cl 77491 (iron oxides).,4314
peg-240/hdi copolymer bis-decyltetradeceth-20 ether,4315
dimethylacrylamide/acrylic acid/polystyrene ethyl methacrylate copolymer,4316
sodium acryloyldimethyltaurate/vp crosspolymer,4317
potassium laurate,4318
sucrose distearate,4319
linolenic acid.,4320
rosa centifolia flower extract.,4321
simmondsia chinensis seed oil,4322
palmitoyl pentapeptide-4.,4323
guanosine,4324
cyathea medullaris leaf extract,4325
red 4,4326
yellow 5,4327
disodium stearoyl glutamate,4328
potassium palmitoyl hydrolyzed oat protein,4329
emblica officinalis fruit extract,4330
oenocarpus bataua fruit oil,4331
citrus aurantium amara (bitter orange) leaf/twig oil,4332
homosalate 9%,4333
camellia sinensis leaf,4334
pinus palustris leaf extract,4335
pueraria lobata root extract,4336
ulmus davidiana root extract,4337
leucojum aestivum bulb extract,4338
tephrosia purpurea seed extract,4339
aniba rosaeodora (rosewood) wood oil,4340
oleic/linoleic/linolenic polyglycerides,4341
euphorbia cerifera (candelilla) wax/cire de candelilla,4342
polyhydroxystearic acidhelianthus annuus (sunflower) seed wax,4343
platonia insignis (bacuri) seed butter,4344
moringa oleifera (moringa) seed oil,4345
orbignya oleifera (babassu) seed oil,4346
rosmarinus officinalis (rosemary) leaf extracthypnea musciformis (red algae) extractundaria pinnatifida (brown algae) extract,4347
dictyopteris polypodioides extract,4348
tocopherollimonene,4349
linaloolgeraniol,4350
mineral oil(paraffinum liquidum/huile minerale),4351
pentaerythrityl tetrabehenate/benzoate/ethylhexanoate,4352
piperidinepropionic acid,4353
dimethylacrylamide/sodium acryloyldimethyltaurate crosspolymer,4354
2-o-ethyl ascorbic acid,4355
prunus speciosa leaf extract,4356
isodonis japonicus leaf/stalk extract,4357
hibiscus esculentus fruit extract,4358
microcrystalline wax(cera microcristallina/cire microcristalline),4359
panthenyl ethyl ether,4360
potassium ascorbyl tocopheryl phosphate,4361
iron oxides (ci 77492/ci 77499),4362
ci 16035 (red 40).,4363
rubus chamaemorus seed oil,4364
helichrysum arenarium (everlasting) extract,4365
mentha viridis (spearmint),4366
polygonum fagopyrum seed extract,4367
lavandula angustifolia (lavender) flower  wax,4368
cetrimonium bromide,4369
jasmine officinale (100%).,4370
tamarindus indica seed extract,4371
glycosyl trehalose,4372
sorbitan caprylate,4373
rosa hybrid flower extract,4374
ci 17200 (red 33).,4375
glycyrrhiza glabra (licorice) root extract.,4376
peg/ppg-50/40 dimethyl ether,4377
tetrahydroxypropyl ethylenediamine,4378
dimorpholinopyridazinone,4379
rosmarinus officinalis (rosemary) leaf extract (rosmarinus officinalis leaf extract),4380
benzoic acid.,4381
hydroxyethyl acrylate,4382
sodium acryloyldimethyl taurate copolymer,4383
purple grape (e163).,4384
clean skin gel:,4385
bright skin exfoliating scrub:,4386
cocos nucifera (coconut) shell powder,4387
butyrospermum parkii butter (butyrospermum parkii (shea butter)),4388
passiflora edulis extract,4389
super matte moisturizer:,4390
glofacial salicylic acid & hyaluronic acid solution:,4391
sd alcohol 40-b (alcohol denat.),4392
potassium methoxysalicylate,4393
hydrogenated palm oil,4394
elaeis guineensis (palm) kernel oil,4395
peg/ppg-17/4 dimethyl ether,4396
rehmannia chinensis root extract,4397
pyrola incarnata extract,4398
potentilla erecta root extract,4399
theobroma cacao seed butter/cocoa seed butter,4400
sesamum indicum seed oil/sesame seed oil,4401
oat kernel flour,4402
witch hazel leaf water,4403
salicylic acid.,4404
rosmarinus officinalis (rosemary) leaf extract (rosmarinus officinalis leaf extract).,4405
peg-8 caprylic/capric glycerides,4406
octyldodeceth-25,4407
benzophenone-3,4408
ci 47000 (d&c yellow no.11),4409
ci 45410 (d&c red no.28).,4410
niacinamide (vitamin b3),4411
curcuma longa (turmeric) oil,4412
hydrogenated polydecane,4413
tricedeth-6,4414
coccinia indica extract,4415
peg-40 hydrogenated caster oil,4416
polyglyceryl-6 oleate,4417
sisymbrium irio seed oil,4418
palmitoyl tripeptide-8.,4419
peg-8 diisostearate,4420
peg-12 diisostearate,4421
sodium palmitoyl proline,4422
nymphaea alba (water lily) flower extract,4423
bixa orellana seed extract,4424
salvia officinalis (sage) flower/leaf/stem water,4425
fucus vesiculosus (bladderwrack) extract,4426
ci 15985 (yellow 6),4427
citrus medica limonum (lemon) fruit extract,4428
tremella funciformis sporocarp extract,4429
beta vulgaris/beet root extract,4430
cera alba/beeswax *,4431
copernicia cerifera (carnauba) wax*,4432
ci 77288,4433
aroma**.,4434
coenochloris signiensis extract,4435
moringa pterygosperma seed oil,4436
arnica montana (arnica) flower extract,4437
chamomilla recutita (matricaria) flower extract.,4438
siegesbeckia orientalis extract,4439
paullinia cupana seed extract,4440
calcium pantetheine sulfonate,4441
cysteic acid,4442
carnatine,4443
ammonium acrylolydimethyltaurate/vp copolymer,4444
di-c12-15 alkyl fumarate,4445
siloxanetriol alginate,4446
self tan purity bronzing water mousse:,4447
self tan purity bronzing water face mist:,4448
caesalpinia spinosa fruit pod extract,4449
calcium alginate,4450
sodium chloride.,4451
daily glycolic cleanser:,4452
peg-6 cocamide,4453
biolumin-c face serum:,4454
salvia hispanica (chia) seed extract,4455
ascorbyl methylsilanol pectinate,4456
biolumin-c gel moisturizer:,4457
ppg-24-glycereth-24,4458
verbascum thapsus extract,4459
raspberry ketone,4460
santalum album (sandalwood) oil,4461
cystine,4462
c12-13 pareth-3,4463
ready steady glow daily aha tonic:,4464
overnight glow dark spot sleeping cream:,4465
coco caprylate/caprate,4466
glycol lactic radiance renewal mask:,4467
ci 77947 (zinc oxide),4468
ci 77288 (chromium oxide greens),4469
acer saccharum (sugar maple) extract.,4470
carob gum,4471
sunflower seed oil,4472
candelilla wax,4473
shea butter,4474
jojoba seed oil,4475
aloe barbadensis,4476
chamomile extract,4477
grapefruit seed extract.,4478
may contain: red #7,4479
mica (responsibly sourced).,4480
citrus aurantium dulcis (orange) oil**,4481
lavandula angustifolia (lavender) oil**,4482
pogostemon cablin (patchouli) oil**,4483
citrus nobilis (mandarin orange) peel oil**,4484
pelargonium graveolens flower oil**,4485
boswellia carterii (olibanum) oil***,4486
ocimum sanctum (holy basil) leaf extract  silybum marianum fruit extract,4487
phenoxyethanol <iln45124>.,4488
citrus junos fruit extract,4489
calcium lactate,4490
iron oxide red (ci 77491),4491
caprylic/capric,4492
triglyceride,4493
filtrate,4494
vitis vinif-,4495
era (grape) seed oil,4496
rubus fruticosus (blackberry) leaf,4497
tocopheryl ac-,4498
etate,4499
poloxamer 407,4500
(fragrance),4501
ci,4502
77891 (titanium dioxide),4503
disodium,4504
polycaprolactone,4505
sapindus mukorossi fruit extract,4506
rubus chamaemorus seed extract,4507
polyacrylate-1 crosspolymer,4508
ethylhexyl glycerin,4509
rose damascena flower oil,4510
eugenia caryophyllus (clove) flower oil,4511
citrus medica limonum (lemon) peel oil,4512
eucalyptus citriodora oil.,4513
organic helianthus annuus (sunflower) seed oil,4514
unum usitatissimum (linseed) seed oil,4515
rubus ldaeus (raspberry) seed oil,4516
aster tripolium extract,4517
zinc oxide 13.2%,4518
zizyphus jujuba fruit extract,4519
dextrin.,4520
ruscus aculeatus root extract,4521
propylene glycol dicaprylate,4522
santalum austrocaledonicum wood oil,4523
levisticum officinale oil,4524
boswellia carterii gum extract,4525
althaea officinalis leaf extract,4526
carboxymethyl starch,4527
ci 17200/red 33,4528
hamamelis virginiana (witch hazel) water*,4529
nephelium longana seed extract,4530
quillaja saponaria extract*,4531
caprylic/capric glycerides polyglycerin-10 esters,4532
alcohol denat.**,4533
alpha beta universal daily peel:,4534
potassium sorbate. *exfoliant.,4535
alpha beta aha/bha daily cleansing gel:,4536
glycereth-7 caprylate/caprate,4537
alpha beta daily moisturizer:,4538
punica granatum flower extract,4539
kaolincaprylic/capric triglyceride,4540
glycerincetyl alcohol,4541
alaria esculenta (wakame seaweed) extract,4542
arthrospira platensis extract,4543
sea salt (maris sal/sel marin),4544
honey (mel/miel),4545
vaccinium myrtillus (bilberry) seed oil,4546
ci 75810 (chlorophyllin-copper complex),4547
caprylhydroxamic acid.,4548
crataegus monogyna (hawthorn) flower extract,4549
laurylhydroxysultaine,4550
polyquaternium-22,4551
amellia sinensis leaf extract,4552
acrylates/stearyl methacrylate opolymer,4553
acorus calamus root extract.,4554
alpha beta extra strength daily peel:,4555
santalum album (sandalwood) wood,4556
potassium cocoyl glutamate,4557
citrus junos seed extract.,4558
ceresin,4559
euphorbia cerifera (candelilla) cera (wax),4560
coconut oil,4561
polyurethane-62,4562
ci 26100 (red 17).,4563
titanium dioxide (ci 77891) <iln42230>.,4564
active cartridge concentrate for pores & uneven texture:,4565
bb-gel base:,4566
mentha arvensis oil,4567
solidago virgaurea (goldenrod) extract,4568
cnidium monnieri fruit extract,4569
sesamum indicum seed extract,4570
solanum lycopersicum (tomato) fruit/leaf/stem extract,4571
bidens pilosa (black-jack) extract,4572
adansonia digitata (baobab) pulp extract,4573
astrocaryum murumuru (murumuru) seed butter,4574
potassium,4575
sorbate,4576
iron oxide (ci 77491),4577
guar hydroxypropyltrimonium chloride,4578
ppg-51/smdi copolymer,4579
a+ high-dose retinoid serum:,4580
ubiquinone (coq10),4581
zingiber officinale (ginger) extract,4582
4-t- butylcyclohexanol,4583
helianthus annuss (sunflower) seed oil,4584
polysorbate,4585
brassica campestris sterols,4586
auto correct brightening and depuffing eye contour cream:,4587
anthemis nobilis (roman chamomile) flower oil,4588
acmella oleracea (spilanthes) extract,4589
lens escuelenta (lentil) fruit extract,4590
lilium candidum (madonna lilly) flower extract,4591
tagetes erecta (marigold) flower extract,4592
c.e.o. 15% vitamin c brightening serum:,4593
citrus aurantium dulcis (sweet orange) oil,4594
cera alba,4595
isosqualane,4596
c30 hydrocarbons,4597
saccharide isomerate.,4598
good genes all-in-one lactic acid treatment:,4599
extract blend water,4600
aloe barbadensis leaf extract and saccharomyses cerevisiae (yeast) extract lactic acid,4601
glycine soja (soybean) peptide,4602
althaea rosea flower extract,4603
prunus persica (peach) resin extract,4604
madecassoside.,4605
ceramic slip cleanser:,4606
polyacrylate-33,4607
rice oil glycereth-8 esters,4608
trisodium sulfoccinate,4609
sodium xylenesulfonate,4610
a+ high-dose retinol serum:,4611
cetyl peg/ ppg-10/1 dimethicone,4612
opuntia ficus-indica (prickly pear) fruit extract,4613
4-t-butylcyclohexanol,4614
u.f.o. ultra-clarifying face oil:,4615
linum usitatissimum (flax) seed oil,4616
saturn sulfur acne treatment mask:,4617
leptospermum scoparium branch/leaf oil,4618
tocopherols,4619
coccinia indica leaf extract,4620
4-terpineol,4621
leptospermum scoparium (manuka) branch/leaf oil.,4622
santalum album (santal wood) oil,4623
elettaria cardamomum seed oil,4624
carum petroselinum (parsley) seed oil,4625
lavandula angustifolia (lavendar) oil,4626
alpha-isomethyl ionine,4627
proprietary enzyme blend (amylase,4628
fungal protease,4629
acid protease,4630
glucoamylase,4631
yeast lipase,4632
beta glucanase,4633
maltase,4634
xylanase,4635
alpha-galactosidase,4636
neutral protease,4637
invertase,4638
pectinase,4639
hemicellulase,4640
phytase),4641
licorice extract (root) (glycyrrhiza glabra) (gutgard),4642
organic ginger (root) (zingiber officinale) organic cinnamon powder (bark) (cinnamomum cassia) organic turmeric powder (root) (curcuma longa),4643
hard vegetable capsule (hypromellose),4644
l-leucine,4645
long grain white rice flour,4646
colloidal silicon dioxide.,4647
potassium thiocyanate,4648
tl advanced tightening neck cream plus:,4649
plukenetia volubilis seed oil/oleic acid aminopropanediol amides/esters,4650
arctostaphylos uva ursi leaf extract,4651
poloxamer,4652
lignoceryl alcohol,4653
sd advanced plus intensive moisturizing concentrate:,4654
collagex-ce complex with copper tripeptide and marine ferments,4655
white water lily extract,4656
green bean seed extract,4657
tucuma,4658
cupuacu and murumuru butters aqua (water,4659
bambusa arundinacea stem extract,4660
sorbitan isostearate.,4661
phenoxyethanol <iln41131>.,4662
homosalate 15%,4663
cucumis sativus (cucumber) fruit extact,4664
polyester-5,4665
balanites roxburghii seed oil,4666
mitracarpus scaber extract,4667
malpighia emarginata (acerola) seed extract,4668
maris sal/sea salt/sel marin.,4669
alcohol denat. (alcohol),4670
boswellia serrata gum,4671
prophyridium cruentum extract,4672
simmondisa chinesis (jojoba) seed oil,4673
parfum (frangrance),4674
palmitoyal carnitine,4675
ci 45410 (fd&c red no.28).,4676
ethoxydiglycol galactoarabinan,4677
dihydroxypropyl peg-5 linoleammonium chloride,4678
distearate,4679
melissa officinalis leaf extract*,4680
saponaria officinalis leaf extract,4681
gentiana,4682
lutea extract*,4683
vitamin d (as vitamin d3) (250 iu) biotin,4684
green tea phytosome (camellia sinensis extract (leaf) decaffeinated / phospholipid complex from sunflower),4685
nicotinamide riboside hydrogren malate,4686
betaine anhydrous (trimethylglycine),4687
lutein (from aztec marigold extract (flower) (tagetes erecta)),4688
powdered cellulose,4689
flavors,4690
color,4691
oat fiber powder,4692
stevia extract (leaf) (rebaudioside a 95%),4693
glycerin (vegetable source),4694
quillaja extract.,4695
diphenyl dimethicone,4696
hydrolyzed agastache rugosa extract,4697
melia azadirachita leaf extract,4698
laureth-3,4699
skin-nurturing complex proprietary blend (polypodium leucotomos extract,4700
ala,4701
green tea extract,4702
turmeric,4703
lutein),4704
vegetarian capsule,4705
rice flour,4706
myrtus communis leaf extract,4707
sodium astrocaryum murumuruate,4708
ci 77891.,4709
peg-20 glyceryl isostearate,4710
sodium methyltaurate,4711
anise alcohol,4712
ci 14700 (red 4),4713
peg-8 glyceryl isostearate,4714
hydrolyzed silk.,4715
acrylic acid/vp crosspolymer,4716
triacontanyl pvp,4717
dipropylene glycol dibenzoate,4718
ppg-15 stearyl ether benzoate,4719
ascorbyl tocopheryl maleate,4720
avobenzone 3.00%,4721
octisalate 5.00%,4722
*alcohol denat.,4723
*glycerin,4724
*aloe barbadensis leaf powder,4725
*hibiscus sabdariffa flower extract,4726
*argania spinosa kernel oil,4727
polyglyceryl-3 cocoate,4728
theobroma grandiflorum (cupuacu) seed butter,4729
platonia insignis seed butter,4730
morus alba (white mulberry) leaf extract,4731
citrus reticulata peel extract,4732
emblica officinalis (indian gooseberry) fruit extract,4733
rosa moschata oil,4734
simmondsia chinensis seed extract,4735
juniperus mexicana (cedarwood) oil,4736
juniperus communis (juniper) fruit oil,4737
schinus terebinthifolia fruit extract,4738
allyl caproate,4739
c-firma fresh day serum:,4740
b-hydra intensive hydration serum:,4741
lip sleeping mask in butter:,4742
euphorbia cerifera (candelilla) wax/euphorbia cerifera cera/cire de candelilla,4743
lip sleeping mask in peach iced tea:,4744
raphanus sativus (radish) root extract,4745
potassium alginate,4746
manganese sulfate,4747
ascorbyl glucoside.,4748
lip sleeping mask in sweet candy:,4749
crataegus oxyacantha fruit extract,4750
panax ginseng root extract.,4751
citrus aurantium tachibana peel extract,4752
paeonia suffruticosa root extract.,4753
malpighia punicifolia (acerola) fruit extract,4754
chaenomeles sinensis fruit extract,4755
sodium cocoate,4756
yellow 6 (ci 15985).,4757
citrus oil radiance cleanse:,4758
purifying charcoal cleanse:,4759
peat,4760
find your balance oil control cleanser:,4761
balancing force oil control toner:,4762
glycolici acid,4763
cold plunge pore remedy moisturizer:,4764
sea silt extract,4765
olivine extract,4766
sodium nitrate.,4767
methylheptyl isostearate,4768
glyceryl stearate peg-100 stearate,4769
glycerinm,4770
dunaliella salina extract panthenol,4771
aleurites moluccanus seed oil,4772
peg-400,4773
peg-20,4774
zea mays (corn) germ oil,4775
c12\xad-15 alkyl benzoate,4776
ascorbic acid.,4777
marrubium vulgare extract,4778
v2798b,4779
dimethylimidazolidinone rice starch,4780
unsaponifiables,4781
dextrin palmitate/hexyldecanoate,4782
isochrysis galbana extract.,4783
peg-2 laurate,4784
astrocaryum murumuru seed butter*,4785
acer rubrum bark extract,4786
dunaliella salince (algae) extract,4787
gaultheria procumbens (wintergreen) leaf extract,4788
allontoin,4789
palmitoyl camellia sinensis (white tea) extract,4790
iron oxide (ci 77491).,4791
melatonin,4792
l-tryptophan,4793
organic tapioca syrup,4794
organic coconut sugar,4795
palm fruit oil,4796
cocoa powder (processed with alkali),4797
sunflower lecithin,4798
monk fruit extract. contains tree nuts (coconut).,4799
centaurea cyanus flower extract,4800
3-laurylglyceryl ascorbate,4801
aqua gel activator:,4802
buddleja officinalis flower extract,4803
c18-36 acid triglyceride,4804
aphanizomenon flos-aquae extract,4805
wine extract,4806
akebia quinata stem extract,4807
saccharomyces lysate,4808
sebacic acid,4809
the camellia cleansing oil:,4810
* hadasei-3.,4811
the deep cleanse:,4812
the essence:,4813
the water cream:,4814
decyl cocoate,4815
caprylic/capric glycerides,4816
homosalate 4.0%,4817
octisalate 4.0%,4818
octocrylene 10.0% adipic acid/diglycol crosspolymer,4819
polyurethane-79,4820
octinoxate,4821
lanolin oil,4822
c18-38 alkyl hydroxystearoyl stearate,4823
fractionated coconut oil,4824
cocoa butter,4825
cannabis sativa extract,4826
cannabis sativa terpenes,4827
cardamon essential oil,4828
cinnamon essential oil.,4829
peptight tightening & brightening face serum:,4830
peptight 360˚ tightening eye serum:,4831
homosalate 5%,4832
octinoxate 7.4%,4833
octocrylene 3%,4834
lamium album flower/leaf/stem extract,4835
carthamus tinctorius (safflower) flower extract,4836
beheneth-30,4837
mel (honey,4838
miel),4839
propolis cera (propolis wax,4840
cire de propolis),4841
palmitoyl hexapeptide,4842
hydroxypropyl methylcellulose stearoxy ether,4843
sodium methyl stearoyl. taurate,4844
methylpropanediol chondrus crispus extract,4845
sodium hyaluronate crosspolymer. hydrolyzed glycosaminoglycans,4846
cellulosé gum,4847
peg-60 hydrogenated castor oil nìacinamide,4848
2 hexanediol parfum (fragrance),4849
cì,4850
42090 (blue 1).,4851
brassica oleracea italica (broccoli) sprout extract,4852
sodium acetylated hyaluronate.,4853
overnight glow mask:,4854
nourishing moisturizer:,4855
petrolatum 40.2%,4856
camellia sinensis (green tea) leaf extract.,4857
soybean glycerides,4858
sodium surfactin,4859
melt moisturizer with bakuchiol and squalane:,4860
wild huckleberry 8-acid polishing peel mask:,4861
hydroxypropyl starch phospate,4862
bentonite clay,4863
vaccinium membranaceum (huckleberry) extract,4864
salix alba (white willow bark) extract bambusa arundinacea (bamboo) stem extract,4865
simmondsia chinensis (jojoba) seed wax,4866
dehyroacetic acid (dha),4867
lactobacillus/capsicum frutescens fruit ferment extract,4868
tartaric acid (dl-),4869
cinnamomum camphora linalooliferum wood extract,4870
vitis vinifera (grape) fruit cell extract,4871
vaccinium corymbosum (blueberry) seed powder.,4872
triticum vulgare (wheat) flour lipids,4873
lingonberry seed oil containing omega-3 alpha linolenic acid,4874
omega-6 linoleic acid,4875
omega-9 oleic acid,4876
vitamin e from gamma-tocotrienol,4877
vitamin a from beta carotene,4878
modified non-gmo maize starch,4879
glycerol,4880
carrageenan from red algae,4881
rosemary extract.,4882
2-oleamido-1,4883
3-octadecanediol,4884
leontopodium alpinum flower/leaf extract,4885
saccharum officinarum extract/sugarcane extract,4886
citrus aurantium dulcis fruit extract/orange fruit extract,4887
citrus limon fruit extract / lemon fruit extract,4888
acer saccharum extract/ sugar maple extract,4889
sorbitan oleate decyl-glucoside crosspolymer,4890
cocyl arginine amide,4891
myristoyl tetrapeptide-13,4892
myristoyl,4893
hexapeptide-23,4894
syringa vulgaris (lilac) extract,4895
pelargonium graveolens flower essential oil,4896
lavandula angustifolia (lavender) essential oil,4897
cymbopogon schoenanthus essential oil,4898
cedrus atlantica bark (cedarwood) essential oil,4899
betula alba (birch bark) extract,4900
oryza sativa (rice) seed protein,4901
hydroxide,4902
rosmarinus officinalis (rosemary) leaf water,4903
retinol face stick:,4904
vaccinium myrtillus (blueberry) seed oil,4905
haematococcus pluvialis extract.,4906
retinol eye stick:,4907
avena sativa (oat) meal extract,4908
phaseolus radiatus seed extract,4909
spilanthes acmella flower/leaf/stem extract,4910
psoralea corylifolia seed extract,4911
sodium magnesium silicate.,4912
water prunus amygdalus dulcis (sweet almond) oil,4913
capryloyl/caproyl methyl glucamide,4914
lauroyl/myristoyl methyl glucamide,4915
dimethyl heptenal,4916
cocos nucifera oil,4917
medicago sativa extract,4918
lonicera caprifolium (honeysuckle) extract,4919
facial treatment cleanser:,4920
peg-150 stearate,4921
hydroxyphenyl propamidobenzoic acid.,4922
facial treatment essence (pitera essence):,4923
skinpower airy milky lotion:,4924
methylsilanol tri-peg-8 glyceryl cocoate,4925
zantedeschia aethiopica flower/stem extract,4926
ci 77891,4927
ci 77492.,4928
diethoxyethyl succinate,4929
lactobacillus/soybean ferment extract,4930
green tea hyaluronic acid hydrating serum:,4931
poloxamer 235,4932
tocophersolan,4933
green tea hyaluronic acid hydrating cream:,4934
camellia sinensis seed extract,4935
green tea seed hyaluronic acid hydrating toner:,4936
water/aqua/ eau,4937
acrylates/stearyl methacrylate copolymer,4938
ceramide np.,4939
green tea amino acid face cleanser:,4940
scenedesmus rubescens extract,4941
brassica alba oil,4942
silk amino acids,4943
hibiscus sabdariffa (red sorrel) flower extract,4944
microcitrus australasica (finger-lime) fruit extract,4945
waltheria indica (waltheria) leaf extract,4946
acetyl hexapeptide-51 (amide),4947
brassica oleracea gemmifera (brussels sprouts) extract,4948
arabidopsis thaliana extract,4949
arctostaphylos uva-ursi leaf extract,4950
alchemilla vulgaris extract,4951
primula veris extract,4952
veronica officinalis extract,4953
ci 77007/ultramarines,4954
gentiana lutea extract*,4955
squalane cleanser:,4956
caffeine solution 5% + egcg:,4957
ethylated ascorbic acid 15% solution:,4958
glycolic acid 7% toning solution:,4959
papaya enzymes,4960
willow bark,4961
witch hazel,4962
jojobaesters,4963
palmitoylglycine,4964
phenoxyethanol. acrylates/c10-30 alkyl acrylate crosspolymer,4965
butyleneglycol,4966
sodiumhydroxide,4967
acacia decurrens flower wax,4968
helianthusannuus (sunflower) seed wax,4969
thymuscitriodorus flower/leaf extract,4970
malpighia emarginata (acerola) seed extract. furcellaria lumbricalis extract,4971
ci 42090/blue 1,4972
sea salt.,4973
hippophae rhamnoides (sea buckthorn) fruit extract,4974
tasmannia lanceolata (pepperberry) extract,4975
palmitoyl tripeptide-5.,4976
clear pore normalizing cleanser:,4977
salicylic acid 0.5% (anti-acne),4978
sodium lauroyl sarcosinate (cleansing agent),4979
acrylates/steareth-20 methacrylate copolymer (texture enhancer),4980
peg-200 hydrogenated glyceryl palmate (cleansing agent/solubilizer),4981
sodium laureth sulfate (cleansing agent),4982
arginine (amino acid/skin-softening),4983
butylene glycol (hydration/slip agent),4984
peg-7 glyceryl cocoate (emollient/emulsifier),4985
panthenol (vitamin b5/hydration),4986
disodium edta (chelating agent),4987
peg-60 hydrogenated castor oil (cleansing agent/solubilizer),4988
sodium citrate (chelating agent),4989
caprylyl glycol (preservative),4990
chlorphenesin (preservative).,4991
clear anti-redness exfoliating solution with 2% salicylic acid:,4992
dipropylene glycol (hydration),4993
pentylene glycol (hydration),4994
polysorbate 20 (stabilizer),4995
glycerin (skin replenishing),4996
sodium hyaluronate (hydration/skin replenishing),4997
dipotassium glycyrrhizate (skin-soothing),4998
panthenol (hydration),4999
peg/ppg-17/6 copolymer (texture-enhancing),5000
methyl gluceth-20 (hydration),5001
glycereth-26 (texture-enhancing),5002
bis-peg-18 methyl ether dimethyl silane (hydration),5003
sodium hydroxide (ph adjuster),5004
tetrasodium edta (stabilizer),5005
sodium metabisulfite (stabilizer).,5006
clear daily skin clearing treatment with 2.5% benzoyl peroxide:,5007
benzoyl peroxide 2.5% (anti-acne),5008
propylene glycol (hydration/penetration enhancer),5009
bisabolol (skin-soothing),5010
acrylates/c10-30 alkyl acrylate crosspolymer (texture-enhancing),5011
hydroxyethylcellulose (texture-enhancing),5012
sodium citrate (ph adjuster),5013
laureth-4 (stabilizer),5014
caprylyl glycol (preservatives),5015
hexylene glycol (preservatives),5016
disodium edta (stabilizer),5017
phenoxyethanol (preservative).,5018
clear oil-free moisturizer:,5019
ethyl macadamiate (hydration),5020
cetearyl alcohol (texture enhancer),5021
propanediol (hydration),5022
triethylhexanoin (skin-smoothing),5023
sodium acrylates copolymer (texture enhancer),5024
peg-100 stearate (thickeners),5025
glycyrrhiza glabra (licorice) root extract (skin- soothing),5026
hydrolyzed pumpkin seedcake (skin-replenishing),5027
vaccinium angustifolium (blueberry) fruit extract (antioxidant),5028
euterpe oleracea (acai) fruit extract (antioxidant),5029
prunus serotina (wild cherry) fruit extract (skin-soothing/antioxidant),5030
tripeptide-29 (skin-restoring),5031
ceramide eop (skin-replenishing),5032
sodium hyaluronate (skin-replenishing/hydration),5033
lecithin (skin-restoring/hydration),5034
arginine (amino acid/hydration),5035
sodium lauroyl lactylate (emulsifier) sodium gluconate (hydration/chelation),5036
isohexadecane (solvent/texture enhancer),5037
carbomer (thickeners),5038
alcohol 40-b,5039
iron oxids,5040
purpose avobenzone 2.5%,5041
octocrylene 3.0%,5042
lens esculenta (lentil) seed extract,5043
sodium cetearyl sulfate,5044
mannan,5045
capryloyl/capryloyl leucine isosorbide esters,5046
isosorbide,5047
hexanediol,5048
homosalate 9.9%,5049
octisalate 3.0%,5050
glyceryl cocoate,5051
polyglyceryl-10 mono/dioleate,5052
polyglyceryl-3 oleate,5053
carica papaya fruit extract (carica papaya (papaya) fruit extract),5054
styrene/vp copolymer,5055
10% glycolic acid,5056
0.5% retinol,5057
papaya enzyme,5058
mango seed butter,5059
hyper even gentle brightening cleansing gel:,5060
ocimum basilicum (basil) flower leaf extract,5061
tocopherol (vitamin e).,5062
hyper even brightening dark spot vitamin c serum:,5063
3-0-ethyl ascorbic acid (vitamin c),5064
kojic acid,5065
clarifying cleanser:,5066
salicylic acid 1.5%,5067
oil and pore control mattifier broad spectrum spf 45++++:,5068
propanediol dicaprylate,5069
butyl avocadate,5070
rapid relief acne spot treatment:,5071
c12-15 alkyl lactate,5072
invisiscar resurfacing treatment:,5073
hydroxytyrosol,5074
black bee repair technology: supports the skin’s natural revitalization process.,5075
zingiber zerumbet extract,5076
octocrylene 7%,5077
rosmarinus officinalis (rosemary) flower/leaf/stem water,5078
citrus limon fruit water,5079
helichrysum italicum (immortelle) extract,5080
and sodium benzoate.,5081
aluminum stearate,5082
chondrus crispus (carrageenan),5083
myristoyl pentapeptide-11,5084
pichia/resveratrol ferment extract,5085
titanium dioxide 5.37%,5086
zinc oxide 2.94%,5087
thymus vulgaris (thyme) extract,5088
bisabolol and panthenol: help moisturize and calm irritated areas of skin.,5089
coco- caprylate,5090
pistacia vera seed oil,5091
zingiber officinale (ginger) root extract.,5092
octinoxate 7.50%,5093
octisalate 3.50%,5094
titanium dioxide 1.70%water,5095
potato starch modified,5096
mica <iln39272>.,5097
curcuma longa (turmeric) root extract.,5098
palmaria palmata (red algae) extract,5099
polyacrylate,5100
crosspolymer-6,5101
cocos nucifera,5102
(coconut) shell powder,5103
nelumbo nucifera seed powder,5104
citrus limon (lemon),5105
peel oil,5106
ficus carica (fig) fruit,5107
tocopheryl,5108
acetate,5109
glucoside,5110
polyacrylate starch,5111
xanthan,5112
gum,5113
echinacea purpurea (coneflower) extract,5114
pink cloud rosewater + squalane makeup removing face wash:,5115
tapioca starch.,5116
cloud jelly plumping hydration serum:,5117
rosa damascena (rose) flower water,5118
hibiscus sabdariffa (hibiscus) flower extract,5119
cellulose gum gluconolactone,5120
eclipta prostrata (false daisy) extract,5121
moringa oleifera (moringa) seed oil.,5122
pink cloud soft moisture cream:,5123
pure clean daily facial cleanser:,5124
aloe barbadensis leaf extract*,5125
lavandula angustifolia (lavender/lavande) extract*,5126
salvia officinalis (sage/sauge) leaf extract*,5127
rosmarinus officinalis (rosemary/romarin) leaf oil,5128
salvia officinalis (sage/sauge) oil,5129
backhousia citriodora leaf oil,5130
hamamelis virginiana (witch hazel/hamamélis) leaf extract,5131
face buff energizing scrub:,5132
sodium c14-15 olefin sulfonate,5133
ceteth-2,5134
cucumis sativus (cucumber/concombre) fruit extract*,5135
glycyrrhiza glabra (licorice/réglisse) root extract*,5136
hydrogenated camelina sativa seed oil,5137
potassium bitartrate,5138
double duty face moisturizer spf 20:,5139
flower oil,5140
calendula officinalis extract*,5141
dimethcone,5142
haslea ostrearia extract,5143
lodopropynyl butylcarbamate,5144
leontopodium alpinum extract*,5145
phenethyl benzoate,5146
plantago lanceolata potassium sorbate,5147
intense therapy lip balm spf 25:,5148
pseudozyma epicola/camellia japonica seed oil ferment extract filtrate,5149
phragmites communis extract,5150
acrylates/ c10-30 alkyl acrylate crosspolymer,5151
sodium acrylates,5152
agropyron repens root extract,5153
cocos nucifera (coconut) water,5154
acanthopanax senticosus (eleuthero) root extract,5155
rhaponticum carthamoides root extract,5156
chlorophenesin,5157
poloxamer 184,5158
babassu oil glycereth-8 esters,5159
morus alba root extract.,5160
citrus aurantium dulcis (orange fruit extract),5161
trisodium ethylenediamine disuccinate.,5162
vitamin c: provides a source of youthfulness,5163
energy,5164
and radiance.,5165
sodium poly acrylate,5166
melaleuca alternifolia ethylhexylglycerin,5167
maclura cochinchinensis leaf prenylflavonoids,5168
pink drink firming & resurfacing essence:,5169
c.e.o. glow vitamin c + turmeric face oil:,5170
rubus idaeus (cold pressed red raspberry) seed oil,5171
vaccinium macrocarpon (cold pressed cranberry) seed oil,5172
punica granatum (cold pressed pomegranate) seed oil,5173
oenothera biennis (evening primrose) seed,5174
cardiospermum halicacabum flower/ leaf/ vine extract,5175
zingiber officinale,5176
rosemarinus officinalis (rosemary) leaf extract.,5177
citrus sinensis (sweet orange) oil,5178
auto correct brightening and depuffing eye cream:,5179
theobroma cacao seed butter,5180
carthamus tinctorius seed oil,5181
coffea arabica seed extract,5182
lens esculenta fruit extract,5183
aesculus hippocastanum extract,5184
pyrus malus fruit extract,5185
tagetes erecta flower extract,5186
light hearted broad spectrum spf 30 sunscreen:,5187
octocrylene 3.5%,5188
and zinc oxide 16.32%,5189
c12-c15 alkyl benzoate,5190
cetyl diglyceryl tris(trimethylsiloxy)silyl ether dimethicone,5191
ppg-24-glycereth-24 1,5192
xanthophyll,5193
octyldodecyl xyloside,5194
magnesium myristate.,5195
pumice,5196
* utylene glycol,5197
oxycoccus palustris (cranberry) seed oil,5198
colloidal oatmeal 0.5 percent,5199
healthy scalp serum:,5200
larix europaea wood extract,5201
eriobotrya japonica leaf extract,5202
phoenix dactylifera (date) fruit extract,5203
ci 77499) <iln43743>.,5204
lami- naria digitata extract,5205
chlorella vulga- ris extract,5206
crocus sativus flower extract v3540.,5207
jasminum officinale (jasmine) flower water,5208
ci 60730 (ext. violet 2),5209
zinc oxide 13.20 - 14.00 %,5210
polymethylsilsesquioxane/trimethylsiloxysilicate,5211
disteardimonium,5212
eugenia caryophyllus (clove) bud extract,5213
oryza sativa (rice) hull extract,5214
sodium hydroxypropyl starch phosphate,5215
punica granatum (pomegranate) juice extract,5216
olea europaea (olive)leaf extract,5217
mentha viridis (spearmint) leaf extract,5218
mentha piperita (peppermint) extract,5219
step 1 dr.jart collagen 1000 ppm ampoule:,5220
undaria pinnatiﬁda extract,5221
asparagus ofﬁcinalis extract,5222
allium cepa (onion) bulb extract.,5223
step 2 dr.jart cryo rubber firming mask:,5224
hydroxyace- tophenone,5225
titanium dioxide/ci 77891,5226
ceratonia siliqua (carob) fruit extract*,5227
diatomaceous earth.,5228
alpinia galanga leaf extract,5229
cocoyl hydrolyzed collagen,5230
ultra-glow mask:,5231
ultra-glow serum:,5232
ultra-glow toner:,5233
juicy bits boob mask:,5234
rosa canina (rosehip) seed extract,5235
feeling cheeky bum mask:,5236
phenoxyethanol  * hadasei-3.,5237
octyldodecanol. glyceryl caprylate,5238
ocimum,5239
basilicum (basil) flower/leaf extract,5240
opuntia ficus-indica seed oil,5241
vaccinium myrtillus (bilberry) extract,5242
lauryl,5243
fd&c blue no. 1/ci 42090,5244
phase one:,5245
theobroma cacao (cocoa) seed butter propanediol,5246
dimethicone peg-7 isostearate,5247
xymenynic acid,5248
phase two:,5249
steareth-20k,5250
phase three:,5251
arginine cocoate,5252
chamomilla recutita (matricaria) flower water,5253
glycosphingolipids,5254
ethylhexyl isonanoate,5255
fd&c yellow no. 5 (ci 19140).,5256
lipopeptides: these amino-acid-rich lipopeptides provide a triple-firming effect that helps support skin integrity and natural skin-aging defenses and tone the look of skin.,5257
cera alba/beeswax*,5258
theobroma grandiflorum seed butter*,5259
carthamus tinctorius seed oil*,5260
theobroma cacao (cocoa) seed butter*,5261
piper cubeba fruit extract,5262
spilanthes acmella fower/leaf/stem extract*,5263
polygonum fagopyrum (buckwheat) seed extract,5264
fix line smoothing serum:,5265
palmitoyl hexapeptide-52,5266
palmitoyl heptapeptide-18,5267
n-prolyl palmitoyl tripeptide-56 acetate,5268
ci 77492).,5269
hydrogenated dimer dilinoleyl peg-44/poly(1,5270
2-butanediol)-15 dimethyl ether,5271
theanine,5272
artemisia princeps leaf extract.,5273
zinc oxide 5.5%,5274
nephelium lappaceum extract,5275
pinus strobus bark extract.,5276
step 1 dr.jart vitamin c 1000 ppm ampoule:,5277
sorbitan ses-quioleate,5278
3-o- ethyl ascorbic acid*,5279
ethyl- hexylglycerin,5280
melia azadirachta bark extract,5281
corallina ofﬁcinalis extract,5282
allium cepa (onion) bulb extract,5283
musa sapientum (banana) fruit extract.,5284
step 2 dr.jart cryo rubber brightening mask:,5285
hydroxya- cetophenone,5286
hippophae rhamnoides fruit extract**,5287
peg-8 distearate,5288
sambucus nigra seed oil,5289
bis-ethylhexyl hydroxydimethoxy benzylmalonate,5290
dibutyl ethylhexanoyl glutamide,5291
homosalate 6%,5292
hydrogenated lecithin.,5293
rosa canina (rosehip) fruit oil,5294
spilanthes acmella flower bud extract,5295
methylparaben.,5296
zinc oxide 16.0%,5297
c13-14 alkane,5298
homosalate 2.00%.,5299
caprylic/capric triglyceride. sodium cocoyl isethionate,5300
divinyldimethicone/dimethicone copolymer,5301
hydrolyzed cottonseed protein,5302
eugenia caryophyllus (clove) leaf oil,5303
guaiacum officinale wood oil,5304
equisetum arvense extract,5305
pinus sylvestris cone extract,5306
isethionate,5307
pentaerythrityl tetrabehenate,5308
sea water (maris aqua),5309
hydrolyzed algae extract,5310
lauryl pca,5311
blue 1 (ci 42090) <iln43725>.,5312
resculpt:,5313
water\aqua\eau,5314
whey protein\lactis protein\protéine du petit-lait,5315
yeast extract\faex\extrait de levure,5316
revolumize:,5317
shea butter cetyl esters,5318
peg-40,5319
arctium lappa root extract,5320
acrylates/c10 30 alkyl acrylate crosspolymer,5321
trisodium ethylenediamine,5322
disuccinate,5323
propylene glycol alginate,5324
hyaluronic acid 2% + b5:,5325
100% organic cold-pressed rose hip seed oil:,5326
indigo overnight repair:,5327
indigofera tinctoria leaf extract,5328
polygonum tinctorium leaf/stem extract,5329
hydrolyzed lagenaria siceraria fruit juice,5330
salvia miltiorrhiza root extract,5331
the kissu lip mask:,5332
squalane + rose vegan lip balm:,5333
hydroxystearic/linoleic/oleic polyglycerides,5334
myristic/palmitic/stearic/ricinoleic/eicosanedioic glycerides,5335
rosa damascena flower wax,5336
dextrin palmitate.,5337
pearl extract,5338
avobenzone 3% sunscreen,5339
homosalate 10% sunscreen,5340
octisalate 5% sunscreen,5341
octocrylene 10% sunscreen,5342
polyamide-3,5343
raphanus sativus (radish) seed extract,5344
myroxylon pereirae (balsam peru) oil,5345
diethylhexyl syringlidenemalonate,5346
whipped argan oil body butter in vanilla vacation:,5347
aqua (water)**,5348
caprylic/capric triglyceride**,5349
glyceryl stearate**,5350
butyrospermum parkii (shea butter)**,5351
parfum (fragrance)**,5352
hydroxyethyl acrylate/sodium acryloyl dimethyl taurate copolymer**,5353
aloe barbadensis (aloe vera) leaf juice*,5354
squalane**,5355
coco-caprylate/caprate**,5356
polysorbate-60**,5357
persea gratissima (avocado) oil**,5358
symphytum officinale (comfrey) leaf extract**,5359
camellia sinensis (white tea) leaf extract**,5360
camellia sinensis (green tea) leaf extract**,5361
allantoin**,5362
panthenol**,5363
helianthus annuus (sunflower) seed extract**,5364
beta carotene**.,5365
whipped argan oil body butter in sugar glazed apricot:,5366
butyrospermum parkii (shea) butter**,5367
fragrance (parfum)**,5368
ethylhexylglycerin**,5369
helianthus annuus (sunflower) flower extract**,5370
whipped argan oil body butter in holiday buttercream:,5371
argania spinosa kernel (argan) oil*,5372
propanediol**,5373
beta carotene*,5374
glyceryl caprylate**,5375
capryl hydroxamic acid,5376
cetearyl alcohol**,5377
helianthus annus (sunflower) flower extract**,5378
citric acid**.,5379
whipped argan pro-retinol body butter in unscented:,5380
cetearyl olivate**,5381
sorbitan olivate**,5382
aloe barbadensis leaf juice**,5383
sclerotium gum**,5384
octyldodecyl pca**,5385
carthamus tinctorius (safflower) oleosomes**,5386
medicago sativa (alfalfa) extract**,5387
camellia sinensis (green & white tea) leaf extract**,5388
lecithin**,5389
quercetin**,5390
gluconolactone**,5391
alkanna tinctoria root extract**,5392
zea mays (corn) oil**,5393
beta-carotene**,5394
dunaliella salina extract**,5395
leontopodium alpinum meristem cell culture,5396
isononylisononanoate,5397
ammonium glycerrhizate,5398
oleyl erucate,5399
sodium hyrdoxide,5400
polygonatum sibiricum root/rhizome powder,5401
polygonatum odoratum rhizome powder,5402
glycolic foaming cleanser:,5403
althaea officinalis (marsh mallow) leaf/ root extract,5404
achillea millefolium (yarrow) extract,5405
hypericum perforatum (st. john’s wort) extract,5406
glycolic acid toner:,5407
trimethoxybenzylidene pentanedione,5408
collagen moisturizer spf 15:,5409
oxybenzone 5%,5410
ethylhexyl,5411
methoxycrylene,5412
acrylates/c10-30 alkyl acrylate,5413
crosspolymer,5414
super collagen mask:,5415
glycolic eye cream:,5416
olus oil (vegetable oil,5417
cera alba (beeswax,5418
cire d´abeille),5419
butyrospermum parkii nut extract,5420
curcuma longa (turmeric) rhizome oil,5421
artemisia vulgaris extract,5422
citrus aurantifolia oil,5423
citrus grandis peel oil,5424
isoamyl salicylate,5425
mentha piperita oil,5426
citrus nobilis peel oil,5427
citrus limon peel oil,5428
beta-ionone,5429
citrus reticulata leaf oil,5430
ethyl acetoacetate,5431
3-hexenol,5432
salvia sclarea oil,5433
santalum spicata wood oil,5434
isojasmone,5435
lavandula anugustifolia oil,5436
maltol,5437
abies sibirica needle oil,5438
ferula galbaniflua resin oil,5439
mentha viridis leaf oil,5440
myristca fragrans kernel oil,5441
thymus vulgaris flower/leaf oil,5442
commiphora myrrha oil,5443
nerol,5444
zinc oxide 24%,5445
ethylhexyl- glycerin,5446
pantolactone.,5447
sugar cane extract,5448
lemon fruit extract,5449
green tea leaf extract,5450
saccharum officinarum sugar cane extract,5451
citrus medica limonum lemon extract,5452
pyrus malus apple extract,5453
camellia sinensis green tea leaf extract,5454
blue 1.,5455
citric,5456
acid,5457
pheno xyethano.,5458
skin perfecting 2% bha liquid exfoliant:,5459
methylpropanediol (hydration),5460
salicylic acid (beta hydroxy acid/exfoliant),5461
camellia oleifera leaf extract (green tea/skin calming/antioxidant),5462
sodium hydroxide (ph balancer),5463
tetrasodium edta (stabilizer).,5464
10% azelaic acid booster:,5465
azelaic acid (skin-brightening/tone-improving),5466
c12-15 alkyl benzoate (emollient),5467
methyl glucose sesquistearate (emollient),5468
dimethicone (hydration/texture enhancer),5469
salicylic acid (exfoliant),5470
glycyrrhiza glabra (licorice) root extract (skin-soothing),5471
boerhavia diffusa root extract (skin-soothing),5472
cyclopentasiloxane (texture enhancer),5473
xanthan gum (stabilizer),5474
sclerotium gum (stabilizer),5475
clinical 1% retinol treatment:,5476
dimethicone (skin-softening),5477
butylene glycol (hydrating),5478
isononyl isononanoate (emollient),5479
castor isostearate succinate (skin-softening ),5480
dimethicone crosspolymer (texture enhancer),5481
peg-33 (stabilizer),5482
polysorbate 20 (texture enhancer),5483
peg-100 stearate (texture enhancer),5484
pentaerythrityl tetraisostearate (stabilizer),5485
polymethylsilsesquioxane (texture enhancer),5486
tetrahexyldecyl ascorbate (vitamin c/antioxidant),5487
retinol (skin-restoring),5488
ceramide ng (skin-replenishing),5489
palmitoyl tetrapeptide-7 (skin-restoring),5490
palmitoyl hexapeptide-12 (skin-restoring),5491
sodium hyaluronate (skin-replenishing ),5492
dipotassium glycyrrhizate (antioxidant plant extracts/skin-soothing),5493
glycyrrhiza glabra root extract (licorice extract/antioxidant/skin-soothing),5494
avena sativa kernel extract (oat extract/antioxidant/skin-soothing),5495
arctium lappa root extract (burdock extract/antioxidant/skin-soothing),5496
salix alba bark extract (willow bark extract/antioxidant/skin-soothing),5497
glycine soja sterols (antioxidant/skin-softening ),5498
tocopheryl acetate (vitamin e/antioxidant),5499
hydrolyzed soy protein (antioxidant/skin-softening),5500
sorbitan laurate (texture enhancer),5501
acetyl dipeptide-1 cetyl ester (skin-soothing),5502
hydroxyethylcellulose (texture enhancer),5503
palmitoyl tripeptide-1 (skin-restoring),5504
tribehenin (emollient),5505
caprylyl glycol (skin-softening),5506
ethylhexylglycerin (skin-softening),5507
pentylene glycol (hydrating),5508
peg-75 shea butter glycerides (emollient),5509
ppg-12/smdi copolymer (stabilizer),5510
peg-10 phytosterol (fatty acid-based emollient),5511
peg-8 dimethicone (skin-softening),5512
peg-14 (texture enhancer),5513
magnesium aluminum silicate (texture enhancer),5514
arachidyl glucoside (texture enhancer),5515
arachidyl alcohol (texture enhancer),5516
sclerotium gum (texture enhancer),5517
carbomer (gel-based texture enhancer),5518
benzoic acid (preservative).,5519
t.l.c. framboos:,5520
besteno.9 jelly cleanser:,5521
umbra sheer daily defense spf 30:,5522
virgin marula luxury facial oil:,5523
protini polypeptide cream:,5524
take the day off cleansing balm makeup remover:,5525
all about clean 2-in-1 cleansing + exfoliating jelly:,5526
iron oxides (ci 77499).,5527
moisture surge 100hr auto-replenishing hydrator moisturizer:,5528
all about eyes eye cream:,5529
moisture surge face spray:,5530
truth serum:,5531
polyglyceryl-3 rice branate,5532
3-0-ethyl ascorbic acid,5533
banana bright+ eye créme:,5534
octocrylene 8.0%,5535
fragrance (natural).,5536
green clean makeup removing cleansing balm in blueberry:,5537
vaccinium corymbosum (blueberry) seed oil,5538
melia azadirachta extract.,5539
10% niacinamide night mask:,5540
peg100 stearate,5541
onsen-sui,5542
enzyme cleanser:,5543
hyaluronic serum:,5544
face cream:,5545
glow drops:,5546
retinyl sunflowerseedate,5547
decyloleate,5548
maris aqua/sea water (maris aqua),5549
teprenone,5550
leuconostoc/radishroot ferment filtrate,5551
vitis vinifera (grape) seed extract.,5552
step one dr.jart allantoin 1000 ppm ampoule:,5553
step two dr.jart cryo rubber soothing mask:,5554
gl- ycerin,5555
hydroxy- acetophenone,5556
dipotassium glycyrr- hizate,5557
xylitylg- lucoside,5558
centella asiatica extract*,5559
diatomaceous earth/terre de diatomées.,5560
advanced génifique youth activating serum:,5561
advanced génifique yeux light pearl:,5562
ammonium polyacryldimethyltauramide / ammonium polyacryloyldimethyl taurate,5563
bis-peg/ppg-16/16 peg/ppg-16/16 dimethicone,5564
laureth-7.,5565
play everyday lotion spf 50:,5566
octocrylene 7.5%,5567
glowscreen sunrise spf 40:,5568
unseen sunscreen spf 40:,5569
boswellia serrata resin extract,5570
triple peptide + cactus oasis serum:,5571
opuntia ficus-indica stem (prickly pear cactus) extract,5572
synthetic sapphire,5573
nephelium lappaceum peel (rambutan) extract,5574
2-hexandiol,5575
polypeptide-121 future cream:,5576
sh-polypeptide-121,5577
hydrolyzed cannabis sativa (hemp) seed extract,5578
hydrolyzed pea protein,5579
acetyl tetrapeptide-2,5580
hydrolyzed linseed seed,5581
dilinoleic acid/propanediol/pdi crosspolymer,5582
glyceryl monostearate,5583
phytospingosine,5584
t-buty alcohol,5585
superberry hydrate + glow dream mask:,5586
euterpe oleracea (acaì) fruit extract,5587
retinal + niacinamide youth serum:,5588
grifola frondosa fruiting body extract,5589
rubus chamaemorus (cloudberry) seed oil,5590
withania somnifera (ashwagandha) root extract,5591
ganoderma lucidum (reishi mushroom) stem extract,5592
letinus edodes mycelium extract,5593
adaptogen deep moisture cream:,5594
mandelic acid + superfood unity exfoliant:,5595
water/aqua/eau (aqua),5596
aloe barbadensis (aloe) leaf extract*,5597
brassica oleracea capitata (kale) leaf extract*,5598
camellia sinensis (green tea) leaf extract*,5599
medicago sativa (alfalfa) leaf extract*,5600
spinacia oleracea (spinach) leaf extract*,5601
superclay purify + clear power mask:,5602
bentonite (volcanic clay),5603
montmorillonite (french green clay),5604
illite,5605
calcite,5606
salix purpurea (red willow) bark extract,5607
phycocyanin (blue green algae),5608
triticum aestivum (wheatgrass) leaf extract,5609
backhousia citriodora leaf extract,5610
cereus grandiflorus (cactus) flower extract,5611
indigo overnight repair cream:,5612
titanium dioxide (ci 77891) *hadasei-3.,5613
the silk peony melting cream:,5614
sodium laurate,5615
olus/vegetable oil/huile végétale,5616
outer 100% silk (exclusive of elastic and piping),5617
100% pu foam (exclusive of silk liner).,5618
brassica rapa (turnip) leaf extract,5619
apium graveolens (celery) extract,5620
hydrolyzed starfish extract,5621
usnea barbata (lichen) extract,5622
microcrystalline wax (cera microcristallina),5623
glyceryl oleate.,5624
phenoxyethanol <iln47666>.,5625
citrus tangerina (tangerine) fruit water,5626
ocimum sanctum leaf extract.,5627
gaultheria procumbens (wintergreen) leaf oil,5628
eugenia caryophyllus (clove) bud oil,5629
octisalate 3.5%,5630
titanium dioxide 1.7%water,5631
laurdimonium hydroxypropyl hydrolyzed soy protein,5632
sodium dna,5633
disodium nadh,5634
phenoxyethanol <iln41738>.,5635
ppg-26- buteth-26,5636
parfum/fra- grance,5637
echinacea purpurea extract,5638
chamomilla recutita (ma- tricaria) flower extract,5639
sodium hy- droxide,5640
crocus sati- vus flower extract v3542a.,5641
euphorbia cerifera (candelilla) wax (candelilla cera),5642
copernicia cerifera (carnauba) wax (copernicia cerifera cera),5643
pogostemon cablin leaf extract,5644
multi action clear gentle daily clarifying cleanser for acne and breakouts:,5645
polygyceryl-6 caprylate,5646
quillaja saponaria wood extract,5647
saponaria officinalis leaf/root extract,5648
multi action clear gentle daily brightening and retexturizing toner for acne and breakouts:,5649
multi action clear acne clearing treatment lotion for breakouts:,5650
carnitine,5651
polylysine,5652
active purple pore-refining antioxidant mask:,5653
hydrogenated farnesene,5654
anthocyanins,5655
manganese violet/ci 77742,5656
mica/ci 77019,5657
bismuth oxychloride/ci 77163,5658
ultramarines/ci 77007,5659
pumpkin enzyme mask enzymatic dermal resurfacer:,5660
cucurbita pepo (pumpkin),5661
24k gold mask pure luxury lift & firm:,5662
colloidal gold,5663
gold (ci 77480),5664
cucumber gel mask extreme de-tox hydrator:,5665
chamomilla recutita (matricaria) flower oil,5666
water drench hyaluronic cloud mask hydrating gel:,5667
protini powerpeptide resurf serum:,5668
glycine max (soybean) seed extract,5669
camellia sinesis seed oil,5670
bacillus/folic acid ferment filtrate extract,5671
symphytum officinale callus culture extract,5672
almond delicious:,5673
butyrospermum parkii (shea) buttercoco- caprylate/caprate- corn starch modified,5674
prunus amygdalus dulcis (sweet almond) protein,5675
ceteareth-33,5676
coumarin.,5677
lavender:,5678
corn starch modified,5679
shea butter:,5680
mel extract/honey extract,5681
alpha- isomethyl ionone,5682
rose deep hydration toner:,5683
rose deep hydration oil-infused serum:,5684
caprylic/capric tri-glyceride,5685
rose deep hydration moisturizer:,5686
soy ph-balanced hydrating face wash:,5687
avobenzone: 2.5%,5688
homosalate: 6.0%,5689
octisalate: 5.0%,5690
octocrylene: 7.0%,5691
cinnamidopropyltrimonium chloride,5692
elaeis guineensis (palm) fruit extract,5693
plumeria acutifolia flower extract,5694
xylitol.,5695
vitamin enriched eye base:,5696
rhodochrosite extract,5697
folic acid,5698
vitamin enriched face base:,5699
extra lip tint bare pink:,5700
polyglyceryl-10 decaisostearate,5701
hydrogenated microcrystalline wax,5702
red 7 (ci 15850),5703
orange 5 (ci 45370),5704
red 22 lake (ci 45380).,5705
vitamin c lactic 15% vitamin c firm & bright serum:,5706
ricinoleth-40,5707
vitamin c lactic oil-free radiant moisturizer:,5708
step 1: water/aqua/eau,5709
step 2: water/aqua/eau,5710
chlorella vulgaris extract.,5711
hydrogenated polycyclopentadiene,5712
tremella fuciformis (mushroom) extract.,5713
zinc oxide 12.025%,5714
disuccinate.,5715
peg-100,5716
phenoxy,5717
ethanol,5718
ci 77891/titanium,5719
dioxide,5720
ci 17200/,5721
red 33,5722
heptapeptide-15 palmitate.,5723
hydroxycinnamic acid,5724
yo glow facial enzyme scrub:,5725
saccharum officinarum (sugarcane) extract/saccharum officinarum/extrait de canne a sucre,5726
thirst trap juice hyaluronic acid & peptide hydrating facial serum:,5727
honey whip peptide and collagen moisturizer:,5728
honey extract/mel/extrait de miel,5729
hydrolyzed extensin,5730
hexyl cinnamal.,5731
pink cloud creamy jelly cleanser:,5732
blue tansy bha mask:,5733
aquarius pore-purifying clarity cream:,5734
clear skin gel:,5735
targeted pores serum:,5736
the zenbubble gel cream:,5737
residue erasers:,5738
myristoyl hexapeptide-23,5739
hydroxyethylpiperazine ethane,5740
sulfonic acid,5741
rgania spinosa kernel oil,5742
saccharum officinarum extract /sugarcane extract/extrait de canne a sucre,5743
curcuma longa root extract/turmeric root extract,5744
citrus limon fruit extract/lemon fruit extract,5745
acer saccharum extract/sugar maple extract,5746
helianthus annuus seed oil/sunflower seed oil,5747
ci 40800/beta-carotene.,5748
ci 60730 (ext. violet 2).,5749
ceramide iii,5750
cucumber extract,5751
rosa moschata seed oil,5752
eyebright extract,5753
steareth- 20,5754
mangifera indica (mango) seed oil,5755
zantedeschia aethiopica flower/stem extract.,5756
red 4 (ci 14700) <iln41876>,5757
zinc oxide 10.5%,5758
oenothera,5759
biennis (evening primrose) oil,5760
opuntia vulgaris extract,5761
ammonium acryloyldimethyltaurate/vp copolymer.,5762
avobenzone 1.75% homosalate 5.0% octisalate 2.0% octocrylene 5.0%,5763
mauritia flexuosa (buriti) fruit oil,5764
orange 4 (ci 15510).,5765
step 1 dr.jart hyaluronic acid 1000 ppm ampoule:,5766
step 2 dr.jart cryo rubber moisturizing mask:,5767
laminaria japonica extract*,5768
facial spray with aloe,5769
herbs and rosewater:,5770
cucumber and green tea:,5771
chamomile and lavender:,5772
mineral sheerscreen spf 40:,5773
zinc oxide 17.5%,5774
trioctyldodecyl citrate,5775
polyglyceryl-3 lactate/laurate,5776
mineral mattescreen spf 40:,5777
play 100% mineral lotion spf 30:,5778
zinc oxide 12%,5779
calendula officinalis flower extract. caprylhydroxamic acid,5780
nasturtium officinale flower/leaf extract,5781
spiraea ulmaria root extract,5782
coix lacryma-jobi ma-yuen seed extract,5783
cellulose.,5784
truth juice daily cleanser:,5785
hippophae rhamnoides kernel extract,5786
dewtopia night créme:,5787
riboflavin,5788
saccharum officinarum (sugar cane) extract/extrait de canne a sucre,5789
10-hydroxydecanoic acid,5790
chloroxylenol.,5791
neopentyl glycol dicaprylate/dicaprate,5792
benzalkonium chloride,5793
phenoxyethanol <iln49662>.,5794
serv. size 1 packet (1.5 g),5795
amount per serving: vitamin c (as ascorbic acid) 100 mg (111% dv),5796
pantothenic acid (as calcium d-pantothenate) 2.5 mg (50% dv),5797
magnesium (as magnesium citrate) 40 mg (10% dv),5798
zinc (as zinc citrate) 5 mg (45% dv),5799
selenium (as selenomethionine) 55 mcg (100% dv),5800
silymarin from milk thistle (silybum marianum) seed extract 300 mg *,5801
resveratrol (from polygonum cuspidatum root extract) 100 mg*,5802
glycine 50 mg*.,5803
fagus sylvatica bud extract,5804
rosmarinus officinalis extract/rosemary extract,5805
vitis vinifera seed oil/grape seed oil,5806
aphanothece sacrum polysaccharides,5807
oat cleansing balm:,5808
hyaluronic acid hydrating serum:,5809
caffeine eye cream:,5810
alpinia galanga extract,5811
vinoperfect radiance dark spot serum:,5812
vinoperfect brightening glycolic essence:,5813
vinoperfect instant brightening moisturizer:,5814
hydration replenish:,5815
limnanthes alba seed oil,5816
centella asiatica leaf cell extract,5817
pelargonium graveolens stem leaf oil,5818
citrus aurantium bergamia fruit oil,5819
eye revival:,5820
cichorium intybus (chicory) root oligosaccharides,5821
radiant reveal:,5822
citrus aurantium amara flower oil,5823
spa headband:,5824
80% microfiber,5825
20% polyamide.,5826
resveratrol-lift firming serum:,5827
khaya senegalensis bark extract,5828
coumarin (251/031).,5829
resveratrol-lift firming eye gel cream:,5830
paeonia lactiflora root extract(259/009).,5831
resveratrol-lift firming cashmere moisturizer:,5832
coumarin(246/011).,5833
kp bump eraser body scrub with 10% aha:,5834
chrysanthemum parthenium (fever-few) extract,5835
edta.,5836
pure skin face cleanser:,5837
colloidal oatmeal (0.5%),5838
dioscorea japonica root extract,5839
crataegus pinnatifida fruit extract,5840
pueraria thunbergiana flower/leaf/stem extract,5841
beta-glucan.,5842
acne clearing wash:,5843
isostearamide mipa,5844
max complexion salicylic acid pore refining pads:,5845
goodbye acne complete acne treatment gel:,5846
peg-75 100 stearate,5847
hydrolyzed vegetable protein.,5848
goodbye acne aha/bha acne clearing gel face body spot treatment:,5849
zinc oxide 21%,5850
bertholletia excelsa seed oil,5851
vanilla planifolia fruit extract.,5852
avobenzone 1.75%,5853
octisalate 2.0%,5854
brightening mask with vitamin c:,5855
aloe barbaden-sis leaf juice,5856
gardenia flori-da fruit extract,5857
citronel-lol,5858
vitamin c serum:,5859
peg-25 hydrogenated castor oil,5860
lactobacillus/wasabia japonica root ferment extract,5861
acne solutions cleansing foam:,5862
salicylic acid 2.0 percent,5863
chloroxylenol <iln41840>.,5864
acne solutions clinical clearing gel:,5865
salicylic acid 1.00 percent,5866
benzalkonium chloride <iln32301>.,5867
dramatically different hydrating clearing jelly:,5868
blue 1 (ci 42090) <iln48005>.,5869
cera microcristallina (microcrystalline wax,5870
cire microcristalline),5871
gardenia florida extract,5872
oenothera biennis (evening primrose) seed extract,5873
potassium aspartate,5874
strength trainer peptide boost moisturizer:,5875
glycine soja(soybean) oil,5876
parfum/fragrance*,5877
water/aqua/eua,5878
brassica napus oleifera extract,5879
polygonum aviculare extract,5880
dicrateria rotunda oil,5881
ruttnera lamellosa oil,5882
stearalkonium bentonite,5883
haematococcus pluvialis powder,5884
zinc oxide 14%,5885
ichthammol,5886
superyou:,5887
shatavari root extract,5888
ashwagandha root and leaf extract,5889
amla fruit extract,5890
capsule (hypromellose),5891
rice hulls,5892
medium chain triglycerides,5893
rice bran extract,5894
and sunflower oil.,5895
superhair:,5896
ashwagandha root extract (ksm66),5897
red radix root powder,5898
pumpkin seed powder,5899
horsetail grass extract,5900
kelp powder,5901
saw palmetto fruit extract,5902
vitamin k2 as mk-7 menaquinone-7,5903
vitamin a as vitamin a palmitate,5904
vitamin c as ascorbic acid,5905
vitamin d3 as vitashine d3️ cholecalciferol,5906
vitamin e as d-alpha tocopherol,5907
vitamin b1 as thiamine hydrochloride,5908
vitamin b2 as riboflavin 5-phosphate,5909
vitamin b3 as niacinamide,5910
vitamin b6 as pyridoxal 5-phosphate,5911
folate as l-methylfolate monosodium magnafolate pro,5912
vitamin b12 as methylcobalamin,5913
vitamin b5 as d-calcium pantothenate,5914
iron as iron bisglycinate,5915
iodine as kelp powder,5916
zinc as zinc bisglycinate,5917
rice concentrate (nu-flow),5918
hydroxypropyl methylcellulose (vegetarian capsule).,5919
superbeauty:,5920
vitamin c (as acerola powder),5921
vitamin d3 (as vitashine d3️ cholecalciferol),5922
vitamin e (as d-alpha tocopherol),5923
glutathione (as setria l-glutathione reduced),5924
n-acetyl-cysteine,5925
schisandra chinesis berry extract,5926
silicon (as living silica️ stabilized monomethylsilanetriol powder),5927
astaxanthin (as astazine haematococcus pluvialis microalgae),5928
vegetable capsule (hypromellose),5929
rice extract,5930
peg/ppg-20/15,5931
larrea divaricata extract,5932
ci15985/yellow 6 s0372g.,5933
pore clearing clay mask:,5934
eradikate daily foaming cleanser:,5935
sulfur 3%,5936
sodium cocoylisethionate,5937
mel/honey extract/extrait de miel,5938
eradikate acne treatment:,5939
sulfur 10%,5940
oil free moisturizer:,5941
polyamide-5,5942
ahnfeltiopsis concinna extract,5943
cholecalciferol (vitamin d3),5944
dimethiconol/ caprylylsilsesquioxane/silicate crosspolymer,5945
triceteareth-4 phosphate,5946
trilaureth-4 phosphate,5947
dimethiconol/propylsilsesquioxane/silicate crosspolymer,5948
glyceryl triisostearate,5949
rosmarinus officinalis (rosemary) leaf extract v3545a.,5950
methyl nonafluorobutyl ether,5951
methyl nonfluoroisobutyl ether,5952
saccharide isomarate,5953
dipropylne glycol,5954
saccharide hydrolyase,5955
c12-14 pareth-12,5956
lavendula augustifolia (lavender) oil,5957
saccharum officianrum (sugarcane) extract,5958
anemarrhena asphodeloides root extract,5959
disodium stearoyl glutamate.,5960
water hamamelis virginiana (witch hazel/hamamélis) water,5961
rosmarinus oficinalis (rosemary/romarin) leaf oil,5962
hydrolyzed rhodophycea extract,5963
iris germanica florentina root extract,5964
aloe barbadensis (aloe vera) leaf extract*,5965
anthemis nobilis flower extract*,5966
panax ginseng root extract*,5967
lip sleeping mask berry:,5968
water bank blue hyaluronic cleansing foam:,5969
super serum:,5970
cleanser:,5971
c13-16 isoparaffin,5972
squalane + copper peptide rapid plumping serum:,5973
tetrapeptide-30,5974
passiflora incarnata flower extract,5975
squalane + marine algae firming & lifting eye cream:,5976
squalane + omega repair deep hydration moisturizer:,5977
citrus limon peel oil/lemon peel oil,5978
phytosteryl isostearyl dimer dilinoleate,5979
panax ginseng root water,5980
thymol trimethoxycinnamate,5981
sodium lauroyl glycinate,5982
prunus mume flower extract,5983
guerlain exclusive royal jelly: provides exceptional nutrients and is a natural source of carbohydrates,5984
proteins,5985
lipids,5986
and vitamins.,5987
palmitoyl hexapeptide-12.,5988
acrylates/c10-30 alkyl acrylate crosspolymer.,5989
peg-60 hydrogenated castor oil.,5990
delikate soothing cleanser,5991
aqua/water/ eau,5992
phtosphingosine,5993
delikate recovery serum,5994
tasmannia lanceolata fruit extract,5995
aspergillus/molasses ferment filtrate,5996
delikate recovery cream,5997
mel (honey extract,5998
extrait de miel),5999
citrus paradisi (grapefruit) oil,6000
kaolin (white clay),6001
citrus aurantium (bergamot) peel oil,6002
ci 77491 (red iron oxide),6003
rosa damascena (rose) flower oil,6004
cymbopogon flexuosus (lemongrass) oil,6005
resurfacing serum:,6006
citrus aurantium dulcis (orange) flower extract,6007
daucus carota sativa seed oil,6008
citrus aurantium (neroli) oil,6009
santalum spicatum (sandalwood) wood oil,6010
boswellia carterii oil*,6011
jasminum grandiflorum (jasmine) co2 extract,6012
water-lock moisturizer:,6013
citrus sinensis (orange) peel oil*,6014
saccharin,6015
cannabis hydrosol,6016
lavender hydrosol,6017
cucumber hydrosol,6018
german chamomile hydrosol.,6019
dodecane,6020
3-o ethyl ascorbic acid,6021
dipentaerythrityl hexahydroxystearate/ hexastearate/ hexarosinate,6022
butyrospermum parkii (shea)butter,6023
lactobacillus/ portulaca oleracea ferment extract,6024
maris aqua/ sea water (maris aqua),6025
sodium benzoate s3780a.,6026
titanium dioxide 1.5%water,6027
phenoxyethanol <iln41741>.,6028
pyrus sorbus bud extract,6029
ulex europaeus leaf/root/stem extract,6030
mirabilis jalapa extract,6031
oxidized corn oil,6032
kigelia,6033
africana fruit extract,6034
litichi chinensis seed extract,6035
ceteareth-12,6036
phenoxyethanol  *hadasei-3.,6037
sugar recovery lip mask advanced therapy:,6038
sugar lip treatment advanced therapy original:,6039
peg-6 isostearate,6040
hesperetin laurate,6041
essential-c cleanser:,6042
rice amino acids,6043
zinc aspartate,6044
vita-c glycolic brightening serum:,6045
oleyl alcohol,6046
marrubium vulgare meristem cell culture,6047
zanthoxylum bungeanum fruit extract,6048
hydrolyzed verbascum thapsus flower,6049
essential-c day moisture spf 30:,6050
pelvetia canaliculata extract,6051
passiflora incarnata extract,6052
homosalate 6.5%,6053
oxybenzone 2.0%,6054
rapid dark spot correcting serum:,6055
4-ethylresorcinol,6056
polyquaternium-4,6057
treatment lotion:,6058
creme de la mer:,6059
citrus aurantium amara (bitter orange) oil,6060
rosa canina (rose) fruit oil,6061
sodium acrylates/acrylonitrogens copolymer,6062
double serum hydric + lipidic system:,6063
musa sapientum (banana) fruit ex tract,6064
callicarpa japonica fruit extract. v2925a,6065
v facial intensive wrap:,6066
phenoxyisopropanol,6067
v2816a,6068
total eye lift:,6069
hydrogenated cocoglycerides,6070
glycerylstearate,6071
albiziajulibrissin bark extract,6072
acacia farnesiana flowerwax,6073
ci 77891/titaniumdioxide,6074
oleaeuropaea (olive) fruit extract,6075
tinoxide,6076
dextran. v3894a,6077
sage,6078
orange blossom:,6079
chamomile,6080
cucumber,6081
green tea:,6082
adaptogens,6083
coconut water:,6084
herbs,6085
rosewater:,6086
potentilla erecta root extract.,6087
homosalate 3.5%,6088
octisalate 2.15%,6089
vp/hexadecene copolymer,6090
cocos nucifera (coconut) fruit water,6091
the cream cleansing gel with tfc8 gentle cleanser:,6092
the rich cream with tfc8 face moisturizer:,6093
nomad’s cream purifying cleanser:,6094
phytic,6095
cocos,6096
nucifera (coconut) oil,6097
salix alba (willow),6098
bark extract,6099
silk rice cleansing oil:,6100
cocoyl,6101
citrus grandis,6102
(grapefruit) peel oil,6103
paradisi mist hydrating essence:,6104
dicaprylate/caprate,6105
salix alba,6106
(willow) bark extract,6107
perilla ocymoides leaf/stem oil,6108
mochi mochi luminous cream:,6109
polyglyceryl-10 diisostearate,6110
spiraea ulmaria flower extract,6111
polybutylene glycol/ppg-9/1 copolymer,6112
zanthoxylum piperitum peel extract,6113
all-in-one nourishing eye cream:,6114
shorea stenoptera seed butter,6115
vegetable oil (olus oil),6116
gossypium herbaceum seed oil,6117
astrocaryum murumuru (palm) seed butter,6118
polygonum aviculare (knotweed) extract,6119
rosmarinus officinalis (rosemary) leaf,6120
capryloyl glycerin/ sebacic acid copolymer,6121
all-in-one nourishing face cream:,6122
polyglyceryl-3 diisosterate,6123
microcitrus australascica fruit extract,6124
all-in-one super nutrient face oil:,6125
the quench eye reviving quadralipid eye balm:,6126
the true cream aqua bomb:,6127
the true cream moisturizing bomb:,6128
saccharomyces/viscum album (mistletoe) ferment extract,6129
saccharomyces/imperata cylindrica root ferment extract,6130
ceteayl olivate,6131
viola tricolor extract,6132
thuja occidentalis leaf extract,6133
chelidonium majus extract,6134
citronnellol,6135
aqua bomb brightening vitamin c cream:,6136
moisturizing eye bomb with squalane:,6137
rosamarinus officinalis (rosemary) leaf oil,6138
the true cream - aqua bomb sunscreen broad spectrum spf 50:,6139
acrylates/polytrimethylsiloxymethacrylate copolymer,6140
morinda citrifolia fruit extract,6141
silk créme:,6142
isopentyldiol 1,6143
bellis perennis flower extract,6144
biosaccharide,6145
gum-4,6146
trifolium pratense flower extract,6147
aqua gel:,6148
punica granatum pericarp extract,6149
pentylene glycol.,6150
zinc oxide (12.025%),6151
coco-caprylate / caprate,6152
cetyl peg / ppg-10 / 1 dimethicone,6153
dramatically different moisturizing lotion+:,6154
clarifying lotion 2:,6155
all about clean liquid facial soap:,6156
yeast extract/extrait de levure,6157
peg-5 glyceryl stearate,6158
peg-30 phytosterol,6159
+retinol vita c serum:,6160
+retinol eye cream:,6161
+retinol vitamin c moisturizer:,6162
ci 77891 / titanium dioxide,6163
perlite,6164
rosa centifolia stem extract,6165
abeille royale advanced youth watery oil:,6166
abeille royale anti-aging double r advanced serum:,6167
hydrolyzed soy flour,6168
abeille royale anti-aging fortifying lotion toner:,6169
arctium majus root extract,6170
allantoin decylene glycol,6171
schlerotium gum,6172
annatto (ci 75120).,6173
total cleanser remove-it-all cleanser:,6174
fat water pore-refining toner serum:,6175
hydra vizor invisible moisturizer broad spectrum spf 30:,6176
carthamus tinctorius oleosomes,6177
dl-alpha tocopheryl acetate,6178
d-alpha tocopherol,6179
pre-show glow:,6180
ultra repair cream intense hydration:,6181
colloidal oatmeal 0.5%,6182
acne+ 2% bha cleanser:,6183
acne+ 2% bha acne spot treatment:,6184
passi ora edulis seed oil,6185
prunus cerasus (bitter cherry) flower extract,6186
hydrogenated coco- glycerides,6187
zingiber officinale root extract (zingiber officinale (ginger) root extract),6188
premier cru anti-aging serum:,6189
hydrolyzedhyaluronicacid,6190
magnoliagrandiflorabarkextract,6191
premier cru anti-aging cream moisturizer:,6192
citronellol.(316/008).,6193
premier cru dark circle correcting eye cream:,6194
coco-caprylate/ caprate,6195
hydrogenated olive oil stearyl esters,6196
hydrogenated avocado oil,6197
paeonia lactiflora root extract.,6198
advanced night repair synchronized multi-recovery complex:,6199
advanced night repair eye supercharged gel-creme synchronized multi-recovery:,6200
hordeum distichon (barley) extract\\extrait d’orge a deux rangs,6201
peg-15 glyceryl isostearate,6202
panax ginseng root powder,6203
ammonium acryloyldimethyl taurate/vp copolymer,6204
acrylates/c10 -30 alkyl acrylate crosspolymer,6205
rehmannia gutinosa root extract,6206
oldenlandia diffusa extract,6207
hydrolyzed ginseng saponins (hydrolyzed white ginseng saponins),6208
sphingomonas ferment extract,6209
castor oil/ipdi copolymer.,6210
mineral sheerscreen:,6211
mineral mattescreen:,6212
ultra facial cream:,6213
pentaerythrityl tetraethlhexanoate,6214
prunus armeniaca kernal oil/apricot kernal oil,6215
persea gratissima oil/avocado oil,6216
cetl alcohol,6217
olea europaea fruit oil/olive fruit oil,6218
prunus amygdalus dulcis oil/sweet almond oil,6219
glycine soja oil/soybean oil,6220
hydroxypalmitol sphinganine,6221
rare earth mask:,6222
aloe barbadensis/aloe barbadensis leaf juice,6223
avena sativa flour/oat kernel flour,6224
exfolikate intensive exfoliating treatment:,6225
exfolikate resurfacing body scrub:,6226
zinc sulfate.,6227
tbhq,6228
kp smoothing body lotion with 10% aha:,6229
ingrown hair pads with bha & aha:,6230
chrysanthemum parthenium  (feverfew) extract,6231
beta-glucan (from ganoderma lucidum) mbg,6232
zinc (as l-optizinc l-methionine bound complex),6233
vitamin d2 (from agaricus bisporus),6234
vitamin c (as ascorbic acid),6235
vegetable capsule (hypromellose).,6236
oryza sativa (rice) powder*,6237
pinus sylvestris leaf extract,6238
multi-task eye gel cream:,6239
ammonium acryloyldimethyltaurate/ vp copolymer,6240
bacillus/soybean ferment extract,6241
codium tomentosum extract.,6242
multi-task eye serum mask:,6243
pore cleansing clay mask:,6244
octanediol,6245
origanum vulgare leaf extract,6246
pore refining detox double cleanse:,6247
averrhoa carambola fruit extract,6248
garcinia mangostana fruit extract,6249
litchi chinensis fruit extract,6250
sea salt (maris salt/sel marin),6251
sea mud deep cleansing bar:,6252
sodium palmate,6253
sodium palm kernelate,6254
silt (dead sea mud),6255
tetrasodium etidronate,6256
evernia prunastri (oakmoss) extract,6257
ci 77289 (chromium hydroxide green),6258
phelityl cleansing bar:,6259
ci 77289 (chromium hydroxide green).,6260
brightening cleansing bar:,6261
phenylethyl resorcinol,6262
irvingia gabonensis kernel butter,6263
ulex europaeus leaf/root/stem extract.,6264
camellia sinensis (black tea) leaf extract,6265
brassica alba sprout extract,6266
stevia rebaudiana extract,6267
aroma,6268
angelica polymorpha sinensis root extract,6269
potassium myristoyl glutamate,6270
peg-40 glyceryl cocoate,6271
sodium coceth sulfate,6272
lythrum salicaria extract,6273
dr. brandt microdermabrasion:,6274
sd alcohol 40-a,6275
needles no more wrinkle smoothing cream:,6276
prolinamidoethyl imidazole,6277
gyceryl caprylate,6278
needles no more no more baggage:,6279
synthetic,6280
fluorphlogopite,6281
sh- oligopeptide-2,6282
sh- polypeptide-9,6283
bacillus/soybean/folic acid ferment,6284
pores no more pore refiner primer:,6285
dimethyl oxobenzo dioxasilane,6286
iron oxide (ci 77492,6287
zinc oxide 24.7%,6288
nylon-6/12,6289
sodium dehyrdoacetate,6290
olive glycerides,6291
may contain iron oxides (ci 77492,6292
cistus ladaniferus leaf/stem extract,6293
rosmarinus officinalis (rosemary) flower/leaf/stem extract,6294
tagetes minuta flower oil,6295
rosa damascena flower,6296
helianthus annuus seed wax,6297
polyglyceryl-3 ricinoleate,6298
sambucus nigra flower extract,6299
rosa centifolia flower water,6300
ci 75470/carmine,6301
ci 77861/tin oxide,6302
ci 77019/mica.,6303
morus alba (white mulberry) root extract,6304
scutellaria lateriflora extract,6305
hydrangea arborescens root extract,6306
bha.,6307
quercus robur bark extract,6308
quercus robur wood extract,6309
zinc oxide 16.5%,6310
iron oxides (ci 77492) <iln43311>.,6311
pyrus malus (apple) fruit water,6312
citrus depressa peel extract,6313
magnesium myristate,6314
glycyrrhiza glabra (licorice),6315
root extract,6316
sodium hydroxypropylphosphate,6317
decylglucoside crosspolymer,6318
meadowfoam delta-lactone,6319
capryl glycol,6320
punica granatum seed oil,6321
pvm/ma decadiene crosspolymer,6322
polyglyceryl-10 tristearate,6323
orange 4 (ci 15510),6324
yellow 5 (cl 19140),6325
rosmarinus officinalis (rosemary) leaf oil (rosmarinus officinalis leaf oil),6326
ascorbyl dipalmitate,6327
argania spinosa kernel oil.,6328
2 hexanedio.,6329
tetradecane,6330
cetearyl nonanoate,6331
brassica campestris/ aleurites fordi oil copolymer,6332
hexadecane,6333
withania somnifera flower extract,6334
calcium gluconate.,6335
olive oil decyl esters,6336
cornus officinalis fruit extract,6337
hydrolyzed wheat flour,6338
hydrolyzed beta-glucan,6339
mimosa,6340
tenuiflora bark extract,6341
prunus amygdalus amara (bitter almond) kernel oil,6342
lactic,6343
c12-18 acid triglyceride,6344
octocrylene 9%,6345
tremella fuciformis sporocap extract,6346
lepidium sativum sprout extract.,6347
plukenetia volubilis seed oil (sacha inchi oil),6348
sodium caproyl prolinate,6349
bambusa arundinacea stem powder,6350
abies sibirica oil,6351
rosa canina seed extract,6352
citrus aurantium dulcis (orange) flower oil.,6353
lentinus edodes mycelium extract,6354
citrus limon (lemon) peel oi,6355
pentylene  glycol,6356
sodium  hydroxide,6357
lsoamyl laurate,6358
elaeis guineesis (palm) kernel oil,6359
glyceryl linolenate,6360
glyceryl arachidonate,6361
vitis vinifera (grape) leaf extract,6362
perilla ocymoides seed extract,6363
dodecene,6364
zerumbone,6365
ceramide np(0.2%),6366
pelargonium,6367
graveolens flower oil,6368
spent grain wax,6369
propanediol dicaprylate/caprate,6370
isostearyl hydroxystearate,6371
hydrolyzed yeast extract,6372
glycine soja  (soybean) sterols,6373
polyglucuronic acid,6374
dioscorea villosa (wild yam) room extract,6375
cetyl hydroxethylcellulose,6376
picolinamide,6377
chromium oxide greens (ci 77288).,6378
lactobacillus/lemon peel ferment extract,6379
vaccinium angustifolium (blueberry) fruit extract) lactic acid,6380
diphenyl succinate,6381
c14-16 olefin sulfonate,6382
peg-16 macadamia glycerides,6383
cichorium intybus (chicory) leaf extract,6384
cocamidopropyl hydrosylsultaine,6385
methyl glucoside phosphate proline lysine copper complex,6386
butylene gycol,6387
sea salt/maris sal/sel marin,6388
artemisia vulgaris (mugwort) oil,6389
gycerin,6390
glyoproteins,6391
polygylyceryl-10 laurate,6392
silybum marianum ethyl ester,6393
cupuacu butter glycerides,6394
lithospermum erythrorhizon root extract,6395
eucalyptus globulus (eucalyptus) leaf oil* tropaeolum majus flower/leaf/stem extract,6396
aloe barbadensis (aloe vera) extract*,6397
acacia decurrens extract,6398
nephelium lappaceum branch/fruit/leaf extract,6399
tremella fuciformis extract,6400
viola odorata leaf extract,6401
phytosteryl oleate,6402
ecklonia cava extract,6403
althaea officinalis (marshmallow) root extract,6404
witch hazel water,6405
carrageenan extract,6406
peach fruit extract,6407
cucumber fruit extract,6408
sodium dodecylbenzenesulfonate,6409
ammonium acryloyldimethyltaurate/steareth-25 methacrylate crosspolymer,6410
palm kernel/coco glucoside,6411
caulerpa lentillifera (seaweed) extract,6412
vaccinium angustifolium (blueberry) fruit,6413
physalis peruviana (groundcherry) fruit extract,6414
arctostaphylos uva ursi (bearberry) leaf extract,6415
morus nigra (mulberry) fruit extract,6416
scutellaria baicalensis (skullcap) root extract,6417
ci 19140 (yellow 5 lake),6418
sodium oxide.,6419
persea gratissima fruit extract/avocado fruit extract,6420
ci 77492/iron oxides,6421
ci 77288/chromium oxide greens,6422
melia azadirachta flower.,6423
citrus,6424
aurantium bergamia (bergamot) fruit oil,6425
cymbopogon winterianus herb oil,6426
serine lavandula angustifolia (lavender) oil,6427
parietaria officinalis extract,6428
isopropyl lauroyl sarcosinate,6429
propyl gallate.,6430
hamamelis virginiana (witch hazel) flower water,6431
camellia sinensis  (green tea) leaf extract,6432
camellia sinensis  (white tea) leaf extract,6433
jasminum grandiflorum floral extract,6434
melia azadirachta flower extract.,6435
hydroxyethyl acrylate/sodium acryloyldimethyl taurate,6436
cynanchum atratum extract,6437
honey grail contains a highly purified version of coconut oil that reduces the risk for comedogenicity. through a process called fractionation,6438
the coconut oil becomes completely liquid vs solid at room temperature. the result is a light non-greasy texture,6439
enhanced slip,6440
and absorption vs. a standard,6441
unrefined coconut oil.,6442
sodium myristoyl glutamate,6443
sapindus trifoliatus fruit extract,6444
zingiber of cinale (ginger) root extract,6445
rosmarinus of cinalis (rosemary) leaf oil,6446
salvia of cinalis (sage) oil,6447
undecylenoyl glycine,6448
iron powder,6449
tourmaline powder,6450
cermide ng,6451
hdi/trimethylol hexyllactone crosspolymer.,6452
l-ascorbic acid (vitamin c) 15 %,6453
dl-tocopherol (vitamin e) 1%,6454
ferulic acid 0.5%,6455
deionized water,6456
carthamus tinctorius seed oil/safflower seed oil,6457
citrus nobilis peel oil/mandarin orange peel oil,6458
prunus amygdalus dulcis seed extract/sweet almond seed extract,6459
silybum marianum extract,6460
ci 77492),6461
milk oil: helps melt makeup and cleanse away impurities.,6462
glycerylcaprylate,6463
helianthus annuus (sunflower) oil,6464
octyl palmitate,6465
withania somnifera (ashwagandha) extract,6466
squalane (olive),6467
mixed tocopherols,6468
borago officinalis (borage) oil,6469
caramel color,6470
adaptogen activated mist:,6471
first care activating serum:,6472
hydrolyzed soybean extract,6473
gentle cleansing foam:,6474
castanea crenata (chestnut) shell extract,6475
spirodela polyrhiza extract,6476
essential comfort balancing water:,6477
concentrated ginseng renewing cream:,6478
lauramide dea,6479
yucca glauca root extract,6480
steareth-4,6481
zinc oxide 18.23%,6482
physalis alkekengi calyx extract,6483
lavandula angustifolia oil / lavender oil,6484
coriandrum sativum seed oil / coriander seed oil,6485
simmondsia chinensis seed oil / jojoba seed oil,6486
rosmarinus officinalis leaf oil / rosemary leaf oil,6487
oenothera biennis oil / evening primrose oil,6488
ci 77007 / ultramarines,6489
oleth-2,6490
sea water (maris aqua,6491
prunus domestica (plum) fruit extract,6492
potassium palm kernelate,6493
palm kernel acid,6494
potassium palmate,6495
theobroma cacao (cocoa) seed powder,6496
plantago major leaf extract,6497
palm acid,6498
potassium carbonate,6499
laureth-21,6500
iodopropynyl butylcarbamate.,6501
cera microcristallina/microcrystalline  wax/cire  microcristalline,6502
synthetic  wax,6503
secale cereale seed extract/rye seed extract,6504
gondoic acid,6505
10% benzoyl peroxide acne cleanser:,6506
benzoyl peroxide 10.0%,6507
camellia sinensis (green tea) leaf polyphenols,6508
stearic acid usp,6509
5% benzoyl peroxide acne spot treatment:,6510
benzoyl peroxide 5.0%,6511
aloe vera blemish soothing moisturizer:,6512
glycerin usp,6513
manganese pca,6514
c13-16 isoparaffin.,6515
avobenzone 2.8%,6516
homosalate 9.8%,6517
octisalate 4.9%,6518
octocrylene 9.5%,6519
citrus sinensis peel oil,6520
vitis vinifera (grape) seed oil.,6521
acetyl sh-hexapeptide-5 amide acetate,6522
acetyl zingerone,6523
fucus vesiculusus extract,6524
asparagospsis armata extract,6525
peg-8 methyl ether triethoxysilane,6526
acrylates crosspolymer,6527
glyceryl,6528
stearate citrate,6529
laureth-8,6530
xylityl sesquicaprylate,6531
helianthus annuus (sunflower)seed oil,6532
bursera graveolens wood oil,6533
ocimum basillicum (basil) oil,6534
soybean peroxidase,6535
limonene**,6536
geraniol**.,6537
urtica dioica (nettle) extract,6538
tocopherol (mixed),6539
arctostaphylos uva-ursi (bearberry) extract,6540
taraxacum officinalis (wild dandelion) extract,6541
salix alba (white willow) extract,6542
polyaminopropyl biguanide,6543
blue 1 (ci 42090) <iln36792>.,6544
mica <iln41031>.,6545
zinc oxide 10%,6546
jasminum officinale (jasmine) extract,6547
adenium obesum (desert rose) extract,6548
camellia sinensis (green tea) leaf oil,6549
aloe barbadensis powder,6550
medium self-tanning water:,6551
medium self-tanning drops:,6552
fat water toner serum:,6553
hydra vizor spf moisturizer:,6554
total cleans’r:,6555
cranberry pacs,6556
lactobacillus acidophilus,6557
lactobacillus rhamnosus,6558
lactobaciilus reuteri,6559
microcrystalline celluose,6560
bamboo extract (bambusa vulgaris)(shoots).,6561
dicapryl succinate,6562
octyldodecyl pca,6563
dunaliella salina (pink algae) extract,6564
furcellaran,6565
salicornia herbacea e.,6566
vc12-15 alkyl benzoate,6567
laminaria japonica extract,6568
pelargonium graveolens flower oil.,6569
polyglyceryl-6,6570
polyglyceryl-3 beeswaxl,6571
tangerine (citrus tangerina) oil,6572
tanacetum annuum (blue tansy) leaf oil,6573
matricaria recutita (german chamomile) essential oil,6574
ylang ylang (canaga odorata) flower oil,6575
citrus aurantium var. amara (neroli) flower oil,6576
anthemis nobilis (chamomile roman) flower oil,6577
moringa oil/ hydrogenated moringa oil esters (moringa butter),6578
c26-28 alkyl dimethicone,6579
polyphenylsilsesquioxane,6580
butyrospermum parkii (shea) butter.,6581
secale cereale seed extract / rye seed extract,6582
helichrysum italicum extract,6583
voandzeia subterranea seed extract,6584
diosmine,6585
succinic acid.,6586
bitter orange flower extract,6587
orange fruit extract,6588
orange peel oil,6589
mandarin orange peel oil,6590
basil oil,6591
grapefruit peel oil,6592
galbanum resin oil,6593
green 3 (ci 42053).,6594
pentaerythrityl adipate/ caprate/ caprylate/ heptanoate,6595
hydrogenated dilinoleyl alcohol,6596
stearoxy dimethicone,6597
c20-40 pareth-10,6598
red 22 lake (ci 45380),6599
yellow 6 (ci 15985) <iln35510>rds product name: clarifying lotion 3 (new)   division: cl (clinique)water,6600
orange 4 (ci 15510) <iln37038>rds product name: liquid facial soap oily skin frmla   division: cl (clinique)water,6601
phytonadione,6602
avobenzone (2 percent),6603
homosalate (9 percent),6604
octisalate (5 percent),6605
octocrylene (10 percent),6606
ethyl olivate,6607
ceramide np (ceramide iii b),6608
helianthus annuus (sunflower) seed wax.,6609
yucca schidigera extract,6610
chlorella pyrenoidosa,6611
juniperus communis fruit extract,6612
sodium caproyl/lauroyl lactylate,6613
peg-12 dimethicone/ppg-20 crosspolymer,6614
purifiedwater,6615
titanium dioxide 3.15% sunscreen,6616
zinc oxide 4.08% sunscreen,6617
althaea officinalis (marshmallow)root extract,6618
argania spinosa (argan) leaf extract,6619
pleiogynium timoriense (burkedin plum) fruit extract,6620
podocarpus elatus (illawarra plum) fruit extract,6621
sunflower seed extract,6622
meadowfoam seed oil,6623
cupressus sempervirens leaf oil,6624
palmitoyl tetrapeptide-72 amide,6625
syn-tc,6626
diaminobutyroyl hydroxythreonine,6627
tridecapeptide-1,6628
hamamelis virginiana water (hamamelis virginiana (witch hazel) water),6629
pyrus malus fruit extract (pyrus malus (apple) fruit extract),6630
citrus medica limonum fruit extract (citrus medica limonum (lemon) fruit extract),6631
citrus aurantium dulcis fruit extract (citrus aurantium dulcis (orange) fruit extract),6632
saccharum officinarum extract (saccharum officinarum (sugar cane) extract),6633
glycyrrhiza glabra root extract (glycyrrhiza glabra (licorice) root extract),6634
potassium jojobate,6635
lauryl lactyl lactate,6636
castor isostearate succinate,6637
peg-33,6638
peg-75 shea butter glycerides,6639
peg-14,6640
caesalpinia sappan bark extract,6641
barago officinalis (borage) flower extract,6642
oryza sativa bran oil,6643
oryza sativa germ oil,6644
10-decanediol,6645
genius liquid collagen:,6646
collagen (vegan),6647
collagen amino acids (vegan),6648
triple algae eye renewal balm with multi-peptide complex:,6649
genius ultimate anti-aging cream:,6650
oligopeptide-3,6651
oligopeptide-2,6652
myrica cerifera (bayberry) fruit extract,6653
prunus lannesiana flower extract,6654
ethyl trisiloxane,6655
titanium dioxide ci 77891,6656
15 alkane-c13,6657
fomes officinalis (mushroom) extract/fomes officinalis extract,6658
cydonia oblonga leaf extract,6659
chromium oxide greens ci 77288,6660
polyglyceryl-6 oleate.,6661
tricaprylyl citrate,6662
dioscorea villosa (wild yam) root extract,6663
ananas sativus (pineapple) fruit juice*,6664
nonapeptide-1,6665
oligopeptide-34,6666
camellia sinensis(green tea) leaf extract,6667
thymus vulgaris (thyme) flower/leaf oil,6668
origanum vulgare (oregano) leaf oil,6669
cinnamomum camphora bark oil,6670
genipa americana extract,6671
hippophae rhamnoides seed oil,6672
picea abies extract,6673
piperonyl glucoside,6674
sage flower/leaf/stem extract*,6675
rye flour,6676
willow bark extract,6677
lavender flower/leaf/stem water*,6678
maranta arundinacea root extract,6679
lannea microcarpa fruit extract,6680
vaccinium myrtillus fruit / leaf extract,6681
methyl eugenol.,6682
avena sativa (oat) kernel,6683
coco-caprylate/caprate.,6684
isochrysis galbana extract,6685
pseudoalteromonas exopolysaccharides,6686
citrus unshiu fruit extract,6687
sodium isethionate.,6688
capric triglycerides (fractionated coconut oil),6689
camellia oleifera (camellia) seed oil,6690
amaranthus squalane oil,6691
jasminum sambac (jasmine) extract.,6692
anthemis nobilis flower water,6693
olus oil (vegetable oil),6694
isosorbide disunflowerseedate,6695
olea europaea (olive) husk oil,6696
c11-15-isoalkanes,6697
ipomoea batatas rootextract,6698
vitis vinifera(grape) seed oil,6699
rosa multiflora (rose) fruit extract,6700
ci 77007 (ultramarines),6701
ci 77120 (barium sulfate).,6702
citrullus vulgaris fruit extract (citrullus vulgaris (watermelon) fruit extract),6703
lens esculenta fruit extract (lens esculenta (lentil) fruit extract),6704
oxybenzone 5.00%,6705
homosalate 5.00%,6706
octocrylene 2.70%water,6707
c30-38 olefin/isopropyl maleate/ma copolymer,6708
sodium dehydroacetate <iln37123>.,6709
amelanchier alnifolia fruit extract (juneberry),6710
iron oxides ci 77491,6711
erythritol.,6712
glycerth-26,6713
hexyldecyl stearate*,6714
cellulose*,6715
hydrogenated jojoba oil*,6716
glycerin*,6717
c14-22 alcohols*,6718
myristyl alcohol*,6719
c12-20 alkyl glucoside*,6720
myristyl glucoside*,6721
phospholipids*,6722
polyglyceryl-10 stearate*,6723
tocopherol*,6724
glycyrrhiza glabra (licorice) root extract*,6725
glucose*,6726
linalool. *plant origin.,6727
hyaluronic and polyglutamic acids: from natural origin derived from wheat and corn and soybeans,6728
moisturizes the skin.,6729
polyglutamic acid.,6730
geraniol and fragrance/parfum*.,6731
serum serum serum:,6732
vinyl dimethicone/ methicone silsesquioxane crosspolymer,6733
citrus reticulata (tangerine) peel oil,6734
retinyl linoleate,6735
ethylhexylglycer-in,6736
lithothamnium calcarum extract,6737
cetyl glyceryl ether,6738
bis-butyldimethicone polyglyceryl-3,6739
thymus serpillum extract,6740
syzygium jambos leaf extract.,6741
pyrus malus (apple) seed extract,6742
hydrogenated coconut oil,6743
gardenia taitensis flower,6744
cetyl dimethicone,6745
arnica cordifolio (arnica) flower extract,6746
matricaria discoidea (chamomile) flower extract,6747
lomatium dissectum root extract,6748
polyperfluoromethylisopropyl ether,6749
coriandrum sativum (coriander) seed oil,6750
rosmarinus officinalis (rosemary),6751
elettaria cardamomum (cardamom),6752
jasminum officinale (jasmine),6753
phenoxyethanol <iln38467>.,6754
chrondus crispus extract,6755
pelargonium graveolens flow oil,6756
origanum heracleoticum flower oil / sunflower seed oil,6757
mentha piperita oil / peppermint oil,6758
hydrogenated coco glycerides,6759
opuntia ficus-indica (prickly pear) seed oil,6760
ascophyllum nodosum (kelp) extract,6761
fragrance/flavor.,6762
chondrus crispus extract.,6763
brassica glycerides,6764
passiflora edulis (passionfruit) seed oil,6765
rosa canina (rosehip) seed oil,6766
pavlova lutheri extract,6767
spiraea ulmaria (meadowsweet) extract,6768
portulaca oleracea (purslane) extract,6769
peg/ppg-8/3 diisostearate,6770
silicone quaternium-8,6771
vitamin c (ascorbic acid),6772
potassium bicarbonate,6773
hydrolyzed marine collagen,6774
sunflower oil,6775
beet powder,6776
monk fruit.,6777
foeniculum vulgare (fennel) oil,6778
citrus medica limonum (lemon) juice,6779
ppg-6-decyltetradeceth-20,6780
peg-30 glyceryl isostearate,6781
peg-50 glyceryl isostearate,6782
potassium sorbate citric acid,6783
potassium hyaluronate,6784
sesame oil (sesamum indicum),6785
rice bran oil (oryza sativa),6786
manjishta (rubia cordifolia),6787
saffron ( crocus sativus),6788
lodh tree bark (symplocos racemosa),6789
nutgrass (cyperus rotundus),6790
vetiver (vetiveria zizanoides),6791
licorice root (glycyrrhiza glabra),6792
bay leaf (cinnamomum tamala),6793
himalayan cherry (prunus cerasoides),6794
lotus seed (nelumbo nucifera),6795
pushkarmool (inula racemosa),6796
turmeric(curcuma longa),6797
indian barberry (berberis aristata),6798
cobra saffron (mesua ferrea),6799
flame of the forest (butea menosperma),6800
priyangu (callicarpa macrophylla),6801
banyan (ficus bengalensis),6802
mustard (brassica campestris),6803
rose essential oil (rosa damascena).,6804
honokiol,6805
magnolol,6806
water/aqua/eau hydrator,6807
betaine amino acid from sugar beet molasses that helps protect against dehydration,6808
coconut oil polyglyceryl-6 esters lauric acids from coconut oil with emollient properties,6809
glycerin humectant,6810
tremella fuciformis sporocarp (silver ear mushroom) extract hydrating supermushroom,6811
sodium polyglutamate an amino acid produced by fermentation that provides silkiness and smoothness,6812
hydrolyzed hyaluronic acid low molecular weight hyaluronic acid that penetrates deeply within the skin’s surface,6813
ganoderma lucidum (reishi mushroom) extract anti-inflammaging supermushroom,6814
rosa damascena oil essential oil for fragrance,6815
santalum austrocaledonicum wood oil essential oil for fragrance,6816
pogostemon cablin oil essential oil for fragrance,6817
polyglyceryl-10 oleate an ester of oleic acid that works as an emulsifier,6818
oryza sativa (rice) bran oil emollient,6819
tocopherol antioxidant vitamin e,6820
tocotrienols antioxidant vitamin e,6821
citric acid extract derived from citrus fruits to modify the formula’s ph,6822
lonicera japonica (honeysuckle) flower extract natural preservation system,6823
lonicera caprifolium (honeysuckle) flower extract natural preservation system.,6824
acacia,6825
vitus vinifera (grape) seed oil,6826
hippophae rhamnoides fruit oil,6827
brassica oleracea italica (broccoli) seed oil,6828
avena sativa (oat) kernel extract.,6829
crocus sativus stigma extract,6830
pseudozyma epicola/evening primrose oil ferment extract,6831
hordeum vulgare leaf juice,6832
lavandula angustifolia (lavender) flower/leaf/stem water,6833
arnica montana (arnica) extract,6834
olea europaea (olive) oil,6835
ethyl ferulat,6836
rosmarinus officinalis (rosemary) leaf oil.,6837
cananga odorata flower oil*,6838
jasminum officinale (jasmine) oil*,6839
viola odorata flower/leaf extract,6840
polianthes tuberosa extract,6841
rosa roxburghii fruit extract,6842
molasses extract\\saccharum officinarum\\extrait de mélasse,6843
mica*,6844
essential oil**,6845
organic sucrose (brown sugar).,6846
beta vulgaris root extract,6847
solanum melongena fruit extract,6848
ocimum basilicum flower/leaf extract,6849
phycocyanin,6850
lavandula angustifolia oil,6851
tanacetum vulgare extract,6852
chlamydomonas reinhardtii extract,6853
cocos nucifera fruit extract,6854
rosa centifolia (rose moroccan) flower oil,6855
pinus pinaster bark extract.,6856
mel extract / honey extract,6857
cera alba / beeswax,6858
bulnesia sarmientoi wood oil,6859
citrus aurantium dulcis peel oil / orange peel oil,6860
helianthus annuus seed oil / sunflower seed oil.,6861
erythrorhizon root oil ferment filtrate,6862
malus domestica (apple fruit extract),6863
water/ aqua,6864
cera carnauba/copernicia cerifera (carnauba) wax/cire de carnauba,6865
hydrolyzed f-fucoidan,6866
pentaerythrityl,6867
tetraethylhexanoate,6868
ammonium acryloyldimethyltaurate/vp,6869
bakuchi (psoralea corylifolia) seed oil,6870
helianthus annuus (sunflower) seed cera,6871
withania somnifera (ashwagandha oil) sesamum indicum (sesame seed) oil,6872
nelumbium nucifera (lotus saffron),6873
nelumbo nucifera (lotus flower),6874
valeriana brunoniana (sugandhibala),6875
hemidesmus indicus (indian sarsaparilla),6876
mesua ferrea (cobra saffron),6877
amomum subulatum roxb (black cardamom),6878
solanum xanthocarpum (yellow-fruit nightshade),6879
solanum indicum linn (black nightshade),6880
triphala emblica officinalis (amla),6881
terminalia bellirica (bibhitaki),6882
and terminalia chebula (haritaki),6883
cyperus rotundus (nutgrass),6884
prunus cerasoides (prunus cerasoides),6885
boerhavia diffusa (punarnava),6886
glycerin niacinamide,6887
rosa damascena (rose) oil,6888
sodium magne sium silicate,6889
polylactic acid,6890
hydrogenated soybean oil,6891
flavor/aroma.,6892
colloidal silver,6893
ethyl hexanediol.,6894
salix alba bark extract,6895
hydroxyphenyl,6896
ropamidobenzoic acid,6897
acrylates/ c10-30 alkyl acrylate,6898
rosspolymer,6899
cocamidopropyl pg-dimonium chloride phosphate,6900
diatomaceous earth/solum diatomeae/terre de diatomées,6901
peg-15/lauryl dimethicone crosspolymer,6902
copernicia cerifera cera,6903
humulus lupulus extract.,6904
molasses extract/saccharum officinarum/extrait de melasse,6905
yellow 6 (ci 15985) <iln41590>.,6906
pimpinella anisum fruit extract,6907
phenoxyethanol may contain: titanium dioxide (ci 77891).,6908
zinc oxide (ci 77947).,6909
arctium lappa extract/arctium lappa root extract,6910
calendula officinalis extract/calendula officinalis flower extract,6911
althaea officinalis/althaea officinalis root extract,6912
dehydroacetic acid.,6913
dl-alpha tocopheryl nicotinate,6914
butyrospermum parkii (shea butter) unsaponifiables,6915
foeniculum vulgare fruit oil,6916
rosmarinus officinalis leaf oil,6917
may contain (+/-) titanium dioxide ci 77891,6918
red 28 lake ci 45410.,6919
niacinamide (vitamin b3,6920
skin-restoring ),6921
acetyl glucosamine (skin replenishing/antioxidant),6922
ascorbyl glucoside (vitamin c/antioxidant),6923
phospholipids (skin replenishing),6924
glycerin (hydration/skin replenishing),6925
glycyrrhiza glabra root extract (licorice extract/skin-soothing),6926
ubiquinone (antioxidant),6927
epigallocatechin gallate (antioxidant),6928
beta-glucan (skin-soothing/antioxidant),6929
panthenol (skin replenishing),6930
carnosine (antioxidant),6931
genistein (antioxidant),6932
citric acid (ph balancing),6933
sodium citrate (ph balancing),6934
sodium hydroxide (ph balancing),6935
xanthan gum (texture-enhancing),6936
ethylhexylglycerin (preservative),6937
cetyl betaine,6938
peg-50 shea butter,6939
ammonium bicarbonate,6940
hydrolyzed adansonia digitata extract,6941
epigallocatechin gallatyl glucoside.,6942
beheneth-25,6943
polyglyceryl-10 pentaoleate,6944
yellow 5 lake (ci 19140).,6945
lavandula spica (lavender) flower/leaf/stem extract,6946
ligustrum lucidum seed extract,6947
rosmarinus,6948
officinalis (rosemary) flower/leaf/stem extract,6949
mentha piperita (peppermint) flower/leaf/stem extract,6950
luffa cylindrica root extract,6951
cocos nucifera oil / coconut oil,6952
cera alba / beeswax / cire d’abeille,6953
ricinus communis seed oil / castor seed oil,6954
candelilla cera / candelilla wax / cire de candelilla,6955
theobroma cacao seed butter / cocoa seed butter,6956
helianthus annuus seed cera / sunflower seed wax,6957
salix nigra bark extract / willow bark extract,6958
acacia decurrens flower cera / acacia decurrens flower wax,6959
benzyl cinnamate,6960
witch hazel.,6961
myristyl malate phosphonic acid,6962
parfum (fragrance) (245/059).,6963
polymethylsilesquioxane,6964
eau).,6965
hypochlorous acid.,6966
silica nano/silica,6967
cocos nucifera fruit juice/coconut fruit juice,6968
hamamelis virginiana water/witch hazel water,6969
avena sativa kernel flour/oat kernel flour,6970
trisodium edta.,6971
evaporated cane juice,6972
vegetable glycerin,6973
natural orange flavor,6974
natural annatto color,6975
carnauba wax.,6976
acrylates/vinyl isodecanoate crosspolymer,6977
caprylic,6978
capric triglyceride,6979
phytosteryl,6980
octyldodecyl lauroyl glutamate/tocopherol/jasminum officinale (jasmine) oil/citrus aurantium amara (bitter orange) leaf,6981
twig (cinammon) oil/vetiveria zizanoides root (vetivier) oil/cocos nucifera (coconut) oil.,6982
l-proline,6983
hydrolyzed adansonia digitata seed extract,6984
avocado ceramide moisture barrier cleanser:,6985
myristamidopropyl betaine,6986
jasminum officinale flower/leaf extract,6987
cucumis melo fruit extract,6988
corallina officinalis extract.,6989
watermelon glow pha +bha pore-tight toner:,6990
strawberry smooth bha + aha salicylic serum:,6991
azelamidopropyl dimethyl amine,6992
opuntia ficus-indica (prickly pear) flower extract,6993
fragrance/parfum.*,6994
plum plump hyaluronic cream:,6995
sea water/maris aqua/eau de mer,6996
rosmarinus officinalis (rosemary) leaf/stem oil,6997
mentha piperita (peppermint) flower/leaf/stem oil,6998
citrus aurantium dulcis,6999
(orange) peel oil,7000
bursera graveolens (palo santo) wood oil,7001
tetraselmis suecica extract,7002
phenoxyethanol <iln36231>rds product name: dramatically different mo ltn +   division: cl (clinique)water,7003
mineral oil/paraffinum liquidum/huile minerale,7004
red 33 (ci 17200) <iln39477>rds product name: clarifying lotion 2 (new)   division: cl (clinique)water,7005
persea gratissima oil/avocado oil.,7006
¬glycyrrhiza glabra (licorice) root extract,7007
cedrus atlantica bark extract,7008
silica dimethyl silylate. may contain +/-: titanium dioxide ci 77891,7009
mica ci 77019,7010
iron oxides ci 77492,7011
iron oxides ci 77491.,7012
squalane (olive origin),7013
fragrance (natural),7014
stearyl glycyrrhetinate (licorice extract),7015
oryzanol (rice bran oil extract),7016
phytosteryl macadamiate (macadamia),7017
inositol (rice extract),7018
glycolipidscocos nucifera (coconut) fruit extract,7019
iron oxide (ci77492),7020
iron oxide (ci77491),7021
iron oxide (ci77499),7022
zinc oxide (15%),7023
lavandula hybrida abrial herb oil,7024
polyurethane crosspolymer-1,7025
fruit enzymes water/eau,7026
mangifera indica (mango) pulp extract and musa sapientum (banana) pulp extract,7027
turmeric (curcuma longa),7028
papaya enzyme (papain),7029
saffron (crocus sativus),7030
lotus seed (nelumbo nucifera) and licorice root (glycyrrhiza glabra).,7031
benzoic acid. may contain (+/-): red 4 (ci 14700).,7032
shave pillow:,7033
europaea (olive) fruit oil,7034
opuntia ficus-indica stem water,7035
coriolus versicolor (mushroom) extract,7036
xiyuan jade,7037
silver-plated iron.,7038
gardenia taitensis (gardenia) flower extract,7039
aminobutyric acid,7040
passiflora edulis (passion) fruit extract,7041
menadione,7042
polyvinyl alcohol.,7043
cannabis sativa seed oil.,7044
apium graveolens (celery) seed extract,7045
angelica archangelica root extract,7046
sorbitan trioleate,7047
limonene. linalool,7048
vinolevure: strengthens,7049
moisturizes,7050
and tones.,7051
sesame seed (sesamum indicum) oil,7052
ashwagandha (withania somnifera),7053
lotus flower (nelumbo nucifera),7054
sugandh-bala (valeriana brunoniana),7055
indian sarsparilla (hemidesmus indicus),7056
green cardamom (elettaria cardamom),7057
black cardamom (amomum subulatum),7058
yellow-fruit nightshade (solanum xanthocarpum),7059
badi kateri (solanum indicum linn),7060
triphala powder amla (emblica officinalis),7061
bibhitaki (terminalia bellirica),7062
and haritaki (terminalia chebula),7063
punarnava (boerhavia diffusa),7064
rice (oryza sativa) powder,7065
sweet almond (prunus amygdalus dulcis) oil,7066
dehydoacetic acid,7067
geranium (pelargonium graveolens flower) essential oil,7068
rose essential oil (rosa damascena),7069
chlorophyll.,7070
rosa canina fruit oil.,7071
silk créme activator:,7072
water sodium cocoyl isethionate,7073
caprae lac (goat milk,7074
lait de chévre),7075
mel extract (honey extract,7076
hydrolyzed ganoderma lucidum (mushroom) extract,7077
sanctum leaf extract,7078
avena sativa (oat) kernel protein,7079
lavandula angustifolia (lavender) oil.,7080
lip sleeping mask chocolate:,7081
phytosteryl/,7082
isostearyl/cetyl/stearyl/behenyl dimer dilinoleate,7083
hydrogenated poly (c6-14,7084
olefin),7085
sucrose tetra stearate triacetate,7086
euphorbia cerifera (candelilla) wax/euphorbia cerifera cera/,7087
cire de candelilla,7088
astrocaryum murumuru,7089
seed butter,7090
(ci 77491),7091
oxides (ci 77492),7092
vitis,7093
vinifera (grape) juice.,7094
citronellol.(315/011),7095
cannabis sativa flower,7096
stem,7097
leaves (full spectrum cbd),7098
simmondsia chinensis (jojoba) oil,7099
sh-polypeptide-123 (vegan collagen),7100
sesame (sesamum indicum) oil,7101
manjistha (rubia cordifolia),7102
titanium dioxide 1.93%,7103
zinc oxide 19.24%,7104
stearyl phosphate,7105
qua/water/eau,7106
tilia platyphyllos flower extract,7107
verbena officinalis leaf extract,7108
coumarin.(260/013),7109
aloe barbedensis (aloe) leaf juice,7110
eugenia caryophyluss flower oil,7111
curcuma zedoaria root oil,7112
zingiber officinale root oil,7113
abies pectinata leaf oil,7114
foeniculum vulgare oil,7115
dimethicone (hydration/skin-softening),7116
pentaerythrityl tetraisostearate (texture enhancer/stabilizer),7117
arachidyl alcohol (texture enhancer/stabilizer),7118
glyceryl polymethacrylate (film-forming agent),7119
polysorbate 20 (emulsifier),7120
retinol (vitamin a/skin-restoring),7121
glycyrrhiza glabra (licorice) root extract (skin-soothing/antioxidant),7122
avena sativa (oat) kernel extract (skin-soothing/antioxidant),7123
arctium lappa (burdock) root extract (skin-soothing/antioxidant),7124
salix alba (willow) bark extract (skin-soothing/antioxidant),7125
glycine soja (soybean) sterols (skin-replenishing),7126
hydrolyzed soy protein (skin-softening),7127
dipeptide-2 (skin-restoring),7128
polygonum cuspidatum root extract (antioxidant),7129
peg-8 (texture enhancer),7130
chrysin (skin-softening),7131
pentylene glycol (slip agent),7132
sodium acrylates copolymer (film-forming agent),7133
steareth-20 (emulsifier),7134
hydroxyethyl acrylate/sodium acryloyldimethyl taurate copolymer (texture enhancer),7135
cetearyl alcohol (emollient),7136
coco-glucoside (surfactant),7137
hesperidin methyl chalcone (antioxidant),7138
n-hydroxysuccinimide (skin-softening),7139
benzoic acid (preservative),7140
vigna aconitifolia seed extract,7141
jasminum officinale flower extract / jasmine flower extract,7142
rosa damascena flower oil.,7143
neopentyl glycol diisostearate,7144
cola nitida (kola) nut extract,7145
calluna vulgaris (heather) extract,7146
glycyrrhizic acid,7147
phenoxyethanol <iln40726>.,7148
polyglyceryl-6 polyhydroxystearate,7149
fucus spiralis extract,7150
tetraselmis chui extract,7151
bergamot/grapefruit/orange/tangerine fruit ferment extract,7152
pinus strobus bark extract,7153
medium chain triglycerides (mct),7154
sodium malate,7155
organic tapioca starch,7156
vegetable juice (color).,7157
cire d’abeille),7158
raspberry seed oil /tocopheryl succinate aminopropanediol esters,7159
ricinus communis seed oil,7160
acacia decurrens flower cera,7161
euphorbia cerifera cera (candelilla wax),7162
pentaerythrityl tetra-di-t-butyl hydroxyhydrocinnamate.,7163
hamamelis virginiana (witch hazel) l methyl cocoyl taurate,7164
lactobacillus/punica granatum (pomegranate) fruit ferment extract,7165
dehydroacetic acid (dha),7166
caesalpinia sappan bark extract.,7167
squalane.,7168
the balance ph balancing gel cleanser:,7169
sodiumcocoylisethionate,7170
zingiber officinale(ginger) root extract,7171
peg-9polydimethylsiloxyethyl dimethicone,7172
chlorella vulgarisextract,7173
olive oil peg-7 esters,7174
tocopheryl acetate (vitamin e/antioxidant).,7175
peg-4 diheptanoate,7176
dicetyl phosphate,7177
ceteth-10 phosphate,7178
iron oxides (ci 77491) <iln44484>.,7179
cryptomeria japonica bud extract,7180
cannabis sativa (hemp) seed extract,7181
prunus avium (sweet cherry) flower extract,7182
polyglyceryl-10 pentastearate,7183
red 33 (ci 17200) <iln41207>.,7184
ionized water,7185
sodium magnesium,7186
fluorosilicate,7187
inulin (root) (jerusalem artichoke),7188
lactospore (100 billion cfu/g bacillus coagulans),7189
clear vegetarian capsule,7190
colloidal silicon dioxide,7191
long grain white rice flour.,7192
hydrogenated poly(c6-12 olefin),7193
pol-yethylene,7194
mag-nesium ascorbyl phosphate,7195
steareth-30,7196
atelocollagen,7197
butylphenyl methylpropional.,7198
water dihydroxyacetone,7199
helianthus annuus (sunflower) seed butter,7200
squalane (plant derived),7201
lithospermum erythrorhizon (gromwell) root extract,7202
achillea millefolium (yarrow) oil,7203
juniperus communis (juniper berry) fruit oil,7204
sambucus nigra (elderberry) fruit extract,7205
rhodiola rosea (rhodiola root),7206
astragalus membranaceus (astragalus root),7207
taraxacum officinale (dandelion root),7208
angelica archangelica (angelica root),7209
rosemary officinalis (rosemary) extract,7210
indigofera tinctoria (indigo) extract,7211
tanacetum annuum (blue tansy) oil.,7212
water**,7213
tapioca starch**,7214
ascorbyl glucoside**,7215
camelina sativa seed oil**,7216
cetyl alcohol**,7217
helichrysum italicum flower oil*,7218
myrtus communis oil*,7219
borago officinalis seed oil*,7220
helichrysum italicum extract*,7221
echium plantagineum seed oil**,7222
menyanthes trifoliata leaf extract**,7223
bellis perennis (daisy) flower extract**,7224
rosmarinus officinalis (rosemary) leaf extract**,7225
mel/honey**,7226
polysorbate 60**,7227
sodium hyaluronate**,7228
sodium citrate**,7229
palmitic acid**,7230
cetyl palmitate**,7231
cetearyl glucoside**,7232
c.e.o rapid flash brightening serum:,7233
luna sleeping night oil:,7234
tanecetum annuum (blue tansy) oil,7235
eriocephalus punctulatus (cape chamomile) oil,7236
copper lysinate /prolinate,7237
pinus nigra bud/needle extract,7238
polyglyceryl-5 laurate,7239
tin oxide. +/- (may contain/peut contenir): mica,7240
octocrylene 7%: sunscreens.,7241
steareth-100,7242
phenoxyethanol <iln42692>.,7243
aqua (water) butylene glycol,7244
ethyl menthane carboxamide,7245
argan oil,7246
hibiscus sabdariffa flower extract*,7247
maris aqua,7248
ophiopogon japonicas root extract,7249
polyglyceryl 6 oleate,7250
sodium surfactin.,7251
parfum (fragrance).(263/026),7252
hydrolyzed bovine collagen,7253
aloe powder (leaf) (aloe barbadensis),7254
ceramosides standardized gluten-free wheat ceramide extract (triticum vulgare),7255
grape extract (seed) (vitis vinifera ),7256
green algae (whole plant) (haematococcus pluvialis),7257
sodium hyaluronate powder (hyaluronic acid),7258
hard gelatin elongated capsule,7259
magnesium stearate (vegetable grade),7260
silicon dioxide (silica),7261
zinc oxide 15%,7262
garcinia cambogia fruit extract,7263
wasabia japonica root extract,7264
laurus nobilis leaf extract,7265
diospyros kaki leaf extract,7266
sophora japonica fruit extract,7267
artemisia princeps extract,7268
polyglyceryl-6 dioleate,7269
diphenyl siloxy phenyl trimethicone,7270
cyclo pentasiloxane,7271
trimethylsilo xysilicate,7272
glycerylstea rate,7273
polyacry late-13,7274
lavan dula angustifolia (lavender) flower water,7275
hydroxyci tronellal,7276
alphaisomethyl ionone,7277
pen tylene glycol,7278
bra ssica oleracea italica (broc coli) extract,7279
hibiscus abelmo schus extract,7280
magnesium sul fate,7281
toco pherol,7282
pota ssium sorbate,7283
manganese sul fate,7284
homosalate 9.0%,7285
octocrylene 9.0%,7286
hydrogenated sunflower seed oil polyglyceryl-3 esters,7287
hydrogenated sunflower seed oil glyceryl esters,7288
cetyl caprylate,7289
persea gratissima (avocado) sterols,7290
titanium dioxide (ci 77891) <iln39593>.,7291
skinax2 proprietary blend of grape seed extract,7292
melon fruit concentrate,7293
zinc citrate,7294
ascorbic acid (coated),7295
amla extract (fruit) (emblica officinalis gaertn),7296
pine extract (bark) (pinus pinaster),7297
camu-camu (myrciaria dubia),7298
natural beta-carotene,7299
hard vegetarian capsule (hypromellose),7300
silicon dioxide (silica).,7301
gleditsia triacanthos seedextract,7302
silica dimethyl silicate,7303
salix alba (white willow bark) extract,7304
taraxacum officinalis (wild dandelion) flower extract,7305
citrus lemon peel oil,7306
hydroxypinacolone,7307
butyrospermum parkii(shea) butter,7308
chlorogenic acids,7309
lifting phase:,7310
pentaclethra macroloba seed oil,7311
melia azadirachta leaf,7312
lavandula spica (lavender) flower oil,7313
firming phase:,7314
cistus monspeliensis flower/leaf/stem extract,7315
acer rubrum extract,7316
caffeyl glucoside,7317
cicapair tiger grass serum:,7318
cicapair tiger grass cream:,7319
cicapair tiger grass color correcting treatment spf 30:,7320
isotridecyl isononanoate,7321
polyme- thylsilsesquioxane,7322
iron oxides(ci 77492),7323
iron oxides(ci 77491),7324
zein,7325
gossypium herbaceum (cotton) extract,7326
anastatica hierochuntica extract,7327
asiatic acid.,7328
smilax aristolochiifolia root extract,7329
sodium olivate,7330
c13-16 isoparafﬁn,7331
saccharum ofﬁcinarum (sugar cane) extract,7332
octyldodecyl stearate,7333
polyglyceryl-3-stearate,7334
acetyl citrull amido arginine,7335
lavender oil,7336
ascorbic acid polypeptide,7337
grape fruit extract,7338
anthemis nobilis flower oil. (244/021).,7339
lithium magnesium sodium silicate (nano),7340
colloidal sulfur,7341
pentaerythrityl adipate/caprate/caprylate/heptanoate,7342
panax ginseng seed oil,7343
panax ginseng leaf/stem extract,7344
tetrahydropiperine,7345
ilomastat,7346
ethylbisiminomethylguaiacol manganese chloride.,7347
dimethyl capramide,7348
tocopherylacetate,7349
caprylylglycol,7350
hydrolyzed rice protein/hydrolyzed vegetable protein,7351
hibiscus sabdariffa fruit extract/hibiscus sabdariffa flower extract,7352
hydrolyzed sodium hyaluronate/sodium hyaluronate,7353
palmitoyl tripeptide-37,7354
limonene (314/002).,7355
grape (vitis vinifera) seed extract,7356
coq10,7357
lutein,7358
zeaxanthin,7359
isomalto-oligosaccharides,7360
rebaudioside a,7361
acrylates/ethylhexyl acrylate crosspolymer,7362
sclerocarya birrea seed butter,7363
prunus amygdalus dulcis oil,7364
rosa centifolia flower wax,7365
citrus australasica fruit extract,7366
butyrospermum parkii butter extract,7367
lippia citriodora flower extract,7368
oenothera biennis seed extract,7369
hadasei-3,7370
water** (and) argania spinosa (argan),7371
kernel oil* (and) propanediol** (and) glyceryl caprylate** (and),7372
glyceryl undecylenate** (and) phosphatidylglycerol** (and),7373
sodium benzoate** (and) xanthan gum** (and) citric acid**. *organic. **natural.,7374
benzalkonium chloride.,7375
ethyl phenylacetate,7376
alteromonas ferment filtrate,7377
sea salt (maris sal,7378
sal marin),7379
chrysanthe-mum parthenium (feverfew) extract,7380
pentylene glycol / ethylhexylglycerin.,7381
linum usitatissimum (flaxseed) seed oil,7382
ci 77491 (iron oxide).,7383
stellaria media (chickweed) extract*+,7384
adansonia digitata (baobab) seed extract,7385
vitis vinifera (grape) vine sap,7386
citrus aurantium dulcis (orange) peel oil**,7387
citrus aurantifolia (lime) oil**,7388
rosmarinus officinalis (rosemary) leaf oil**,7389
macadamia seed oil polyglyceryl-6 esters behenate,7390
coconut flower sugar,7391
rosa meichibon/delgramaue callus,7392
pentaerythrityl tetra-di-t-butyl hydroxyhydro-cinnamate,7393
biotin.,7394
vaccinium vitis-idaea (lingonberry) seed oil,7395
ci77499 (iron oxides),7396
petroselinum crispum (parsley) seed oil,7397
glucosamine,7398
fragrance/parfum*. *100% naturally derived.,7399
ci 42090 / blue 1,7400
hippophae rhamnoides (seabuckthorn) fruit oil,7401
passiflora edulis (maracuja) seed oil,7402
mentha piperita (peppermint indian) leaf oil,7403
yeast (faex) powder,7404
juniperus virginiana (cedarwood) oil,7405
copernicia cerifera cera (copernicia cerifera (carnauba) wax,7406
cire de carnauba),7407
cyamopsis tetragonoloba,7408
(guar) gum,7409
sapindus mukurossi fruit extract,7410
titanium dioxide (ci 77891) <iln42024>.,7411
jojoba seed oil/macadamia seed oil esters,7412
cucurbita pepo (pumpkin) seed oil,7413
apple cider vinegar,7414
peg-240/hdi copolymer bis-decyltetradecet-20 ether,7415
polymethylsilsequioxane,7416
calluna vulgaris extract,7417
dispacus sylvestris extract,7418
crysanthemum parthenium (feverfew) extract,7419
avena sative (oat) kernel extract*,7420
stellaria media (chickweed( extract*+,7421
malt extract,7422
triticum vulgare (wheat) sprout extract,7423
urticadioicia (nettle) leaf extract+,7424
curcuma longa (tumeric) root extract,7425
citrus aurantium dulcis (orange) peel oil++,7426
citrus aurantifolia (lime) oil++,7427
pelargonium graveolens flower oil++,7428
rosmarinus officinalis (rosemary) leaf oil++,7429
linalool. *napiers original formula. +napiers aqua formula. ++fragrances.,7430
vaccinium corymbosum (blueberry) seed,7431
quaternium-90 sepiolite,7432
quaternium-90 montmorillonite,7433
hippophae rhamnoides (seabuckhorn) kernel oil,7434
*fragrance (parfum),7435
oryza sativa (rice) bran extract.,7436
rosa damascena flower extract.,7437
octyldoecanol,7438
polygyceryl-2 caprate,7439
montmorillonoite,7440
dehydeoacetic acid,7441
aloe barbadensis leaf powder,7442
melissa officinalis leaf oil.,7443
cetearylphosphate,7444
ci 75810(chlorophyllin-coppercomplex).,7445
poria cocos polysaccharide,7446
batyl,7447
trimethylolpropane triethylhexanoate,7448
tetradecene,7449
ascorbyl dipalmitate.,7450
cholesteryl nonanoate,7451
cholesteryl oleyl carbonate,7452
cholesteryl chloride,7453
magnolia acuminata bark extract,7454
lithospermum officinale extract,7455
agaricus bisporus (mushroom) extract,7456
+/-: titanium dioxide (ci 77891),7457
iron oxides (ci 77492,7458
purpose avobenzone 2.0%,7459
sunscreen homosalate 5.0%,7460
sunscreen octisalate 5.0%,7461
sunscreen octocrylene 5.0%,7462
hydroxyethyl acrylate/sodium acryloyldimethyl taurate co- polymer,7463
avena,7464
sativa (oat) kernel extract,7465
ammonium acryloyl dimethyltaurate/vp copolymer,7466
kalan- choe pinnata leaf extract,7467
anthriscus sylvestris extract,7468
lap- sana communis flower/leaf/stem extract v3818a.,7469
octyldodecanolsynthetic wax,7470
salix alba bark extract/salix alba (willow) bark extract,7471
*behenyl alcohol,7472
*batyl alcohol,7473
kojic acid dipalmitate,7474
gluthathione,7475
turmeric butter,7476
dimethylmethoxy chromanyl palmitate,7477
peg-10 stearate,7478
orchis mascula (orchid) flower extract,7479
cananga odorata (ylang ylang) flower extract,7480
cucumis melo cantalupensis (cantaloupe) fruit extract,7481
rose gallica flower extract,7482
cinnamomum cassia (cinnamon) bark extract,7483
coffea arabica (coffee) leaf/seed extract,7484
calanthe discolor extract,7485
eucalyptus globululs leaf oil,7486
nelumbo nucifera germ extract,7487
lactobacillus/hibiscus sabdariffa flower ferment filtrate,7488
ganoderma lucidum (mushroom) stem extract.,7489
distearyl ether,7490
sodium methylparaben,7491
cetearyl  alcohol,7492
stearyl  alcohol,7493
ceramide  np,7494
ceramide  ap,7495
ceramide  eop,7496
glutamic    acid,7497
ci77491 (red iron oxide),7498
ananas sativus fruit extract/pineapple fruit extract,7499
faex extract/yeast extract,7500
simmondsia chineses (jojoba) seed oil,7501
ribes nigrum (black current) seed oil,7502
limonene*,7503
linalool *,7504
red 33 (ci 17200). *allergen.,7505
citrus aurantium amara (bitter orange) fruit extract,7506
citrus reticulata (tangerine) fruit extract,7507
citrus aurantium sinensis peel extract,7508
potassium myristate,7509
potassium behenate,7510
potassium palmitate,7511
potassium sterate,7512
cholesteryl hydroxystearate,7513
\rglycerin,7514
\rglyceryl stearate,7515
anadenanthera colubrina bark extract,7516
oleth-10 phosphate,7517
chlorphenesin <iln41757>.,7518
silk powder,7519
iron oxide (ci 77491). *hadasei-3.,7520
polyglyceryl-2 isostearate,7521
disodium sebacoyl bis-lauramidolysine,7522
pentapeptide-48.,7523
glo whitening gels (glo vials):,7524
glo vegan lip care:,7525
myrica cerifera (bayberry) wax,7526
medium chain triglyceride,7527
copernicia cerifera (carnauba) wax *,7528
monoammonium glycyrrhizinate,7529
ethyl alcohol,7530
diethylhexyl 2,7531
6-naphthalate,7532
lentinus edodes (shiitake mushroom) extract,7533
hydrogenated soy polyglycerides,7534
c15-23 alkane,7535
supports a balanced skin microbiome for a healthy and protected skin barrier.,7536
leptospermone,7537
flavesone,7538
isoleptospermone,7539
coconut alkanes**,7540
oleyl lactate**,7541
dimethyl isosorbide**,7542
isosorbide disunflowerseedate**,7543
isostearyl lactate**,7544
glyceryl lino- leate**,7545
psoralea corylifolia seed**,7546
eclipta prostrata (false daisy) extract**,7547
cocos nucifera (coconut) oil**,7548
glyceryl oleate**,7549
quercus suber (oak) bark extract**,7550
glyceryl palmitate*,7551
ptero- carpus marsupium bark extract**,7552
hydrogenated vegetable oil**,7553
dipalmitoyl hydroxyproline**,7554
melia azadirachta (neem) leaf extract**,7555
glyceryl linolenate*,7556
glyceryl stea- rate*,7557
oak root extract**,7558
crithmum maritimum (sea fennel) extract**,7559
moringa oleifera seed oil**,7560
water (aqua)**,7561
toco- pherol**,7562
glycine soja (soybean) oil*.,7563
hexanoyl dipeptide-3 norleucine acetate,7564
2-hexanedoil,7565
vinyle dimethicone,7566
eryngium maritimum callus culture diltrate,7567
fusidium coccineum ferment filtrate,7568
diethiconol,7569
methylpropanedoil,7570
melisa azadirachta leaf extract,7571
bamboo vinegar,7572
ethylhexlglycerin,7573
solanum meaongena (eggplant) fruit extract,7574
carallina officinalis extract,7575
moringa olefiera seed oil,7576
glycolic acid*,7577
lactic acid*,7578
cetearyl alcohol^,7579
phytosteryl/ isostearyl/cetyl/stearyl/behenyl dimer dilinoleate,7580
chrondrus crispus extract,7581
lechithin,7582
astrocaryum murumuru butter,7583
longifolene,7584
beta-caryophyllene,7585
mentha piperita (peppermint),7586
perilla aldehyde,7587
chloroxylenol,7588
behentrimonium chloride,7589
ci 77891 /titanium dioxide,7590
polygonum fagopyrum seed extract/buckwheat seed extract,7591
bis-peg/ppg-16/16 peg/ppg- 16/16 dimethicone,7592
parfum/fragrance &bull,7593
(f.i.l. : b257052/2).,7594
opuntia coccinellifera flower extract,7595
ci 77510 (ferric ferrocyanide),7596
bis-diglyceryl poly-acyladipate-2,7597
ethylene/propylene/styrene co-polymer,7598
benzo-triazolyl dodecyl p-cresol,7599
pentaerythrityl tetra-di-t-butyl hydroxyhydrocinna-mate,7600
ci 15850 (red 7),7601
ci 15985 (yellow 6 lake),7602
stellaria media (chickweed) extract+ **,7603
equisetum arvense leaf extract**,7604
urtica dioica (nettle) leaf extract**,7605
avena sativa (oat) kernel extract+,7606
calendula officinalis flower extract+,7607
nepeta cataria extract+,7608
rubus idaeus (raspberry) leaf extract+,7609
baptisia tinctoria root extract+,7610
paeonia officinalis flower extract,7611
decyl glucoside**,7612
disodium coco-glucoside citrate**,7613
disodium cocoyl glutamate**,7614
polyglyceryl-10 laurate**,7615
xanthan gum**,7616
saccharide isomerate**,7617
coco-glucoside**,7618
sodium lauroyl lactylate**,7619
sodium cocoyl glutamate**,7620
althaea officinalis root extract*,7621
ananas sativus (pineapple) fruit extract**,7622
lactic acid**,7623
citric acid**,7624
salix alba (willow) bark extract**,7625
lactobacillus ferment**,7626
potassium sorbate**,7627
sodium benzoate**,7628
tocopherol**,7629
hydrogenated palm glycerides citrate**.**naturally derived.,7630
astrocaryum tucuma seed butter,7631
bacillus,7632
yeast beta-glucan,7633
citrus junos fruit extract.,7634
hydrogenated lecithin (soy origin),7635
gold.,7636
oligopeptide-1.,7637
poloxamer 188,7638
heptyl glucoside*,7639
capryl/capramidopropyl betaine,7640
sodium levulinate*,7641
sodium anisate*,7642
citric acid*,7643
potassium sorbate (067/178) *plant origin.,7644
konjac root extract (amorphophallus konjac),7645
proprietary formula containing: bacillus subtilis de111,7646
lactobacillus acidophilus (la-14),7647
bacillus coagulans (snz1969),7648
lactobacillus paracasei (lpc-37),7649
bifidobacterium lactis hn019,7650
bifidobacterium lactis (bi-07),7651
lactobacillus salivarius (ls-33),7652
lactobacillus rhamnosus hn001,7653
bifidobacterium lactis (bi-04),7654
rice dextrin,7655
vegetable capsule (hypromellose,7656
water),7657
mct (medium-chain triglycerides).,7658
lycopene,7659
vitis vinifera (grape) skin extract,7660
ethyl lauroyl arginate hcl,7661
ferric ferrocyanide (ci 77510),7662
isostearic acid.,7663
cerium oxide,7664
platinum powder,7665
hydrolyzed hibiscus esculentus extract,7666
water/aqua/eau*,7667
butylene glycol*,7668
glyceryl stearate*,7669
octyldodecanol*,7670
hydrogenated olive oil unsaponifiables*,7671
cetyl alcohol*,7672
silica*,7673
tribehenin*,7674
beeswax/cera alba/cire d’abeille*,7675
c9-12 alkane*,7676
octyldodecyl pca*,7677
dunaliella salina (pink algae) extract*,7678
beta-carotene*,7679
coffea arabica (coffee) seed extract*,7680
caffeine*,7681
biosaccharide gum-1*,7682
sodium hyaluronate*,7683
quercetin*,7684
physalis alkekengi calyx extract*,7685
squalene*,7686
helianthus annuus (sunflower) seed wax*,7687
fructose*,7688
cetearyl alcohol*,7689
sodium stearoyl lactylate*,7690
oleic acid*,7691
sorbitan caprylate*,7692
xanthan gum*,7693
sodium stearoyl glutamate*,7694
sucrose palmitate*,7695
sodium phytate*,7696
maltodextrin*,7697
lecithin*,7698
glyceryl linoleate*,7699
caprylic/capric triglyceride*,7700
ascorbyl palmitate*,7701
titanium dioxide (ci 77891)*,7702
ci 77499)*.,7703
rosa moschata seed,7704
oenothera biennis,7705
(evening primrose) oil,7706
leaf extract,7707
annuus (sunflower) seed oil,7708
silica cetyl silylate,7709
cymbopogon schoenanthus oil.,7710
hydrogenated lecithin. may contain (+/-): ci 77491,7711
ci 77499 (iron oxides).,7712
bacillus/folic acid ferment extract,7713
opuntia ficus-indica (prickly pear) stem extract*,7714
aristotelia chilensis (maqui berry) fruit extract,7715
moringa oleifera (moringa) leaf extract,7716
melia azadirachta flower (neem) extract,7717
ocimum basilicum (holy basil) flower/leaf extract,7718
corallina officinalis (red algae) extract,7719
sodium silicate,7720
sodium magnesium fluorosilicate,7721
argania spinosa kernel extract,7722
foeniculum vulgare (fennel) seed extract,7723
peg/ppg-18 /18 dimethicone,7724
triethyl citrate.,7725
octisalate 3.9%,7726
algae extract (organic),7727
citrus aurantium dulcis (organic orange) fruit water,7728
juniperus communis callus extract,7729
paeonia lactiflora leaf cell extract,7730
phoenix dactilyfera (date) leaf cell extract,7731
goat milk powder,7732
rosa gallica flower powder,7733
melaleuca alternifolia (tea tree) leaf extract,7734
gloiopeltis furcata extract,7735
glycyrrhiza glabra (licorice) rhizome/root,7736
fructooligosacchadrides,7737
camphor silica,7738
methyl methacrylate crosspolymer.,7739
polyglyceryl-6 dicaprate,7740
potassium olivate,7741
glyceryl laurate.,7742
copper,7743
chlorella,7744
spirulina,7745
msm,7746
beet root powder,7747
red clover extract,7748
dandelion leaf,7749
oregon grape root,7750
matcha green tea,7751
alpha lipoic acid.,7752
serum:,7753
glycereth-25 pca isostearate,7754
retinol powder:,7755
magnesium stearate.,7756
palmitoyl dipeptide-5 diaminohy-hydroxybutyrate,7757
benzoyl peroxide 5%,7758
peg-40 sterate,7759
hydrogenated methyl abeitate,7760
phenoxyethanol. -five percent benzoyl peroxide: helps diminish the look of blemishes.,7761
ormenis multicaulis flower wax,7762
oryza sativa cera (oryza sativa (rice) bran wax),7763
hydrogenated sunflower seed oil,7764
ci 42090 (blue 1 lake),7765
morinda citrifolia fruit juice,7766
glyceryl hydroxystearate,7767
pinus sylvestris (pine) leaf oil,7768
citrus aurantium dulcis (orange) peel,7769
eucalyptus,7770
globulus leaf oil,7771
ononis spinosa root extract,7772
sorbitan sesquiisostearate,7773
carboxydecyl trisiloxane,7774
citrus aurantium dulcis (orange) callus culture extract,7775
olive oil glycerth 8 esters,7776
aqua/water /eau,7777
hydrolyzed linseedextract,7778
polyacrylatecrosspolymer-6,7779
polysorbate20,7780
caprylyl,7781
acrylamide/sodium acryloyldimethyltauratecopolymer,7782
(f.i.l. b260371/2).,7783
ci 40800/beta-carotene,7784
alcohol  denat.,7785
hamamelis virginiana,7786
water/witch hazel water,7787
ammonium  polyacryloyldimethyl taurate,7788
capryloyl,7789
lavandula  angustifolia oil/lavender oil,7790
cymbopogon,7791
schoenanthus oil,7792
rosmarinus officinalis leaf oil/rosemary leaf oil.,7793
vaccinium corymbosum (cold pressed blueberry) seed oil,7794
vitis vinifera (cold pressed chardonnay grape seed oil) seed oil,7795
daucus carota sativa (cold pressed wild carrot) seed oil,7796
nigella sativa (cold pressed black cumin) seed oil,7797
brassica oleracea italic (cold pressed broccoli) seed oil,7798
limnanthes alba (meadowfoam) seed oil.,7799
beheneth-5,7800
octyldodecyl citrate crosspolymer,7801
polyester-25,7802
glyceryl dioleate.,7803
nylon-11,7804
polyglycerin-3.,7805
polyquaternium-22.,7806
zeamays (corn) starch,7807
sodium cocoylglutamate,7808
avenasativa (oat) kernel protein,7809
camellia oleifera seed extract,7810
cassia hydroxypropyltrimoniumchloride,7811
lauryl methacrylate/glycol dimethacrylatecrosspolymer,7812
avenasativa (oat) kernel extract,7813
avenasativa (oat) bran extract,7814
anibarosodora(rosewood) wood oil,7815
chamomilla recutita(matricaria) flower oil,7816
cucurbita pepo (pumpkin) fruit extract,7817
perilla ocymoidesleaf extract,7818
sea salt (maris sal),7819
castorylmaleate,7820
lauroyllysine,7821
sodium lauroylglutamate,7822
sodium palmitate,7823
tripeptide-10 citrulline,7824
dipeptide diaminobutyroyl  benzylamide diacetate,7825
cannabis (hemp) sativa seed oil,7826
caprylic/capric triglyceride (mct/fractionated coconut oil),7827
lentinus edodes (shiitake) extract,7828
borago officinalis,7829
cannabidiol (cbd),7830
cannabis sativa (cannabis/ hemp) seed extract,7831
amino esters-1 (ex mimosa tenuiflora),7832
corallina ocinalis extract.,7833
cocos nucifera (coconut) oil *,7834
eucalyptus globulus leaf oil *,7835
mentha piperita (peppermint) oil *,7836
persea gratissima (avocado) oil *,7837
brassica alcohol,7838
lactobacillus/dipteryx odorata seed ferment filtrate,7839
citrus aurantium (neroli) flower oil*,7840
pelargonium graveolens (chinese geranium) flower oil,7841
farnesol**,7842
linalool**,7843
limonene**.,7844
aminoethanesulfinic acid,7845
vinyl caprolactam/vp/dimethylaminoethyl methacrylate copolymer,7846
saccharum officinarum (sugarcane) extract/extrait de canne à sucre,7847
bht <iln41346>.,7848
caprylic/- capric triglyceride,7849
sodium propoxyhydroxypropyl thiosulfate silica.,7850
hydroxypropyl bis-hydroxyethyldimonium chloride,7851
allium sativum (garlic) bulb extract,7852
melissa officinalis flower/leaf/stem extract,7853
angelica archangelica extract,7854
echinacea angustifolia leaf extract,7855
benzyl pca,7856
lava powder,7857
sargassum fusiforme extract,7858
prunus avium (sweet cherry) seed oil*,7859
malpighia glabra (acerola) fruit extract*,7860
prunus serotina (wild cherry) fruit extract*,7861
aroma/flavor.,7862
cetearyl alchol,7863
acrylates/palmeth-25 acrylate copolymer,7864
myristica fragrans (nutmeg ) kernel oil,7865
cinnamic aldehyde,7866
saccharomyces/honey ferment filtrate,7867
so-dium hydroxide,7868
glycyrrhiza glabra (licorice) root ex-tract,7869
oleyl lactate,7870
isostearyl lactate,7871
pterocarpus marsupium bark extract,7872
dunaliella salina extract (beta carotene source).,7873
hydroxystearic/linolenic/linoleic polyglycerides,7874
copernicia cerifera (carnauba) wax.,7875
disodium coco-glucoside citrate,7876
candelilla cera (euphorbia cerifera (candelilla) wax),7877
citral +/- ci 19140 (yellow 5 lake),7878
ci 42090 (blue 1 lake).,7879
aloe barbadensis/aloe barbadensis,7880
leaf juice,7881
cocamide mipa,7882
v0606f,7883
caffeine usp,7884
peg-10 dimethicone.,7885
decylene glycol,7886
anisyl alcohol,7887
brassica campestris extract/rapeseed extract,7888
brassica campestris sprout extract/rapeseed sprout extract,7889
mentha piperita oil/peppermint oil,7890
origanum majorana leaf oil.,7891
homosalate 15.0% octinoxate 7.5% octisalate 5.0% avobenzone 3.0%,7892
benzyl nicotinate,7893
stevia rebaudiana leaf/stem powder,7894
yucca schidigera root extract,7895
essential oil of spearmint (mentha viridis),7896
essential oil of peppermint (mentha piperita),7897
vitamin b2,7898
l-lysine hci,7899
burdock (arctium lapp) 4:1 root extract,7900
yellow dock (rumex crispus l.) 4:1 root extract,7901
horsetail (equisetum arvense l.) 6:1 shoot extract,7902
grape (vitis vinifera l.) seed extract,7903
croscarmellose sodium,7904
zinc glycinate chelate,7905
selenomethionine,7906
silicon dioxide,7907
d-calcium pantothenate,7908
thiamine hcl,7909
beta carotene,7910
vitamin a palmitate,7911
dicalcium phosphate,7912
chromium polynicotinate,7913
chromium picolinate.,7914
aqua (water/ eau),7915
euterpe oleraceafruit extract,7916
sodium acrylatescopolymer,7917
hydroxyethylacrylate/sodium acryloyldimethyltaurate copolymer,7918
lactobacillusferment,7919
moonstone powder,7920
ozonized oryza sativa (rice) callus culture extract,7921
titanium dioxide 2%,7922
zinc oxide 17.1%,7923
polyglyceryl-3 polydimethylsiloxyethyl dimethicone,7924
triethoxysilylethyl polydimethylsiloxyethyl hexyl dimethicone,7925
olive oil decylesters,7926
palmitoyl hexapeptide-19,7927
silanetriol trehalose ether,7928
acrylates copolymer.,7929
ppg-15-buteth-20,7930
melaleuca alternifolia (tea tree) lead oil,7931
parfum (fragrance) (235/007).,7932
butane,7933
dibutyl ethylhexanol glutamide,7934
pentaclethra macroloba oil,7935
water (eau),7936
panax quinquefolium root extract,7937
polydextrose.,7938
cucumis sativus (cucumber) oil*,7939
gigartina stellata (algae) extract,7940
tocopheryl linoleate/oleate,7941
phenoxyethanol <iln42077>.,7942
pentaerythrityl tetraoctanoate,7943
phenyl trimethicone glycerin dipropylene glycol,7944
ginseng extract,7945
raspberry extract,7946
beta-carotene.,7947
and  sunflower oil.,7948
chromium oxide greens (ci 77288),7949
saccharum officinarum (sugar cane) extract.,7950
rosa damascene (bulgarian rose) flower oil,7951
rosa gallica (rose) flower powder,7952
all natural fragrance,7953
rosa canina (rose hip) seed powder,7954
maranta arundinacea (arrowroot) root powder,7955
rosa canina (rose hip) fruit oil,7956
morinda citrifolia (noni) fruit powder,7957
polyester-1,7958
ethylhexyl palmitate**,7959
titanium dioxide**,7960
argania spinosa (argan) kernel oil**,7961
polyglyceryl-6 polyricinoleate**,7962
mica**,7963
sodium chloride**,7964
iron oxide (ci 77492)**,7965
magnesium stearate**,7966
fragrance**,7967
iron oxides (ci 77491)**,7968
iron oxides (ci 77499)**,7969
sodium benzoate**.,7970
propylene glycol.,7971
titanium dioxide 4.9%,7972
zinc oxide 13.6%,7973
euphorbia cerifera (candelilla) wax(candelilla cera/cire de candelilla),7974
lauryl peg-8 dimethicone,7975
tridecyl salicylate,7976
peg-10,7977
lauryl peg-10 tris(trimethylsiloxy)silylethyl dimethicone,7978
phosphoric acid,7979
77499),7980
sodium lauroyl isethionate,7981
citronellal,7982
capric acid,7983
fd&c blue no. 1 (ci 42090),7984
mentha pulegium,7985
sodium saccharin.,7986
titanium dioxide 7.30%,7987
zinc oxide 6.90%water,7988
nylon-6,7989
ci 77499) <iln37355>.,7990
helichrysum stoechas flower extract.,7991
squalane oil.,7992
linalool.squalane + probiotic gel moisturizer:,7993
zingiber officinale (ginger) root extract.squalane + omega repair cream:,7994
sodium gluconate.squalane + vitamin c rose oil:,7995
geraniol.squalane + marine algae eye cream:,7996
vitis vinifera (grape) seed extract saccharide isomerate,7997
hexanediolpentylene glycol,7998
palmitoyl hydroxypropyltrimonium,7999
amylopectin/glycerin crosspolymer,8000
aminomethyl,8001
propanol,8002
diphenysiloxy phenyl trimethicone,8003
lauryl peg-10 tris (trimethysiloxy) silylethyl dimethicone,8004
dipentaerythrityl hexahydroxystearate / hexastearate / hexarosinate,8005
leuconostoc / radish root ferment filtrate,8006
madecassic acid.,8007
acrylates/c10-30 alkyl acrylate  crosspolymer,8008
polyglyceryl-3  methylglucose distearate,8009
acorus gramineus  extract,8010
sea silt,8011
helianthus annuus seed cera (helianthus annuus (sunflower) seed wax),8012
magnesium oxide.,8013
camellia sinesis leaf extract,8014
cinnamomum zelanicum bark extract,8015
octylododeceth-16,8016
carthamus tinctorius (sunflower) seed oil,8017
zinc oxide 17.0%,8018
himanthalia elongata extract,8019
ethyl ferulate trehalose,8020
palmitoyl tetrapeptide-10,8021
polyglyceryl-2 distearate,8022
mica/ci 77019.,8023
hydroxypalmitoyl sphinganine  hydroxypropyl starch phosphate,8024
faex extract / yeast extract / extrait de levure,8025
ppg-26/dimer dilinoleate copolymer,8026
polyquaternium-67,8027
titanium dioxide (ci 77891) <iln32953>.,8028
tremella fuciformis sporocarp (silver ear/snow mushroom) extract,8029
macadamia ternifolia (macadamia nut) seed oil,8030
c9-12  alkane,8031
peg glycerin,8032
hordeum vulgare extract\\extrait d’orge,8033
polyvinyl acetate,8034
polyclyceryl-3 lactate/laurate,8035
prunus lannesiana (cherry blossom) flower extract,8036
perfume (fragrance),8037
aminopropyl dimethicone,8038
pyrola incarnata extract.,8039
20% zinc oxide,8040
ci 19140 / yellow 5,8041
cereus grandiflorus flower extract / cactus flower extract,8042
glyceryl behenate/eiosadioate,8043
oat kernel extract,8044
soybean sterols,8045
corn starch,8046
avocado oil,8047
glucosamine hci,8048
ribes nigrum (black currant) seed extract,8049
polyglyceryl-4 oleate*,8050
prunus amygdalus dulcis (sweet almond) oil*,8051
fragrance*. *plant origin.,8052
saccharomycopsis ferment filtrate*,8053
candelilla cera / candelilla wax,8054
disodium edta .,8055
nasturtium officinale extract,8056
lavandula hybrida flower extract,8057
ethyl linolenate,8058
ethyl palmitate,8059
ethyl stearate,8060
ellagic acid,8061
camellia sinensis (green tea) leaf extract glycyrrhiza glabra (licorice) root extract,8062
(only 0.005% glycerin).,8063
steareth-25,8064
rosmarinus officinalis (rosmary) leaf extract,8065
special cleansing gel:,8066
skin smoothing cream:,8067
sodium ascorbyl glucoside,8068
bis-peg/ppg-20/5 peg/ppg-20/5 dimethicone,8069
methoxy peg/ppg-25/4 dimethicone,8070
sh-polypeptide-7,8071
c12-13 pareth-23,8072
maltodextrin ethylhexylglycerin,8073
peg-55 propylene glycol oleate,8074
parfum / fragrance,8075
polyquaternium-53,8076
citrus aurantium amara (bitter orange) peel powder,8077
rubus chamaemorus fruit extract,8078
annatto/ci 75120.,8079
olea europaea oil unsaponifiables,8080
citrus aurantium amara flower extract,8081
hydrogenated castor oil dimer dilinoleate,8082
cereus grandiflorus flower extract/cactus flower extract,8083
moringa oleifera (moringa) seed oil*,8084
cannabis sativa (hemp) seed oil*,8085
aleurites moluccanus (kukui) seed oil*,8086
rosa canina (rose hip) fruit extract*,8087
sclerocarya birrea (marula) seed oil*,8088
cannabis sativa (hemp) flower/leaf/stem extract,8089
calophyllum inophyllum (tamanu) seed oil*,8090
adansonia digitata (baobab) seed oil*,8091
melia azadirachta (neem) seed oil*,8092
anthemis nobilis (chamomile) flower oil*,8093
mica <iln38031>.,8094
peg-8 isostearate,8095
pinus koraiensis seed oil,8096
prunus mume seed extract,8097
nelumbo nucifera seed extract.,8098
sodium metabisul_te,8099
propylene glycol dicaprylate/ dicaprate,8100
protease 3.0,8101
protease 4.5,8102
protease 6.0,8103
peptidase,8104
neutral bacterial protease,8105
to break down fats: lipase,8106
to break down carbs: amylase,8107
diastase,8108
to break down fiber: hemicellulase,8109
cellulase an,8110
beta-glucanase,8111
phytase,8112
to break down milk sugar: lactase. herbal blend: ginger (rhizome),8113
fennel (seed),8114
peppermint (leaf),8115
vegetable capsule (cellulose & water),8116
rice bran,8117
sulfites.,8118
all natural blend of menthol,8119
camphor.,8120
macadamia ternifolia (macadamia nut) oil,8121
coffee arabica seed extract,8122
quartz.,8123
acacia farnesiana flower wax,8124
harungan,8125
madagascariensis extract,8126
dextran.,8127
raphanus sativus (radish) seed oil,8128
rhodiola rosea (arctic root) extract,8129
rosa gallica extract,8130
cryptomeria japonica bud extract.,8131
bu-tylene glycol,8132
gigartina stellata/kappaphycus alvarezii extract,8133
hydroxyethyl acry-late/sodium acryloyldimethyl taurate copolymer,8134
phenoxy-ethanol,8135
ci 77891 (titanium diox-ide),8136
yellow 5 (ci19140),8137
orange oil,8138
rheum palmatum root extract,8139
propylene glycol dimethicone glycerin ascorbic acid ethylhexyl palmitate cetyl peg/ppg-10/1 dimethicone dimethicone crosspolymer ascorbyl glucoside cyclohexasiloxane hydroxyethylpiperazine ethane sulfonic acid lauroyl lysine acrylonitrile/methyl methacrylate/vinylidene chloride copolymer polysilicone-11 adenosine hydrolyzed hyaluronic acid limonene isobutane citrus aurantium dulcis (orange) peel oil citrus limon peel oil / lemon peel oil citral pentaerythrityl tetra-di-t-butyl hydroxyhydrocinnamate.,8140
lactobacillus/acerola cherry ferment,8141
capsicum annuum (capsicum) fruit extract,8142
morinda citrifolia (noni) fruit extract*,8143
salvia sclarea (clary sage) extract,8144
euterpe oleracea (acai) juice*,8145
citral**,8146
camellia japonica leaf extract.,8147
glycine soja(soybean) seed extract,8148
bacillus/forlic acid ferment extract,8149
papaver rhoeas extract,8150
annuus (sunflower) seed wax,8151
garcinia indica seed butter,8152
avobenzone 2.9%,8153
silica caprylyl silylate.,8154
glycine soja (soybean) lipids,8155
hydrogenated styrene/isoprene copolymer,8156
