product_id,skin_type
P504322,dry
P420652,dry
P420652,combination
P420652,normal
P420652,oily
P7880,combination
P7880,dry
P7880,oily
P7880,normal
P218700,dry
P218700,combination
P218700,normal
P218700,oily
P248407,combination
P248407,dry
P248407,oily
P248407,normal
P269122,dry
P269122,combination
P269122,normal
P269122,oily
P394639,oily
P394639,dry
P394639,combination
P394639,normal
P417238,combination
P417238,oily
P417238,normal
P417238,dry
P450271,combination
P450271,oily
P450271,normal
P450271,dry
P427421,combination
P427421,normal
P427421,oily
P427421,dry
P411387,combination
P411387,oily
P411387,normal
P411387,dry
P441644,combination
P441644,oily
P441644,normal
P441644,dry
P427417,oily
P427417,combination
P427417,normal
P427417,dry
P309308,combination
P309308,dry
P309308,normal
P309308,oily
P411540,dry
P411540,combination
P411540,oily
P411540,normal
P42204,dry
P42204,normal
P42204,combination
P42204,oily
P471546,dry
P471546,combination
P471546,oily
P471546,normal
P248404,combination
P248404,dry
P248404,normal
P248404,oily
P443352,combination
P443352,dry
P443352,normal
P443352,oily
P423688,combination
P423688,dry
P423688,normal
P423688,oily
P421275,oily
P421275,normal
P421275,dry
P421275,combination
P297524,normal
P297524,combination
P297524,dry
P297524,oily
P394624,combination
P394624,dry
P394624,oily
P394624,normal
P429952,combination
P429952,normal
P429952,dry
P429952,oily
P480630,combination
P480630,normal
P480630,dry
P480630,oily
P126301,combination
P126301,dry
P126301,normal
P126301,oily
P453816,combination
P453816,dry
P453816,normal
P453816,oily
P456412,combination
P456412,normal
P456412,dry
P456412,oily
P418218,combination
P418218,oily
P418218,dry
P418218,normal
P454794,combination
P454794,oily
P454794,dry
P454794,normal
P122900,oily
P122900,combination
P122900,dry
P122900,normal
P409800,combination
P409800,dry
P409800,normal
P409800,oily
P427419,oily
P427419,normal
P427419,dry
P427419,combination
P460779,dry
P460779,oily
P460779,combination
P460779,normal
P443563,combination
P443563,dry
P443563,normal
P443563,oily
P12573,combination
P12573,oily
P12573,dry
P12573,normal
P270594,combination
P270594,normal
P270594,oily
P270594,dry
P392246,combination
P392246,normal
P392246,dry
P392246,oily
P433520,combination
P433520,dry
P433520,normal
P433520,oily
P481817,dry
P481817,oily
P481817,normal
P481817,combination
P458219,dry
P458219,oily
P458219,normal
P458219,combination
P467762,dry
P467762,oily
P467762,normal
P467762,combination
P297516,combination
P297516,dry
P297516,normal
P297516,oily
P454380,oily
P454380,combination
P454380,dry
P454380,normal
P470255,oily
P470255,combination
P470255,dry
P470255,normal
P442563,normal
P442563,combination
P442563,oily
P442563,dry
P480612,oily
P480612,combination
P480612,dry
P480612,normal
P232903,combination
P232903,oily
P232903,normal
P232903,dry
P441101,combination
P441101,normal
P441101,dry
P441101,oily
P456207,combination
P456207,dry
P456207,normal
P456207,oily
P232915,combination
P232915,oily
P232915,dry
P232915,normal
P455364,oily
P455364,combination
P455364,normal
P455364,dry
P478030,oily
P478030,combination
P478030,normal
P478030,dry
P422905,normal
P422905,combination
P422905,oily
P422905,dry
P430337,combination
P430337,normal
P430337,dry
P430337,oily
P302103,combination
P302103,oily
P302103,dry
P302103,normal
P439061,dry
P439061,combination
P439061,oily
P439061,normal
P375849,dry
P375849,normal
P375849,combination
P375849,oily
P426183,dry
P426183,normal
P426183,combination
P426183,oily
P456398,dry
P456398,combination
P456398,oily
P456398,normal
P94421,combination
P94421,normal
P94421,dry
P94421,oily
P427406,dry
P427406,combination
P427406,normal
P427406,oily
P431180,combination
P431180,oily
P431180,normal
P431180,dry
P173726,combination
P173726,oily
P173726,normal
P173726,dry
P479839,dry
P479839,combination
P479839,normal
P479839,oily
P481084,dry
P481084,combination
P481084,normal
P481084,oily
P426836,combination
P426836,normal
P426836,oily
P426836,dry
P421235,combination
P421235,dry
P421235,normal
P421235,oily
P4016,combination
P4016,oily
P4016,dry
P4016,normal
P278317,combination
P278317,normal
P278317,dry
P278317,oily
P406712,dry
P406712,combination
P406712,normal
P406712,oily
P415777,combination
P415777,dry
P415777,normal
P415777,oily
P421996,dry
P421996,normal
P421996,combination
P421996,oily
P422510,dry
P422510,normal
P422510,combination
P422510,oily
P411403,oily
P411403,combination
P411403,dry
P411403,normal
P415771,combination
P415771,oily
P415771,normal
P415771,dry
P473160,combination
P473160,oily
P473160,normal
P473160,dry
P442840,dry
P442840,combination
P442840,normal
P442840,oily
P461537,normal
P461537,combination
P461537,dry
P461537,oily
P479860,dry
P479860,combination
P479860,normal
P479860,oily
P440651,combination
P440651,dry
P440651,oily
P440651,normal
P504595,normal
P504595,combination
P504595,dry
P504595,oily
P393718,combination
P393718,oily
P393718,dry
P393718,normal
P42205,normal
P42205,combination
P42205,dry
P42205,oily
P376726,combination
P376726,dry
P376726,oily
P376726,normal
P12336,combination
P12336,normal
P12336,dry
P12336,oily
P461159,combination
P461159,dry
P461159,normal
P461159,oily
P461160,combination
P461160,dry
P461160,normal
P461160,oily
P461933,combination
P461933,dry
P461933,normal
P461933,oily
P266126,combination
P266126,dry
P266126,normal
P266126,oily
P427536,normal
P427536,dry
P427536,combination
P427536,oily
P504615,normal
P504615,dry
P504615,combination
P504615,oily
P440307,oily
P440307,combination
P440307,dry
P440307,normal
P461555,oily
P461555,combination
P461555,dry
P461555,normal
P422536,combination
P422536,oily
P422536,dry
P422536,normal
P410400,dry
P410400,combination
P410400,oily
P410400,normal
P455676,combination
P455676,dry
P455676,normal
P455676,oily
P458216,combination
P458216,dry
P458216,normal
P458216,oily
P139000,combination
P139000,dry
P139000,normal
P139000,oily
P421243,combination
P421243,dry
P421243,oily
P421243,normal
P466123,dry
P466123,combination
P466123,normal
P466123,oily
P456213,dry
P456213,oily
P456213,normal
P456213,combination
P459299,dry
P459299,oily
P459299,normal
P459299,combination
P381030,combination
P381030,dry
P381030,normal
P381030,oily
P427416,dry
P427416,oily
P427416,combination
P427416,normal
P433887,dry
P433887,normal
P433887,combination
P433887,oily
P432829,combination
P432829,dry
P432829,normal
P432829,oily
P463371,combination
P463371,dry
P463371,normal
P463371,oily
P427414,normal
P427414,combination
P427414,oily
P427414,dry
P456218,combination
P456218,dry
P456218,normal
P456218,oily
P399623,combination
P399623,normal
P399623,dry
P399623,oily
P432668,combination
P432668,dry
P432668,normal
P432668,oily
P283501,combination
P283501,dry
P283501,normal
P283501,oily
P479734,combination
P479734,dry
P479734,normal
P479734,oily
P446938,combination
P446938,normal
P446938,dry
P446938,oily
P164932,combination
P164932,dry
P164932,oily
P164932,normal
P443845,combination
P443845,dry
P443845,normal
P443845,oily
P475908,dry
P475908,oily
P475908,combination
P475908,normal
P472454,normal
P472454,oily
P472454,dry
P472454,combination
P434548,combination
P434548,dry
P434548,normal
P434548,oily
P400207,combination
P400207,oily
P400207,dry
P400207,normal
P428819,combination
P428819,dry
P428819,normal
P428819,oily
P462699,combination
P462699,oily
P462699,normal
P462699,dry
P403818,combination
P403818,oily
P403818,dry
P403818,normal
P500718,combination
P500718,dry
P500718,normal
P500718,oily
P447791,oily
P447791,normal
P447791,combination
P447791,dry
P500633,combination
P500633,normal
P500633,oily
P500633,dry
P446930,normal
P446930,dry
P446930,combination
P446930,oily
P392235,dry
P392235,combination
P392235,normal
P392235,oily
P460512,normal
P460512,dry
P460512,oily
P460512,combination
P415701,combination
P415701,normal
P415701,dry
P415701,oily
P415237,combination
P415237,dry
P415237,normal
P415237,oily
P471237,dry
P471237,combination
P471237,normal
P471237,oily
P500701,normal
P500701,dry
P500701,oily
P500701,combination
P418346,combination
P418346,normal
P418346,oily
P418346,dry
P448207,normal
P448207,combination
P448207,oily
P448207,dry
P405599,combination
P405599,dry
P405599,oily
P405599,normal
P468351,dry
P468351,combination
P468351,oily
P468351,normal
P426340,combination
P426340,oily
P426340,dry
P426340,normal
P476414,combination
P476414,dry
P476414,oily
P476414,normal
P297517,dry
P297517,combination
P297517,oily
P297517,normal
P440312,combination
P440312,oily
P440312,normal
P440312,dry
P12045,combination
P12045,dry
P12045,oily
P12045,normal
P377561,combination
P377561,normal
P377561,dry
P377561,oily
P450917,combination
P450917,normal
P450917,dry
P450917,oily
P424948,combination
P424948,dry
P424948,normal
P424948,oily
P416816,combination
P416816,oily
P416816,dry
P416816,normal
P453253,dry
P453253,combination
P453253,normal
P453253,oily
P411388,dry
P411388,combination
P411388,oily
P411388,normal
P473267,combination
P473267,dry
P473267,normal
P473267,oily
P422000,combination
P422000,dry
P422000,normal
P422000,oily
P392245,combination
P392245,dry
P392245,normal
P392245,oily
P440925,oily
P440925,normal
P440925,dry
P440925,combination
P122774,combination
P122774,oily
P122774,dry
P122774,normal
P386197,dry
P386197,combination
P386197,oily
P386197,normal
P427415,combination
P427415,normal
P427415,dry
P427415,oily
P174502,combination
P174502,normal
P174502,dry
P174502,oily
P439058,normal
P439058,dry
P439058,combination
P439058,oily
P427420,normal
P427420,combination
P427420,dry
P427420,oily
P39274,combination
P39274,dry
P39274,oily
P39274,normal
P449599,combination
P449599,dry
P449599,oily
P449599,normal
P400259,normal
P400259,combination
P400259,dry
P400259,oily
P379510,combination
P379510,dry
P379510,oily
P379510,normal
P443840,combination
P443840,oily
P443840,normal
P443840,dry
P54509,combination
P54509,dry
P54509,normal
P54509,oily
P428250,dry
P428250,combination
P428250,normal
P428250,oily
P447780,normal
P447780,combination
P447780,dry
P447780,oily
P443833,normal
P443833,combination
P443833,oily
P443833,dry
P429242,dry
P429242,combination
P429242,oily
P429242,normal
P114902,dry
P114902,normal
P114902,oily
P114902,combination
P442566,normal
P442566,combination
P442566,dry
P442566,oily
P431848,combination
P431848,oily
P431848,dry
P431848,normal
P453825,combination
P453825,dry
P453825,normal
P453825,oily
P402718,combination
P402718,dry
P402718,oily
P402718,normal
P447592,dry
P447592,combination
P447592,oily
P447592,normal
P442594,dry
P442594,combination
P442594,normal
P442594,oily
P429515,combination
P429515,dry
P429515,oily
P429515,normal
P416563,combination
P416563,dry
P416563,normal
P416563,oily
P473322,combination
P473322,normal
P473322,oily
P473322,dry
P415619,dry
P415619,combination
P415619,oily
P415619,normal
P456392,oily
P456392,dry
P456392,combination
P456392,normal
P479327,dry
P479327,normal
P479327,combination
P479327,oily
P416815,oily
P416815,combination
P416815,normal
P416815,dry
P482320,combination
P482320,dry
P482320,normal
P482320,oily
P460516,dry
P460516,combination
P460516,oily
P460516,normal
P456418,dry
P456418,oily
P456418,combination
P456418,normal
P433435,combination
P433435,oily
P433435,dry
P433435,normal
P448203,normal
P448203,combination
P448203,dry
P448203,oily
P470529,oily
P470529,dry
P470529,combination
P470529,normal
P404338,oily
P404338,dry
P404338,normal
P404338,combination
P466155,oily
P466155,combination
P466155,dry
P466155,normal
P503936,combination
P503936,dry
P503936,normal
P503936,oily
P377533,combination
P377533,normal
P377533,dry
P377533,oily
P416341,normal
P416341,combination
P416341,dry
P416341,oily
P426501,normal
P426501,combination
P426501,dry
P426501,oily
P122882,normal
P122882,combination
P122882,dry
P122882,oily
P411539,combination
P411539,dry
P411539,oily
P411539,normal
P419222,dry
P419222,normal
P419222,combination
P419222,oily
P474938,combination
P474938,dry
P474938,oily
P474938,normal
P458209,combination
P458209,oily
P458209,dry
P458209,normal
P417936,combination
P417936,dry
P417936,normal
P417936,oily
P415747,oily
P415747,combination
P415747,dry
P415747,normal
P454018,dry
P454018,combination
P454018,normal
P454018,oily
P482739,combination
P482739,dry
P482739,oily
P482739,normal
P434360,dry
P434360,oily
P434360,combination
P434360,normal
P462336,combination
P462336,dry
P462336,normal
P462336,oily
P467038,dry
P467038,combination
P467038,normal
P467038,oily
P463036,combination
P463036,normal
P463036,dry
P463036,oily
P404795,normal
P404795,oily
P404795,dry
P404795,combination
P439055,oily
P439055,combination
P439055,dry
P439055,normal
P481989,oily
P481989,combination
P481989,normal
P481989,dry
P427413,combination
P427413,normal
P427413,oily
P427413,dry
P203616,normal
P203616,oily
P203616,combination
P203616,dry
P466142,normal
P466142,dry
P466142,combination
P466142,oily
P446421,combination
P446421,oily
P446421,normal
P446421,dry
P439926,combination
P439926,dry
P439926,oily
P439926,normal
P445827,dry
P445827,combination
P445827,normal
P445827,oily
P422430,combination
P422430,oily
P422430,normal
P422430,dry
P471535,combination
P471535,dry
P471535,oily
P471535,normal
P434545,dry
P434545,normal
P434545,combination
P434545,oily
P428095,combination
P428095,dry
P428095,normal
P428095,oily
P465368,combination
P465368,dry
P465368,normal
P465368,oily
P442858,combination
P442858,dry
P442858,normal
P442858,oily
P423148,combination
P423148,dry
P423148,oily
P423148,normal
P443350,combination
P443350,dry
P443350,oily
P443350,normal
P453225,dry
P453225,normal
P453225,combination
P453225,oily
P3617,normal
P3617,combination
P3617,oily
P3617,dry
P474953,combination
P474953,dry
P474953,normal
P474953,oily
P476513,combination
P476513,dry
P476513,normal
P476513,oily
P468658,dry
P468658,normal
P468658,combination
P468658,oily
P456208,oily
P456208,combination
P456208,normal
P456208,dry
P459301,oily
P459301,combination
P459301,normal
P459301,dry
P122718,combination
P122718,oily
P122718,dry
P122718,normal
P482742,normal
P482742,combination
P482742,dry
P482742,oily
P427397,combination
P427397,normal
P427397,dry
P427397,oily
P469502,combination
P469502,normal
P469502,dry
P469502,oily
P448937,dry
P448937,combination
P448937,normal
P448937,oily
P421998,combination
P421998,dry
P421998,normal
P421998,oily
P445951,combination
P445951,dry
P445951,normal
P445951,oily
P434336,dry
P434336,combination
P434336,oily
P434336,normal
P421277,dry
P421277,combination
P421277,normal
P421277,oily
P455936,dry
P455936,normal
P455936,combination
P455936,oily
P405096,combination
P405096,dry
P405096,normal
P405096,oily
P500777,combination
P500777,normal
P500777,oily
P500777,dry
P467602,combination
P467602,normal
P467602,dry
P467602,oily
P379064,combination
P379064,oily
P379064,dry
P379064,normal
P474843,combination
P474843,normal
P474843,oily
P474843,dry
P422003,combination
P422003,normal
P422003,oily
P422003,dry
P473126,dry
P473126,combination
P473126,normal
P473126,oily
P442989,combination
P442989,dry
P442989,normal
P442989,oily
P302900,normal
P302900,dry
P302900,combination
P302900,oily
P469528,normal
P469528,combination
P469528,dry
P469528,oily
P385773,oily
P385773,combination
P385773,normal
P385773,dry
P410883,normal
P410883,combination
P410883,oily
P410883,dry
P429637,normal
P429637,dry
P429637,combination
P429637,oily
P500778,normal
P500778,dry
P500778,combination
P500778,oily
P483128,dry
P483128,combination
P483128,oily
P483128,normal
P480278,combination
P480278,dry
P480278,normal
P480278,oily
P450211,normal
P450211,dry
P450211,oily
P450211,combination
P423157,dry
P423157,combination
P423157,oily
P423157,normal
P379709,combination
P379709,normal
P379709,dry
P379709,oily
P386755,dry
P386755,combination
P386755,normal
P386755,oily
P440658,combination
P440658,dry
P440658,oily
P440658,normal
P447200,dry
P447200,combination
P447200,normal
P447200,oily
P504277,dry
P504277,combination
P504277,normal
P504277,oily
P469524,combination
P469524,normal
P469524,oily
P469524,dry
P395389,dry
P395389,oily
P395389,combination
P395389,normal
P500002,oily
P500002,combination
P500002,normal
P500002,dry
P410756,combination
P410756,normal
P410756,oily
P410756,dry
P451748,combination
P451748,normal
P451748,oily
P451748,dry
P476733,normal
P476733,dry
P476733,combination
P476733,oily
P476683,dry
P476683,oily
P476683,normal
P476683,combination
P397622,combination
P397622,dry
P397622,oily
P397622,normal
P411881,normal
P411881,combination
P411881,dry
P411881,oily
P482696,combination
P482696,dry
P482696,normal
P482696,oily
P471097,combination
P471097,dry
P471097,normal
P471097,oily
P408301,dry
P408301,combination
P408301,normal
P408301,oily
P447199,dry
P447199,combination
P447199,oily
P447199,normal
P394702,combination
P394702,oily
P394702,dry
P394702,normal
P503920,combination
P503920,dry
P503920,normal
P503920,oily
P470240,dry
P470240,combination
P470240,normal
P470240,oily
P474844,combination
P474844,oily
P474844,normal
P474844,dry
P440933,normal
P440933,combination
P440933,oily
P440933,dry
P500318,combination
P500318,normal
P500318,oily
P500318,dry
P482025,dry
P482025,oily
P482025,normal
P482025,combination
P440483,dry
P440483,combination
P440483,normal
P440483,oily
P484081,dry
P484081,normal
P484081,combination
P484081,oily
P473148,combination
P473148,dry
P473148,oily
P473148,normal
P453818,dry
P453818,combination
P453818,normal
P453818,oily
P377178,combination
P377178,dry
P377178,oily
P377178,normal
P476726,combination
P476726,oily
P476726,normal
P476726,dry
P429522,combination
P429522,oily
P429522,dry
P429522,normal
P504506,combination
P504506,dry
P504506,normal
P504506,oily
P505211,combination
P505211,normal
P505211,oily
P505211,dry
P444967,normal
P444967,combination
P444967,dry
P444967,oily
P483700,combination
P483700,dry
P483700,normal
P483700,oily
P433519,combination
P433519,dry
P433519,oily
P433519,normal
P471041,dry
P471041,combination
P471041,normal
P471041,oily
P470535,combination
P470535,oily
P470535,normal
P470535,dry
P464242,normal
P464242,combination
P464242,oily
P464242,dry
P442854,combination
P442854,normal
P442854,oily
P442854,dry
P436365,oily
P436365,dry
P436365,normal
P436365,combination
P392143,normal
P392143,dry
P392143,oily
P392143,combination
P399755,combination
P399755,dry
P399755,normal
P399755,oily
P444614,dry
P444614,normal
P444614,combination
P444614,oily
P468850,combination
P468850,dry
P468850,normal
P468850,oily
P502997,dry
P502997,oily
P502997,combination
P502997,normal
P416344,combination
P416344,normal
P416344,dry
P416344,oily
P502046,combination
P502046,normal
P502046,dry
P502046,oily
P500113,oily
P500113,combination
P500113,dry
P500113,normal
P442859,combination
P442859,dry
P442859,oily
P442859,normal
P392472,dry
P392472,combination
P392472,oily
P392472,normal
P504637,dry
P504637,oily
P504637,combination
P504637,normal
P460554,combination
P460554,oily
P460554,dry
P460554,normal
P503927,dry
P503927,normal
P503927,combination
P503927,oily
P380027,oily
P380027,combination
P380027,normal
P380027,dry
P433975,combination
P433975,dry
P433975,normal
P433975,oily
P388262,combination
P388262,normal
P388262,dry
P388262,oily
P500109,oily
P500109,combination
P500109,dry
P500109,normal
P448537,dry
P448537,combination
P448537,oily
P448537,normal
P407040,combination
P407040,dry
P407040,oily
P407040,normal
P446916,combination
P446916,dry
P446916,oily
P446916,normal
P474110,dry
P474110,combination
P474110,normal
P474110,oily
P461936,combination
P461936,dry
P461936,normal
P461936,oily
P446638,combination
P446638,dry
P446638,oily
P446638,normal
P412117,normal
P412117,combination
P412117,dry
P412117,oily
P504325,combination
P504325,dry
P504325,oily
P504325,normal
P449102,normal
P449102,combination
P449102,dry
P449102,oily
P397465,normal
P397465,dry
P397465,combination
P397465,oily
P483698,combination
P483698,oily
P483698,dry
P483698,normal
P471761,combination
P471761,normal
P471761,oily
P471761,dry
P483661,combination
P483661,dry
P483661,oily
P483661,normal
P501166,combination
P501166,dry
P501166,normal
P501166,oily
P483696,combination
P483696,oily
P483696,dry
P483696,normal
P503991,combination
P503991,dry
P503991,normal
P503991,oily
P504026,combination
P504026,dry
P504026,normal
P504026,oily
P503878,combination
P503878,dry
P503878,normal
P503878,oily
P433618,combination
P433618,normal
P433618,dry
P433618,oily
P500746,dry
P500746,combination
P500746,oily
P500746,normal
P503652,oily
P503652,dry
P503652,combination
P503652,normal
P500117,dry
P500117,combination
P500117,normal
P500117,oily
P460758,dry
P460758,combination
P460758,normal
P460758,oily
P440317,dry
P440317,combination
P440317,normal
P440317,oily
P501421,dry
P501421,combination
P501421,oily
P501421,normal
P482327,dry
P482327,combination
P482327,normal
P482327,oily
P430813,normal
P430813,dry
P430813,combination
P430813,oily
P457694,combination
P457694,dry
P457694,oily
P457694,normal
P501031,normal
P501031,combination
P501031,dry
P501031,oily
P483701,combination
P483701,dry
P483701,oily
P483701,normal
P504988,combination
P504988,dry
P504988,oily
P504988,normal
P417625,combination
P417625,dry
P417625,oily
P417625,normal
P468149,combination
P468149,oily
P468149,normal
P468149,dry
P464244,combination
P464244,dry
P464244,normal
P464244,oily
P475172,combination
P475172,dry
P475172,normal
P475172,oily
P440929,combination
P440929,oily
P440929,dry
P440929,normal
P440926,dry
P440926,combination
P440926,normal
P440926,oily
P385320,combination
P385320,normal
P385320,dry
P385320,oily
P433468,combination
P433468,oily
P433468,normal
P433468,dry
P402992,combination
P402992,normal
P402992,dry
P402992,oily
P464240,combination
P464240,oily
P464240,dry
P464240,normal
P483146,dry
P483146,combination
P483146,normal
P483146,oily
P410755,normal
P410755,combination
P410755,dry
P444225,dry
P444225,oily
P444225,combination
P444225,normal
P429661,combination
P429661,oily
P429661,normal
P429661,dry
P429526,combination
P429526,normal
P429526,dry
P429526,oily
P505160,dry
P505160,combination
P505160,oily
P505160,normal
P475112,combination
P475112,oily
P475112,normal
P475112,dry
P393501,combination
P393501,oily
P393501,normal
P393501,dry
P383052,normal
P383052,combination
P383052,dry
P383052,oily
P403748,combination
P403748,normal
P403748,dry
P403748,oily
P377919,normal
P377919,combination
P377919,dry
P377919,oily
P468672,combination
P468672,normal
P468672,dry
P468672,oily
P482675,combination
P482675,dry
P482675,normal
P482675,oily
P464237,dry
P464237,normal
P464237,combination
P464237,oily
P467972,combination
P467972,normal
P467972,oily
P467972,dry
P447504,dry
P447504,combination
P447504,normal
P447504,oily
P482510,dry
P482510,normal
P482510,oily
P482510,combination
P475540,normal
P475540,dry
P475540,combination
P475540,oily
P455618,combination
P455618,dry
P455618,normal
P455618,oily
P460627,combination
P460627,normal
P460627,oily
P460627,dry
P455931,normal
P455931,combination
P455931,oily
P455931,dry
P433974,normal
P433974,combination
P433974,dry
P433974,oily
P429659,combination
P429659,normal
P429659,dry
P429659,oily
P480165,combination
P480165,oily
P480165,dry
P480165,normal
P504849,combination
P504849,oily
P504849,dry
P504849,normal
P500614,normal
P500614,combination
P500614,dry
P500614,oily
P463613,dry
P463613,combination
P463613,oily
P463613,normal
P469111,combination
P469111,oily
P469111,normal
P469111,dry
P392142,dry
P392142,combination
P392142,oily
P392142,normal
P442540,dry
P442540,normal
P442540,combination
P442540,oily
P442853,combination
P442853,dry
P442853,normal
P442853,oily
P463964,combination
P463964,dry
P463964,normal
P463964,oily
P379995,oily
P379995,combination
P379995,normal
P379995,dry
P379705,combination
P379705,dry
P379705,oily
P471045,combination
P471045,oily
P471045,normal
P471045,dry
P471042,combination
P471042,normal
P471042,dry
P471042,oily
P471567,combination
P471567,oily
P471567,dry
P471567,normal
P475180,normal
P475180,dry
P475180,combination
P475180,oily
P502322,combination
P502322,dry
P502322,normal
P502322,oily
P440072,normal
P440072,combination
P440072,oily
P440072,dry
P374115,oily
P374115,dry
P374115,combination
P374115,normal
P474121,dry
P474121,combination
P474121,normal
P474121,oily
P468709,combination
P468709,normal
P468709,oily
P468709,dry
P455622,combination
P455622,normal
P455622,oily
P455622,dry
P440484,dry
P440484,combination
P440484,normal
P440484,oily
P422004,oily
P422004,combination
P422004,dry
P422004,normal
P469112,combination
P469112,dry
P469112,oily
P469112,normal
P474940,combination
P474940,normal
P474940,oily
P474940,dry
P505338,oily
P505338,combination
P505338,dry
P505338,normal
P424985,combination
P424985,dry
P424985,oily
P424985,normal
P472467,oily
P472467,combination
P472467,dry
P472467,normal
P474839,combination
P474839,oily
P474839,dry
P474839,normal
P421271,combination
P421271,dry
P421271,normal
P421271,oily
P482328,dry
P482328,combination
P482328,normal
P482328,oily
P469517,dry
P469517,combination
P469517,oily
P469517,normal
P480608,combination
P480608,normal
P480608,dry
P480608,oily
P502200,combination
P502200,normal
P502200,dry
P502200,oily
P432421,combination
P432421,normal
P432421,dry
P432421,oily
P503809,combination
P503809,normal
P503809,dry
P503809,oily
P456991,dry
P456991,normal
P456991,combination
P456991,oily
P450587,oily
P450587,combination
P450587,dry
P450587,normal
P383051,combination
P383051,normal
P383051,oily
P383051,dry
P474838,normal
P474838,combination
P474838,oily
P474838,dry
P438643,oily
P438643,combination
P438643,normal
P438643,dry
P404169,dry
P404169,combination
P404169,normal
P404169,oily
P471040,oily
P471040,combination
P471040,normal
P471040,dry
P479701,oily
P479701,dry
P479701,normal
P479701,combination
P402943,combination
P402943,normal
P402943,oily
P402943,dry
P504523,combination
P504523,oily
P504523,dry
P504523,normal
P440306,combination
P440306,dry
P440306,oily
P440306,normal
P401570,normal
P401570,combination
P401570,dry
P401570,oily
P382356,dry
P382356,combination
P382356,normal
P382356,oily
P502197,combination
P502197,dry
P502197,normal
P502197,oily
P456413,combination
P456413,dry
P456413,oily
P456413,normal
P450947,combination
P450947,oily
P450947,dry
P450947,normal
P438628,combination
P438628,oily
P438628,dry
P438628,normal
P422005,dry
P422005,normal
P422005,combination
P422005,oily
P410101,normal
P410101,combination
P410101,dry
P410101,oily
P500753,dry
P500753,combination
P500753,oily
P500753,normal
P442539,combination
P442539,dry
P442539,normal
P442539,oily
P447773,combination
P447773,normal
P447773,dry
P447773,oily
P438635,combination
P438635,dry
P438635,oily
P438635,normal
P399656,dry
P399656,combination
P399656,normal
P399656,oily
P453822,combination
P453822,normal
P453822,oily
P453822,dry
P503683,oily
P503683,combination
P503683,dry
P503683,normal
P481341,dry
P481341,combination
P481341,normal
P481341,oily
P482005,combination
P482005,normal
P482005,oily
P482005,dry
P399622,dry
P399622,combination
P399622,normal
P399622,oily
P459131,combination
P459131,normal
P459131,oily
P459131,dry
P431733,dry
P431733,oily
P431733,combination
P431733,normal
P502479,combination
P502479,dry
P502479,normal
P502479,oily
P386759,combination
P386759,dry
P386759,normal
P386759,oily
P412407,combination
P412407,oily
P412407,normal
P412407,dry
P469110,dry
P469110,combination
P469110,normal
P469110,oily
P475907,combination
P475907,normal
P475907,oily
P475907,dry
P476894,dry
P476894,combination
P476894,oily
P476894,normal
P500111,oily
P500111,combination
P500111,dry
P500111,normal
P440490,normal
P440490,oily
P440490,combination
P440490,dry
P502749,combination
P502749,normal
P502749,oily
P502749,dry
P479703,oily
P479703,combination
P479703,dry
P479703,normal
P408241,combination
P408241,normal
P408241,oily
P408241,dry
P422428,normal
P422428,combination
P422428,dry
P422428,oily
P504016,normal
P504016,dry
P504016,combination
P504016,oily
P504031,normal
P504031,dry
P504031,combination
P504031,oily
P502691,combination
P502691,dry
P502691,normal
P502691,oily
P461161,combination
P461161,normal
P461161,dry
P461161,oily
P395723,dry
P395723,normal
P395723,oily
P395723,combination
P404168,dry
P404168,combination
P404168,normal
P442546,normal
P442546,dry
P442546,combination
P442546,oily
P481086,dry
P481086,combination
P481086,normal
P481086,oily
P500160,combination
P500160,dry
P500160,oily
P500160,normal
P473336,normal
P473336,combination
P473336,oily
P473336,dry
P469478,combination
P469478,normal
P469478,dry
P469478,oily
P411360,combination
P411360,dry
P411360,oily
P411360,normal
P475188,combination
P475188,dry
P475188,normal
P475188,oily
P473723,dry
P473723,normal
P473723,combination
P473723,oily
P476678,combination
P476678,normal
P476678,dry
P476678,oily
P434340,combination
P434340,oily
P434340,dry
P434340,normal
P454395,combination
P454395,dry
P454395,normal
P454395,oily
P379704,dry
P379704,combination
P379704,normal
P379704,oily
P440502,oily
P440502,dry
P440502,combination
P440502,normal
P474972,dry
P474972,normal
P474972,combination
P474972,oily
P406941,combination
P406941,dry
P406941,oily
P406941,normal
P454090,combination
P454090,dry
P454090,normal
P454090,oily
P467028,combination
P467028,dry
P467028,normal
P467028,oily
P475906,normal
P475906,combination
P475906,dry
P475906,oily
P476540,combination
P476540,dry
P476540,oily
P476540,normal
P447597,dry
P447597,combination
P447597,oily
P447597,normal
P502169,combination
P502169,dry
P502169,normal
P502169,oily
P480603,combination
P480603,dry
P480603,oily
P480603,normal
P404232,combination
P404232,oily
P404232,normal
P404232,dry
P469513,dry
P469513,combination
P469513,normal
P469513,oily
P440486,oily
P440486,dry
P440486,combination
P440486,normal
P502741,dry
P502741,combination
P502741,normal
P502741,oily
P476893,combination
P476893,oily
P476893,normal
P476893,dry
P440485,oily
P440485,normal
P440485,combination
P440485,dry
P501316,combination
P501316,normal
P501316,oily
P501316,dry
P475143,normal
P475143,combination
P475143,dry
P475143,oily
P483496,combination
P483496,dry
P483496,oily
P483496,normal
P437960,normal
P437960,combination
P437960,dry
P437960,oily
P474957,normal
P474957,combination
P474957,dry
P474957,oily
P417107,combination
P417107,normal
P417107,oily
P417107,dry
P476674,combination
P476674,dry
P476674,oily
P476674,normal
P480444,dry
P480444,combination
P480444,normal
P480444,oily
P469087,oily
P469087,dry
P469087,combination
P469087,normal
P479840,combination
P479840,normal
P479840,dry
P479840,oily
P397625,dry
P397625,combination
P397625,normal
P397625,oily
P447783,combination
P447783,dry
P447783,normal
P447783,oily
P232920,combination
P232920,dry
P232920,normal
P232920,oily
P450210,combination
P450210,oily
P450210,dry
P450210,normal
P437477,combination
P437477,dry
P437477,oily
P437477,normal
P388982,oily
P388982,combination
P388982,dry
P388982,normal
P448562,oily
P448562,dry
P448562,combination
P448562,normal
P457002,combination
P457002,oily
P457002,dry
P457002,normal
P476675,combination
P476675,dry
P476675,oily
P476675,normal
P500705,normal
P500705,combination
P500705,dry
P500705,oily
P444968,normal
P444968,combination
P444968,oily
P444968,dry
P452004,dry
P452004,combination
P452004,normal
P452004,oily
P502710,oily
P502710,combination
P502710,dry
P502710,normal
P417118,combination
P417118,dry
P417118,oily
P417118,normal
P469454,combination
P469454,oily
P469454,dry
P469454,normal
P406942,normal
P406942,combination
P406942,oily
P406942,dry
P448710,oily
P448710,dry
P448710,combination
P448710,normal
P447789,normal
P447789,dry
P447789,combination
P447789,oily
P475189,combination
P475189,oily
P475189,normal
P475189,dry
P478020,dry
P478020,combination
P478020,oily
P478020,normal
P461521,oily
P461521,combination
P461521,normal
P461521,dry
P469515,oily
P469515,combination
P469515,dry
P469515,normal
P469831,combination
P469831,dry
P469831,normal
P469831,oily
P461162,oily
P461162,combination
P461162,normal
P461162,dry
P386760,combination
P386760,dry
P386760,normal
P386760,oily
P386764,combination
P386764,normal
P386764,oily
P386764,dry
P442841,combination
P442841,normal
P442841,oily
P442841,dry
P455217,normal
P455217,oily
P455217,dry
P455217,combination
P433884,combination
P433884,normal
P433884,dry
P433884,oily
P424984,combination
P424984,dry
P424984,oily
P424984,normal
P501790,dry
P501790,combination
P501790,normal
P501790,oily
P481390,dry
P481390,oily
P481390,normal
P481390,combination
P427729,oily
P427729,dry
P427729,combination
P427729,normal
P474109,combination
P474109,dry
P474109,normal
P474109,oily
P474122,dry
P474122,normal
P474122,combination
P474122,oily
P478021,combination
P478021,oily
P478021,normal
P478021,dry
P439626,combination
P439626,oily
P439626,dry
P439626,normal
P386757,combination
P386757,oily
P386757,normal
P386757,dry
P432662,combination
P432662,normal
P432662,dry
P432662,oily
P407381,oily
P407381,dry
P407381,normal
P407381,combination
P397626,dry
P397626,combination
P397626,normal
P397626,oily
P409834,dry
P409834,normal
P409834,combination
P409834,oily
P456957,normal
P456957,combination
P456957,oily
P456957,dry
P481710,combination
P481710,dry
P481710,oily
P481710,normal
P469527,combination
P469527,dry
P469527,oily
P469527,normal
P440489,combination
P440489,normal
P440489,oily
P440489,dry
P440501,combination
P440501,dry
P440501,normal
P440501,oily
P375864,combination
P375864,dry
P375864,normal
P421249,normal
P421249,combination
P421249,oily
P421249,dry
P502756,dry
P502756,combination
P502756,normal
P502756,oily
P482754,dry
P482754,oily
P482754,combination
P482754,normal
P472024,dry
P472024,oily
P472024,normal
P472024,combination
P504059,oily
P504059,dry
P504059,combination
P504059,normal
P433522,combination
P433522,normal
P433522,dry
P433522,oily
P406529,combination
P406529,dry
P406529,oily
P406529,normal
P442734,combination
P442734,normal
P442734,oily
P442734,dry
P173622,combination
P173622,oily
P173622,normal
P173622,dry
P375854,combination
P375854,dry
P375854,oily
P375854,normal
P481834,combination
P481834,dry
P481834,normal
P481834,oily
P469516,normal
P469516,combination
P469516,dry
P469516,oily
P454376,oily
P454376,combination
P454376,normal
P454376,dry
P477202,normal
P477202,combination
P477202,oily
P477202,dry
P469544,combination
P469544,normal
P469544,oily
P469544,dry
P448554,combination
P448554,dry
P448554,normal
P448554,oily
P455919,normal
P455919,combination
P455919,oily
P455919,dry
P502640,combination
P502640,oily
P502640,dry
P502640,normal
P442747,dry
P442747,oily
P442747,combination
P442747,normal
P483060,combination
P483060,dry
P483060,normal
P483060,oily
P504524,combination
P504524,dry
P504524,normal
P504524,oily
P454385,dry
P454385,combination
P454385,oily
P454385,normal
P482068,combination
P482068,normal
P482068,dry
P482068,oily
P504892,combination
P504892,normal
P504892,oily
P504892,dry
P444964,normal
P444964,combination
P444964,dry
P444964,oily
P376135,combination
P376135,oily
P376135,normal
P376135,dry
P469525,combination
P469525,dry
P469525,oily
P469525,normal
P467651,combination
P467651,dry
P467651,normal
P467651,oily
P469514,normal
P469514,combination
P469514,dry
P469514,oily
P417111,normal
P417111,combination
P417111,dry
P417111,oily
P468818,combination
P468818,oily
P468818,dry
P468818,normal
P501587,dry
P501587,combination
P501587,oily
P501587,normal
P481060,combination
P481060,dry
P481060,normal
P481060,oily
P475197,oily
P475197,combination
P475197,normal
P475197,dry
P469832,combination
P469832,normal
P469832,dry
P469832,oily
P475184,normal
P475184,combination
P475184,dry
P475184,oily
P423264,oily
P423264,combination
P423264,normal
P423264,dry
P448711,normal
P448711,combination
P448711,dry
P448711,oily
P383054,combination
P383054,normal
P383054,oily
P383054,dry
P475195,combination
P475195,dry
P475195,oily
P475195,normal
P504446,combination
P504446,dry
P504446,normal
P504446,oily
P446612,normal
P446612,dry
P446612,oily
P446612,combination
P474956,combination
P474956,normal
P474956,dry
P474956,oily
P476676,combination
P476676,oily
P476676,normal
P476676,dry
P484055,dry
P484055,normal
P484055,combination
P484055,oily
P472466,combination
P472466,normal
P472466,dry
P472466,oily
P459116,combination
P459116,oily
P459116,dry
P459116,normal
P471566,dry
P471566,oily
P471566,combination
P471566,normal
P474970,combination
P474970,normal
P474970,dry
P474970,oily
P422648,combination
P422648,normal
P422648,oily
P422648,dry
P455341,combination
P455341,dry
P455341,oily
P455341,normal
P475192,combination
P475192,dry
P475192,normal
P475192,oily
P469833,oily
P469833,combination
P469833,dry
P469833,normal
P474111,normal
P474111,dry
P474111,combination
P474111,oily
P504199,combination
P504199,normal
P504199,oily
P504199,dry
P505711,combination
P505711,dry
P505711,oily
P505711,normal
P423159,combination
P423159,oily
P423159,normal
P423159,dry
P383308,combination
P383308,normal
P383308,dry
P383308,oily
P475183,dry
P475183,normal
P475183,combination
P475183,oily
P472341,combination
P472341,normal
P472341,dry
P472341,oily
P408678,combination
P408678,dry
P408678,normal
P408678,oily
P440494,combination
P440494,oily
P440494,normal
P440494,dry
P449835,combination
P449835,normal
P449835,oily
P449835,dry
P397627,oily
P397627,normal
P397627,combination
P397627,dry
P477413,combination
P477413,dry
P477413,normal
P477413,oily
P447790,dry
P447790,normal
P447790,oily
P447790,combination
P448563,combination
P448563,normal
P448563,dry
P448563,oily
P473724,dry
P473724,oily
P473724,combination
P473724,normal
P435801,combination
P435801,dry
P435801,oily
P435801,normal
P455610,dry
P455610,combination
P455610,normal
P472343,dry
P472343,combination
P472343,oily
P472343,normal
P480191,dry
P480191,combination
P480191,normal
P480191,oily
P503926,combination
P503926,oily
P503926,dry
P503926,normal
P469504,combination
P469504,dry
P469504,oily
P469504,normal
P427641,combination
P427641,oily
P427641,dry
P427641,normal
P444969,combination
P444969,normal
P444969,oily
P444969,dry
P431416,oily
P431416,combination
P431416,normal
P431416,dry
P500399,normal
P500399,combination
P500399,oily
P500399,dry
P456989,normal
P456989,combination
P456989,dry
P456989,oily
P452002,dry
P452002,combination
P452002,normal
P452002,oily
P474116,combination
P474116,oily
P474116,dry
P474116,normal
P456997,combination
P456997,normal
P456997,dry
P456997,oily
P474115,dry
P474115,combination
P474115,normal
P474115,oily
P454315,normal
P454315,combination
P454315,dry
P454315,oily
P475204,dry
P475204,combination
P475204,oily
P475204,normal
P475193,combination
P475193,normal
P475193,dry
P475193,oily
P445726,dry
P445726,normal
P445726,combination
P445726,oily
P399934,combination
P399934,dry
P399934,normal
P399934,oily
P469508,combination
P469508,normal
P469508,dry
P469508,oily
P455215,normal
P455215,dry
P455215,combination
P455215,oily
P482740,dry
P482740,normal
P482740,combination
P482740,oily
P433617,oily
P433617,normal
P433617,combination
P433617,dry
P475186,combination
P475186,dry
P475186,normal
P475186,oily
P386762,combination
P386762,dry
P386762,oily
P386762,normal
P461947,combination
P461947,normal
P461947,dry
P461947,oily
P417243,combination
P417243,dry
P417243,oily
P417243,normal
P449836,dry
P449836,normal
P449836,combination
P449836,oily
P417114,normal
P417114,combination
P417114,dry
P417114,oily
P409816,dry
P409816,combination
P409816,oily
P409816,normal
P504313,combination
P504313,normal
P504313,dry
P504313,oily
P474107,combination
P474107,normal
P474107,dry
P474107,oily
P480986,normal
P480986,combination
P480986,oily
P480986,dry
P481743,dry
P481743,combination
P481743,normal
P481743,oily
P469526,combination
P469526,dry
P469526,normal
P469526,oily
P375354,combination
P375354,dry
P375354,normal
P475196,oily
P475196,combination
P475196,dry
P475196,normal
P476736,dry
P476736,combination
P476736,oily
P476736,normal
P469512,oily
P469512,combination
P469512,dry
P469512,normal
P442001,combination
P442001,dry
P442001,oily
P442001,normal
P470048,combination
P470048,dry
P470048,normal
P470048,oily
P455897,combination
P455897,dry
P455897,normal
P416538,combination
P416538,oily
P416538,dry
P416538,normal
P459140,dry
P459140,combination
P459140,oily
P459140,normal
P504794,combination
P504794,dry
P504794,normal
P504794,oily
P482007,combination
P482007,normal
P482007,dry
P482007,oily
P409920,combination
P409920,oily
P409920,dry
P409920,normal
P309409,dry
P309409,combination
P309409,oily
P309409,normal
P481742,combination
P481742,dry
P481742,normal
P481742,oily
P504050,oily
P504050,dry
P504050,normal
P504050,combination
P472031,combination
P472031,oily
P472031,normal
P472031,dry
P433461,oily
P433461,dry
P433461,combination
P433461,normal
P440496,dry
P440496,oily
P440496,combination
P440496,normal
P475200,normal
P475200,combination
P475200,dry
P475200,oily
P505047,combination
P505047,normal
P505047,oily
P505047,dry
P459835,combination
P459835,dry
P459835,oily
P459835,normal
P484033,combination
P484033,dry
P484033,normal
P484033,oily
P475590,combination
P475590,normal
P475590,dry
P475590,oily
P471062,dry
P471062,combination
P471062,normal
P441645,combination
P441645,normal
P441645,dry
P441645,oily
P474118,combination
P474118,dry
P474118,oily
P474118,normal
P470049,normal
P470049,combination
P470049,dry
P470049,oily
P502758,combination
P502758,normal
P502758,dry
P502758,oily
P472022,combination
P472022,normal
P472022,oily
P472022,dry
P442745,oily
P442745,combination
P442745,normal
P442745,dry
P479688,oily
P479688,combination
P479688,normal
P479688,dry
P433469,combination
P433469,dry
P433469,normal
P433469,oily
P438648,combination
P438648,dry
P438648,normal
P438648,oily
P504208,combination
P504208,oily
P504208,dry
P504208,normal
P474376,combination
P474376,normal
P474376,dry
P474376,oily
P417323,combination
P417323,normal
P417323,oily
P417323,dry
P442263,combination
P442263,normal
P442263,dry
P442263,oily
P447787,combination
P447787,dry
P447787,normal
P447787,oily
P454937,combination
P454937,dry
P454937,normal
P454937,oily
P475187,dry
P475187,combination
P475187,normal
P501004,combination
P501004,dry
P501004,oily
P501004,normal
P504218,combination
P504218,dry
P504218,normal
P504218,oily
P469518,normal
P469518,combination
P469518,oily
P469518,dry
P476485,normal
P476485,combination
P476485,dry
P476485,oily
P482694,combination
P482694,dry
P482694,normal
P482694,oily
P446908,normal
P446908,combination
P446908,dry
P446908,oily
P440491,oily
P440491,normal
P440491,combination
P440491,dry
P500445,dry
P500445,combination
P500445,oily
P500445,normal
P457519,combination
P457519,dry
P457519,oily
P457519,normal
P480300,combination
P480300,dry
P480300,oily
P480300,normal
P468671,combination
P468671,normal
P468671,oily
P468671,dry
P476681,normal
P476681,oily
P476681,combination
P476681,dry
P379009,dry
P379009,normal
P379009,combination
P379009,oily
P420638,normal
P420638,combination
P420638,dry
P420638,oily
P468143,combination
P468143,dry
P468143,normal
P471064,oily
P471064,combination
P471064,normal
P471064,dry
P461195,combination
P461195,dry
P461195,oily
P461195,normal
P423143,normal
P423143,dry
P423143,combination
P423143,oily
P471085,normal
P471085,combination
P471085,oily
P471085,dry
P504134,oily
P504134,dry
P504134,combination
P504134,normal
P423165,dry
P423165,normal
P423165,combination
P423165,oily
P202935,combination
P202935,dry
P202935,normal
P447409,dry
P447409,combination
P447409,normal
P447409,oily
P482755,combination
P482755,normal
P482755,dry
P482755,oily
P446820,combination
P446820,dry
P446820,oily
P446820,normal
P471547,combination
P471547,normal
P471547,dry
P471547,oily
P416728,normal
P416728,combination
P416728,dry
P416728,oily
P433524,combination
P433524,normal
P433524,oily
P433524,dry
P417115,dry
P417115,oily
P417115,combination
P417115,normal
P440492,combination
P440492,dry
P440492,normal
P440492,oily
P481401,combination
P481401,normal
P481401,dry
P481401,oily
P405286,combination
P405286,dry
P405286,normal
P405286,oily
P483151,dry
P483151,oily
P483151,combination
P483151,normal
P444615,combination
P444615,normal
P444615,dry
P444615,oily
P442548,dry
P442548,oily
P442548,normal
P442548,combination
P456990,oily
P456990,combination
P456990,dry
P456990,normal
P428423,combination
P428423,dry
P428423,normal
P428423,oily
P470245,combination
P470245,normal
P470245,dry
P470245,oily
P457441,oily
P457441,combination
P457441,normal
P457441,dry
P503562,combination
P503562,normal
P503562,oily
P503562,dry
P440499,oily
P440499,combination
P440499,normal
P440499,dry
P443375,dry
P443375,oily
P443375,combination
P443375,normal
P436378,dry
P436378,combination
P436378,oily
P436378,normal
P422253,oily
P422253,normal
P422253,combination
P428422,combination
P428422,oily
P428422,dry
P428422,normal
P433440,combination
P433440,oily
P433440,dry
P433440,normal
P470247,normal
P470247,combination
P470247,oily
P470247,dry
P433155,combination
P433155,normal
P433155,dry
P433155,oily
P470510,dry
P470510,combination
P470510,oily
P470510,normal
P446518,combination
P446518,dry
P446518,oily
P446518,normal
P455909,dry
P455909,combination
P455909,oily
P455909,normal
P417604,oily
P417604,normal
P417604,combination
P417604,dry
P442748,dry
P442748,combination
P442748,oily
P442748,normal
P481058,combination
P481058,dry
P481058,normal
P481058,oily
P429676,combination
P429676,dry
P429676,normal
P429676,oily
P440302,combination
P440302,oily
P440302,normal
P440302,dry
P457520,dry
P457520,normal
P457520,combination
P457520,oily
P440493,dry
P440493,normal
P440493,combination
P440493,oily
P467650,combination
P467650,dry
P467650,normal
P467650,oily
P410809,combination
P410809,dry
P410809,normal
P480280,combination
P480280,oily
P480280,dry
P480280,normal
P456204,combination
P456204,dry
P456204,normal
P456204,oily
P440923,combination
P440923,normal
P440923,dry
P440923,oily
P481973,combination
P481973,normal
P481973,dry
P481973,oily
P442860,combination
P442860,dry
P442860,normal
P442860,oily
P503820,combination
P503820,normal
P503820,oily
P503820,dry
P501024,combination
P501024,dry
P501024,normal
P501024,oily
P483092,combination
P483092,normal
P483092,oily
P483092,dry
P455227,combination
P455227,dry
P455227,normal
P416725,dry
P416725,combination
P416725,normal
P416725,oily
P457439,combination
P457439,oily
P457439,dry
P457439,normal
P447607,combination
P447607,normal
P447607,dry
P447607,oily
P448715,combination
P448715,dry
P448715,oily
P448715,normal
P501185,oily
P501185,combination
P501185,normal
P501185,dry
P443550,combination
P443550,dry
P443550,oily
P443550,normal
P464799,oily
P464799,dry
P464799,normal
P464799,combination
P432256,combination
P432256,dry
P432256,oily
P432256,normal
P500982,combination
P500982,dry
P423690,combination
P423690,normal
P423690,oily
P423690,dry
P471086,dry
P471086,normal
P471086,combination
P471086,oily
P380030,combination
P380030,dry
P380030,normal
P380030,oily
P456210,combination
P456210,dry
P456210,normal
P456210,oily
P504023,dry
P504023,combination
P504023,normal
P504023,oily
P461200,normal
P461200,oily
P461200,combination
P461200,dry
P408542,normal
P408542,combination
P408542,oily
P408542,dry
P422649,combination
P422649,dry
P422649,normal
P449150,dry
P449150,oily
P449150,combination
P449150,normal
P447608,oily
P447608,combination
P447608,normal
P447608,dry
P442267,combination
P442267,oily
P442267,normal
P442267,dry
P481975,combination
P481975,dry
P481975,normal
P481975,oily
P478274,combination
P478274,normal
P478274,dry
P504040,combination
P504040,normal
P504040,dry
P504040,oily
P500428,combination
P500428,normal
P500428,dry
P500428,oily
P503928,combination
P503928,dry
P503928,oily
P503928,normal
P481339,combination
P481339,oily
P481339,normal
P481339,dry
P433621,dry
P433621,combination
P433621,normal
P433621,oily
P444990,combination
P444990,dry
P444990,normal
P444990,oily
P408273,combination
P408273,dry
P408273,normal
P408273,oily
P439648,normal
P439648,combination
P439648,oily
P439648,dry
P505140,combination
P505140,normal
P505140,dry
P505140,oily
P505408,oily
P505408,combination
P505408,normal
P505408,dry
P446822,combination
P446822,normal
P446822,dry
P446822,oily
P455235,combination
P455235,normal
P455235,oily
P455235,dry
P468634,dry
P468634,normal
P468634,oily
P468634,combination
P481699,normal
P481699,combination
P481699,dry
P481699,oily
P469521,oily
P469521,combination
P469521,normal
P461535,combination
P461535,dry
P461535,oily
P392522,combination
P392522,dry
P392522,normal
P392522,oily
P480358,normal
P480358,combination
P480358,oily
P480358,dry
P431419,normal
P431419,dry
P431419,combination
P431419,oily
P469523,combination
P469523,dry
P469523,oily
P469523,normal
P474125,combination
P474125,oily
P474125,normal
P474125,dry
P476677,combination
P476677,oily
P476677,dry
P476677,normal
P482322,combination
P482322,normal
P482322,oily
P482322,dry
P483075,dry
P483075,combination
P483075,normal
P483075,oily
P405032,dry
P405032,combination
P405032,normal
P456407,combination
P456407,oily
P456407,dry
P456407,normal
P430338,dry
P430338,combination
P430338,normal
P431418,dry
P431418,combination
P431418,oily
P431418,normal
P424987,combination
P424987,dry
P424987,normal
P451745,combination
P451745,oily
P451745,normal
P451745,dry
P469200,dry
P469200,combination
P469200,oily
P469200,normal
P457468,normal
P457468,combination
P457468,dry
P457468,oily
P469449,normal
P469449,combination
P469449,dry
P504288,combination
P504288,dry
P504288,normal
P504288,oily
P505145,combination
P505145,dry
P505145,normal
P505145,oily
P433962,normal
P433962,combination
P433962,dry
P433962,oily
P428636,combination
P428636,dry
P428636,oily
P428636,normal
P408271,dry
P408271,combination
P408271,oily
P408271,normal
P454939,combination
P454939,dry
P454939,oily
P454939,normal
P456569,oily
P456569,combination
P456569,normal
P456569,dry
P423164,dry
P423164,oily
P423164,combination
P423164,normal
P469451,combination
P469451,normal
P469451,oily
P469451,dry
P456401,combination
P456401,normal
P456401,dry
P456401,oily
P455421,combination
P455421,dry
P455421,normal
P455421,oily
P380001,combination
P380001,normal
P380001,dry
P380001,oily
P429508,oily
P429508,dry
P429508,combination
P429508,normal
P464250,combination
P464250,dry
P464250,oily
P464250,normal
P503294,oily
P503294,combination
P503294,normal
P503294,dry
P503868,combination
P503868,dry
P503868,oily
P503868,normal
P433466,dry
P433466,combination
P433466,normal
P433466,oily
P467628,dry
P467628,combination
P467628,normal
P467628,oily
P472311,normal
P472311,combination
P472311,oily
P472311,dry
P440505,dry
P440505,combination
P440505,normal
P428637,dry
P428637,normal
P428637,combination
P461199,dry
P461199,normal
P461199,combination
P461199,oily
P472180,combination
P472180,oily
P472180,dry
P474968,dry
P474968,normal
P474968,combination
P423145,combination
P423145,normal
P423145,dry
P423145,oily
P443376,dry
P443376,combination
P443376,oily
P448553,combination
P448553,dry
P448553,normal
P448553,oily
P405589,combination
P405589,oily
P405589,dry
P405589,normal
P448558,dry
P448558,combination
P448558,oily
P448558,normal
P440500,normal
P440500,combination
P440500,dry
P440500,oily
P454822,combination
P454822,normal
P454822,oily
P454822,dry
P470545,oily
P470545,combination
P470545,normal
P470545,dry
P433619,oily
P433619,combination
P433619,dry
P433619,normal
P504786,dry
P504786,combination
P504786,oily
P504786,normal
P422848,combination
P422848,dry
P470246,dry
P470246,combination
P470246,normal
P470246,oily
P455010,normal
P455010,combination
P455010,dry
P468229,combination
P468229,dry
P468229,oily
P468229,normal
P392891,dry
P392891,combination
P392891,oily
P392891,normal
P428005,combination
P428005,normal
P428005,oily
P428005,dry
P504773,combination
P504773,dry
P504773,normal
P504773,oily
P500096,oily
P500096,combination
P504327,dry
P504327,combination
P504327,normal
P436346,combination
P436346,dry
P436346,oily
P436346,normal
P483057,oily
P483057,combination
P483057,dry
P483057,normal
P474057,dry
P474057,oily
P474057,combination
P474057,normal
P456203,combination
P456203,normal
P456203,dry
P456203,oily
P476860,combination
P476860,normal
P476860,oily
P476860,dry
P454377,normal
P454377,combination
P454377,dry
P454377,oily
P474114,combination
P474114,normal
P474114,dry
P457854,combination
P457854,dry
P457854,normal
P457854,oily
P505233,combination
P505233,dry
P505233,oily
P505233,normal
P505142,dry
P505142,combination
P505142,normal
P505142,oily
P481712,combination
P481712,dry
P481712,oily
P481712,normal
P433465,normal
P433465,combination
P433465,dry
P433465,oily
P500774,dry
P500774,normal
P500774,oily
P500774,combination
P460704,combination
P460704,dry
P460704,normal
P458573,oily
P458573,combination
P458573,normal
P471011,dry
P471011,oily
P471011,combination
P471011,normal
P454807,dry
P454807,combination
P454807,normal
P454807,oily
P503262,combination
P503262,dry
P503262,oily
P503262,normal
P461950,combination
P461950,normal
P461950,dry
P461950,oily
P389097,combination
P389097,dry
P389097,oily
P454029,normal
P454029,combination
P454029,oily
P454029,dry
P438642,normal
P438642,oily
P438642,dry
P438642,combination
P481837,dry
P481837,oily
P481837,normal
P481837,combination
P455332,oily
P455332,normal
P455332,combination
P455332,dry
P500856,combination
P500856,dry
P500856,normal
P447788,dry
P447788,combination
P447788,normal
P458961,combination
P458961,normal
P458961,oily
P458961,dry
P470248,combination
P470248,dry
P470248,oily
P470248,normal
P500012,combination
P500012,dry
P504774,combination
P504774,oily
P504774,dry
P504774,normal
P468412,combination
P468412,oily
P468412,dry
P460511,normal
P460511,dry
P460511,oily
P460511,combination
P467112,combination
P467112,oily
P467112,dry
P467112,normal
P482698,combination
P482698,normal
P482698,dry
P482698,oily
P482697,combination
P482697,dry
P482697,oily
P482697,normal
P503901,dry
P503901,combination
P503901,normal
P470508,dry
P470508,normal
P470508,combination
P470508,oily
P466878,oily
P466878,combination
P466878,dry
P442537,normal
P442537,combination
P442537,oily
P442537,dry
P456992,dry
P456992,normal
P456992,combination
P456992,oily
P443810,normal
P443810,dry
P443810,combination
P443810,oily
P469448,oily
P469448,combination
P469448,normal
P469448,dry
P500771,combination
P500771,normal
P500771,dry
P479861,oily
P479861,combination
P479861,normal
P479861,dry
P430809,combination
P430809,dry
P430809,normal
P430809,oily
P423163,combination
P423163,normal
P423163,dry
P410657,combination
P410657,dry
P410657,normal
P480150,combination
P480150,normal
P480150,dry
P481347,oily
P481347,combination
P481347,normal
P443377,combination
P443377,normal
P443377,oily
P443377,dry
P483090,oily
P483090,dry
P483090,combination
P483090,normal
P448557,dry
P448557,oily
P448557,normal
P448557,combination
P448542,combination
P448542,dry
P448542,normal
P474967,combination
P474967,dry
P474967,normal
P448564,combination
P448564,dry
P448564,oily
P448564,normal
P482318,combination
P482318,normal
P482318,dry
P469830,normal
P469830,oily
P469830,combination
P469830,dry
P504795,dry
P504795,combination
P504795,oily
P500743,combination
P500743,normal
P500743,oily
P504919,normal
P504919,combination
P504919,oily
P504919,dry
P417110,normal
P417110,combination
P417110,dry
P417110,oily
P442542,combination
P442542,dry
P442542,oily
P442542,normal
P503216,oily
P503216,combination
P503216,normal
P467129,dry
P467129,combination
P467129,oily
P467129,normal
P469806,combination
P469806,normal
P469806,dry
P443549,combination
P443549,dry
P443549,normal
P422260,combination
P422260,dry
P422260,normal
P422260,oily
P458962,combination
P458962,oily
P458962,normal
P458962,dry
P504517,combination
P504517,dry
P504517,normal
P460756,oily
P460756,normal
P460756,dry
P460756,combination
P449601,combination
P449601,dry
P449601,oily
P449601,normal
P376946,oily
P376946,combination
P376946,dry
P376946,normal
P505316,dry
P505316,combination
P505316,normal
P505316,oily
P505131,oily
P505131,combination
P505131,normal
P505131,dry
P429538,combination
P429538,oily
P429538,dry
P429538,normal
P427731,dry
P427731,normal
P427731,combination
P427731,oily
P417359,combination
P417359,oily
P417359,normal
P417359,dry
P480166,combination
P480166,oily
P480166,dry
P480607,normal
P480607,combination
P480607,dry
P480607,oily
P503890,combination
P503890,dry
P503890,normal
P428414,combination
P428414,normal
P428414,dry
P476515,combination
P476515,normal
P476515,dry
P476515,oily
P504784,combination
P504784,dry
P504784,oily
P504784,normal
P481376,combination
P481376,oily
P481376,dry
P446111,combination
P446111,normal
P446111,oily
P474964,dry
P474964,combination
P457272,combination
P457272,normal
P457272,oily
P449411,dry
P449411,combination
P449411,oily
P433446,normal
P433446,combination
P433446,oily
P433446,dry
P480346,combination
P480346,dry
P480346,normal
P473185,combination
P473185,dry
P473185,oily
P450934,normal
P450934,combination
P450934,dry
P454375,combination
P454375,dry
P454375,normal
P454375,oily
P504636,combination
P504636,normal
P504636,dry
P475961,combination
P475961,dry
P475961,normal
P475961,oily
P483495,combination
P483495,normal
P483495,oily
P483495,dry
P500016,dry
P500016,oily
P500016,combination
P500016,normal
P503942,normal
P503942,dry
P503942,combination
P503942,oily
P428639,combination
P428639,normal
P428639,dry
P468354,oily
P468354,combination
P468354,dry
P468354,normal
P393600,dry
P393600,combination
P393600,oily
P393600,normal
P463792,combination
P463792,normal
P463792,oily
P427513,combination
P427513,oily
P427513,dry
P427513,normal
P467755,combination
P467755,normal
P467755,dry
P429675,normal
P429675,dry
P429675,combination
P461937,combination
P461937,dry
P461937,oily
P461937,normal
P500106,combination
P500106,dry
P500106,normal
P505133,combination
P505133,dry
P505133,normal
P505133,oily
P457011,dry
P457011,combination
P427732,normal
P427732,combination
P427732,dry
P500248,dry
P500248,oily
P500248,combination
P500248,normal
P500785,dry
P500785,combination
P458958,dry
P458958,combination
P458958,normal
P504203,combination
P504203,oily
P451728,combination
P451728,normal
P451728,dry
P481334,dry
P481334,combination
P481334,normal
P474080,dry
P474080,combination
P474080,oily
P474080,normal
P443812,combination
P443812,dry
P443812,normal
P423169,combination
P423169,dry
P423169,oily
P430143,dry
P430143,normal
P430143,combination
P430143,oily
P449410,dry
P449410,normal
P449410,combination
P449410,oily
P442545,combination
P442545,oily
P442545,dry
P481138,normal
P481138,combination
P481138,dry
P481138,oily
P433620,combination
P433620,dry
P433620,oily
P433620,normal
P504509,dry
P504509,combination
P504509,normal
P504049,normal
P504049,combination
P504049,oily
P504049,dry
P457012,combination
P457012,normal
P457012,oily
P270600,dry
P270600,combination
P270600,normal
P270600,oily
P504880,combination
P504880,dry
P504880,normal
P504880,oily
P504778,combination
P504778,dry
P504778,oily
P504778,normal
P474943,combination
P474943,dry
P474943,normal
P504441,dry
P504441,normal
P504441,combination
P504441,oily
P436343,combination
P436343,dry
P436343,normal
P438629,normal
P438629,combination
P438629,oily
P438629,dry
P428103,combination
P428103,normal
P428103,dry
P428103,oily
P482746,combination
P482746,dry
P482746,oily
P446102,combination
P446102,normal
P445822,dry
P445822,combination
P445822,normal
P476432,oily
P476432,normal
P476432,combination
P476432,dry
P448548,dry
P448548,combination
P448548,oily
P427640,combination
P427640,oily
P427640,normal
P427640,dry
P448565,normal
P448565,combination
P448565,dry
P448565,oily
P476570,combination
P476570,normal
P476570,oily
P476570,dry
P500139,normal
P500139,combination
P500139,oily
P500139,dry
P501323,dry
P501323,combination
P501323,oily
P480279,combination
P480279,normal
P480279,dry
P436347,combination
P436347,dry
P436347,normal
P436347,oily
P484076,combination
P484076,dry
P500287,combination
P500287,dry
P500287,oily
P503930,combination
P503930,normal
P503930,oily
P503123,normal
P503123,oily
P503123,dry
P503123,combination
P479973,combination
P479973,oily
P479973,dry
P479973,normal
P438640,dry
P438640,combination
P438640,normal
P457273,dry
P457273,combination
P457273,oily
P430405,combination
P430405,normal
P430405,dry
P463110,combination
P463110,oily
P463110,dry
P463110,normal
P462378,combination
P462378,normal
P462378,oily
P482058,combination
P482058,normal
P482058,dry
P504515,oily
P504515,combination
P504515,dry
P504515,normal
P448545,combination
P448545,dry
P448545,oily
P469121,combination
P469121,normal
P469121,dry
P469121,oily
P500120,combination
P500120,normal
P500120,dry
P444237,normal
P444237,combination
P444237,oily
P444237,dry
P435387,normal
P435387,combination
P435387,dry
P435387,oily
P481350,combination
P481350,normal
P481350,oily
P501591,oily
P501591,combination
P501591,normal
P501591,dry
P474942,combination
P474942,dry
P474942,normal
P438362,dry
P438362,combination
P438362,oily
P438362,normal
P503572,combination
P503572,normal
P503572,oily
P504780,combination
P504780,oily
P504780,normal
P504810,combination
P504810,oily
P504810,normal
P504810,dry
P482259,combination
P482259,dry
P482259,normal
P482259,oily
P503997,normal
P503997,combination
P503997,dry
P503935,dry
P503935,combination
P503935,oily
P475926,dry
P475926,normal
P475926,combination
P504815,combination
P504815,normal
P504815,dry
P448546,dry
P448546,oily
P448546,combination
P462381,dry
P462381,combination
P462381,normal
P462381,oily
P402993,normal
P402993,dry
P402993,combination
P402993,oily
P448549,dry
P448549,oily
P448549,combination
P448549,normal
P448544,normal
P448544,dry
P448544,combination
P474036,dry
P474036,combination
P474036,normal
P474036,oily
P471017,combination
P471017,dry
P471017,oily
P471017,normal
P457010,combination
P457010,dry
P451737,combination
P451737,normal
P504320,combination
P504320,normal
P504320,dry
P504320,oily
P503655,dry
P503655,combination
P503655,oily
P503655,normal
P501474,dry
P501474,combination
P501474,oily
P476496,combination
P476496,dry
P476496,oily
P429504,oily
P429504,combination
P429504,dry
P429504,normal
P504303,combination
P504303,dry
P504303,normal
P504790,combination
P504790,oily
P504790,dry
P504790,normal
P451727,combination
P451727,dry
P477761,dry
P477761,combination
P477761,oily
P504447,normal
P504447,combination
P504447,dry
P416589,combination
P416589,dry
P448713,combination
P448713,oily
P467608,combination
P467608,dry
P467608,normal
P456434,oily
P456434,combination
P456434,normal
P474369,oily
P474369,combination
P474369,dry
P469452,combination
P469452,oily
P469452,normal
P469452,dry
P503552,combination
P503552,normal
P503552,dry
P405825,normal
P405825,dry
P405825,combination
P467756,dry
P467756,combination
P501003,dry
P501003,normal
P501003,combination
P500116,combination
P500116,dry
P500116,oily
P500116,normal
P505378,dry
P505378,combination
P505378,normal
P454800,combination
P454800,oily
P454800,dry
P502740,combination
P502740,dry
P502740,oily
P500238,normal
P500238,dry
P500238,combination
P500983,dry
P500983,combination
P500983,normal
P457274,combination
P457274,dry
P504272,dry
P504272,oily
P504272,combination
P504272,normal
P483078,dry
P483078,combination
P483078,oily
P483078,normal
P504452,dry
P504452,combination
P503912,normal
P503912,dry
P503912,combination
P463951,dry
P463951,oily
P463951,combination
P503226,dry
P503226,combination
P503226,oily
P438630,normal
P438630,dry
P438630,combination
P467649,combination
P467649,normal
P467649,dry
P479974,dry
P479974,normal
P479974,combination
P444987,dry
P444987,oily
P444987,normal
P444987,combination
P500502,combination
P500502,oily
P500502,normal
P409227,combination
P409227,dry
P409227,normal
P448551,oily
P448551,dry
P448551,combination
P448551,normal
P472471,dry
P472471,normal
P472471,combination
P472471,oily
P439099,dry
P439099,combination
P505209,normal
P505209,combination
P505209,oily
P505209,dry
P502365,oily
P502365,combination
P502365,dry
P502998,normal
P502998,oily
P502998,dry
P502998,combination
P502771,oily
P502771,combination
P502771,dry
P502771,normal
P480174,combination
P483145,combination
P500729,combination
P500729,dry
P502237,combination
P502237,oily
P502237,dry
P480610,combination
P480610,dry
P480610,normal
P462379,dry
P462379,combination
P462375,normal
P462375,combination
P451750,oily
P451750,combination
P451750,dry
P451750,normal
P483058,combination
P483058,normal
P483058,dry
P483058,oily
P477150,combination
P477150,dry
P477150,normal
P468410,normal
P468410,combination
P505274,oily
P505274,combination
P505274,normal
P505274,dry
P482021,normal
P482021,combination
P405285,dry
P405285,normal
P482258,combination
P482258,normal
P481970,normal
P481970,combination
P481970,dry
P482256,combination
P482256,dry
P482256,oily
P439098,normal
P439098,dry
P439098,combination
P439098,oily
P505210,normal
P505210,oily
P505210,combination
P505210,dry
P457009,combination
P457009,oily
P454795,dry
P454795,combination
P502725,combination
P502725,normal
P503872,dry
P503872,combination
P503872,oily
P503872,normal
P462384,dry
P462384,combination
P462384,oily
P500782,dry
P500782,combination
P463106,combination
P463106,normal
P463106,dry
P448550,dry
P448550,combination
P448550,normal
P503933,combination
P503933,normal
P423166,combination
P423166,dry
P480289,combination
P480289,oily
P480289,dry
P483141,normal
P483141,combination
P483141,dry
P483141,oily
P481668,oily
P481668,combination
P481668,dry
P481668,normal
P458963,combination
P458963,normal
P458963,dry
P458963,oily
P505452,dry
P505452,combination
P505452,oily
P505452,normal
P440922,oily
P440922,combination
P440922,dry
P502977,combination
P477812,dry
P477812,combination
P477812,oily
P500775,combination
P500775,normal
P500775,dry
P481704,normal
P481704,combination
P481704,dry
P504881,combination
P472342,dry
P472342,oily
P472342,combination
P503944,combination
P503944,dry
P504594,combination
P504594,normal
P504594,dry
P504848,dry
P504848,oily
P504848,combination
P480604,oily
P480604,dry
P480604,combination
P483694,combination
P483694,dry
P501550,combination
P500060,oily
P500060,dry
P500060,normal
P500060,combination
P500880,dry
P500880,combination
P468196,oily
P468196,combination
P468196,normal
P482661,dry
P482661,combination
P481062,combination
P481062,oily
P481062,dry
P462383,combination
P462383,normal
P416588,normal
P416588,combination
P460757,oily
P460757,dry
P503876,dry
P503876,combination
P504283,dry
P504283,combination
P504283,normal
P503894,combination
P503894,dry
P503894,normal
P462386,combination
P462386,oily
P469193,normal
P469193,combination
P479946,combination
P479946,normal
P504840,combination
P504840,dry
P500124,combination
P500124,oily
P500124,dry
P481081,combination
P481081,normal
P481081,dry
P503635,dry
P503635,combination
P467757,combination
P467757,normal
P481082,combination
P481082,dry
P435790,dry
P435790,normal
P435790,combination
P432240,oily
P432240,combination
P463109,normal
P463109,combination
P463109,dry
P502978,combination
P502978,oily
P503934,combination
P503934,normal
P502842,combination
P502842,dry
P502842,oily
P479646,combination
P479646,normal
P479646,dry
P457279,combination
P503892,dry
P503892,combination
P503892,normal
P480176,combination
P480176,oily
P502448,combination
P471784,dry
P471784,combination
P483693,normal
P483693,combination
P450935,dry
P450935,combination
P481971,combination
P481077,oily
P481077,combination
P502235,dry
P502235,combination
P502195,dry
P470548,normal
P470548,combination
P470548,dry
P500482,dry
P500482,normal
P500482,combination
P500763,dry
P500998,dry
P500998,oily
P477706,dry
P477706,combination
P476686,combination
P448547,normal
P448547,combination
P479947,combination
P406656,normal
P406656,combination
P501566,dry
P501566,combination
P505381,combination
P505381,dry
P505381,normal
P432255,combination
P480355,dry
P480355,combination
P504289,dry
P479696,dry
P479696,combination
P501264,dry
P501264,oily
P395507,dry
P475083,dry
P502709,combination
P455229,dry
P455229,normal
P504987,combination
P504987,dry
P504018,combination
P481342,combination
P482747,combination
P482747,dry
P423167,oily
P423167,combination
P474323,combination
P502047,combination
P483089,normal
P483089,combination
P500464,combination
P504888,combination
P504888,normal
P504221,dry
P504411,dry
P504053,combination
P500256,dry
P474941,combination
P500151,oily
P500151,normal
P423168,combination
P423168,oily
P502186,combination
P501585,dry
P501585,combination
P502823,combination
P502823,dry
P504985,combination
P455915,combination
P501886,combination
P480445,oily
P502192,combination
P503915,combination
P504424,dry
P504850,dry
P504850,combination
P501153,combination
P501175,dry
P483691,combination
P505208,normal
P480354,normal
P504464,combination
P500155,combination
P481397,combination
P504417,dry
P483086,combination
P504882,dry
P470538,combination
P505120,oily
P505120,dry
P503877,combination
P478260,oily
P478270,dry
P481993,combination
P480441,combination
P504443,normal
P469829,dry
P505174,dry
P476571,combination
P460622,combination
P460622,oily
P505392,normal
P505392,combination
P505392,oily
P505392,dry
P467976,combination
P467976,normal
P467976,oily
P467976,dry
P472469,combination
P472469,dry
P472469,normal
P472469,oily
P481697,combination
P481697,normal
P481697,dry
P481697,oily
P460856,dry
P460856,combination
P460856,oily
P460856,normal
P467971,normal
P467971,combination
P467971,dry
P467971,oily
P475190,dry
P475190,combination
P475190,normal
P475190,oily
P454102,normal
P454102,combination
P454102,oily
P454102,dry
P480461,combination
P480461,dry
P480461,normal
P480461,oily
P504045,combination
P504045,dry
P504045,normal
P504045,oily
P475951,dry
P475951,combination
P475951,normal
P475951,oily
P415773,dry
P415773,combination
P415773,normal
P415773,oily
P501199,combination
P501199,oily
P501199,dry
P501199,normal
P472052,combination
P472052,dry
P472052,normal
P472052,oily
P467120,dry
P467120,oily
P467120,combination
P467120,normal
P453928,dry
P453928,combination
P453928,normal
P453928,oily
P475124,combination
P475124,dry
P475124,normal
P475124,oily
P470227,normal
P470227,combination
P470227,oily
P470227,dry
P415202,normal
P415202,combination
P415202,dry
P415202,oily
P504042,normal
P504042,combination
P504042,dry
P504042,oily
P482681,combination
P482681,oily
P482681,dry
P482681,normal
P501178,combination
P501178,oily
P501178,normal
P501178,dry
P173652,dry
P173652,combination
P173652,oily
P173652,normal
P447596,oily
P447596,combination
P447596,dry
P447596,normal
P474822,combination
P474822,dry
P474822,normal
P474822,oily
P444970,combination
P444970,dry
P444970,oily
P444970,normal
P446909,combination
P446909,normal
P446909,dry
P446909,oily
P472810,combination
P472810,normal
P472810,oily
P472810,dry
P466114,combination
P466114,dry
P466114,normal
P466114,oily
P482325,combination
P482325,dry
P482325,oily
P482325,normal
P456571,combination
P456571,normal
P456571,dry
P456571,oily
P417980,normal
P417980,combination
P417980,oily
P417980,dry
P500756,combination
P500756,normal
P500756,oily
P500756,dry
P475135,combination
P475135,normal
P475135,dry
P475135,oily
P457695,dry
P457695,normal
P457695,combination
P457695,oily
P465741,combination
P465741,oily
P465741,dry
P465741,normal
P470065,dry
P470065,combination
P470065,oily
P470065,normal
P447778,combination
P447778,normal
P447778,dry
P447778,oily
P469088,combination
P469088,oily
P469088,normal
P469088,dry
P478029,combination
P478029,oily
P478029,normal
P478029,dry
P433456,normal
P433456,combination
P433456,dry
P433456,oily
P503814,combination
P503814,normal
P503814,dry
P503814,oily
P400204,combination
P400204,dry
P400204,oily
P400204,normal
P458917,dry
P458917,combination
P458917,oily
P458917,normal
P445833,oily
P445833,combination
P445833,dry
P445833,normal
P479903,combination
P479903,dry
P479903,oily
P479903,normal
P407444,combination
P407444,oily
P407444,dry
P407444,normal
P481833,oily
P481833,combination
P481833,normal
P481833,dry
P474075,combination
P474075,oily
P474075,dry
P474075,normal
P504001,normal
P504001,combination
P504001,dry
P504001,oily
P501288,dry
P501288,oily
P501288,combination
P501288,normal
P504064,normal
P504064,combination
P504064,oily
P504064,dry
P483138,combination
P483138,oily
P483138,dry
P483138,normal
P503651,combination
P503651,normal
P503651,dry
P503651,oily
P436353,normal
P436353,dry
P436353,combination
P436353,oily
P467750,dry
P467750,normal
P467750,combination
P467750,oily
P472021,dry
P472021,combination
P472021,oily
P472021,normal
P453929,normal
P453929,dry
P453929,combination
P453929,oily
P388200,combination
P388200,dry
P388200,oily
P388200,normal
P503642,dry
P503642,combination
P503642,normal
P503642,oily
P475181,dry
P475181,oily
P475181,combination
P475181,normal
P467647,combination
P467647,normal
P467647,oily
P467647,dry
P475629,dry
P475629,combination
P475629,oily
P475629,normal
P479732,combination
P479732,oily
P479732,normal
P479732,dry
P416923,combination
P416923,normal
P416923,dry
P416923,oily
P457522,normal
P457522,dry
P457522,combination
P457522,oily
P455929,normal
P455929,combination
P455929,oily
P455929,dry
P397624,combination
P397624,oily
P397624,dry
P397624,normal
P459130,oily
P459130,dry
P459130,normal
P459130,combination
P406104,dry
P406104,combination
P406104,normal
P406104,oily
P479633,combination
P479633,normal
P479633,dry
P479633,oily
P432048,combination
P432048,normal
P432048,dry
P432048,oily
P482008,normal
P482008,combination
P482008,dry
P482008,oily
P462344,dry
P462344,oily
P462344,combination
P462344,normal
P455924,normal
P455924,combination
P455924,oily
P455924,dry
P483137,combination
P483137,oily
P483137,dry
P483137,normal
P433457,combination
P433457,normal
P433457,oily
P433457,dry
P4032,dry
P4032,combination
P4032,normal
P4032,oily
P453826,combination
P453826,dry
P453826,oily
P453826,normal
P441323,normal
P441323,combination
P441323,dry
P441323,oily
P467652,oily
P467652,dry
P467652,combination
P467652,normal
P397310,combination
P397310,normal
P397310,oily
P397310,dry
P446422,combination
P446422,normal
P446422,oily
P446422,dry
P423150,combination
P423150,dry
P423150,oily
P423150,normal
P443351,combination
P443351,dry
P443351,oily
P443351,normal
P482329,combination
P482329,dry
P482329,oily
P482329,normal
P467111,dry
P467111,combination
P467111,oily
P467111,normal
P421600,combination
P421600,normal
P421600,dry
P421600,oily
P455242,combination
P455242,dry
P455242,oily
P455242,normal
P503913,dry
P503913,normal
P503913,combination
P503913,oily
P444226,oily
P444226,dry
P444226,combination
P444226,normal
P482692,normal
P482692,combination
P482692,dry
P482692,oily
P423123,normal
P423123,combination
P423123,oily
P423123,dry
P450244,oily
P450244,combination
P450244,dry
P450244,normal
P467118,oily
P467118,combination
P467118,normal
P467118,dry
P422013,combination
P422013,oily
P422013,normal
P422013,dry
P411254,combination
P411254,normal
P411254,dry
P411254,oily
P459128,combination
P459128,oily
P459128,dry
P459128,normal
P434550,combination
P434550,dry
P434550,oily
P434550,normal
P470221,combination
P470221,oily
P470221,dry
P470221,normal
P474825,combination
P474825,dry
P474825,oily
P474825,normal
P460514,dry
P460514,normal
P460514,combination
P460514,oily
P454100,dry
P454100,oily
P454100,combination
P454100,normal
P469537,combination
P469537,dry
P469537,normal
P469537,oily
P430818,normal
P430818,dry
P430818,combination
P430818,oily
P464245,normal
P464245,dry
P464245,combination
P464245,oily
P440482,combination
P440482,oily
P440482,dry
P440482,normal
P449188,combination
P449188,dry
P449188,normal
P449188,oily
P483664,combination
P483664,dry
P483664,normal
P483664,oily
P430903,dry
P430903,combination
P430903,oily
P430903,normal
P501581,combination
P501581,dry
P501581,normal
P501581,oily
P409630,normal
P409630,combination
P409630,dry
P409630,oily
P504639,combination
P504639,normal
P504639,dry
P504639,oily
P467630,combination
P467630,dry
P467630,normal
P467630,oily
P380000,dry
P380000,oily
P380000,combination
P380000,normal
P469118,normal
P469118,combination
P469118,dry
P469118,oily
P467617,combination
P467617,dry
P467617,oily
P467617,normal
P435209,dry
P435209,oily
P435209,combination
P435209,normal
P500894,combination
P500894,dry
P500894,normal
P500894,oily
P455365,combination
P455365,oily
P455365,dry
P455365,normal
P455900,dry
P455900,normal
P455900,combination
P455900,oily
P454389,dry
P454389,combination
P454389,oily
P454389,normal
P480447,dry
P480447,combination
P480447,oily
P480447,normal
P501282,normal
P501282,dry
P501282,combination
P501282,oily
P443838,oily
P443838,dry
P443838,combination
P443838,normal
P460513,oily
P460513,combination
P460513,dry
P460513,normal
P456572,dry
P456572,combination
P456572,oily
P456572,normal
P423254,combination
P423254,oily
P423254,dry
P423254,normal
P455894,combination
P455894,oily
P455894,normal
P455894,dry
P500618,dry
P500618,combination
P500618,oily
P500618,normal
P472302,normal
P472302,combination
P472302,oily
P472302,dry
P201439,dry
P201439,combination
P201439,oily
P201439,normal
P464241,dry
P464241,combination
P464241,oily
P464241,normal
P474826,combination
P474826,oily
P474826,normal
P474826,dry
P439927,combination
P439927,dry
P439927,normal
P439927,oily
P122727,combination
P122727,dry
P122727,oily
P122727,normal
P501321,combination
P501321,dry
P501321,oily
P501321,normal
P244701,oily
P244701,combination
P244701,dry
P244701,normal
P456988,normal
P456988,combination
P456988,oily
P456988,dry
P467251,combination
P467251,normal
P467251,oily
P467251,dry
P457510,oily
P457510,combination
P457510,dry
P457510,normal
P504044,combination
P504044,dry
P504044,normal
P504044,oily
P469439,combination
P469439,normal
P469439,dry
P469439,oily
P450632,oily
P450632,combination
P450632,dry
P450632,normal
P476731,oily
P476731,combination
P476731,dry
P476731,normal
P404794,dry
P404794,combination
P404794,oily
P404794,normal
P397623,normal
P397623,combination
P397623,dry
P397623,oily
P402014,combination
P402014,dry
P402014,oily
P402014,normal
P475194,combination
P475194,normal
P475194,dry
P475194,oily
P482061,normal
P482061,oily
P482061,combination
P482061,dry
P474332,combination
P474332,dry
P474332,normal
P474332,oily
P479692,dry
P479692,combination
P479692,normal
P479692,oily
P9939,dry
P9939,combination
P9939,normal
P9939,oily
P439643,combination
P439643,normal
P439643,dry
P439643,oily
P474330,combination
P474330,oily
P474330,dry
P474330,normal
P475086,dry
P475086,oily
P475086,combination
P475086,normal
P475159,combination
P475159,dry
P475159,normal
P475159,oily
P479340,combination
P479340,dry
P479340,normal
P479340,oily
P122782,dry
P122782,combination
P122782,normal
P122782,oily
P474333,dry
P474333,combination
P474333,oily
P474333,normal
P385631,oily
P385631,combination
P385631,dry
P385631,normal
P459129,combination
P459129,normal
P459129,dry
P459129,oily
P482006,combination
P482006,dry
P482006,normal
P482006,oily
P479351,dry
P479351,combination
P479351,normal
P479351,oily
P429954,combination
P429954,oily
P429954,dry
P429954,normal
P462747,combination
P462747,oily
P462747,dry
P462747,normal
P464234,normal
P464234,combination
P464234,oily
P464234,dry
P424378,combination
P424378,dry
P424378,oily
P424378,normal
P482269,dry
P482269,combination
P482269,normal
P482269,oily
P454095,dry
P454095,normal
P454095,combination
P454095,oily
P502326,dry
P502326,combination
P502326,normal
P502326,oily
P504309,combination
P504309,dry
P504309,normal
P504309,oily
P504433,combination
P504433,oily
P504433,dry
P504433,normal
P296413,combination
P296413,normal
P296413,dry
P296413,oily
P469510,combination
P469510,dry
P469510,normal
P469510,oily
P470058,normal
P470058,combination
P470058,dry
P470058,oily
P455613,combination
P455613,dry
P455613,normal
P455613,oily
P484067,combination
P484067,oily
P484067,normal
P484067,dry
P417867,dry
P417867,combination
P417867,normal
P417867,oily
P433143,normal
P433143,combination
P433143,dry
P433143,oily
P464235,combination
P464235,oily
P464235,normal
P464235,dry
P462891,combination
P462891,normal
P462891,oily
P462891,dry
P503747,combination
P503747,normal
P503747,oily
P503747,dry
P500716,oily
P500716,dry
P500716,combination
P500716,normal
P505049,combination
P505049,dry
P505049,oily
P505049,normal
P483708,oily
P483708,normal
P483708,dry
P483708,combination
P483692,oily
P483692,normal
P483692,dry
P483692,combination
P461667,dry
P461667,combination
P461667,oily
P461667,normal
P442752,combination
P442752,dry
P442752,oily
P442752,normal
P501781,normal
P501781,combination
P501781,dry
P501781,oily
P467973,combination
P467973,dry
P467973,normal
P467973,oily
P478731,combination
P478731,oily
P478731,dry
P478731,normal
P38217,oily
P38217,combination
P38217,normal
P38217,dry
P107306,normal
P107306,combination
P107306,oily
P107306,dry
P447785,combination
P447785,oily
P447785,dry
P447785,normal
P481096,oily
P481096,combination
P481096,dry
P481096,normal
P91627362,dry
P91627362,combination
P91627362,oily
P91627362,normal
P480629,combination
P480629,dry
P480629,oily
P480629,normal
P471039,oily
P471039,combination
P471039,dry
P471039,normal
P458546,combination
P458546,dry
P458546,oily
P458546,normal
P501190,normal
P501190,dry
P501190,combination
P501190,oily
P501243,combination
P501243,normal
P501243,oily
P501243,dry
P420143,dry
P420143,combination
P420143,oily
P420143,normal
P500098,combination
P500098,oily
P500098,dry
P500098,normal
P442753,dry
P442753,combination
P442753,normal
P442753,oily
P474824,combination
P474824,oily
P474824,normal
P474824,dry
P435975,combination
P435975,normal
P435975,oily
P435975,dry
P483658,normal
P483658,oily
P483658,dry
P483658,combination
P442757,dry
P442757,combination
P442757,normal
P442757,oily
P379907,dry
P379907,combination
P379907,normal
P379907,oily
P455899,normal
P455899,dry
P455899,oily
P455899,combination
P417984,normal
P417984,combination
P417984,dry
P417984,oily
P480160,combination
P480160,dry
P480160,normal
P480160,oily
P469530,combination
P469530,normal
P469530,dry
P469530,oily
P500114,oily
P500114,combination
P500114,dry
P500114,normal
P400205,combination
P400205,oily
P400205,dry
P400205,normal
P462339,combination
P462339,oily
P462339,dry
P462339,normal
P473725,combination
P473725,dry
P473725,normal
P473725,oily
P442850,dry
P442850,combination
P442850,normal
P442850,oily
P379711,combination
P379711,dry
P379711,normal
P379711,oily
P500094,combination
P500094,oily
P500094,dry
P500094,normal
P471227,combination
P471227,oily
P471227,dry
P471227,normal
P398761,dry
P398761,combination
P398761,normal
P398761,oily
P429662,combination
P429662,oily
P429662,dry
P429662,normal
P296415,combination
P296415,normal
P296415,dry
P296415,oily
P457442,combination
P457442,oily
P457442,dry
P457442,normal
P232327,combination
P232327,dry
P232327,oily
P232327,normal
P503197,normal
P503197,dry
P503197,combination
P503197,oily
P504429,dry
P504429,combination
P504429,oily
P504429,normal
P427405,normal
P427405,oily
P427405,combination
P427405,dry
P469519,dry
P469519,normal
P469519,combination
P469519,oily
P462829,combination
P462829,dry
P462829,oily
P462829,normal
P6028,dry
P6028,combination
P6028,normal
P6028,oily
P501169,combination
P501169,normal
P501169,dry
P501169,oily
P504421,dry
P504421,normal
P504421,combination
P504421,oily
P433973,normal
P433973,combination
P433973,oily
P433973,dry
P461935,combination
P461935,dry
P461935,oily
P461935,normal
P474326,combination
P474326,dry
P474326,normal
P474326,oily
P392945,combination
P392945,dry
P392945,normal
P392945,oily
P481748,combination
P481748,oily
P481748,normal
P481748,dry
P442759,combination
P442759,dry
P442759,normal
P442759,oily
P503827,normal
P503827,combination
P503827,dry
P503827,oily
P443837,combination
P443837,dry
P443837,oily
P443837,normal
P500039,combination
P500039,oily
P500039,normal
P500039,dry
P405944,combination
P405944,dry
P405944,normal
P405944,oily
P423135,combination
P423135,dry
P423135,normal
P423135,oily
P122876,combination
P122876,oily
P122876,dry
P122876,normal
P477492,dry
P477492,combination
P477492,normal
P477492,oily
P468396,combination
P468396,dry
P468396,normal
P468396,oily
P270543,dry
P270543,combination
P270543,normal
P270543,oily
P483127,combination
P483127,dry
P483127,oily
P483127,normal
P503992,combination
P503992,dry
P503992,normal
P503992,oily
P440937,combination
P440937,normal
P440937,dry
P440937,oily
P469862,dry
P469862,combination
P469862,normal
P469862,oily
P481367,dry
P481367,oily
P481367,normal
P481367,combination
P474971,combination
P474971,oily
P474971,normal
P474971,dry
P469511,combination
P469511,normal
P469511,oily
P469511,dry
P232902,combination
P232902,dry
P232902,oily
P232902,normal
P453713,normal
P453713,dry
P453713,oily
P453713,combination
P479352,combination
P479352,oily
P479352,dry
P479352,normal
P479353,dry
P479353,combination
P479353,oily
P479353,normal
P428240,combination
P428240,oily
P428240,dry
P428240,normal
P503690,combination
P503690,oily
P503690,dry
P503690,normal
P500244,combination
P500244,oily
P500244,dry
P500244,normal
P474325,combination
P474325,dry
P474325,normal
P474325,oily
P481335,combination
P481335,normal
P481335,oily
P481335,dry
P482529,normal
P482529,combination
P482529,oily
P482529,dry
P469507,dry
P469507,combination
P469507,oily
P469507,normal
P475932,combination
P475932,oily
P475932,dry
P475932,normal
P432831,normal
P432831,combination
P432831,dry
P432831,oily
P407387,combination
P407387,dry
P407387,normal
P407387,oily
P476028,combination
P476028,dry
P476028,oily
P476028,normal
P501213,combination
P501213,normal
P501213,oily
P501213,dry
P503867,combination
P503867,dry
P503867,normal
P503867,oily
P480284,dry
P480284,combination
P480284,oily
P480284,normal
P504028,oily
P504028,combination
P504028,normal
P504028,dry
P482552,dry
P482552,normal
P482552,oily
P482552,combination
P471033,combination
P471033,normal
P471033,oily
P471033,dry
P386739,combination
P386739,dry
P386739,normal
P386739,oily
P469818,dry
P469818,combination
P469818,oily
P469818,normal
P500112,combination
P500112,normal
P500112,dry
P500112,oily
P385253,combination
P385253,normal
P385253,oily
P385253,dry
P448201,normal
P448201,dry
P448201,combination
P448201,oily
P474809,oily
P474809,dry
P474809,combination
P474809,normal
P500055,combination
P500055,dry
P500055,normal
P500055,oily
P455898,dry
P455898,combination
P455898,normal
P455898,oily
P449541,normal
P449541,combination
P449541,dry
P449541,oily
P471038,dry
P471038,normal
P471038,combination
P471038,oily
P420230,combination
P420230,dry
P420230,normal
P420230,oily
P416552,dry
P416552,normal
P416552,combination
P416552,oily
P483136,combination
P483136,dry
P483136,oily
P483136,normal
P475084,dry
P475084,combination
P475084,oily
P475084,normal
P504043,oily
P504043,dry
P504043,combination
P504043,normal
P481354,combination
P481354,oily
P481354,dry
P481354,normal
P501030,dry
P501030,oily
P501030,combination
P501030,normal
P423134,dry
P423134,oily
P423134,normal
P423134,combination
P455338,combination
P455338,dry
P455338,oily
P455338,normal
P438637,combination
P438637,normal
P438637,oily
P438637,dry
P473729,combination
P473729,oily
P473729,dry
P473729,normal
P470040,combination
P470040,oily
P470040,dry
P470040,normal
P469520,normal
P469520,combination
P469520,dry
P469520,oily
P122651,normal
P122651,combination
P122651,dry
P122651,oily
P503250,combination
P503250,dry
P503250,normal
P503250,oily
P423127,normal
P423127,combination
P423127,oily
P423127,dry
P432243,normal
P432243,dry
P432243,combination
P432243,oily
P472023,normal
P472023,oily
P472023,dry
P472023,combination
P392607,combination
P392607,oily
P392607,dry
P392607,normal
P472025,dry
P472025,normal
P472025,combination
P472025,oily
P479722,dry
P479722,combination
P479722,oily
P479722,normal
P417241,combination
P417241,dry
P417241,normal
P417241,oily
P482753,combination
P482753,normal
P482753,oily
P482753,dry
P473133,dry
P473133,normal
P473133,oily
P473133,combination
P421997,combination
P421997,oily
P421997,dry
P421997,normal
P424989,combination
P424989,dry
P424989,normal
P424989,oily
P500329,combination
P500329,oily
P500329,dry
P500329,normal
P474329,combination
P474329,normal
P474329,dry
P474329,oily
P480628,combination
P480628,dry
P480628,normal
P480628,oily
P416312,oily
P416312,combination
P416312,normal
P416312,dry
P473172,dry
P473172,combination
P473172,normal
P473172,oily
P500420,oily
P500420,combination
P500420,dry
P500420,normal
P456194,dry
P456194,combination
P456194,oily
P456194,normal
P417242,oily
P417242,combination
P417242,normal
P417242,dry
P471009,combination
P471009,dry
P471009,normal
P471009,oily
P455623,oily
P455623,combination
P455623,dry
P455623,normal
P505139,combination
P505139,normal
P505139,oily
P505139,dry
P432239,combination
P432239,normal
P432239,oily
P432239,dry
P476459,combination
P476459,normal
P476459,oily
P476459,dry
P429043,combination
P429043,dry
P429043,normal
P429043,oily
P472455,dry
P472455,normal
P472455,combination
P472455,oily
P470217,normal
P470217,oily
P470217,dry
P470217,combination
P481145,combination
P481145,dry
P481145,oily
P481145,normal
P504073,combination
P504073,normal
P504073,oily
P504073,dry
P422248,combination
P422248,oily
P422248,dry
P422248,normal
P500696,combination
P500696,normal
P500696,dry
P500696,oily
P448853,dry
P448853,normal
P448853,combination
P448853,oily
P448934,oily
P448934,combination
P448934,dry
P448934,normal
P431847,combination
P431847,dry
P431847,normal
P431847,oily
P483697,oily
P483697,combination
P483697,dry
P483697,normal
P467115,dry
P467115,combination
P467115,normal
P467115,oily
P482260,combination
P482260,dry
P482260,normal
P482260,oily
P501157,combination
P501157,normal
P501157,dry
P501157,oily
P471541,combination
P471541,normal
P471541,dry
P471541,oily
P475201,combination
P475201,normal
P475201,oily
P475201,dry
P479319,dry
P479319,combination
P479319,oily
P479319,normal
P476010,combination
P476010,oily
P476010,normal
P476010,dry
P504315,combination
P504315,oily
P504315,normal
P504315,dry
P504171,combination
P504171,dry
P504171,oily
P504171,normal
P461522,oily
P461522,combination
P461522,normal
P461522,dry
P474068,combination
P474068,normal
P474068,dry
P474068,oily
P504076,oily
P504076,combination
P504076,dry
P504076,normal
P385632,dry
P385632,combination
P385632,normal
P385632,oily
P422011,normal
P422011,combination
P422011,dry
P422011,oily
P448192,normal
P448192,combination
P448192,oily
P448192,dry
P503865,dry
P503865,normal
P503865,combination
P503865,oily
P403315,normal
P403315,combination
P403315,oily
P403315,dry
P424986,normal
P424986,combination
P424986,dry
P424986,oily
P468211,combination
P468211,dry
P468211,oily
P468211,normal
P443369,normal
P443369,combination
P443369,dry
P443369,oily
P481336,combination
P481336,normal
P481336,oily
P481336,dry
P472448,normal
P472448,dry
P472448,combination
P472448,oily
P483453,combination
P483453,normal
P483453,oily
P483453,dry
P432824,combination
P432824,normal
P432824,oily
P432824,dry
P481142,combination
P481142,dry
P481142,oily
P481142,normal
P465365,combination
P465365,dry
P465365,normal
P465365,oily
P440981,oily
P440981,combination
P440981,normal
P440981,dry
P444216,combination
P444216,dry
P444216,oily
P444216,normal
P468813,combination
P468813,dry
P468813,oily
P468813,normal
P469444,dry
P469444,combination
P469444,normal
P469444,oily
P481363,combination
P481363,dry
P481363,normal
P481363,oily
P443834,dry
P443834,combination
P443834,normal
P443834,oily
P502852,combination
P502852,normal
P502852,oily
P502852,dry
P467748,dry
P467748,oily
P467748,normal
P467748,combination
P440305,normal
P440305,combination
P440305,dry
P440305,oily
P503923,combination
P503923,oily
P503923,dry
P503923,normal
P4039,combination
P4039,dry
P4039,normal
P4039,oily
P504212,oily
P504212,dry
P504212,normal
P504212,combination
P503657,combination
P503657,dry
P503657,normal
P503657,oily
P461491,combination
P461491,dry
P461491,normal
P461491,oily
P481371,combination
P481371,dry
P481371,normal
P481371,oily
P455339,combination
P455339,dry
P455339,normal
P455339,oily
P430812,normal
P430812,combination
P430812,dry
P430812,oily
P467749,combination
P467749,dry
P467749,normal
P467749,oily
P468369,normal
P468369,dry
P468369,combination
P468369,oily
P450583,oily
P450583,dry
P450583,combination
P450583,normal
P424990,dry
P424990,combination
P424990,normal
P424990,oily
P392144,oily
P392144,combination
P392144,normal
P392144,dry
P481348,combination
P481348,dry
P481348,normal
P481348,oily
P461948,dry
P461948,combination
P461948,normal
P461948,oily
P462748,oily
P462748,combination
P462748,normal
P462748,dry
P482695,combination
P482695,dry
P482695,oily
P482695,normal
P122767,dry
P122767,combination
P122767,normal
P122767,oily
P471000,dry
P471000,combination
P471000,normal
P471000,oily
P433971,combination
P433971,dry
P433971,oily
P433971,normal
P504575,combination
P504575,normal
P504575,oily
P504575,dry
P440503,combination
P440503,dry
P440503,normal
P440503,oily
P455614,dry
P455614,combination
P455614,oily
P455614,normal
P455612,normal
P455612,dry
P455612,combination
P455612,oily
P427404,normal
P427404,combination
P427404,dry
P427404,oily
P467250,combination
P467250,dry
P467250,normal
P467250,oily
P477961,normal
P477961,combination
P477961,oily
P477961,dry
P504240,combination
P504240,dry
P504240,normal
P504240,oily
P476009,combination
P476009,oily
P476009,dry
P476009,normal
P476447,normal
P476447,combination
P476447,oily
P476447,dry
P471793,dry
P471793,combination
P471793,normal
P471793,oily
P392648,dry
P392648,normal
P392648,combination
P392648,oily
P217931,oily
P217931,combination
P217931,dry
P217931,normal
P480274,oily
P480274,normal
P480274,combination
P480274,dry
P500102,dry
P500102,normal
P500102,combination
P500102,oily
P398717,dry
P398717,combination
P398717,oily
P398717,normal
P448200,combination
P448200,normal
P448200,dry
P448200,oily
P500121,normal
P500121,combination
P500121,dry
P500121,oily
P473726,combination
P473726,normal
P473726,oily
P473726,dry
P476538,normal
P476538,combination
P476538,oily
P476538,dry
P442755,combination
P442755,oily
P442755,normal
P442755,dry
P442756,combination
P442756,normal
P442756,oily
P442756,dry
P442713,combination
P442713,normal
P442713,dry
P442713,oily
P472451,combination
P472451,dry
P472451,normal
P472451,oily
P429683,dry
P429683,normal
P429683,oily
P429683,combination
P501518,normal
P501518,combination
P501518,oily
P501518,dry
P465752,dry
P465752,combination
P465752,oily
P465752,normal
P408230,normal
P408230,dry
P408230,combination
P408230,oily
P416825,combination
P416825,oily
P416825,normal
P416825,dry
P387511,dry
P387511,combination
P387511,normal
P387511,oily
P474371,dry
P474371,combination
P474371,normal
P474371,oily
P432053,combination
P432053,dry
P432053,normal
P432053,oily
P456421,combination
P456421,dry
P456421,normal
P456421,oily
P473304,combination
P473304,normal
P473304,dry
P473304,oily
P422012,oily
P422012,combination
P422012,normal
P422012,dry
P416824,dry
P416824,normal
P416824,combination
P416824,oily
P461520,combination
P461520,dry
P461520,normal
P461520,oily
P418221,combination
P418221,normal
P418221,oily
P418221,dry
P457697,combination
P457697,dry
P457697,normal
P457697,oily
P423125,dry
P423125,normal
P423125,oily
P423125,combination
P500687,dry
P500687,combination
P500687,normal
P500687,oily
P504056,normal
P504056,dry
P504056,oily
P504056,combination
P449158,combination
P449158,normal
P449158,dry
P449158,oily
P470007,dry
P470007,normal
P470007,combination
P470007,oily
P476554,normal
P476554,combination
P476554,oily
P476554,dry
P500626,combination
P500626,oily
P500626,normal
P500626,dry
P474113,combination
P474113,oily
P474113,dry
P474113,normal
P474117,combination
P474117,oily
P474117,dry
P474117,normal
P481703,normal
P481703,dry
P481703,oily
P481703,combination
P428255,combination
P428255,normal
P428255,dry
P428255,oily
P481828,combination
P481828,normal
P481828,dry
P481828,oily
P450290,oily
P450290,combination
P450290,dry
P450290,normal
P431840,combination
P431840,normal
P431840,dry
P431840,oily
P481825,normal
P481825,dry
P481825,combination
P481825,oily
P483699,dry
P483699,oily
P483699,normal
P483699,combination
P483457,combination
P483457,dry
P483457,oily
P483457,normal
P481701,dry
P481701,oily
P481701,combination
P481701,normal
P443358,combination
P443358,dry
P443358,normal
P443358,oily
P377576,combination
P377576,dry
P377576,oily
P377576,normal
P404465,combination
P404465,oily
P404465,dry
P404465,normal
P476553,normal
P476553,combination
P476553,oily
P476553,dry
P500988,dry
P500988,combination
P500988,normal
P500988,oily
P483643,normal
P483643,dry
P483643,combination
P483643,oily
P447213,dry
P447213,oily
P447213,combination
P447213,normal
P467614,oily
P467614,combination
P467614,normal
P467614,dry
P449177,combination
P449177,normal
P449177,dry
P449177,oily
P505158,combination
P505158,oily
P505158,normal
P505158,dry
P481700,normal
P481700,combination
P481700,dry
P481700,oily
P427393,combination
P427393,dry
P427393,normal
P427393,oily
P474823,combination
P474823,oily
P474823,dry
P474823,normal
P416755,combination
P416755,normal
P416755,dry
P416755,oily
P469505,combination
P469505,dry
P469505,normal
P469505,oily
P383053,oily
P383053,combination
P383053,dry
P383053,normal
P388545,combination
P388545,normal
P388545,dry
P388545,oily
P478239,combination
P478239,normal
P478239,oily
P478239,dry
P457696,dry
P457696,combination
P457696,oily
P457696,normal
P476428,combination
P476428,oily
P476428,dry
P476428,normal
P456395,combination
P456395,dry
P456395,oily
P456395,normal
P443383,dry
P443383,oily
P443383,combination
P443383,normal
P502395,normal
P502395,combination
P502395,dry
P502395,oily
P479313,combination
P479313,normal
P479313,dry
P479313,oily
P442833,combination
P442833,normal
P442833,dry
P442833,oily
P455930,oily
P455930,combination
P455930,normal
P455930,dry
P443366,dry
P443366,combination
P443366,normal
P443366,oily
P502745,oily
P502745,dry
P502745,combination
P502745,normal
P474936,dry
P474936,oily
P474936,combination
P474936,normal
P500101,combination
P500101,dry
P500101,normal
P500101,oily
P443842,combination
P443842,normal
P443842,dry
P443842,oily
P448802,combination
P448802,dry
P448802,oily
P448802,normal
P479841,combination
P479841,dry
P479841,oily
P479841,normal
P500757,combination
P500757,oily
P500757,dry
P500757,normal
P418624,dry
P418624,combination
P418624,oily
P418624,normal
P456211,normal
P456211,combination
P456211,oily
P456211,dry
P459300,normal
P459300,combination
P459300,oily
P459300,dry
P427410,normal
P427410,combination
P427410,dry
P427410,oily
P454120,combination
P454120,dry
P454120,normal
P454120,oily
P418629,combination
P418629,dry
P418629,normal
P418629,oily
P474377,dry
P474377,normal
P474377,combination
P474377,oily
P503191,dry
P503191,normal
P503191,combination
P503191,oily
P473820,normal
P473820,combination
P473820,oily
P473820,dry
P472028,normal
P472028,combination
P472028,dry
P472028,oily
P384780,combination
P384780,normal
P384780,oily
P384780,dry
P423259,normal
P423259,combination
P423259,dry
P423259,oily
P385432,normal
P385432,combination
P385432,oily
P385432,dry
P433444,combination
P433444,dry
P433444,oily
P433444,normal
P431181,normal
P431181,combination
P431181,oily
P431181,dry
P426707,combination
P426707,normal
P426707,dry
P426707,oily
P12295,combination
P12295,dry
P12295,oily
P12295,normal
P419223,dry
P419223,combination
P419223,normal
P419223,oily
P454378,normal
P454378,dry
P454378,oily
P454378,combination
P436359,combination
P436359,normal
P436359,dry
P436359,oily
P430146,dry
P430146,normal
P430146,combination
P430146,oily
P384539,dry
P384539,combination
P384539,normal
P384539,oily
P454383,combination
P454383,oily
P454383,dry
P454383,normal
P454384,combination
P454384,oily
P454384,dry
P454384,normal
P481831,dry
P481831,combination
P481831,normal
P481831,oily
P449175,dry
P449175,combination
P449175,oily
P449175,normal
P455236,dry
P455236,oily
P455236,combination
P455236,normal
P470041,combination
P470041,dry
P470041,normal
P470041,oily
P456566,combination
P456566,dry
P456566,oily
P456566,normal
P454838,combination
P454838,normal
P454838,dry
P454838,oily
P421276,normal
P421276,dry
P421276,combination
P421276,oily
P188309,combination
P188309,normal
P188309,oily
P188309,dry
P472050,oily
P472050,combination
P472050,dry
P472050,normal
P411365,combination
P411365,normal
P411365,oily
P411365,dry
P214002,combination
P214002,dry
P214002,normal
P214002,oily
P395615,combination
P395615,dry
P395615,oily
P395615,normal
P482535,normal
P482535,combination
P482535,dry
P482535,oily
P411401,dry
P411401,combination
P411401,oily
P411401,normal
P460515,normal
P460515,combination
P460515,oily
P460515,dry
P462347,normal
P462347,combination
P462347,oily
P462347,dry
P471046,dry
P471046,combination
P471046,normal
P471046,oily
P455926,oily
P455926,normal
P455926,combination
P455926,dry
P455927,oily
P455927,normal
P455927,combination
P455927,dry
P447210,dry
P447210,oily
P447210,combination
P447210,normal
P188307,combination
P188307,normal
P188307,oily
P188307,dry
P403817,combination
P403817,oily
P403817,normal
P403817,dry
P375841,combination
P375841,normal
P375841,dry
P375841,oily
P375853,oily
P375853,combination
P375853,dry
P375853,normal
P442836,combination
P442836,dry
P442836,oily
P442836,normal
P442744,normal
P442744,combination
P442744,dry
P442744,oily
P466164,dry
P466164,combination
P466164,oily
P466164,normal
P375534,combination
P375534,oily
P375534,normal
P375534,dry
P440650,combination
P440650,normal
P440650,oily
P440650,dry
P446942,combination
P446942,oily
P446942,normal
P446942,dry
P433443,normal
P433443,dry
P433443,combination
P433443,oily
P472468,combination
P472468,normal
P472468,oily
P472468,dry
P457005,combination
P457005,dry
P457005,normal
P457005,oily
P416139,combination
P416139,normal
P416139,dry
P416139,oily
P469538,combination
P469538,oily
P469538,dry
P469538,normal
P476729,combination
P476729,oily
P476729,dry
P476729,normal
P454313,dry
P454313,combination
P454313,normal
P454313,oily
P409631,combination
P409631,dry
P409631,normal
P409631,oily
P404793,dry
P404793,oily
P404793,combination
P404793,normal
P453224,dry
P453224,combination
P453224,normal
P453224,oily
P475589,dry
P475589,combination
P475589,normal
P475589,oily
P443830,normal
P443830,combination
P443830,oily
P443830,dry
P400203,oily
P400203,combination
P400203,normal
P400203,dry
P479904,oily
P479904,combination
P479904,normal
P479904,dry
P505346,combination
P505346,oily
P505346,normal
P505346,dry
P427411,combination
P427411,oily
P427411,dry
P427411,normal
P458755,combination
P458755,dry
P458755,normal
P458755,oily
P309310,combination
P309310,dry
P309310,oily
P309310,normal
P474937,normal
P474937,combination
P474937,oily
P474937,dry
P404322,combination
P404322,normal
P404322,oily
P404322,dry
P448202,combination
P448202,dry
P448202,normal
P448202,oily
P453930,combination
P453930,normal
P453930,dry
P453930,oily
P39970,dry
P39970,oily
P39970,combination
P39970,normal
P463105,dry
P463105,oily
P463105,combination
P463105,normal
P442838,combination
P442838,dry
P442838,normal
P442838,oily
P411393,combination
P411393,normal
P411393,dry
P411393,oily
P481164,oily
P481164,dry
P481164,combination
P481164,normal
P475921,combination
P475921,normal
P475921,dry
P475921,oily
P502656,dry
P502656,combination
P502656,normal
P502656,oily
P375850,combination
P375850,dry
P375850,normal
P375850,oily
P122881,combination
P122881,normal
P122881,oily
P122881,dry
P467655,dry
P467655,combination
P467655,oily
P467655,normal
P440949,combination
P440949,normal
P440949,dry
P440949,oily
P501760,combination
P501760,normal
P501760,oily
P501760,dry
P422022,dry
P422022,combination
P422022,oily
P422022,normal
P455611,dry
P455611,combination
P455611,oily
P455611,normal
P217513,dry
P217513,normal
P217513,combination
P217513,oily
P470259,dry
P470259,oily
P470259,combination
P470259,normal
P484080,dry
P484080,oily
P484080,combination
P484080,normal
P254720,normal
P254720,dry
P254720,combination
P254720,oily
P257537,dry
P257537,oily
P257537,combination
P257537,normal
P479318,combination
P479318,dry
P479318,oily
P479318,normal
P377545,combination
P377545,normal
P377545,dry
P377545,oily
P449180,combination
P449180,normal
P449180,dry
P449180,oily
P4015,oily
P4015,combination
P4015,normal
P4015,dry
P444718,dry
P444718,combination
P444718,normal
P444718,oily
P469213,dry
P469213,normal
P469213,combination
P469213,oily
P431187,dry
P431187,combination
P431187,normal
P431187,oily
P418872,dry
P418872,oily
P418872,combination
P418872,normal
P447212,combination
P447212,dry
P447212,normal
P447212,oily
P454936,combination
P454936,dry
P454936,normal
P454936,oily
P481161,normal
P481161,dry
P481161,combination
P481161,oily
P422007,combination
P422007,dry
P422007,normal
P422007,oily
P479339,combination
P479339,dry
P479339,oily
P479339,normal
P379707,combination
P379707,dry
P379707,normal
P379707,oily
P470536,normal
P470536,combination
P470536,dry
P470536,oily
P419221,combination
P419221,oily
P419221,dry
P419221,normal
P442761,combination
P442761,dry
P442761,oily
P442761,normal
P433521,combination
P433521,dry
P433521,normal
P433521,oily
P458576,combination
P458576,dry
P458576,normal
P458576,oily
P428416,combination
P428416,dry
P428416,normal
P428416,oily
P461451,dry
P461451,combination
P461451,normal
P461451,oily
P468409,dry
P468409,combination
P468409,normal
P468409,oily
P9940,combination
P9940,dry
P9940,oily
P9940,normal
P482676,combination
P482676,normal
P482676,oily
P482676,dry
P122762,combination
P122762,normal
P122762,oily
P122762,dry
P459141,dry
P459141,combination
P459141,normal
P459141,oily
P480301,dry
P480301,combination
P480301,normal
P480301,oily
P447782,combination
P447782,normal
P447782,dry
P447782,oily
P454935,combination
P454935,normal
P454935,dry
P454935,oily
P471029,combination
P471029,normal
P471029,dry
P471029,oily
P122661,combination
P122661,dry
P122661,normal
P122661,oily
P447781,combination
P447781,dry
P447781,normal
P447781,oily
P464233,combination
P464233,dry
P464233,normal
P464233,oily
P440934,dry
P440934,normal
P440934,combination
P440934,oily
P429516,combination
P429516,oily
P429516,normal
P429516,dry
P471065,combination
P471065,dry
P471065,normal
P471065,oily
P4010,dry
P4010,combination
P4010,oily
P4010,normal
P456126,dry
P456126,normal
P456126,combination
P456126,oily
P455369,oily
P455369,combination
P455369,normal
P455369,dry
P467249,combination
P467249,oily
P467249,dry
P467249,normal
P281835,combination
P281835,oily
P281835,dry
P281835,normal
P394397,combination
P394397,dry
P394397,normal
P394397,oily
P481739,combination
P481739,oily
P481739,dry
P481739,normal
P454396,combination
P454396,dry
P454396,normal
P454396,oily
P428100,dry
P428100,oily
P428100,combination
P428100,normal
P454084,dry
P454084,combination
P454084,normal
P454084,oily
P427412,combination
P427412,oily
P427412,dry
P427412,normal
P475543,combination
P475543,oily
P475543,normal
P475543,dry
P468408,dry
P468408,combination
P468408,normal
P468408,oily
P467615,dry
P467615,combination
P467615,normal
P467615,oily
P460578,combination
P460578,dry
P460578,normal
P460578,oily
P471788,dry
P471788,combination
P471788,oily
P471788,normal
P501254,oily
P501254,dry
P501254,combination
P501254,normal
P387261,combination
P387261,normal
P387261,dry
P387261,oily
P469490,oily
P469490,combination
P469490,dry
P469490,normal
P505031,combination
P505031,normal
P505031,dry
P505031,oily
P423136,combination
P423136,dry
P423136,oily
P423136,normal
P432241,combination
P432241,dry
P432241,normal
P432241,oily
P443700,combination
P443700,dry
P443700,oily
P443700,normal
P466122,combination
P466122,dry
P466122,normal
P466122,oily
P416561,oily
P416561,combination
P416561,normal
P416561,dry
P470024,combination
P470024,dry
P470024,oily
P470024,normal
P188306,combination
P188306,oily
P188306,dry
P188306,normal
P446423,combination
P446423,oily
P446423,dry
P446423,normal
P427418,combination
P427418,dry
P427418,oily
P427418,normal
P472981,combination
P472981,oily
P472981,normal
P472981,dry
P232906,combination
P232906,oily
P232906,dry
P232906,normal
P505023,dry
P505023,combination
P505023,oily
P505023,normal
P471226,dry
P471226,combination
P471226,normal
P471226,oily
P482693,combination
P482693,dry
P482693,normal
P482693,oily
P379710,dry
P379710,combination
P379710,normal
P379710,oily
P457517,combination
P457517,dry
P457517,oily
P457517,normal
P444057,combination
P444057,normal
P444057,dry
P444057,oily
P467945,oily
P467945,combination
P467945,normal
P467945,dry
P458900,dry
P458900,combination
P458900,oily
P458900,normal
P466117,dry
P466117,combination
P466117,normal
P466117,oily
P453824,dry
P453824,combination
P453824,normal
P453824,oily
P505009,dry
P505009,combination
P505009,normal
P505009,oily
P413326,combination
P413326,oily
P413326,normal
P413326,dry
P455368,combination
P455368,dry
P455368,normal
P455368,oily
P381020,combination
P381020,dry
P381020,normal
P381020,oily
P466673,oily
P466673,combination
P466673,normal
P466673,dry
P455366,combination
P455366,oily
P455366,dry
P455366,normal
P470506,normal
P470506,combination
P470506,dry
P470506,oily
P443349,normal
P443349,combination
P443349,dry
P443349,oily
P461213,combination
P461213,oily
P461213,dry
P461213,normal
P454806,dry
P454806,oily
P454806,normal
P454806,combination
P448852,combination
P448852,dry
P448852,normal
P448852,oily
P416562,combination
P416562,normal
P416562,dry
P416562,oily
P420699,dry
P420699,combination
P420699,normal
P420699,oily
P432045,normal
P432045,dry
P432045,combination
P432045,oily
P456410,combination
P456410,normal
P456410,dry
P456410,oily
P466153,dry
P466153,combination
P466153,normal
P466153,oily
P439928,combination
P439928,normal
P439928,dry
P439928,oily
P479125,dry
P479125,combination
P479125,normal
P479125,oily
P448185,oily
P448185,combination
P448185,dry
P448185,normal
P471043,normal
P471043,combination
P471043,dry
P471043,oily
P416560,combination
P416560,dry
P416560,normal
P416560,oily
P448530,dry
P448530,normal
P448530,combination
P448530,oily
P467110,combination
P467110,dry
P467110,normal
P467110,oily
P34402,combination
P34402,normal
P34402,oily
P34402,dry
P500245,combination
P500245,dry
P500245,normal
P500245,oily
P427638,dry
P427638,combination
P427638,oily
P427638,normal
P466134,combination
P466134,dry
P466134,normal
P466134,oily
P460747,combination
P460747,dry
P460747,oily
P460747,normal
P477830,combination
P477830,dry
P477830,oily
P477830,normal
P283106,combination
P283106,normal
P283106,dry
P283106,oily
P461165,combination
P461165,normal
P461165,dry
P461165,oily
P3550,combination
P3550,dry
P3550,normal
P3550,oily
P474078,combination
P474078,dry
P474078,normal
P474078,oily
P503726,combination
P503726,normal
P503726,oily
P503726,dry
P436094,dry
P436094,combination
P436094,normal
P436094,oily
P415667,combination
P415667,dry
P415667,oily
P415667,normal
P396623,oily
P396623,normal
P396623,combination
P396623,dry
P232910,dry
P232910,combination
P232910,normal
P232910,oily
P456417,dry
P456417,combination
P456417,oily
P456417,normal
P455934,normal
P455934,combination
P455934,oily
P455934,dry
P503634,combination
P503634,dry
P503634,oily
P503634,normal
P454019,oily
P454019,combination
P454019,dry
P454019,normal
P477157,oily
P477157,combination
P477157,normal
P477157,dry
P386754,combination
P386754,dry
P386754,oily
P386754,normal
P443370,combination
P443370,normal
P443370,dry
P443370,oily
P501029,normal
P501029,combination
P501029,dry
P501029,oily
P443843,combination
P443843,dry
P443843,oily
P443843,normal
P232907,combination
P232907,oily
P232907,normal
P232907,dry
P480162,dry
P480162,combination
P480162,normal
P480162,oily
P460855,normal
P460855,dry
P460855,combination
P460855,oily
P384778,oily
P384778,normal
P384778,combination
P384778,dry
P471003,combination
P471003,dry
P471003,normal
P471003,oily
P501005,dry
P501005,combination
P501005,oily
P501005,normal
P456399,combination
P456399,dry
P456399,oily
P456399,normal
P306941,combination
P306941,normal
P306941,dry
P306941,oily
P483679,combination
P483679,normal
P483679,dry
P483679,oily
P467126,normal
P467126,dry
P467126,combination
P467126,oily
P479971,combination
P479971,normal
P479971,dry
P479971,oily
P405584,dry
P405584,combination
P405584,oily
P405584,normal
P453823,normal
P453823,dry
P453823,combination
P453823,oily
P474840,dry
P474840,combination
P474840,oily
P474840,normal
P474832,combination
P474832,dry
P474832,oily
P474832,normal
P457864,dry
P457864,oily
P457864,combination
P457864,normal
P461439,normal
P461439,dry
P461439,combination
P461439,oily
P421432,dry
P421432,combination
P421432,oily
P421432,normal
P309306,combination
P309306,dry
P309306,normal
P309306,oily
P475630,oily
P475630,combination
P475630,normal
P475630,dry
P480177,combination
P480177,oily
P480177,dry
P480177,normal
P443846,normal
P443846,combination
P443846,oily
P443846,dry
P442857,normal
P442857,combination
P442857,oily
P442857,dry
P500613,combination
P500613,normal
P500613,dry
P500613,oily
P466154,dry
P466154,combination
P466154,normal
P466154,oily
P482298,normal
P482298,combination
P482298,dry
P482298,oily
P503879,combination
P503879,dry
P503879,oily
P503879,normal
P442839,combination
P442839,oily
P442839,normal
P442839,dry
P432242,normal
P432242,combination
P432242,oily
P432242,dry
P251529,combination
P251529,oily
P251529,dry
P251529,normal
P461949,combination
P461949,oily
P461949,normal
P461949,dry
P457008,normal
P457008,oily
P457008,dry
P457008,combination
P393076,dry
P393076,oily
P393076,combination
P393076,normal
P479354,dry
P479354,combination
P479354,normal
P479354,oily
P481972,combination
P481972,normal
P481972,dry
P481972,oily
P500240,combination
P500240,dry
P500240,oily
P500240,normal
P442741,normal
P442741,combination
P442741,dry
P442741,oily
P442564,dry
P442564,normal
P442564,combination
P442564,oily
P469482,oily
P469482,dry
P469482,combination
P469482,normal
P455241,combination
P455241,dry
P455241,oily
P455241,normal
P504986,combination
P504986,normal
P504986,dry
P504986,oily
P399932,dry
P399932,combination
P399932,oily
P399932,normal
P448184,oily
P448184,combination
P448184,normal
P448184,dry
P467124,combination
P467124,dry
P467124,normal
P467124,oily
P384821,dry
P384821,combination
P384821,normal
P384821,oily
P442742,dry
P442742,normal
P442742,combination
P442742,oily
P463144,oily
P463144,dry
P463144,combination
P463144,normal
P446934,oily
P446934,combination
P446934,normal
P446934,dry
P445832,combination
P445832,oily
P445832,normal
P445832,dry
P501165,combination
P501165,normal
P501165,oily
P501165,dry
P392608,combination
P392608,oily
P392608,normal
P392608,dry
P420224,combination
P420224,dry
P420224,oily
P420224,normal
P504125,combination
P504125,oily
P504125,normal
P504125,dry
P468821,combination
P468821,dry
P468821,normal
P468821,oily
P500307,dry
P500307,normal
P500307,oily
P500307,combination
P382204,oily
P382204,combination
P382204,dry
P382204,normal
P436387,combination
P436387,dry
P436387,oily
P436387,normal
P447603,dry
P447603,combination
P447603,oily
P447603,normal
P446641,dry
P446641,combination
P446641,normal
P446641,oily
P414293,combination
P414293,dry
P414293,normal
P414293,oily
P438619,dry
P438619,normal
P438619,combination
P438619,oily
P474304,dry
P474304,combination
P474304,normal
P474304,oily
P442003,combination
P442003,normal
P442003,oily
P442003,dry
P453227,dry
P453227,normal
P453227,combination
P453227,oily
P463353,normal
P463353,combination
P463353,oily
P463353,dry
P482551,combination
P482551,dry
P482551,oily
P482551,normal
P459133,dry
P459133,normal
P459133,combination
P459133,oily
P483076,combination
P483076,dry
P483076,oily
P483076,normal
P422002,normal
P422002,combination
P422002,dry
P422002,oily
P434546,dry
P434546,combination
P434546,normal
P434546,oily
P474060,normal
P474060,combination
P474060,dry
P474060,oily
P460723,oily
P460723,combination
P460723,normal
P460723,dry
P94812,combination
P94812,dry
P94812,normal
P94812,oily
P479304,combination
P479304,oily
P479304,dry
P479304,normal
P464238,normal
P464238,combination
P464238,oily
P464238,dry
P443841,combination
P443841,normal
P443841,oily
P443841,dry
P440075,combination
P440075,dry
P440075,normal
P440075,oily
P500857,combination
P500857,dry
P500857,oily
P500857,normal
P407450,oily
P407450,normal
P407450,combination
P407450,dry
P472472,dry
P472472,oily
P472472,normal
P472472,combination
P459127,combination
P459127,oily
P459127,dry
P459127,normal
P7365,normal
P7365,combination
P7365,oily
P7365,dry
P450614,normal
P450614,combination
P450614,oily
P450614,dry
P476843,normal
P476843,oily
P476843,dry
P476843,combination
P456414,combination
P456414,normal
P456414,dry
P456414,oily
P311143,combination
P311143,oily
P311143,dry
P311143,normal
P442743,combination
P442743,normal
P442743,dry
P442743,oily
P391802,combination
P391802,normal
P391802,dry
P391802,oily
P501187,combination
P501187,dry
P501187,oily
P501187,normal
P415620,dry
P415620,combination
P415620,normal
P415620,oily
P432049,normal
P432049,dry
P432049,oily
P432049,combination
P454086,combination
P454086,dry
P454086,oily
P454086,normal
P384537,combination
P384537,dry
P384537,normal
P384537,oily
P472453,combination
P472453,normal
P472453,dry
P472453,oily
P481830,normal
P481830,dry
P481830,combination
P481830,oily
P442754,normal
P442754,combination
P442754,dry
P442754,oily
P429953,dry
P429953,normal
P429953,combination
P429953,oily
P471101,oily
P471101,dry
P471101,combination
P471101,normal
P297531,combination
P297531,normal
P297531,dry
P297531,oily
P173619,combination
P173619,oily
P173619,normal
P173619,dry
P503999,combination
P503999,dry
P503999,oily
P503999,normal
P454799,normal
P454799,dry
P454799,oily
P454799,combination
P501188,combination
P501188,dry
P501188,oily
P501188,normal
P440504,combination
P440504,normal
P440504,dry
P440504,oily
P470509,combination
P470509,normal
P470509,dry
P470509,oily
P433627,combination
P433627,dry
P433627,normal
P433627,oily
P461177,combination
P461177,dry
P461177,normal
P461177,oily
P428668,normal
P428668,combination
P428668,oily
P428668,dry
P426080,combination
P426080,dry
P426080,normal
P426080,oily
P501170,oily
P501170,combination
P501170,dry
P501170,normal
P477985,dry
P477985,normal
P477985,oily
P477985,combination
P394124,dry
P394124,combination
P394124,normal
P394124,oily
P467248,combination
P467248,dry
P467248,normal
P467248,oily
P482074,dry
P482074,oily
P482074,combination
P482074,normal
P482741,oily
P482741,combination
P482741,dry
P482741,normal
P479645,combination
P479645,dry
P479645,normal
P479645,oily
P501171,combination
P501171,dry
P501171,oily
P501171,normal
P481169,combination
P481169,normal
P481169,dry
P481169,oily
P391799,oily
P391799,combination
P391799,dry
P391799,normal
P466661,combination
P466661,normal
P466661,oily
P466661,dry
P457521,combination
P457521,dry
P457521,normal
P457521,oily
P467137,dry
P467137,combination
P467137,oily
P467137,normal
P414737,normal
P414737,combination
P414737,oily
P414737,dry
P502966,combination
P502966,normal
P502966,oily
P502966,dry
P196542,dry
P196542,combination
P196542,normal
P196542,oily
P437981,dry
P437981,combination
P437981,normal
P437981,oily
P416564,combination
P416564,normal
P416564,dry
P416564,oily
P457512,normal
P457512,dry
P457512,combination
P457512,oily
P271682,oily
P271682,dry
P271682,combination
P271682,normal
P505024,combination
P505024,normal
P505024,dry
P505024,oily
P443359,dry
P443359,combination
P443359,normal
P443359,oily
P429250,combination
P429250,dry
P429250,normal
P429250,oily
P479330,combination
P479330,normal
P479330,oily
P479330,dry
P424988,combination
P424988,oily
P424988,dry
P424988,normal
P505054,combination
P505054,oily
P505054,normal
P505054,dry
P500744,normal
P500744,oily
P500744,combination
P500744,dry
P454085,oily
P454085,combination
P454085,dry
P454085,normal
P438620,dry
P438620,oily
P438620,combination
P438620,normal
P482540,combination
P482540,oily
P482540,dry
P482540,normal
P467123,normal
P467123,combination
P467123,oily
P467123,dry
P479706,dry
P479706,oily
P479706,combination
P479706,normal
P470243,combination
P470243,dry
P470243,oily
P470243,normal
P455237,dry
P455237,normal
P455237,combination
P455237,oily
P502761,oily
P502761,combination
P502761,normal
P502761,dry
P471111,dry
P471111,normal
P471111,combination
P471111,oily
P505020,combination
P505020,normal
P505020,oily
P505020,dry
P377577,combination
P377577,dry
P377577,normal
P377577,oily
P442843,dry
P442843,oily
P442843,combination
P442843,normal
P479362,combination
P479362,dry
P479362,normal
P479362,oily
P474939,dry
P474939,combination
P474939,oily
P474939,normal
P196524,combination
P196524,normal
P196524,dry
P196524,oily
P468684,oily
P468684,normal
P468684,combination
P468684,dry
P474079,combination
P474079,oily
P474079,dry
P474079,normal
P504071,combination
P504071,dry
P504071,normal
P504071,oily
P501176,dry
P501176,oily
P501176,combination
P501176,normal
P442589,combination
P442589,oily
P442589,normal
P442589,dry
P470057,combination
P470057,dry
P470057,oily
P470057,normal
P503668,combination
P503668,normal
P503668,oily
P503668,dry
P482321,combination
P482321,dry
P482321,oily
P482321,normal
P500288,combination
P500288,dry
P500288,oily
P500288,normal
P442535,combination
P442535,dry
P442535,oily
P442535,normal
P481162,combination
P481162,normal
P481162,oily
P481162,dry
P500993,combination
P500993,dry
P500993,normal
P500993,oily
P500471,dry
P500471,combination
P500471,normal
P500471,oily
P392248,normal
P392248,dry
P392248,combination
P392248,oily
P467122,dry
P467122,normal
P467122,combination
P467122,oily
P439057,dry
P439057,combination
P439057,normal
P439057,oily
P268700,oily
P268700,combination
P268700,normal
P268700,dry
P450262,normal
P450262,dry
P450262,combination
P450262,oily
P448719,dry
P448719,combination
P448719,oily
P448719,normal
P501189,normal
P501189,combination
P501189,oily
P501189,dry
P407448,combination
P407448,dry
P407448,normal
P407448,oily
P481366,combination
P481366,dry
P481366,normal
P481366,oily
P468411,normal
P468411,combination
P468411,oily
P468411,dry
P479705,normal
P479705,dry
P479705,combination
P479705,oily
P441220,dry
P441220,combination
P441220,oily
P441220,normal
P468637,dry
P468637,combination
P468637,oily
P468637,normal
P481340,combination
P481340,normal
P481340,dry
P481340,oily
P462390,combination
P462390,dry
P462390,oily
P462390,normal
P469506,oily
P469506,dry
P469506,normal
P469506,combination
P375852,normal
P375852,combination
P375852,dry
P375852,oily
P479329,combination
P479329,normal
P479329,dry
P479329,oily
P466163,normal
P466163,combination
P466163,dry
P466163,oily
P464243,oily
P464243,combination
P464243,dry
P464243,normal
P473828,combination
P473828,dry
P473828,oily
P473828,normal
P429529,dry
P429529,combination
P429529,normal
P429529,oily
P476415,combination
P476415,oily
P476415,dry
P476415,normal
P442758,combination
P442758,dry
P442758,oily
P442758,normal
P442871,combination
P442871,dry
P442871,normal
P442871,oily
P479632,combination
P479632,dry
P479632,oily
P479632,normal
P470507,combination
P470507,dry
P470507,oily
P470507,normal
P501028,dry
P501028,combination
P501028,normal
P501028,oily
P423142,combination
P423142,normal
P423142,dry
P423142,oily
P402944,combination
P402944,normal
P402944,dry
P402944,oily
P467247,dry
P467247,normal
P467247,combination
P467247,oily
P474340,oily
P474340,combination
P474340,dry
P474340,normal
P503693,combination
P503693,dry
P503693,oily
P503693,normal
P438617,combination
P438617,normal
P438617,oily
P438617,dry
P479348,oily
P479348,combination
P479348,dry
P479348,normal
P480613,dry
P480613,combination
P480613,normal
P480613,oily
P482024,dry
P482024,combination
P482024,normal
P482024,oily
P500019,dry
P500019,combination
P500019,normal
P500019,oily
P438618,normal
P438618,combination
P438618,oily
P438618,dry
P442837,combination
P442837,dry
P442837,normal
P442837,oily
P420158,combination
P420158,dry
P420158,normal
P420158,oily
P501236,normal
P501236,combination
P501236,dry
P501236,oily
P504007,normal
P504007,combination
P504007,dry
P504007,oily
P442990,oily
P442990,combination
P442990,dry
P442990,normal
P460624,combination
P460624,oily
P460624,normal
P460624,dry
P377368,combination
P377368,oily
P377368,dry
P377368,normal
P426829,oily
P426829,normal
P426829,combination
P426829,dry
P480606,combination
P480606,oily
P480606,normal
P480606,dry
P481732,combination
P481732,dry
P481732,normal
P481732,oily
P454837,combination
P454837,dry
P454837,normal
P454837,oily
P503891,combination
P503891,dry
P503891,oily
P503891,normal
P456192,combination
P456192,normal
P456192,dry
P456192,oily
P435386,dry
P435386,combination
P435386,oily
P435386,normal
P476876,dry
P476876,normal
P476876,combination
P476876,oily
P282920,oily
P282920,combination
P282920,dry
P282920,normal
P469503,combination
P469503,normal
P469503,oily
P469503,dry
P450633,combination
P450633,dry
P450633,normal
P450633,oily
P476730,combination
P476730,dry
P476730,normal
P476730,oily
P475182,normal
P475182,combination
P475182,dry
P475182,oily
P482757,normal
P482757,combination
P482757,dry
P482757,oily
P469522,oily
P469522,combination
P469522,dry
P469522,normal
P435800,normal
P435800,combination
P435800,oily
P435800,dry
P480285,combination
P480285,oily
P480285,normal
P480285,dry
P270544,dry
P270544,combination
P270544,oily
P270544,normal
P434361,combination
P434361,normal
P434361,oily
P434361,dry
P456206,combination
P456206,dry
P456206,oily
P456206,normal
P394826,normal
P394826,oily
P394826,combination
P394826,dry
P392239,combination
P392239,dry
P392239,oily
P392239,normal
P503052,normal
P503052,oily
P503052,combination
P503052,dry
P432262,combination
P432262,dry
P432262,oily
P432262,normal
P440498,combination
P440498,oily
P440498,dry
P440498,normal
P428816,dry
P428816,combination
P428816,normal
P428816,oily
P475185,combination
P475185,normal
P475185,dry
P475185,oily
P475203,combination
P475203,normal
P475203,dry
P475203,oily
P462666,combination
P462666,dry
P462666,oily
P462666,normal
P454387,combination
P454387,dry
P454387,normal
P454387,oily
P454388,combination
P454388,dry
P454388,normal
P454388,oily
P427409,normal
P427409,combination
P427409,dry
P427409,oily
P444980,combination
P444980,dry
P444980,normal
P444980,oily
P443829,combination
P443829,normal
P443829,dry
P443829,oily
P217932,combination
P217932,oily
P217932,normal
P217932,dry
P205614,combination
P205614,dry
P205614,normal
P205614,oily
P456994,combination
P456994,normal
P456994,dry
P456994,oily
P412025,combination
P412025,oily
P412025,dry
P412025,normal
P9941,combination
P9941,dry
P9941,normal
P9941,oily
P482264,combination
P482264,normal
P482264,oily
P482264,dry
P423130,dry
P423130,combination
P423130,oily
P423130,normal
P427529,dry
P427529,combination
P427529,normal
P427529,oily
P446419,combination
P446419,normal
P446419,dry
P446419,oily
P471037,dry
P471037,normal
P471037,oily
P471037,combination
P392249,normal
P392249,combination
P392249,dry
P392249,oily
P456582,normal
P456582,combination
P456582,oily
P456582,dry
P481832,dry
P481832,normal
P481832,combination
P481832,oily
P460701,dry
P460701,oily
P460701,combination
P460701,normal
P503721,combination
P503721,oily
P503721,dry
P503721,normal
P442867,normal
P442867,combination
P442867,dry
P442867,oily
P374841,dry
P374841,oily
P374841,combination
P374841,normal
P480192,combination
P480192,oily
P480192,normal
P480192,dry
P456193,combination
P456193,dry
P456193,normal
P456193,oily
P482323,dry
P482323,combination
P482323,normal
P482323,oily
P500138,combination
P500138,normal
P500138,dry
P500138,oily
P463665,combination
P463665,dry
P463665,normal
P463665,oily
P464239,combination
P464239,dry
P464239,normal
P464239,oily
P503692,combination
P503692,normal
P503692,oily
P503692,dry
