product_id,product_name,brand_name,price_usd,primary_category
P473671,Fragrance Discovery Set,19-69,35.0,Fragrance
P473668,La Habana Eau de Parfum,19-69,195.0,Fragrance
P473662,Rainbow Bar Eau de Parfum,19-69,195.0,Fragrance
P473660,Kasbah Eau de Parfum,19-69,195.0,Fragrance
P473658,Purple Haze Eau de Parfum,19-69,195.0,Fragrance
P473661,Kasbah Eau de Parfum Travel Spray,19-69,30.0,Fragrance
P473659,Purple Haze Eau de Parfum Travel Spray,19-69,30.0,Fragrance
P473666,Invisible Post Eau de Parfum,19-69,195.0,Fragrance
P472300,Capri Eau de Parfum,19-69,195.0,Fragrance
P473667,Invisible Post Eau de Parfum Travel Spray,19-69,30.0,Fragrance
P473663,Rainbow Bar Eau de Parfum Travel Spray,19-69,30.0,Fragrance
P473670,Capri Eau de Parfum Travel Spray,19-69,30.0,Fragrance
P473664,L'air Barbes Eau de Parfum,19-69,195.0,Fragrance
P473665,L'air Barbes Eau de Parfum Travel Spray,19-69,30.0,Fragrance
P476416,AFRICAN Beauty Butter- Intensive Dry Skin Treatment,54 Thrones,38.0,Bath & Body
P476418,African Beauty Butter Mini Gift Set,54 Thrones,29.0,Bath & Body
P476417,African Beauty Butter Collection Deluxe Tin,54 Thrones,80.0,Bath & Body
P503832,Mini AFRICAN Beauty Butter- Intensive Dry Skin Treatment,54 Thrones,12.0,Bath & Body
P483068,ABBOTT Sampler Set,ABBOTT,26.0,Fragrance
P483139,The Cape Perfume,ABBOTT,84.0,Fragrance
P483080,Crescent Beach Perfume Travel Spray,ABBOTT,29.0,Fragrance
P483079,Crescent Beach Perfume,ABBOTT,84.0,Fragrance
P483131,Seqouia Eau de Parfum Travel Spray,ABBOTT,29.0,Fragrance
P483130,Sequoia Perfume,ABBOTT,84.0,Fragrance
P483108,Mojave Perfume Travel Spray,ABBOTT,29.0,Fragrance
P483140,The Cape Perfume Travel Spray,ABBOTT,29.0,Fragrance
P483072,Big Sky Eau de Parfum Travel Spray,ABBOTT,28.0,Fragrance
P483071,Big Sky Eau de Parfum,ABBOTT,84.0,Fragrance
P483110,Montecito Perfume Travel Spray,ABBOTT,29.0,Fragrance
P483109,Montecito Perfume,ABBOTT,84.0,Fragrance
P483107,Mojave Perfume,ABBOTT,84.0,Fragrance
P443401,Blu Mediterraneo Mini Eau de Toilette Set,Acqua di Parma,77.0,Mini Size
P307804,Mirto di Panarea,Acqua di Parma,84.0,Fragrance
P375388,Arancia di Capri,Acqua di Parma,84.0,Fragrance
P163604,Colonia,Acqua di Parma,181.0,Fragrance
P252213,Magnolia Nobile,Acqua di Parma,210.0,Fragrance
P456550,Yuzu Eau de Parfum,Acqua di Parma,135.0,Fragrance
P377678,Oud Eau de Parfum,Acqua di Parma,295.0,Fragrance
P269110,Colonia Essenza,Acqua di Parma,130.0,Fragrance
P448830,Buongiorno Diffuser,Acqua di Parma,112.0,Fragrance
P380571,Colonia Alcohol-Free Deodorant,Acqua di Parma,55.0,Bath & Body
P422289,Colonia Pura,Acqua di Parma,130.0,Fragrance
P471525,Arancia di Capri Candle,Acqua di Parma,82.0,Fragrance
P471526,Fico di Amalfi Candle,Acqua di Parma,82.0,Fragrance
P460438,Aperitivo In Terrazza Diffuser,Acqua di Parma,112.0,Fragrance
P448828,Luce di Colonia Diffuser,Acqua di Parma,112.0,Fragrance
P457232,Baomint Deep Conditioning Treatment,adwoa beauty,39.0,Hair
P474806,Blue Tansy Reparative Mask,adwoa beauty,40.0,Hair
P457233,Baomint Leave In Conditioning Styler,adwoa beauty,26.0,Hair
P474808,Blue Tansy Leave in Conditioning Styler,adwoa beauty,26.0,Hair
P457234,Baomint Moisturizing Shampoo,adwoa beauty,24.0,Hair
P474804,Blue Tansy Clarifying Gel Shampoo,adwoa beauty,25.0,Hair
P481372,Melonberry Hair Milk Leave-In Conditioner,adwoa beauty,24.0,Hair
P457237,Baomint Protect + Shine Oil Blend,adwoa beauty,24.0,Hair
P457236,Baomint Moisturizing Curl Defining Cream,adwoa beauty,32.0,Hair
P474807,Blue Tansy Treatment Serum,adwoa beauty,36.0,Hair
P457235,Baomint Moisturizing Curl Defining Gel,adwoa beauty,32.0,Hair
P474805,Blue Tansy Reparative Conditioner,adwoa beauty,25.0,Hair
P473150,Mini Baomint Deep Conditioning Treatment,adwoa beauty,15.0,Hair
P473151,Mini Baomint Deluxe Travel Kit,adwoa beauty,56.0,Hair
P473154,Mini Baomint Moisturizing Curl Defining Gel,adwoa beauty,14.0,Hair
P473153,Mini Baomint Moisturizing Curl Defining Cream,adwoa beauty,14.0,Hair
P473152,Mini Baomint Leave-In Conditioning Styler,adwoa beauty,13.0,Hair
P473155,Mini Baomint Moisturizing Shampoo,adwoa beauty,12.0,Hair
P473156,Mini Baomint Protect + Shine Oil Blend,adwoa beauty,11.0,Hair
P398965,Rose Lip Conditioner,AERIN,35.0,Makeup
P405269,Mediterranean Honeysuckle,AERIN,145.0,Fragrance
P405273,Mediterranean Honeysuckle Eau de Parfum Travel Spray,AERIN,35.0,Fragrance
P388770,Amber Musk,AERIN,145.0,Fragrance
P398823,Amber Musk Eau de Parfum Travel Spray,AERIN,35.0,Mini Size
P428454,Hibiscus Palm Eau de Parfum,AERIN,145.0,Fragrance
P388762,Ikat Jasmine,AERIN,200.0,Fragrance
P388766,Lilac Path,AERIN,145.0,Fragrance
P395768,Waterlily Sun,AERIN,145.0,Fragrance
P433906,Rose De Grasse,AERIN,260.0,Fragrance
P433901,Ikat Jasmine Travel Spray,AERIN,35.0,Fragrance
P454826,Wild Geranium Travel Spray,AERIN,35.0,Fragrance
P410846,Tangier Vanille,AERIN,145.0,Fragrance
P460780,Hibiscus Palm Eau de Parfum Travel Spray,AERIN,35.0,Fragrance
P481055,Mediterranean Honeysuckle Mimosa Eau de Parfum,AERIN,135.0,Fragrance
P454825,Wild Geranium,AERIN,145.0,Fragrance
P442516,Mini Aegea Blossom Eau de Parfum Travel Spray,AERIN,35.0,Fragrance
P442515,Aegea Blossom Eau de Parfum,AERIN,145.0,Fragrance
P475043,Cedar Violet Eau de Parfum Travel Spray,AERIN,35.0,Fragrance
P504777,Perfume Sampler Discovery Set,AERIN,25.0,Fragrance
P475042,Cedar Violet Eau de Parfum,AERIN,145.0,Fragrance
P504686,Mediterranean Honeysuckle Clementina,AERIN,145.0,Fragrance
P471527,Rose De Grasse Pour Filles Eau de Parfum,AERIN,100.0,Fragrance
P481056,Mediterranean Honeysuckle Mimosa Eau de Parfum Travel Spray,AERIN,30.0,Fragrance
P439055,GENIUS Sleeping Collagen Moisturizer,Algenist,98.0,Skincare
P421277,GENIUS Liquid Collagen Serum,Algenist,115.0,Skincare
P467602,Triple Algae Eye Renewal Balm Eye Cream,Algenist,68.0,Skincare
P432045,GENIUS Liquid Collagen Lip Treatment,Algenist,29.0,Skincare
P311143,SUBLIME DEFENSE Ultra Lightweight UV Defense Fluid SPF 50,Algenist,28.0,Skincare
P384537,GENIUS Ultimate Anti-Aging Cream,Algenist,112.0,Skincare
P388200,GENIUS Ultimate Anti-Aging Melting Cleanser,Algenist,38.0,Skincare
P296413,Gentle Rejuvenating Cleanser,Algenist,28.0,Skincare
P500716,10 Day Results Kit,Algenist,88.0,Skincare
P379907,Advanced Anti-Aging Repairing Oil,Algenist,82.0,Skincare
P296415,Overnight Restorative Cream,Algenist,94.0,Skincare
P392945,GENIUS Ultimate Anti-Aging Vitamin C+ Serum,Algenist,118.0,Skincare
P282935,Regenerative Anti-Aging Moisturizer,Algenist,94.0,Skincare
P474809,Blue Algae Vitamin C Skinclarity Brightening Serum,Algenist,72.0,Skincare
P416552,POWER Recharging Night Pressed Serum,Algenist,95.0,Skincare
P471000,Algae Niacinamide Moisture Veil,Algenist,65.0,Skincare
P480274,GENIUS Liquid Skin Resurfacing 2% BHA Toner,Algenist,40.0,Skincare
P453818,GENIUS Collagen Calming Relief,Algenist,58.0,Skincare
P442859,ALIVE Prebiotic Balancing Mask,Algenist,38.0,Skincare
P388262,GENIUS Ultimate Anti-Aging Eye Cream,Algenist,74.0,Skincare
P457694,Blue Algae Vitamin C Dark Spot Correcting Peel,Algenist,85.0,Skincare
P447504,AA (Alguronic Acid) Barrier Serum,Algenist,85.0,Skincare
P404169,POWER Advanced Wrinkle Fighter 360° Eye Serum,Algenist,70.0,Skincare
P404168,POWER Advanced Wrinkle Fighter Moisturizer,Algenist,85.0,Skincare
P449163,GENIUS Liquid Collagen Hand Cream,Algenist,38.0,Bath & Body
P433469,ELEVATE Advanced Retinol Serum,Algenist,98.0,Skincare
P420638,ELEVATE Advanced Lift Contouring Cream,Algenist,96.0,Skincare
P456990,Mini GENIUS Liquid Collagen,Algenist,25.0,Skincare
P410809,ELEVATE Firming & Lifting Contouring Eye Cream,Algenist,72.0,Skincare
P442860,ALIVE Prebiotic Balancing Moisturizer SPF 15,Algenist,40.0,Skincare
P449164,ELEVATE Firming & Lifting Neck Cream,Algenist,84.0,Skincare
P504443,Plump Pout Duo,Algenist,44.0,Skincare
P503998,Algae Peptide Regenerative Moisturizer,Algenist,98.0,Skincare
P440949,Liquid Gold Exfoliating Treatment with Glycolic acid,Alpha-H,56.0,Skincare
P442540,Vitamin A Serum with 0.5% Retinol,Alpha-H,65.0,Skincare
P442539,Vitamin B Serum with 5% Niacinamide and Peptides,Alpha-H,65.0,Skincare
P442546,Balancing Cleanser,Alpha-H,38.0,Skincare
P442548,Mini Liquid Gold Exfoliating Treatment with Glycolic Acid,Alpha-H,22.0,Skincare
P442537,Liquid Gold Firming Eye Cream,Alpha-H,82.0,Skincare
P480150,Liquid Gold Midnight Reboot Serum with 14% Glycolic Acid and Tripeptide-5,Alpha-H,105.0,Skincare
P442542,Beauty Sleep Power Peel Age-Defying Night Peel,Alpha-H,106.0,Skincare
P442545,Triple Action Cleanser,Alpha-H,38.0,Skincare
P455237,Melt Moisturizer with Bakuchiol and Squalane,alpyn beauty,60.0,Skincare
P465741,Wild Huckleberry 8-Acid Polishing Peel Mask,alpyn beauty,56.0,Skincare
P472302,Wild Nettle & Niacinamide Instant Firming Serum,alpyn beauty,58.0,Skincare
P455613,Line-Filling Eye Cream with Bakuchiol and Caffeine,alpyn beauty,62.0,Skincare
P503197,Juneberry & Collagen Hydrating Cold Cream Cleanser,alpyn beauty,39.0,Skincare
P477492,Triple Vitamin C Brightening Bounce Cream Moisturizer,alpyn beauty,49.0,Skincare
P455614,Creamy Bubbling Cleanser with Vitamin C & AHAs,alpyn beauty,36.0,Skincare
P455612,Vitamin C & Bearberry Instant Glow Serum,alpyn beauty,59.0,Skincare
P483643,Willow & Sweet Agave Plumping Lip Mask,alpyn beauty,28.0,Skincare
P505338,Pore Perfecting Liquid Exfoliator with 2% BHA + Borage,alpyn beauty,39.0,Skincare
P481058,Mini Melt Moisturizer with Bakuchiol and Squalane,alpyn beauty,25.0,Skincare
P483644,Mini Wild Huckleberry 8-Acid Polishing Peel Mask,alpyn beauty,23.0,Mini Size
P503262,Peel and Plump Skin-Smoothing Duo,alpyn beauty,49.0,Skincare
P378716,CAVIAR Anti-Aging Replenishing Moisture CC Cream,ALTERNA Haircare,30.0,Hair
P269705,CAVIAR Anti-Aging Replenishing Moisture Shampoo,ALTERNA Haircare,35.0,Hair
P269706,CAVIAR Anti-Aging Replenishing Moisture Conditioner,ALTERNA Haircare,55.0,Hair
P309412,Caviar Anti-Aging Clinical Densifying Scalp Treatment,ALTERNA Haircare,38.0,Hair
P405297,CAVIAR Anti-Aging Multiplying Volume Styling Mist,ALTERNA Haircare,30.0,Hair
P419632,CAVIAR Anti-Aging Smoothing Anti-Frizz Dry Oil Mist,ALTERNA Haircare,34.0,Hair
P269714,CAVIAR Anti-Aging Working Hairspray,ALTERNA Haircare,26.0,Hair
P428076,CAVIAR Anti-Aging Smoothing Anti-Frizz Blowout Butter,ALTERNA Haircare,35.0,Hair
P309411,CAVIAR Anti-Aging Clinical Densifying Shampoo,ALTERNA Haircare,34.0,Hair
P384770,CAVIAR Anti-Aging Smoothing Anti-Frizz Nourishing Oil,ALTERNA Haircare,38.0,Hair
P391910,CAVIAR Anti-Aging Clinical Densifying Styling Mousse,ALTERNA Haircare,38.0,Hair
P435932,CAVIAR Anti-Aging Restructuring Bond Repair Leave-In Heat Protection Spray,ALTERNA Haircare,32.0,Hair
P405298,CAVIAR Anti-Aging Multiplying Volume Shampoo,ALTERNA Haircare,35.0,Hair
P441825,CAVIAR Anti-Aging Rapid Blowout Balm,ALTERNA Haircare,32.0,Hair
P435934,CAVIAR Anti-Aging Restructuring Bond Repair 3-in-1 Sealing Serum,ALTERNA Haircare,38.0,Hair
P410833,CAVIAR Anti-Aging Replenishing Moisture Leave-In Smoothing Gelee,ALTERNA Haircare,30.0,Hair
P435933,CAVIAR Anti-Aging Restructuring Bond Repair Leave-In Overnight Serum,ALTERNA Haircare,40.0,Hair
P374562,CAVIAR Anti-Aging Perfect Iron Spray,ALTERNA Haircare,32.0,Hair
P405299,CAVIAR Anti-Aging Multiplying Volume Conditioner,ALTERNA Haircare,36.0,Hair
P269707,CAVIAR Anti-Aging Replenishing Moisture Masque,ALTERNA Haircare,45.0,Hair
P416598,CAVIAR Anti-Aging Infinite Color Hold Dual-Use Serum,ALTERNA Haircare,36.0,Hair
P441826,CAVIAR Anti-Aging Replenishing Moisture Priming Leave-In Conditioner,ALTERNA Haircare,32.0,Hair
P405300,CAVIAR Anti-Aging Multiplying Volume Styling Mousse,ALTERNA Haircare,32.0,Hair
P448859,Caviar Anti-Aging Smoothing Anti-Frizz Air-Dry Balm,ALTERNA Haircare,32.0,Hair
P435931,CAVIAR Anti-Aging Restructuring Bond Repair Leave-In Protein Cream,ALTERNA Haircare,37.0,Hair
P416404,CAVIAR Anti-Aging Infinite Color Hold Shampoo,ALTERNA Haircare,35.0,Hair
P428074,CAVIAR Anti-Aging Smoothing Anti-Frizz Shampoo,ALTERNA Haircare,35.0,Hair
P441638,CAVIAR Anti-Aging Perfect Texture Spray,ALTERNA Haircare,30.0,Hair
P428075,CAVIAR Anti-Aging Smoothing Anti-Frizz Conditioner,ALTERNA Haircare,36.0,Hair
P416403,CAVIAR Anti-Aging Infinite Color Hold Conditioner,ALTERNA Haircare,36.0,Hair
P479628,Restructuring Bond Repair Masque,ALTERNA Haircare,50.0,Hair
P463601,Alterna Haircare Caviar Anti-Aging Clinical Densifying Shampoo,ALTERNA Haircare,38.0,Hair
P484022,Renewing Exfoliating Scalp Scrub-to-Foam,ALTERNA Haircare,48.0,Hair
P482656,Replenishing Moisture Jumbo Trio,ALTERNA Haircare,100.0,Hair
P476830,My Hair My Canvas  Meltaway No-Rinse Micellar Cleanser,ALTERNA Haircare,29.0,Hair
P472305,CAVIAR Anti-Aging Restructuring Bond Repair Conditioner,ALTERNA Haircare,56.0,Hair
P463015,Alterna Haircare Caviar Anti-Aging Clinical Densifying Foam Conditioner,ALTERNA Haircare,38.0,Hair
P476826,MHMC New Beginnings Exfoliating Cleanser,ALTERNA Haircare,30.0,Hair
P472303,CAVIAR Anti-Aging Restructuring Bond Repair Shampoo,ALTERNA Haircare,35.0,Hair
P484023,Renewing Scalp Leave-In Treatment with Hemp,ALTERNA Haircare,48.0,Hair
P484024,Renewing Scalp Care Peppermint Leave-In Treatment,ALTERNA Haircare,48.0,Hair
P476827,My Hair My Canvas Me Time Every Day Shampoo,ALTERNA Haircare,28.0,Hair
P476828,My Hair My Canvas  Me Time Everyday Conditioner,ALTERNA Haircare,28.0,Hair
P476829,My Hair My Canvas  Cool Hydrations Nourishing Masque,ALTERNA Haircare,35.0,Hair
P463016,Clinical Densifying Styling Mousse,ALTERNA Haircare,38.0,Hair
P503741,Lip Treatment Oil,Ami Colé,20.0,Makeup
P503754,Skin-Enhancing Tinted Moisturizer,Ami Colé,32.0,Makeup
P503762,Lash-Amplifying Volumizing & Lengthening Mascara,Ami Colé,19.0,Makeup
P503732,Skin Melt Talc-Free Loose Setting Powder,Ami Colé,22.0,Makeup
P503763,Light-Catching Highlighter Balm,Ami Colé,22.0,Makeup
P503767,Skin-Enhancing Concealer,Ami Colé,24.0,Makeup
P503759,Ultra-Flex Clear Eyebrow Shaping Gel,Ami Colé,20.0,Makeup
P504779,Desert Date Cream Blush & Lip Multistick,Ami Colé,22.0,Makeup
P503731,"The Customizable Crew Set: Highlighter, Lip Oil, and Skin Tint Set",Ami Colé,60.0,Makeup
P404916,Soulfood Nourishing Hair Mask,amika,32.0,Hair
P393281,Perk Up Talc-Free Dry Shampoo,amika,28.0,Hair
P484025,Dream Routine Overnight Hydrating Hair Mask,amika,32.0,Hair
P426173,Mini Soulfood Nourishing Mask,amika,18.0,Mini Size
P474810,The Kure Intense Bond Repair Hair Mask,amika,40.0,Hair
P500747,Hydro Rush Intense Moisture Leave-In Conditioner with Hyaluronic Acid,amika,28.0,Hair
P404913,Un.Done Volume and Matte Texture Spray,amika,29.0,Hair
P442295,High Tide Deep Wave Hair Crimper,amika,120.0,Hair
P468627,The Kure Bond Repair Conditioner for Damaged Hair,amika,28.0,Hair
P501442,Good Vibes Only + Hydration + Repair Hair Mask Set,amika,39.0,Hair
P468629,The Closer Instant Split-end Hair Repair Cream,amika,28.0,Hair
P460000,Hair Blow Dryer Brush 2.0,amika,100.0,Hair
P471529,Bust Your Brass Cool Blonde Purple Intense Repair Hair Mask,amika,40.0,Hair
P431196,Normcore Sulfate Free Shampoo,amika,23.0,Hair
P501705,Flash Instant Shine Hair Gloss Mask,amika,28.0,Hair
P409703,Plus Size Volume & Body Mousse,amika,30.0,Hair
P431197,Normcore Hydrating Conditioner,amika,23.0,Hair
P431193,Curl Corps Curl Defining Cream,amika,28.0,Hair
P501693,The Wizard Detangling Hair Primer,amika,29.0,Hair
P426180,Mini Un.Done Volume and Matte Texture Spray,amika,10.0,Mini Size
P504002,Water Sign Hydrating Hair Oil with Hyaluronic Acid,amika,32.0,Hair
P501708,Perk Up Plus Extended Clean Dry Shampoo,amika,30.0,Hair
P420713,Velveteen Dream Anti-Frizz Smoothing Conditioner,amika,28.0,Hair
P500748,Hydro Rush Intense Moisture Shampoo with Hyaluronic Acid,amika,26.0,Hair
P441833,Polished Perfection Thermal Straightening Brush 2.0,amika,98.0,Hair
P431192,Curl Corps Curl Enhancing Hair Gel,amika,28.0,Hair
P478535,Top Gloss Hair Shine Spray,amika,29.0,Hair
P481409,The Kure Multi-Task Repair Treatment,amika,30.0,Hair
P500713,Hydro Rush Intense Moisture Conditioner with Hyaluronic Acid,amika,26.0,Hair
P420708,Vault Sulfate Free Shampoo for Color-Treated Hair,amika,23.0,Hair
P502586,Brooklyn Bombshell Blowout Spray,amika,28.0,Hair
P471531,Bust Your Brass Blonde Purple Conditioner,amika,28.0,Hair
P501714,The Kure Bond Repair Shampoo for Damaged Hair,amika,28.0,Hair
P504128,Hydro Rush and Dream Routine Hair Hydration Set,amika,58.0,Hair
P420709,Vault Conditioner for Color-Treated Hair,amika,23.0,Hair
P458505,Fadeblock Pre-Shampoo Color Seal,amika,26.0,Hair
P473260,Power Hour Curl Refreshing Spray,amika,28.0,Hair
P501713,Reset Exfoliating Jelly Scalp Scrub,amika,28.0,Hair
P482657,Double Agent 2-in-1 Straightening Blow Dryer Brush,amika,120.0,Hair
P501717,3D Volume and Thickening Shampoo,amika,26.0,Hair
P501689,3D Daily Leave-In Hair Thickening Treatment,amika,38.0,Hair
P500290,High Tide Deep Waver Jumbo,amika,120.0,Hair
P480275,Mini Perk Up Talc-Free Dry Shampoo,amika,15.0,Hair
P501698,Mini Perk Up Plus Extended Clean Dry Shampoo,amika,16.0,Hair
P449574,Illuminati Diamond Ceramic Flat Iron,amika,120.0,Hair
P501721,Bust Your Brass Blonde Purple Shampoo,amika,28.0,Hair
P455574,The Conductor 1 Inch Precision Germanium Flat Iron,amika,150.0,Hair
P449573,The CEO 360° Lightweight Powerhouse Hair Dryer,amika,200.0,Hair
P501686,3D Volume and Thickening Conditioner,amika,40.0,Hair
P202633,Brow Wiz Ultra-Slim Precision Brow Pencil,Anastasia Beverly Hills,25.0,Makeup
P384060,"DIPBROW Waterproof, Smudge Proof Brow Pomade",Anastasia Beverly Hills,21.0,Makeup
P404832,Eye Shadow Singles,Anastasia Beverly Hills,12.0,Makeup
P404831,Liquid Lipstick,Anastasia Beverly Hills,20.0,Makeup
P409118,Modern Renaissance Eye Shadow Palette,Anastasia Beverly Hills,45.0,Makeup
P58930227,Soft Glam Eyeshadow Palette,Anastasia Beverly Hills,45.0,Makeup
P386335,Contour Kit,Anastasia Beverly Hills,40.0,Makeup
P404827,Brow Definer 3-in-1 Triangle Tip,Anastasia Beverly Hills,26.0,Makeup
P404830,Lip Gloss,Anastasia Beverly Hills,16.0,Makeup
P406576,Sun Dipped Glow Kit,Anastasia Beverly Hills,40.0,Makeup
P69304,Strong Hold Clear Brow Gel,Anastasia Beverly Hills,22.0,Makeup
P69300,Ombre Effect Long Wearing Brow Powder Duo,Anastasia Beverly Hills,23.0,Makeup
P468341,Brow Freeze Extreme Hold Laminated-Look Sculpting Wax,Anastasia Beverly Hills,23.0,Makeup
P384059,Brush 12 Precision Brow Brush for Pomades & Gels,Anastasia Beverly Hills,18.0,Makeup
P423925,Sugar Glow Kit,Anastasia Beverly Hills,40.0,Makeup
P454751,Mini Strong Hold Clear Brow Gel,Anastasia Beverly Hills,9.0,Makeup
P69517,Brush 7B Precision Brow Brush for Powders,Anastasia Beverly Hills,18.0,Makeup
P410504,Stick Foundation,Anastasia Beverly Hills,25.0,Makeup
P452735,Norvina False Lashes,Anastasia Beverly Hills,12.0,Makeup
P187202,Tinted Brow Gel,Anastasia Beverly Hills,22.0,Makeup
P441838,DIPBROW Gel,Anastasia Beverly Hills,20.0,Makeup
P480576,Matte & Satin Velvet Lipstick,Anastasia Beverly Hills,23.0,Makeup
P420162,Blush Trio,Anastasia Beverly Hills,30.0,Makeup
P386783,Pro Pencil,Anastasia Beverly Hills,18.0,Makeup
P442999,DIPBROW Gel - Mini,Anastasia Beverly Hills,9.0,Makeup
P449124,Luminous Foundation,Anastasia Beverly Hills,38.0,Makeup
P69305,Perfect Brow Pencil,Anastasia Beverly Hills,23.0,Makeup
P480575,Lip Liner,Anastasia Beverly Hills,18.0,Makeup
P450846,Norvina Pro Pigment Palette Vol. 3 for Face & Body,Anastasia Beverly Hills,60.0,Makeup
P462328,Superfine Micro-Stroking Detail Brow Pen,Anastasia Beverly Hills,22.0,Makeup
P443753,Dewy Set Setting Spray,Anastasia Beverly Hills,26.0,Makeup
P448161,Norvina Pro Pigment Palette Vol. 1 for Face & Body,Anastasia Beverly Hills,60.0,Makeup
P463420,Mini Soft Glam II Eye Shadow Palette,Anastasia Beverly Hills,29.0,Makeup
P397498,Brush #14,Anastasia Beverly Hills,18.0,Makeup
P427916,Powder Bronzer,Anastasia Beverly Hills,28.0,Makeup
P406574,A23 Pro Brush – Large Tapered Blending Brush,Anastasia Beverly Hills,25.0,Makeup
P474813,Stick Cream Blush,Anastasia Beverly Hills,32.0,Makeup
P450845,Norvina Pro Pigment Palette Vol. 2 for Face & Body,Anastasia Beverly Hills,60.0,Makeup
P457246,Norvina Pro Pigment Palette Vol. 4 for Face & Body,Anastasia Beverly Hills,60.0,Makeup
P475045,Magic Touch Concealer,Anastasia Beverly Hills,29.0,Makeup
P224610,Highlighting Duo Pencil,Anastasia Beverly Hills,23.0,Makeup
P474812,Cream Bronzer,Anastasia Beverly Hills,35.0,Makeup
P473261,Norvina Pro Pigment Palette Vol. 5 for Face & Body,Anastasia Beverly Hills,60.0,Makeup
P450720,Contour & Highlight Stick,Anastasia Beverly Hills,25.0,Makeup
P69600,Classic Stencils,Anastasia Beverly Hills,20.0,Tools & Brushes
P406577,Lip Primer,Anastasia Beverly Hills,16.0,Makeup
P452412,Norvina Mini Pro Pigment Palette Vol. 2 for Face & Body,Anastasia Beverly Hills,29.0,Makeup
P395205,Waterproof Crème Color,Anastasia Beverly Hills,18.0,Makeup
P69502,Tweezers,Anastasia Beverly Hills,28.0,Tools & Brushes
P471219,Brow Freeze Applicator,Anastasia Beverly Hills,17.0,Makeup
P463783,Insta Brow Set,Anastasia Beverly Hills,25.0,Makeup
P454992,Norvina Mini Pro Pigment Palette Vol. 3 for Face & Body,Anastasia Beverly Hills,29.0,Mini Size
P449149,Loose Setting Powder,Anastasia Beverly Hills,38.0,Makeup
P69512,Angled Cut Brush - Small 15,Anastasia Beverly Hills,17.0,Makeup
P468343,Tinted Lip Gloss,Anastasia Beverly Hills,20.0,Makeup
P420204,Liquid Glow Highlighter,Anastasia Beverly Hills,25.0,Makeup
P459508,Mini Dewy Set Hydrating Setting Spray,Anastasia Beverly Hills,15.0,Makeup
P500629,Nouveau Eyeshadow Palette,Anastasia Beverly Hills,55.0,Makeup
P406283,Brush #18,Anastasia Beverly Hills,18.0,Makeup
P452413,Norvina Mini Pro Pigment Palette Vol. 1 for Face & Body,Anastasia Beverly Hills,29.0,Mini Size
P482659,NORVINA Pro Pigment Palette Vol. 6 for Face & Body,Anastasia Beverly Hills,60.0,Makeup
P468344,Iced Out Highlighter,Anastasia Beverly Hills,34.0,Makeup
P446027,Mini Eye Primer,Anastasia Beverly Hills,13.0,Makeup
P503051,Fluffy & Fuller Looking Brow Kit,Anastasia Beverly Hills,29.0,Makeup
P386784,Brush #20,Anastasia Beverly Hills,18.0,Makeup
P471735,"Face Palettes – All in One Bronzer, Highlighter, Blush",Anastasia Beverly Hills,58.0,Makeup
P478230,NORVINA Chroma Stix Makeup Pencils,Anastasia Beverly Hills,18.0,Makeup
P173317,Brow Primer,Anastasia Beverly Hills,21.0,Makeup
P446344,Shimmer Body Oil,Anastasia Beverly Hills,38.0,Bath & Body
P395206,Brush 3- Liner Brush,Anastasia Beverly Hills,18.0,Makeup
P449151,Liquid Liner,Anastasia Beverly Hills,18.0,Makeup
P503114,Rose Metals Eyeshadow Palette,Anastasia Beverly Hills,55.0,Makeup
P503050,Natural & Polished Deluxe Brow Kit,Anastasia Beverly Hills,39.0,Makeup
P477809,Primrose All In One Face & Eye Shadow Palette,Anastasia Beverly Hills,55.0,Makeup
P69520,Sharpener,Anastasia Beverly Hills,6.0,Tools & Brushes
P455981,Lash Brag Jet-Black Volumizing Mascara,Anastasia Beverly Hills,25.0,Makeup
P503556,Mini Glam To Go Eyeshadow Palette,Anastasia Beverly Hills,29.0,Makeup
P503092,Fuller Looking & Sculpted Lip Duo Kit,Anastasia Beverly Hills,25.0,Makeup
P456591,Mini Lash Brag Jet-Black Volumizing Mascara,Anastasia Beverly Hills,13.0,Makeup
P423923,Liquid Lipstick in Trouble,Anastasia Beverly Hills,20.0,Makeup
P500697,Coming Up Roses Blush & Lip Kit,Anastasia Beverly Hills,50.0,Makeup
P390228,Scissors,Anastasia Beverly Hills,22.5,Makeup
P468342,Crystal Lip Gloss,Anastasia Beverly Hills,20.0,Makeup
P500604,Stick Highlighter,Anastasia Beverly Hills,34.0,Makeup
P483069,Brow Studio Kit,Anastasia Beverly Hills,29.0,Makeup
P410502,Darkside Waterproof Liner,Anastasia Beverly Hills,18.0,Makeup
P500402,Brow Genius Conditioning Brow Serum,Anastasia Beverly Hills,65.0,Makeup
P470000,Norvina False Bottom Lashes,Anastasia Beverly Hills,12.0,Makeup
P449148,A30 Domed Kabuki Brush,Anastasia Beverly Hills,24.0,Makeup
P462330,Mini Loose Setting Powder,Anastasia Beverly Hills,19.0,Makeup
P473262,Norvina Lip Balm,Anastasia Beverly Hills,18.0,Makeup
P470504,Eye Brag Eyeliner & Mascara Set,Anastasia Beverly Hills,29.0,Makeup
P449150,Hydrating Oil,Anastasia Beverly Hills,45.0,Skincare
P504629,Laminated Look Brow Kit,Anastasia Beverly Hills,24.0,Makeup
P470001,False Top Lashes,Anastasia Beverly Hills,12.0,Makeup
P502229,Flip Hair-Drying Tool,Aquis,50.0,Hair
P393401,Luminous Silk Perfect Glow Flawless Oil-Free Foundation,Armani Beauty,69.0,Makeup
P393411,Lip Maestro Liquid Matte Lipstick,Armani Beauty,45.0,Makeup
P425938,Mini Luminous Silk Perfect Glow Flawless Oil-Free Foundation,Armani Beauty,45.0,Mini Size
P393434,Eye Tint Long-Lasting Liquid Eyeshadow,Armani Beauty,36.0,Makeup
P416785,Power Fabric + Longwear High Cover Foundation SPF 25,Armani Beauty,69.0,Makeup
P471221,Lip Power Satin Long Lasting Lipstick,Armani Beauty,45.0,Makeup
P456158,Luminous Silk Face and Under-Eye Concealer,Armani Beauty,39.0,Makeup
P271538,Acqua di Gioia,Armani Beauty,98.0,Fragrance
P461420,My Way Eau de Parfum,Armani Beauty,155.0,Fragrance
P388029,Sì Eau de Parfum,Armani Beauty,122.0,Fragrance
P441817,Power Fabric Concealer,Armani Beauty,40.0,Makeup
P430871,Sì Passione Eau de Parfum,Armani Beauty,122.0,Fragrance
P458270,Neo Nude Tinted Moisturizer with Hyaluronic Acid,Armani Beauty,48.0,Makeup
P12430,Acqua di Giò Eau de Toilette Spray,Armani Beauty,110.0,Fragrance
P480151,Mini My Way & Acqua di Gioia Perfume Duo,Armani Beauty,32.0,Fragrance
P461421,My Way Eau de Parfum Travel Spray,Armani Beauty,34.0,Fragrance
P144212,Armani Code Pour Femme,Armani Beauty,76.0,Fragrance
P472016,Neo Nude Color Melting Cream Blush,Armani Beauty,39.0,Makeup
P449793,Luminous Silk Hydrating Makeup Primer,Armani Beauty,44.0,Makeup
P393671,Eyes To Kill Lengthening Mascara,Armani Beauty,33.0,Makeup
P457884,Ocean di Gioia Eau de Parfum,Armani Beauty,68.0,Fragrance
P475046,My Way Eau de Parfum Intense,Armani Beauty,155.0,Fragrance
P439633,Acqua di Gioia Travel Spray,Armani Beauty,34.0,Fragrance
P469846,Luminous Silk Glow Setting Powder,Armani Beauty,64.0,Makeup
P434327,Sì Passione Eau de Parfum Travel Spray,Armani Beauty,34.0,Fragrance
P446794,Si Fiori Eau de Parfum,Armani Beauty,76.0,Fragrance
P398665,Acqua Di Gio Profumo,Armani Beauty,174.0,Fragrance
P393672,Eyes To Kill Waterproof Mascara,Armani Beauty,33.0,Makeup
P456972,Aqua di Giò Profondo Eau de Parfum Spray,Armani Beauty,160.0,Fragrance
P481814,Lip Maestro Mediterranea Liquid Matte Lipstick,Armani Beauty,45.0,Makeup
P393669,Black Ecstasy Mascara,Armani Beauty,33.0,Makeup
P472017,Mini Eyes To Kill Volumizing and Lengthening Mascara,Armani Beauty,15.0,Makeup
P430348,Acqua di Gio Absolu,Armani Beauty,126.0,Fragrance
P421783,EMPORIO ARMANI Stronger With You,Armani Beauty,79.0,Fragrance
P482507,Luminous Silk Perfect Glow Flawless Oil-Free Foundation Customizable Set,Armani Beauty,69.0,Makeup
P469176,Si Intense Eau de Parfum,Armani Beauty,158.0,Fragrance
P469177,Si Intense Eau de Parfum Travel Spray,Armani Beauty,34.0,Fragrance
P483112,My Way Floral Eau de Parfum Travel Spray,Armani Beauty,34.0,Fragrance
P465302,Acqua Di Gio Pour Homme Travel Spray,Armani Beauty,42.0,Fragrance
P481950,Si Passione Eclat Eau de Parfum,Armani Beauty,122.0,Fragrance
P503765,Lip Power Long-Lasting Satin Lipstick Duo Set,Armani Beauty,52.0,Makeup
P483111,My Way Floral Eau de Parfum,Armani Beauty,120.0,Fragrance
P482660,Acqua di Gio Eau de Parfum,Armani Beauty,160.0,Fragrance
P503247,Gioia Perfume Gift Set,Armani Beauty,75.0,Fragrance
P503243,My Way Perfume Gift Set,Armani Beauty,86.0,Fragrance
P465304,Acqua Di Gio Deodorant,Armani Beauty,28.0,Bath & Body
P503246,Armani Code Parfum,Armani Beauty,144.0,Fragrance
P469034,Armani Code Eau de Parfum,Armani Beauty,144.0,Fragrance
P503244,Sì Passione Perfume Gift Set,Armani Beauty,152.0,Fragrance
P418389,Armani Code Colonia,Armani Beauty,88.0,Fragrance
P504670,Acqua di Goia Perfume Gift Set,Armani Beauty,75.0,Fragrance
P446790,Acqua Di Giò Absolu Instinct Eau De Parfum,Armani Beauty,102.0,Fragrance
P504695,Si Passione Gift Set,Armani Beauty,152.0,Fragrance
P380557,Armani Code After Shave Lotion,Armani Beauty,60.0,Bath & Body
P505320,My Way Parfum,Armani Beauty,186.0,Fragrance
P505214,Armani Code Eau de Toilette,Armani Beauty,99.0,Fragrance
P429271,Diamond Glow Powder,Artist Couture,27.0,Makeup
P456967,Silk Cream Lipstick,Artist Couture,18.0,Makeup
P456966,Supreme Nudes Pressed Pigment Eyeshadow Palette,Artist Couture,45.0,Makeup
P451642,Plush Pout Lip Gloss,Artist Couture,18.0,Makeup
P484029,Silky Lip Oil,Artist Couture,22.0,Makeup
P476833,Mini Supreme Nudes Eyeshadow Palette: The Quickie,Artist Couture,30.0,Mini Size
P473181,Supreme Bronze Eyeshadow & Pressed Pigment Palette,Artist Couture,45.0,Makeup
P482509,Supreme Mauves Eyeshadow & Pressed Pigment Palette,Artist Couture,45.0,Makeup
P479301,Stay Lit Liquid Eyeshadows,Artist Couture,22.0,Makeup
P472308,Multi Use Beauty Setting Powder,Artist Couture,34.0,Makeup
P448851,Midnight Maven Eyeshadow Palette,Artist Couture,29.0,Makeup
P472307,Prep & Glow Blurring Perfection Primer,Artist Couture,32.0,Makeup
P410197,Clémentine California Pure Perfume,Atelier Cologne,142.0,Fragrance
P474814,Clémentine California Pure Perfume Limited Edition,Atelier Cologne,142.0,Fragrance
P470506,The Cream Cleansing Gel with TFC8 Gentle Cleanser,Augustinus Bader,70.0,Skincare
P470509,The Rich Cream with TFC8 Face Moisturizer,Augustinus Bader,290.0,Skincare
P470507,The Cream with TFC8 Face Moisturizer,Augustinus Bader,180.0,Skincare
P500420,The Light Cream,Augustinus Bader,180.0,Skincare
P482510,The Ultimate Soothing Cream,Augustinus Bader,290.0,Skincare
P475907,The Serum with  TFC8,Augustinus Bader,390.0,Skincare
P475906,The Eye Cream with  TFC8,Augustinus Bader,220.0,Skincare
P503926,The Face Cream Mask,Augustinus Bader,215.0,Skincare
P470510,Mini The Rich Cream with TFC8 Face Moisturizer,Augustinus Bader,92.0,Skincare
P470508,Mini The Cream with TFC8 Face Moisturizer,Augustinus Bader,92.0,Skincare
P502588,The Eyebrow & Lash Enhancing Serum,Augustinus Bader,150.0,Makeup
P480154,The Scalp Treatment,Augustinus Bader,83.0,Hair
P482511,The Revitalizing Haircare System,Augustinus Bader,160.0,Hair
P480152,The Shampoo,Augustinus Bader,57.0,Hair
P482661,The Essence,Augustinus Bader,93.0,Skincare
P502235,The Daily Essential Duo The Cream,Augustinus Bader,305.0,Skincare
P480153,The Conditioner,Augustinus Bader,57.0,Hair
P501140,The Body Cream,Augustinus Bader,185.0,Bath & Body
P504018,The Skin Renewal System,Augustinus Bader,185.0,Skincare
P503815,The Most Wanted Parfum,Azzaro,118.0,Fragrance
P503817,The Most Wanted Eau De Parfum Intense,Azzaro,114.0,Fragrance
P460779,Skinlongevity Long Life Herb Anti-Aging Face Serum,bareMinerals,65.0,Skincare
P393356,COMPLEXION RESCUE Tinted Moisturizer with Hyaluronic Acid and Mineral SPF 30,bareMinerals,37.0,Makeup
P61004,Mineral Veil Talc Free Setting Powder,bareMinerals,33.0,Makeup
P410543,BAREPRO 16-HR Skin-Perfecting Powder Foundation,bareMinerals,38.0,Makeup
P61005,Warmth All-Over Face Color Loose Bronzer,bareMinerals,25.0,Makeup
P469839,Gen Nude Blonzer Blush + Bronzer,bareMinerals,26.0,Makeup
P455324,Mineralist Hydra-Smoothing Lipstick,bareMinerals,22.0,Makeup
P427652,Gen Nude Powder Blush,bareMinerals,26.0,Makeup
P469847,Mineralist Lip Gloss Balm,bareMinerals,22.0,Makeup
P396527,Beautiful Finish Foundation Brush,bareMinerals,35.0,Makeup
P470512,Original Liquid Mineral Concealer,bareMinerals,28.0,Makeup
P473848,Original Mineral Veil Pressed Setting Powder,bareMinerals,33.0,Makeup
P461132,Strength & Length Serum-Infused Mascara,bareMinerals,22.0,Makeup
P473841,MINERALIST Eyeshadow Palette,bareMinerals,32.0,Makeup
P501215,Mineralist Lasting Matte Liquid Lipstick,bareMinerals,22.0,Makeup
P473842,MINERALIST Lasting Eyeliner,bareMinerals,21.0,Makeup
P501217,Mineralist Lasting Lip Liner,bareMinerals,21.0,Makeup
P481951,MAXIMIST Phyto-Fiber Volumizing Mascara,bareMinerals,22.0,Makeup
P502965,Mini MAXIMIST Phyto-Fiber Volumizing Mascara,bareMinerals,13.0,Mini Size
P504122,PRIME TIME Original Pore-Minimizing Primer,bareMinerals,28.0,Makeup
P158509,Faux Tan Bronzer,bareMinerals,25.0,Makeup
P504153,Mini PRIME TIME Original Pore-Minimizing Primer,bareMinerals,16.0,Makeup
P438637,Bright Eyes Collagen-Infused Brightening Colloidal Silver Eye Masks,BeautyBio,40.0,Skincare
P455623,The ZenBubble Gel Cream,BeautyBio,69.0,Skincare
P472448,Glass & Gloss 2-Step Facial Retexturizing & Brightening Treatment,BeautyBio,69.0,Skincare
P477961,Get That Glow - GloPRO Facial Microneedling Discovery Set,BeautyBio,199.0,Skincare
P438631,The Sculptor with LipoCare Cellulite Smoothing Body Cream,BeautyBio,65.0,Bath & Body
P463793,Healthy Scalp Hair Density& Clarifying Serum,BeautyBio,59.0,Hair
P438643,The Balance pH Balancing Gel Cleanser,BeautyBio,39.0,Skincare
P438628,Contouring + De-Puffing Rose Quartz Roller,BeautyBio,65.0,Skincare
P438635,The Pout Sparkling Rosé Hyaluronic Acid Collagen Plumping Lip Serum,BeautyBio,39.0,Skincare
P481060,The Eyelighter Concentrate,BeautyBio,58.0,Skincare
P438648,The Quench Quadralipid Rapid Recovery Facial Moisturizer,BeautyBio,129.0,Skincare
P503562,GLOfacial Hydro-Infusion Pore Cleansing + Blue LED Clarifying Tool,BeautyBio,199.0,Skincare
P444988,The Radiance Nourishing Body Oil with Jojoba + Apricot + Olive Oil,BeautyBio,60.0,Bath & Body
P505145,ZenBubble Bi-Phase Toner Serum,BeautyBio,49.0,Skincare
P467106,Cryo Skin Icing Dual-Ended Roller,BeautyBio,85.0,Skincare
P438642,GloPRO Prep Pads Clarifying Skin Cleansing Wipes with Peptides,BeautyBio,39.0,Skincare
P443810,The Daily Vitamin C Day Serum with Antioxidant Complex,BeautyBio,75.0,Skincare
P438632,GloPRO BODY MicroTip Attachment Head,BeautyBio,49.0,Skincare
P463792,Rejuvenating Scalp + Fuller Hair Therapy Set,BeautyBio,249.0,Skincare
P443812,R45 The Lift 3-Phase Advanced Neck Contouring Treatment,BeautyBio,85.0,Skincare
P463791,GloPRO SCALP MicroTip Attachment Head,BeautyBio,59.0,Skincare
P438629,The Radiance Brightening Vitamin E + Rosehip Seed Facial Oil,BeautyBio,70.0,Skincare
P438640,The Nightly Retinol + Peptide Anti-Aging Serum,BeautyBio,95.0,Skincare
P467107,GloPRO Cryo Skin Icing Attachments,BeautyBio,75.0,Skincare
P438634,GloPRO FACE MicroTip Attachment Head,BeautyBio,39.0,Skincare
P438638,GloPRO EYE MicroTip Attachment Head,BeautyBio,39.0,Skincare
P503552,GLOfacial Clarifying Salicylic & Plumping Hyaluronic Acid Concentrate,BeautyBio,45.0,Skincare
P438630,Contouring + De-Puffing Rose Quartz GloPRO Attachment Head,BeautyBio,49.0,Skincare
P503560,GLOfacial Antimicrobial Treatment Tips + Cleaning Brush Accessories,BeautyBio,30.0,Skincare
P502237,Head-To-Toe AfterGLO Set,BeautyBio,199.0,Skincare
P483141,The Quench Eye Reviving Quadralipid Eye Balm,BeautyBio,99.0,Skincare
P483089,Eye Want It All Face + Eye Microneedling Set,BeautyBio,249.0,Skincare
P500755,Cryo Skin Icing Roller + Bright Eyes Gels Set,BeautyBio,100.0,Skincare
P228913,ORIGINAL BEAUTYBLENDER Makeup Sponge,beautyblender,20.0,Makeup
P379832,beautyblender pro,beautyblender,20.0,Makeup
P433987,Bounce Liquid Whip Long Wear Foundation,beautyblender,29.0,Makeup
P379449,blendercleanser solid,beautyblender,18.0,Makeup
P434014,POWER POCKET PUFF Dual-Sided Powder Puff for Setting and Baking,beautyblender,18.0,Makeup
P405602,beautyblender nude,beautyblender,20.0,Makeup
P228914,liquid blendercleanser,beautyblender,20.0,Makeup
P433996,Blender Defender beautyblender Protective Case,beautyblender,12.0,Makeup
P477136,BOUNCE Always On Radiant Skin Tint,beautyblender,29.0,Makeup
P471746,BESTIES Charcoal Blend & Cleanse Starter Set,beautyblender,22.0,Makeup
P455325,BOUNCE Airbrush Liquid Whip Concealer,beautyblender,26.0,Makeup
P429235,BEAUTYBLUSHER Makeup Sponge,beautyblender,16.0,Makeup
P468345,Biopure Sustainable Green Makeup Sponge,beautyblender,20.0,Makeup
P475051,Bounce Liquid Whip Cream Blush,beautyblender,22.0,Makeup
P504160,BESTIES GLITTER Blend & Cleanse Starter Set,beautyblender,22.0,Makeup
P484031,BOUNCE  Magic Fit Creamy Bronzer & Highlighter Duo,beautyblender,32.0,Makeup
P500981,Dream Makeup Sponge,beautyblender,20.0,Makeup
P471744,Blendercleanser Liquid Charcoal Unscented Sponge & Brush Cleanser,beautyblender,15.0,Makeup
P449140,Big Boss Powder Brush & Cooling Roller,beautyblender,60.0,Makeup
P449144,High Roller Crease Brush & Cooling Roller,beautyblender,33.0,Makeup
P470004,BOUNCE  Soft Focus Gemstone Setting Powder,beautyblender,32.0,Makeup
P505019,Main Squeeze Beauty Sponge and Cleanser Set,beautyblender,35.0,Makeup
P394639,The True Cream Aqua Bomb,belif,38.0,Skincare
P394624,The True Cream Moisturizing Bomb,belif,38.0,Skincare
P422905,Moisturizing Eye Bomb with Squalane,belif,48.0,Skincare
P475908,Aqua Bomb Overnight Lip Mask,belif,22.0,Skincare
P462336,Aqua Bomb Cleansing Balm,belif,38.0,Skincare
P471535,Aqua Bomb Brightening Vitamin C Cream,belif,45.0,Skincare
P449175,Aqua Bomb Hydrating Toner,belif,30.0,Skincare
P433443,Aqua Bomb Sleeping Mask,belif,38.0,Skincare
P444057,Aqua Bomb Jelly Cleanser,belif,30.0,Skincare
P500019,The True Cream - Aqua Bomb Sunscreen Broad Spectrum SPF 50,belif,38.0,Skincare
P481952,Aqua Bomb Hydrating Body Moisturizer with Niacinamide and Hyaluronic Acid,belif,30.0,Bath & Body
P435801,Aqua Bomb Mist,belif,38.0,Skincare
P504888,Aqua Bomb Protect & Glow Travel Kit,belif,27.0,Skincare
P504852,Aqua Bomb Everyday Hydration Set,belif,38.0,Skincare
P290636,Hoola Bronzer,Benefit Cosmetics,35.0,Makeup
P264900,The POREfessional Pore Minimizing Primer,Benefit Cosmetics,34.0,Makeup
P289307,They're Real! Lengthening Mascara,Benefit Cosmetics,28.0,Makeup
P409239,Gimme Brow+ Tinted Volumizing Eyebrow Gel,Benefit Cosmetics,26.0,Makeup
P408219,"Precisely, My Brow Pencil Waterproof Eyebrow Definer",Benefit Cosmetics,25.0,Makeup
P392516,Roller Lash Curling & Lifting Mascara,Benefit Cosmetics,28.0,Makeup
P1272,Benetint Liquid Lip Blush & Cheek Tint,Benefit Cosmetics,21.0,Makeup
P408218,Goof Proof Waterproof Easy Shape & Fill Eyebrow Pencil,Benefit Cosmetics,25.0,Makeup
P440700,Mini Gimme Brow+ Tinted Volumizing Eyebrow Gel,Benefit Cosmetics,15.0,Makeup
P427517,BADgal BANG! Volumizing Mascara,Benefit Cosmetics,28.0,Makeup
P409242,24-HR Brow Setter Clear Brow Gel with Lamination Effect,Benefit Cosmetics,26.0,Makeup
P427712,"Mini Precisely, My Brow Pencil Waterproof Eyebrow Definer",Benefit Cosmetics,15.0,Mini Size
P447375,Cookie and Tickle Powder Highlighters,Benefit Cosmetics,35.0,Makeup
P443327,Great Brow Basics Pencil & Gel Set,Benefit Cosmetics,36.0,Makeup
P38347,Dandelion Baby-Pink Blush,Benefit Cosmetics,18.0,Makeup
P425601,Mini The POREfessional Pore Minimizing Primer,Benefit Cosmetics,14.0,Mini Size
P500253,WANDERful World Silky-Soft Powder Blush,Benefit Cosmetics,31.0,Makeup
P1273,Boi-ing Industrial Strength Full Coverage Cream Concealer,Benefit Cosmetics,24.0,Makeup
P461925,Brow Microfilling Eyebrow Pen,Benefit Cosmetics,25.0,Makeup
P450856,Mini 24-HR Brow Setter Clear Brow Gel with Lamination Effect,Benefit Cosmetics,15.0,Makeup
P448162,Boi-ing Cakeless Full Coverage Waterproof Liquid Concealer,Benefit Cosmetics,27.0,Makeup
P425947,Mini Roller Lash Curling & Lifting Mascara,Benefit Cosmetics,15.0,Mini Size
P505031,The POREfessional Smooth Sip Lightweight Gel-Cream Moisturizer,Benefit Cosmetics,44.0,Skincare
P417320,Dandelion Twinkle Highlighter,Benefit Cosmetics,35.0,Makeup
P428505,Mini BADgal BANG! Volumizing Mascara,Benefit Cosmetics,15.0,Mini Size
P505023,The POREfessional Deep Retreat Pore-Clearing Clay Mask,Benefit Cosmetics,39.0,Skincare
P505009,The POREfessional Tight ’n Toned Pore-Refining AHA+PHA Toner,Benefit Cosmetics,34.0,Skincare
P440952,Mini Roller Liner Waterproof Liquid Eyeliner,Benefit Cosmetics,12.0,Makeup
P440951,Roller Liner Waterproof Liquid Eyeliner,Benefit Cosmetics,22.0,Makeup
P425933,Mini Goof Proof Waterproof Easy Shape & Fill Eyebrow Pencil,Benefit Cosmetics,15.0,Makeup
P425953,Mini They're Real! Lengthening Mascara,Benefit Cosmetics,15.0,Mini Size
P466656,The POREfessional: Super Setter Pore-Minimizing Setting Spray,Benefit Cosmetics,33.0,Makeup
P425923,Mini Dandelion Baby-Pink Blush,Benefit Cosmetics,18.0,Mini Size
P505024,The POREfessional Get Unblocked Makeup-Removing Cleansing Oil,Benefit Cosmetics,39.0,Skincare
P505054,The POREfessional Speedy Smooth Mask,Benefit Cosmetics,39.0,Skincare
P505020,The POREfessional Good Cleanup Foaming Cleanser,Benefit Cosmetics,29.0,Skincare
P429905,Mini Dandelion Twinkle Highlighter,Benefit Cosmetics,18.0,Mini Size
P408312,BROWVO! Conditioning Eyebrow Primer,Benefit Cosmetics,28.0,Makeup
P474932,POWmade Waterproof Brow Pomade,Benefit Cosmetics,23.0,Makeup
P466657,Mini The POREfessional: Super Setter Setting Spray,Benefit Cosmetics,15.0,Mini Size
P482664,They're Real! Xtreme Precision Eye Liner,Benefit Cosmetics,24.0,Makeup
P469203,They're Real! Magnet Extreme Lengthening Mascara,Benefit Cosmetics,28.0,Makeup
P503681,Fluff Up Brow Flexible Brow-Texturizing Wax,Benefit Cosmetics,26.0,Makeup
P503687,Mini Fluff Up Brow Flexible Brow-Texturizing Wax,Benefit Cosmetics,15.0,Mini Size
P500840,Gimme Brow+ Volumizing  Fiber Eyebrow Pencil,Benefit Cosmetics,25.0,Makeup
P408313,All-Purpose Pencil Sharpener,Benefit Cosmetics,5.0,Tools & Brushes
P475910,High Brow Dual Ended Highlighting Eyebrow Pencil,Benefit Cosmetics,25.0,Makeup
P408314,Grooming Tweezer & Brush,Benefit Cosmetics,20.0,Tools & Brushes
P469438,Mini They're Real! Magnet Extreme Lengthening Mascara,Benefit Cosmetics,15.0,Makeup
P501450,Letters to Lashes Mascara Set,Benefit Cosmetics,42.0,Makeup
P457461,Gimme Brow+ Volumizing Eyebrow Gel Jumbo,Benefit Cosmetics,40.0,Makeup
P453917,Mini The POREfessional Hydrating Primer,Benefit Cosmetics,14.0,Makeup
P447358,Mini Hello Happy Flawless Brightening Foundation SPF 15,Benefit Cosmetics,15.0,Makeup
P447122,Hello Happy Velvet Powder Foundation,Benefit Cosmetics,30.0,Makeup
P447371,BADgal BANG! 24-Hour Waterproof Eyeliner,Benefit Cosmetics,22.0,Makeup
P453269,The POREfessional Hydrating Primer,Benefit Cosmetics,34.0,Makeup
P502233,Mini Roller Express Curling Mascara & Liquid Eyeliner Set,Benefit Cosmetics,15.0,Mini Size
P447121,Hello Happy Flawless Brightening Foundation SPF 15,Benefit Cosmetics,15.0,Makeup
P484032,BADgal BANG! Volumizing Waterproof Mascara,Benefit Cosmetics,28.0,Makeup
P475911,Brow Pomade Eyebrow Brush,Benefit Cosmetics,18.0,Makeup
P479828,The POREfessional: Mini Lite Primer Water-Based Pore Primer,Benefit Cosmetics,14.0,Mini Size
P500099,"Multitasking Cheek Brush for Powder Blush, Bronzer & Highlighter",Benefit Cosmetics,32.0,Makeup
P479827,The POREfessional: Lite Primer Water-Based Pore Primer,Benefit Cosmetics,34.0,Makeup
P501426,Mini Gimme Brow + Volumizing Fiber Eyebrow Pencil,Benefit Cosmetics,15.0,Mini Size
P501435,Gimme Brow Goals Volumizing Brow Gel & Pencil Duo,Benefit Cosmetics,27.0,Makeup
P447368,Hello Happy Flawless Brightening Foundation,Benefit Cosmetics,30.0,Makeup
P504131,BADgal Goodies Volumizing Mascara Value Set,Benefit Cosmetics,29.0,Makeup
P502816,Mascara Power Pair Extreme Lengthening Mascara Set,Benefit Cosmetics,27.0,Makeup
P505006,Mini The POREfessional Deep Retreat Pore-Clearing Clay Mask,Benefit Cosmetics,20.0,Mini Size
P504136,Get REAL Duo Lengthening Mascara Value Set,Benefit Cosmetics,29.0,Makeup
P505033,Mini The POREfessional Package Deal pore primer & pore care value set,Benefit Cosmetics,34.0,Mini Size
P505052,Mini The POREfessional Tight ’n Toned Pore-Refining AHA+PHA Toner,Benefit Cosmetics,19.0,Mini Size
P505026,Mini The POREfessional Get Unblocked Makeup-Removing Cleansing Oil,Benefit Cosmetics,18.0,Mini Size
P505007,Mini The POREfessional Good Cleanup Foaming Cleanser,Benefit Cosmetics,15.0,Mini Size
P418120,Scorza Di Sicilia,BERDOUES,88.0,Fragrance
P406232,"10X Pro Styling Iron 1""",Bio Ionic,239.0,Hair
P406532,"Long Barrel Styler Pro Curling Iron 1""",Bio Ionic,149.0,Hair
P474019,Long Barrel Curling Iron 1.25' NanoIonic MX,Bio Ionic,149.0,Hair
P414981,"Eternity Wand Pro Styling Wand 1""",Bio Ionic,129.0,Hair
P393317,10X Ultralight Speed Dryer,Bio Ionic,299.0,Hair
P406533,Universal Diffuser,Bio Ionic,24.0,Hair
P421270,Power Diva Pro Style Dryer,Bio Ionic,159.0,Hair
P442577,GrapheneMX Boar Styling Brush,Bio Ionic,42.0,Hair
P442579,"GrapheneMX Curling Iron 1.25""",Bio Ionic,159.0,Hair
P460859,Oval Curling Iron One Pass,Bio Ionic,119.0,Hair
P442581,"GrapheneMX Styling Iron 1""",Bio Ionic,219.0,Hair
P442580,GrapheneMX Professional Dryer,Bio Ionic,245.0,Hair
P460864,"OnePass 1"" Styling Iron",Bio Ionic,199.0,Hair
P433887,Squalane + Omega Repair Deep Hydration Moisturizer,Biossance,60.0,Skincare
P416563,Squalane + Vitamin C Rose Firming Oil,Biossance,74.0,Skincare
P447210,Squalane + Marine Algae Firming & Lifting Eye Cream,Biossance,56.0,Skincare
P453224,Squalane + 10% Lactic Acid Resurfacing Serum,Biossance,65.0,Skincare
P416561,Squalane + Probiotic Balancing Gel Moisturizer,Biossance,54.0,Skincare
P416562,Squalane + Peptide Brightening & De-Puffing Eye Gel,Biossance,56.0,Skincare
P456410,Squalane + Zinc Sheer Mineral Sunscreen SPF 30 PA +++,Biossance,34.0,Skincare
P416560,Squalane + Antioxidant Makeup Removing Cleansing Oil,Biossance,32.0,Skincare
P467110,Squalane + 10% Vitamin C Dark Spot Serum,Biossance,65.0,Skincare
P471003,Squalane + BHA Pore-Minimizing Toner,Biossance,30.0,Skincare
P474304,Squalane + Amino Aloe Gentle Pore-Minimizing Cleanser,Biossance,28.0,Skincare
P479304,Squalane + Copper Peptide Rapid Plumping Serum,Biossance,68.0,Skincare
P416564,100% Sugarcane Squalane Oil,Biossance,34.0,Skincare
P474022,Squalane + Caffeine Toning Body Cream,Biossance,30.0,Bath & Body
P503642,Squalane + Vitamin C Rose Brightening Moisturizer,Biossance,56.0,Skincare
P469439,Squalane+ Rose Vegan Lip Balm,Biossance,16.0,Skincare
P462829,Squalane + Elderberry Nourishing Jelly Cleanser,Biossance,28.0,Skincare
P501213,Squalane + Retinol Night Serum,Biossance,72.0,Skincare
P483650,Squalane + Enzyme Sugar Body Scrub,Biossance,28.0,Bath & Body
P480278,Rapid Radiance Set,Biossance,35.0,Skincare
P429659,Squalane + Hyaluronic Toning Mist,Biossance,32.0,Skincare
P484033,Mini Squalane + Vitamin C Rose Firming Oil,Biossance,40.0,Skincare
P480280,Mini Squalane + Omega Repair Deep Hydration Moisturizer,Biossance,20.0,Skincare
P480279,Radiantly Rose Duo Set,Biossance,25.0,Skincare
P503892,Instant Hydration Set,Biossance,74.0,Skincare
P377750,Amplified Tubing Mascara,Blinc,26.0,Makeup
P46017,Original Tubing Mascara,Blinc,26.0,Makeup
P385531,Lash Primer,Blinc,26.0,Makeup
P501265,Lash Extension Tubing Mascara,Blinc,26.0,Makeup
P471004,UltraVolume Tubing Mascara,Blinc,26.0,Makeup
P270594,Vitamin Enriched Face Base Priming Moisturizer,Bobbi Brown,66.0,Skincare
P378145,Long-Wear Cream Eyeshadow Stick,Bobbi Brown,32.0,Makeup
P270539,Long-Wear Gel Eyeliner,Bobbi Brown,32.0,Makeup
P270555,Under Eye Corrector,Bobbi Brown,33.0,Makeup
P401602,Highlighting Powder,Bobbi Brown,52.0,Makeup
P431505,Mini Vitamin Enriched Face Base Priming Moisturizer,Bobbi Brown,24.0,Mini Size
P427430,Skin Long-Wear Weightless Foundation SPF 15,Bobbi Brown,52.0,Makeup
P270549,Skin Foundation Stick,Bobbi Brown,52.0,Makeup
P422224,Crushed Lip Color,Bobbi Brown,32.0,Makeup
P400625,Luxe Lipstick,Bobbi Brown,40.0,Makeup
P439913,Crushed Liquid Lipstick,Bobbi Brown,32.0,Makeup
P270545,Shimmer Brick Highlighter,Bobbi Brown,52.0,Makeup
P270548,Bronzer,Bobbi Brown,46.0,Makeup
P404241,Extra Lip Tint,Bobbi Brown,35.0,Makeup
P454116,Crushed Oil-Infused Gloss,Bobbi Brown,32.0,Makeup
P270551,Skin Foundation SPF 15,Bobbi Brown,52.0,Makeup
P434532,Mini Highlighting Powder,Bobbi Brown,25.0,Mini Size
P270540,Sheer Finish Pressed Setting Powder,Bobbi Brown,46.0,Makeup
P270580,Ultra Fine Eye Liner Brush,Bobbi Brown,31.0,Makeup
P480282,Skin Corrector Stick,Bobbi Brown,33.0,Makeup
P385586,Perfectly Defined Gel Eyeliner,Bobbi Brown,32.0,Makeup
P434383,Luxe Matte Lipstick,Bobbi Brown,38.0,Makeup
P382581,Smokey Eye Mascara,Bobbi Brown,34.0,Makeup
P270544,Hydrating Eye Cream,Bobbi Brown,58.0,Skincare
P422076,Mini Shimmer Brick Highlighter,Bobbi Brown,25.0,Mini Size
P480281,Skin Concealer Stick,Bobbi Brown,33.0,Makeup
P270559,Beach Fragrance,Bobbi Brown,82.0,Fragrance
P501412,Skin Full Cover Concealer,Bobbi Brown,33.0,Makeup
P420900,Instant Full Cover Concealer,Bobbi Brown,32.0,Makeup
P503555,Mini Out All-Night Long-Wear Cream Eyeshadow Stick Set,Bobbi Brown,30.0,Makeup
P445416,Vitamin Enriched Face Base & Skin Long Wear Foundation Customizable Set,Bobbi Brown,72.0,Makeup
P465745,Intensive Serum Foundation SPF 40,Bobbi Brown,75.0,Makeup
P462339,Vitamin Enriched Eye Base,Bobbi Brown,58.0,Skincare
P390431,Full Coverage Face Brush,Bobbi Brown,55.0,Makeup
P270543,Hydrating Face Cream Moisturizer,Bobbi Brown,66.0,Skincare
P455195,Skin Long-Wear Fluid Powder Foundation SPF 20,Bobbi Brown,40.0,Makeup
P388664,Skin Weightless Powder Foundation,Bobbi Brown,52.0,Makeup
P392648,Extra Illuminating Moisture Balm,Bobbi Brown,74.0,Skincare
P432842,Primer Plus Mattifier,Bobbi Brown,42.0,Makeup
P383334,No Smudge Mascara,Bobbi Brown,34.0,Makeup
P504216,Extra Plump Hydrating Lip Serum,Bobbi Brown,35.0,Makeup
P403974,Eye Opening Mascara,Bobbi Brown,34.0,Makeup
P502815,Extra Lip Tint Duo Set,Bobbi Brown,34.0,Makeup
P500606,Crushed Oil-Infused Gloss Shimmer,Bobbi Brown,32.0,Makeup
P446518,Soothing Face Cleanser Oil,Bobbi Brown,53.0,Skincare
P468634,Vitamin Enriched Face Base Jumbo,Bobbi Brown,99.0,Skincare
P481954,Check Your Bases Vitamin Enriched Face Base Set,Bobbi Brown,92.0,Makeup
P455332,Hydrating Water Fresh Cream Moisturizer,Bobbi Brown,66.0,Skincare
P504597,Mini Long-Wear Cream Eyeshadow Stick Duo Set,Bobbi Brown,25.0,Mini Size
P270600,Extra Eye Repair Cream Intense,Bobbi Brown,86.0,Skincare
P503887,Long-Wear Cream Eyeshadow Stick Limited Edition,Bobbi Brown,32.0,Makeup
P474024,Micro Waterproof Eyebrow Pencil,Bobbi Brown,35.0,Makeup
P504452,Mini Must Haves Skincare Set,Bobbi Brown,25.0,Skincare
P395507,Extra Repair Moisture Cream,Bobbi Brown,110.0,Skincare
P504080,Limited Edition Lunar New Year Sheer Finish Pressed Powder,Bobbi Brown,46.0,Makeup
P501695,Perfume Sampler Set,Bon Parfumeur,25.0,Fragrance
P501700,"203 Raspberry, Vanilla and Blackberry Eau de Parfum Travel Spray",Bon Parfumeur,34.0,Fragrance
P501413,"103 Tiare Flower, Jasmine and Hibiscus Eau de Parfum",Bon Parfumeur,107.0,Fragrance
P501694,"203 Raspberry, Vanilla and Blackberry Eau de Parfum",Bon Parfumeur,107.0,Fragrance
P501422,"103 Tiare Flower, Jasmine and Hibiscus Eau de Parfum Travel Spray",Bon Parfumeur,34.0,Fragrance
P501716,"202 Watermelon, Red Currant and Jasmine Eau de Parfum Travel Spray",Bon Parfumeur,34.0,Fragrance
P501696,"002 Neroli, Jasmine and White Amber Eau de Parfum Travel Spray",Bon Parfumeur,34.0,Fragrance
P501709,"202 Watermelon, Red Currant and Jasmine Eau de Parfum",Bon Parfumeur,107.0,Fragrance
P501728,"001 Orange Blossom, Petitgrain and Bergamot Eau de Parfum Travel Spray",Bon Parfumeur,34.0,Fragrance
P501687,"002 Neroli, Jasmine and White Amber Eau de Parfum",Bon Parfumeur,107.0,Fragrance
P501723,"802 Peony, Lotus and Bamboo Eau de Parfum Travel Spray",Bon Parfumeur,53.0,Fragrance
P501715,"801 Sea Spray, Cedar and Grapefruit Eau de Parfum Travel Spray",Bon Parfumeur,34.0,Fragrance
P501719,"001 Orange Blossom, Petitgrain and Bergamot Eau de Parfum",Bon Parfumeur,107.0,Fragrance
P501699,"802 Peony, Lotus and Bamboo Eau de Parfum",Bon Parfumeur,107.0,Fragrance
P501697,"501 Praline, Licorice and Patchouli Eau de Parfum Travel Spray",Bon Parfumeur,34.0,Fragrance
P501685,"501 Praline, Licorice and Patchouli Eau de Parfum",Bon Parfumeur,107.0,Fragrance
P501711,"801 Sea Spray, Cedar and Grapefruit Eau de Parfum",Bon Parfumeur,107.0,Fragrance
P475063,Intensive Leave-In Scalp Spray Treatment for Thinning Hair,BondiBoost,19.95,Hair
P475066,Thermal and Heat Protectant Hair Spray,BondiBoost,19.95,Hair
P500759,Hair Thickening Therapy Shampoo,BondiBoost,29.95,Hair
P475059,HG Shampoo for Thinning Hair,BondiBoost,29.95,Hair
P475064,Miracle Mask for Thinning Hair,BondiBoost,27.99,Hair
P475058,HG Conditioner for Thinning Hair,BondiBoost,29.95,Hair
P475065,Procapil Hair Tonic for Thinning Hair,BondiBoost,21.99,Hair
P500715,Hair Thickening Therapy Conditioner,BondiBoost,29.95,Hair
P500723,Hair Thickening Therapy Mask,BondiBoost,29.95,Hair
P500749,Hair Thickening Therapy Styling Spray,BondiBoost,27.99,Hair
P500714,Elixir Hair Oil Treatment with Castor Oil,BondiBoost,19.95,Hair
P475062,Rapid Repair Serum for Damaged Hair,BondiBoost,27.99,Hair
P475061,Rapid Repair Strengthening Shampoo,BondiBoost,23.95,Hair
P475074,Detox Salt Scrub for Dry & Flaky Scalp,BondiBoost,24.99,Hair
P475060,Rapid Repair Strengthening Conditioner,BondiBoost,23.95,Hair
P501404,Rapid Repair Hair Mask,BondiBoost,29.95,Hair
P475073,Volumising Sea Salt and Texture Spray,BondiBoost,21.0,Hair
P475068,Blonde Baby Hydrating Toning Purple Shampoo,BondiBoost,29.95,Hair
P475070,Curl Boss Frizz Fighting and Curl Defining Styling Cream,BondiBoost,27.99,Hair
P504000,Flyaway Fix Anti-Frizz Finishing Serum Wand,BondiBoost,23.95,Hair
P475071,Curl Boss Frizz Fighting and Curl Defining Conditioner,BondiBoost,29.95,Hair
P504427,Thickening Therapy Shampoo & Conditioner Duo,BondiBoost,49.95,Hair
P475069,Blonde Baby Hydrating Toning Purple Conditioner,BondiBoost,29.95,Hair
P475067,Blonde Baby Hydrating Toning Purple Hair Mask,BondiBoost,27.99,Hair
P475072,Curl Boss Frizz Fighting and Curl Defining Shampoo,BondiBoost,29.95,Hair
P504010,Heavenly Hydration Shampoo,BondiBoost,29.99,Hair
P504004,Heavenly Hydration Pre-Shampoo Hair Oil,BondiBoost,29.99,Hair
P504418,HG Shampoo & Conditioner Duo for Thinning Hair,BondiBoost,49.95,Hair
P504024,Heavenly Hydration Conditioner,BondiBoost,29.99,Hair
P504027,Heavenly Hydration Hair Mask,BondiBoost,29.99,Hair
P504009,Frizz Fix Serum,BondiBoost,23.99,Hair
P504014,Anti-Frizz Shampoo,BondiBoost,29.99,Hair
P504019,Anti-Frizz Hair Mask,BondiBoost,29.99,Hair
P504005,Anti-Frizz Conditioner,BondiBoost,29.99,Hair
P501710,Fragrance Discovery Set,Boy Smells,25.0,Fragrance
P501733,Woodphoria Eau de Parfum Travel Spray,Boy Smells,30.0,Fragrance
P501743,Slow Burn Candle,Boy Smells,52.0,Fragrance
P501742,LES Candle,Boy Smells,38.0,Fragrance
P504205,LES Eau de Parfum Travel Spray,Boy Smells,30.0,Fragrance
P504201,LES Eau de Parfum,Boy Smells,98.0,Fragrance
P501729,Woodphoria Eau de Parfum,Boy Smells,98.0,Fragrance
P501703,"Cameo, Hinoki Fantôme, LES Mini Candle Trio Set",Boy Smells,58.0,Fragrance
P501764,Cashmere Kush Candle,Boy Smells,38.0,Fragrance
P501212,Mini Candle Trio Set,Boy Smells,66.0,Fragrance
P501740,Hinoki Fantôme Candle,Boy Smells,38.0,Fragrance
P501736,Cashmere Kush Eau de Parfum Travel Spray,Boy Smells,30.0,Fragrance
P501767,Flor de la Virgen Eau de Parfum Travel Spray,Boy Smells,30.0,Fragrance
P501746,Marble Fruit Eau de Parfum Travel Spray,Boy Smells,30.0,Fragrance
P501753,Copal Fantome Candle,Boy Smells,44.0,Fragrance
P501690,Flor de la Virgen Eau de Parfum,Boy Smells,98.0,Fragrance
P501718,Broken Rosary Candle,Boy Smells,44.0,Fragrance
P501712,Marble Fruit Eau de Parfum,Boy Smells,98.0,Fragrance
P501704,Hinoki Fantôme Eau de Parfum Travel Spray,Boy Smells,30.0,Fragrance
P501720,Polyamberous Candle,Boy Smells,48.0,Fragrance
P501750,Kush Candle,Boy Smells,38.0,Fragrance
P501737,Cedar Stack Candle,Boy Smells,38.0,Fragrance
P501739,Cameo Candle,Boy Smells,38.0,Fragrance
P501724,Thé Fantôme Candle,Boy Smells,44.0,Fragrance
P501757,Incensorial Candle,Boy Smells,44.0,Fragrance
P501701,Cashmere Kush Eau de Parfum,Boy Smells,98.0,Fragrance
P501770,Figurare Candle,Boy Smells,44.0,Fragrance
P501754,Lanai Candle,Boy Smells,38.0,Fragrance
P501730,Hinoki Fantôme Eau de Parfum,Boy Smells,98.0,Fragrance
P501735,Neopeche Candle,Boy Smells,48.0,Fragrance
P501702,Fleurshadow Candle,Boy Smells,48.0,Fragrance
P460551,Hair Oil  Everyday Gloss,BREAD BEAUTY SUPPLY,24.0,Hair
P467938,Mini Everyday Hair Gloss Oil,BREAD BEAUTY SUPPLY,14.0,Hair
P476477,Oil-Duo: For Your Hair & Body,BREAD BEAUTY SUPPLY,28.0,Hair
P477820,Scalp-Serum: Cooling Greens Exfoliating Scalp Treatment,BREAD BEAUTY SUPPLY,28.0,Hair
P477797,Mud-Mask: Hair & Scalp Detoxifying Pre-Wash Clay Treatment,BREAD BEAUTY SUPPLY,34.0,Hair
P460550,Hair Mask Creamy Deep Conditioner,BREAD BEAUTY SUPPLY,28.0,Hair
P473264,Elastic Bounce Leave-in Conditioning Styler Hair Cream,BREAD BEAUTY SUPPLY,28.0,Hair
P460552,Wash-Day Essentials Kit for Curly & Textured Hair,BREAD BEAUTY SUPPLY,58.0,Hair
P501225,Bread-Puff: Hair & Wrist Mini Scrunchie Set (4 pack),BREAD BEAUTY SUPPLY,16.0,Hair
P469027,100% Macadamia-Oil Concentrate Fragrance Free for Hair and Body,BREAD BEAUTY SUPPLY,28.0,Hair
P460549,Hair Wash Gentle Milky Hair Cleanser,BREAD BEAUTY SUPPLY,20.0,Hair
P479469,Detox Hair & Scalp Treatment Set,BREAD BEAUTY SUPPLY,58.0,Hair
P483105,Mini Elastic Bounce Leave-in Conditioning Styler Hair Cream,BREAD BEAUTY SUPPLY,16.0,Hair
P473824,Bread Puff: Hair & Wrist Scrunchie,BREAD BEAUTY SUPPLY,16.0,Hair
P503157,Hair Gel: Long-wear Curl Capturing Gloss,BREAD BEAUTY SUPPLY,26.0,Hair
P388628,"Don't Despair, Repair! Deep Conditioning Hair Mask",Briogeo,39.0,Hair
P418507,Scalp Revival Charcoal + Coconut Oil Micro-exfoliating Scalp Scrub Shampoo,Briogeo,42.0,Hair
P396733,Farewell Frizz Rosarco Milk Leave-In Conditioner,Briogeo,25.0,Hair
P479700,Don't Despair Repair Rice Water Protein + Moisture Strengthening Treatment,Briogeo,44.0,Hair
P418506,Scalp Revival Charcoal + Tea Tree Scalp Treatment Serum,Briogeo,32.0,Hair
P457415,"Don't Despair, Repair! Strengthening Treatment Hair Oil",Briogeo,30.0,Hair
P411359,Farewell Frizz Blow Dry Perfection Heat Protectant Cream,Briogeo,26.0,Hair
P458943,"Be Gentle, Be Kind Avocado + Kiwi Mega Moisture Superfoods Hair Mask",Briogeo,39.0,Hair
P427718,"Don’t Despair, Repair! Super Moisture Shampoo for Damaged Hair",Briogeo,39.0,Hair
P429962,Scalp Revival Stimulating Therapy Massager,Briogeo,18.0,Hair
P388626,Curl Charisma Rice Amino + Avocado Leave–In Defining Cream,Briogeo,24.0,Hair
P446343,Superfoods Banana + Coconut Nourishing Shampoo + Conditioner Duo for Dry Hair,Briogeo,52.0,Hair
P427715,Scalp Revival Charcoal + Coconut Oil Micro-exfoliating Shampoo Mini,Briogeo,15.0,Hair
P418505,Scalp Revival Charcoal + Biotin Dry Shampoo,Briogeo,25.0,Hair
P426204,"Mini Don't Despair, Repair! Deep Conditioning Hair Mask",Briogeo,15.0,Mini Size
P503697,"Destined for Density Peptide Hair Serum for Thicker, Fuller Hair",Briogeo,57.0,Hair
P469440,"Scalp Revival Charcoal + Tea Tree Cooling Hydration Mask for Dry, Itchy Scalp",Briogeo,34.0,Hair
P431542,"Superfoods Apple, Matcha + Kale Replenishing Shampoo + Conditioner Duo",Briogeo,52.0,Hair
P470202,"Scalp Revival Soothing Solutions Value Set for Oily, Itchy + Dry Scalp",Briogeo,76.0,Hair
P402071,Blossom & Bloom Ginseng + Biotin Hair Volumizing Shampoo,Briogeo,28.0,Hair
P467242,"Don't Despair, Repair! Super Moisture Conditioner for Dry + Damaged Hair",Briogeo,39.0,Hair
P447355,Mini Farewell Frizz Rosarco Milk Leave-In Conditioner Spray,Briogeo,12.0,Hair
P388629,"Farewell Frizz Rosehip, Argan & Coconut Hair Oil",Briogeo,30.0,Hair
P500163,Superfoods Avocado + Kiwi Moisture Leave-In Conditioner,Briogeo,25.0,Hair
P471538,Superfoods Mango + Cherry Balancing Shampoo + Conditioner Duo for Oil Control,Briogeo,52.0,Hair
P479735,"Don’t Despair, Repair! Strength + Repair Solutions Set",Briogeo,79.0,Hair
P408411,Curl Charisma Rice Amino + Quinoa Frizz Control Gel,Briogeo,24.0,Hair
P461430,"Be Gentle, Be Kind Aloe + Oat Milk Ultra Soothing Fragrance-Free Detangler",Briogeo,25.0,Hair
P388625,Blossom & Bloom Ginseng + Biotin Hair Volumizing Conditioner,Briogeo,28.0,Hair
P501722,The Ultimate Hydrate + Repair Hair + Scalp Mask Kit,Briogeo,29.0,Hair
P449579,Vegan Boar Bristle Hair Brush,Briogeo,28.0,Hair
P431543,Superfoods Matcha + Apple Replenishing Shampoo,Briogeo,30.0,Hair
P402074,Curl Charisma Rice Amino + Avocado Hydrating Shampoo,Briogeo,28.0,Hair
P388627,Curl Charisma Rice Amino + Shea Curl Defining Conditioner,Briogeo,28.0,Hair
P396734,Blossom & Bloom Ginseng + Biotin Hair Volumizing Spray,Briogeo,25.0,Hair
P402073,Farewell Frizz Smoothing Conditioner,Briogeo,28.0,Hair
P500174,Superfoods Banana + Coconut Hydrating Soft Wave Texture Spray,Briogeo,25.0,Hair
P431544,Superfoods Kale + Apple Replenishing Conditioner,Briogeo,30.0,Hair
P402072,Farewell Frizz Smoothing Shampoo,Briogeo,28.0,Hair
P469441,"Scalp Revival Soothe + Detoxify Travel Set for Dry Itchy, Oily Scalp",Briogeo,35.0,Hair
P446340,Superfoods Banana + Coconut Nourishing Shampoo,Briogeo,30.0,Hair
P446341,Superfoods Banana + Coconut Nourishing Conditioner,Briogeo,30.0,Hair
P474305,Curl Charisma Rice Amino + Avocado Hydrating & Defining Hair Mask,Briogeo,39.0,Hair
P467745,"Don't Despair, Repair! Strengthen + Repair Travel Kit",Briogeo,32.0,Hair
P461428,"Be Gentle, Be Kind Aloe + Oat Milk Ultra Soothing Fragrance-free Hypoallergenic Shampoo",Briogeo,28.0,Hair
P503684,"Destined For Density Peptide Shampoo for Thicker, Fuller Hair",Briogeo,32.0,Hair
P474306,Curl Charisma Silicone-Free Curly Hair Care Travel Kit,Briogeo,30.0,Hair
P435402,Curl Charisma Chia + Flax Seed Coil Custard,Briogeo,26.0,Hair
P471536,Superfoods Mango + Cherry Oil Control & Balancing Shampoo,Briogeo,30.0,Hair
P461429,"Be Gentle, Be Kind Aloe + Oat Milk Ultra Soothing Fragrance-free Hypoallergenic Conditioner",Briogeo,28.0,Hair
P503682,"Destined For Density Peptide Conditioner for Thicker, Fuller Hair",Briogeo,32.0,Hair
P474027,Farewell Frizz  Smooth + Shine Hair Care Travel Kit for Frizz Control  + Heat Protection,Briogeo,30.0,Hair
P471537,Superfoods Mango + Cherry Oil Control & Balancing Conditioner,Briogeo,30.0,Hair
P480578,Blossom & Bloom Volumize + Lift Hair Care Travel Kit,Briogeo,25.0,Hair
P505040,"Be Gentle, Be Kind Aloe + Oat Milk Ultra Soothing 3-in-1 Cleansing Bar",Briogeo,25.0,Hair
P467941,"Don't Despair, Repair! Super Moisture Conditioner Jumbo",Briogeo,69.0,Hair
P386464,Hairdresser’s Invisible Oil Heat & UV Protective Primer,Bumble and bumble,32.0,Hair
P375391,Hairdresser’s Invisible Oil,Bumble and bumble,43.0,Hair
P381033,Thickening Dryspun Volume Texture Spray,Bumble and bumble,34.0,Hair
P426163,Mini Hairdresser's Invisible Oil Primer,Bumble and bumble,15.0,Mini Size
P280513,Surf Spray,Bumble and bumble,30.0,Hair
P397351,Don't Blow It Fine Hair Air Dry Styler,Bumble and bumble,32.0,Hair
P384541,Prêt-à-Powder Dry Shampoo Powder,Bumble and bumble,15.0,Hair
P280564,Sunday Clarifying Shampoo,Bumble and bumble,30.0,Hair
P280566,Thickening Volume Shampoo,Bumble and bumble,34.0,Hair
P280537,Thickening Spray,Bumble and bumble,30.0,Hair
P449139,Bb. Heat Shield Thermal Protection Mist,Bumble and bumble,17.0,Hair
P386463,Hairdresser's Invisible Oil Shampoo,Bumble and bumble,34.0,Hair
P386462,Hairdresser's Invisible Oil Conditioner,Bumble and bumble,35.0,Hair
P422339,Bb. Pret-a-Powder Tres Invisible Dry Shampoo with French Pink Clay,Bumble and bumble,30.0,Hair
P391796,Repair Blow Dry,Bumble and bumble,32.0,Hair
P425490,Mini Hairdresser’s Invisible Oil,Bumble and bumble,24.0,Mini Size
P297554,Straight Blow Dry,Bumble and bumble,32.0,Hair
P394825,Surf Infusion,Bumble and bumble,30.0,Hair
P436391,Mini Thickening Dryspun Volume Texture Spray,Bumble and bumble,16.0,Hair
P456160,Pret-a-Powder Post Workout Dry Shampoo Mist,Bumble and bumble,31.0,Hair
P407072,Surf Foam Spray Blow Dry,Bumble and bumble,31.0,Hair
P280573,Super Rich Conditioner,Bumble and bumble,31.0,Hair
P410733,Hairdresser’s Invisible Oil Dry Oil Finishing Spray,Bumble and bumble,34.0,Hair
P280528,Prep,Bumble and bumble,28.0,Hair
P280530,Tonic Lotion,Bumble and bumble,28.0,Hair
P391797,All-Style Blow Dry,Bumble and bumble,32.0,Hair
P421496,Save the Day Daytime Protective Repair Fluid,Bumble and bumble,45.0,Hair
P462839,Curl Reactivator,Bumble and bumble,30.0,Hair
P425617,Mini Prêt-à-Powder,Bumble and bumble,15.0,Mini Size
P280568,Gentle Shampoo,Bumble and bumble,30.0,Hair
P425468,Mini Thickening Spray,Bumble and bumble,16.0,Mini Size
P415754,Bb. Color Stick,Bumble and bumble,28.0,Hair
P280512,Spray de Mode Flexible Hold Hairspray,Bumble and bumble,34.0,Hair
P421497,Bb. While You Sleep Overnight Damage Repair Masque,Bumble and bumble,49.0,Hair
P456161,Mini Pret-a-Powder Post Workout Dry Shampoo Mist,Bumble and bumble,16.0,Hair
P286106,Bb. Texture Hair (Un) Dressing Creme,Bumble and bumble,32.0,Hair
P378842,Surf Foam Wash Shampoo,Bumble and bumble,30.0,Hair
P280567,Creme de Coco Shampoo,Bumble and bumble,30.0,Hair
P280508,Sumotech Flexible Cream Solid,Bumble and bumble,32.0,Hair
P461139,Hairdresser's Invisible Oil 72 Hour Hydrating Hair Mask,Bumble and bumble,43.0,Hair
P422338,Bb. Pret-a-Powder Tres Invisible Nourishing Dry Shampoo with Hibiscus Extract,Bumble and bumble,30.0,Hair
P475914,Hairdresser's Invisible Oil Ultra Rich Hyaluronic Treatment Lotion,Bumble and bumble,45.0,Hair
P280572,Creme de Coco Conditioner,Bumble and bumble,31.0,Hair
P443339,Surf Styling Leave In,Bumble and bumble,32.0,Hair
P280511,Does It All Light Hold Hairspray,Bumble and bumble,34.0,Hair
P425464,Mini Surf Spray,Bumble and bumble,16.0,Mini Size
P280544,Brilliantine,Bumble and bumble,26.0,Hair
P462832,Curl Defining Cream,Bumble and bumble,32.0,Hair
P280526,Brownish Hair Powder,Bumble and bumble,38.0,Hair
P280562,Seaweed Shampoo,Bumble and bumble,30.0,Hair
P419713,Bb. Don’t Blow It Thick (H)air Styler,Bumble and bumble,32.0,Hair
P378841,Surf Creme Rinse Conditioner,Bumble and bumble,31.0,Hair
P436392,Thickening Volume Conditioner,Bumble and bumble,35.0,Hair
P280533,Styling Creme,Bumble and bumble,28.0,Hair
P462837,Curl Mousse,Bumble and bumble,32.0,Hair
P399118,Full Potential Hair Preserving Shampoo,Bumble and bumble,34.0,Hair
P454344,Hairdresser's Invisible Oil Soft Texture Finishing Spray,Bumble and bumble,34.0,Hair
P280548,Grooming Creme,Bumble and bumble,32.0,Hair
P479832,Bond-Building Repair Treatment,Bumble and bumble,35.0,Hair
P462835,Curl 3 in 1 Conditioner,Bumble and bumble,35.0,Hair
P449138,Bb. Heat Shield Blow Dry Accelerator,Bumble and bumble,32.0,Hair
P479834,Mini Bb. Heat Shield Thermal Protection Mist,Bumble and bumble,17.0,Hair
P425463,Mini Spray de Mode Flexible Hold Hairspray,Bumble and bumble,16.0,Mini Size
P479830,Bond-Building Repair Shampoo,Bumble and bumble,34.0,Hair
P479831,Bond-Building Repair Conditioner,Bumble and bumble,35.0,Hair
P462834,Curl Moisturizing Shampoo,Bumble and bumble,34.0,Hair
P471006,Mini Treat Hair to Hydration Hair Set,Bumble and bumble,20.0,Hair
P474310,Mini Curl Reactivator,Bumble and bumble,15.0,Hair
P436395,Thickening Full Form Soft Mousse,Bumble and bumble,32.0,Hair
P477727,Light Defining Curl Cream,Bumble and bumble,32.0,Hair
P474031,Bb.Illuminated Blonde Purple Leave In Spray,Bumble and bumble,28.0,Hair
P426164,Mini Hairdresser’s Invisible Oil Conditioner,Bumble and bumble,16.0,Mini Size
P462838,Curl Anti-Humidity Gel Oil,Bumble and bumble,32.0,Hair
P399120,Full Potential Hair Preserving Booster Spray,Bumble and bumble,60.0,Hair
P425471,Mini Thickening Shampoo,Bumble and bumble,16.0,Mini Size
P377208,Semisumo,Bumble and bumble,32.0,Hair
P426165,Mini Hairdresser’s Invisible Oil Shampoo,Bumble and bumble,16.0,Mini Size
P417615,Bb. sumoclay,Bumble and bumble,32.0,Hair
P479829,The Bond-Building Repair Trio,Bumble and bumble,28.0,Hair
P413039,Bb. Strong Finish Firm Hold Hairspray,Bumble and bumble,34.0,Hair
P436393,Thickening Great Body Blow Dry Crème,Bumble and bumble,32.0,Hair
P399119,Full Potential Hair Preserving Conditioner,Bumble and bumble,35.0,Hair
P280563,Seaweed Conditioner,Bumble and bumble,31.0,Hair
P462833,Mini Curl Defining Cream,Bumble and bumble,16.0,Hair
P474307,Mini Sunday Clarifying Shampoo,Bumble and bumble,16.0,Hair
P280525,Blondish Hair Powder,Bumble and bumble,38.0,Hair
P476041,Hairdresser's Invisible Oil Ultra Rich Conditioner,Bumble and bumble,35.0,Hair
P280551,Gel,Bumble and bumble,28.0,Hair
P451214,Hairdresser's Invisible Oil Hot Oil Concentrate,Bumble and bumble,32.0,Hair
P479833,Bond-Building Repair Styling Cream,Bumble and bumble,34.0,Hair
P449753,Mini Pret-a-Powder Tres Invisible Dry Shampoo with French Pink Clay,Bumble and bumble,16.0,Hair
P475913,Hairdresser's Invisible Oil Ultra Rich Shampoo,Bumble and bumble,34.0,Hair
P481816,Thickening Go Big Plumping Hair Treatment,Bumble and bumble,31.0,Hair
P462836,Curl Butter Mask,Bumble and bumble,43.0,Hair
P454343,Sumo Liquid Wax+ Finishing Spray,Bumble and bumble,32.0,Hair
P425469,Brilliantine,Bumble and bumble,26.0,Mini Size
P500302,Thickening Plumping Mask,Bumble and bumble,43.0,Hair
P474309,Mini Curl 3 in 1 Conditioner,Bumble and bumble,16.0,Hair
P504163,Sunday Purifying Clay Detox Shampoo,Bumble and bumble,34.0,Hair
P474030,Bb. Illuminated Blonde Purple Conditioner,Bumble and bumble,35.0,Hair
P417614,Bb. sumogel,Bumble and bumble,32.0,Hair
P474029,Bb. Illuminated Blonde Purple Shampoo,Bumble and bumble,34.0,Hair
P474308,Mini Curl Moisturizing Shampoo,Bumble and bumble,16.0,Hair
P500177,Surf Texturizing Finishing Foam,Bumble and bumble,29.0,Hair
P504185,Hairderesser's Invisible Oil Starter Set,Bumble and bumble,29.0,Hair
P504135,Curl Starter Set,Bumble and bumble,29.0,Hair
P477822,Curl Gel Pomade,Bumble and bumble,32.0,Hair
P437082,Mini Thickening Volume Conditioner,Bumble and bumble,16.0,Mini Size
P504140,Mini Sunday Purifying Clay Detox Shampoo,Bumble and bumble,14.0,Hair
P504146,Sunday Scalp Reset Foam Pre Shampoo,Bumble and bumble,34.0,Hair
P437631,Her Eau de Parfum,BURBERRY,123.0,Fragrance
P466422,Mini Her Eau de Parfum Set,BURBERRY,29.0,Fragrance
P421296,My Burberry Blush,BURBERRY,95.0,Fragrance
P437632,Her Eau de Parfum Rollerball,BURBERRY,38.0,Fragrance
P502245,Her Elixir Eau de Parfum Intense,BURBERRY,165.0,Fragrance
P504241,Mini Her Perfume Trio Set,BURBERRY,49.0,Fragrance
P410239,My Burberry Black,BURBERRY,99.0,Fragrance
P388218,My Burberry,BURBERRY,95.0,Fragrance
P479713,Her Eau De Toilette,BURBERRY,133.0,Fragrance
P445411,Her Blossom Eau de Toilette,BURBERRY,101.0,Fragrance
P461140,Her London Dream Eau de Parfum,BURBERRY,123.0,Fragrance
P136025,Burberry London,BURBERRY,112.0,Fragrance
P6986,Touch,BURBERRY,74.0,Fragrance
P445412,Her Blossom Eau de Toilette Rollerball,BURBERRY,38.0,Fragrance
P418386,Mr. Burberry Eau de Parfum,BURBERRY,140.0,Fragrance
P162529,London for Men,BURBERRY,94.0,Fragrance
P475076,Hero Eau de Toilette,BURBERRY,95.0,Fragrance
P408037,Mr. Burberry Eau de Toilette,BURBERRY,117.0,Fragrance
P501489,Hero Eau de Parfum,BURBERRY,140.0,Fragrance
P79502,Brit For Men,BURBERRY,94.0,Fragrance
P383082,Brit Rhythm,BURBERRY,69.0,Fragrance
P399255,Brit Splash,BURBERRY,94.0,Fragrance
P503677,Hero Eau de Toilette Gift Set,BURBERRY,126.0,Fragrance
P505456,Her Elixir Eau de Parfum Intense Travel Spray,BURBERRY,38.0,Fragrance
P505425,Her Eau de Parfum Travel Spray,BURBERRY,38.0,Fragrance
P504858,Her Blossom Eau de Toilette Travel Spray,BURBERRY,38.0,Fragrance
P174213,Full-On Plumping Lip Polish Gloss,Buxom,25.0,Makeup
P305132,Full-On Plumping Lip Cream Gloss,Buxom,25.0,Makeup
P420163,Power-full Plump Lip Balm,Buxom,19.0,Makeup
P228204,Lash Volumizing Mascara,Buxom,25.0,Makeup
P374159,Lash Waterproof Volumizing Mascara,Buxom,25.0,Makeup
P471224,Plump Shot Collagen-Infused Lip Serum Plumper,Buxom,28.0,Makeup
P473265,Power Line Plumping Lip Liner,Buxom,21.0,Makeup
P431441,Leila Lou Perfume,By Rosie Jane,70.0,Fragrance
P481959,Wake the F*ck Up Deodorant,By Rosie Jane,15.0,Bath & Body
P431765,Leila Lou Perfume Travel Spray,By Rosie Jane,28.0,Fragrance
P431444,Rosie Perfume,By Rosie Jane,70.0,Fragrance
P479736,Wake the F*ck Up Everyday Body Wash,By Rosie Jane,25.0,Bath & Body
P503667,Fragrance Discovery Set,By Rosie Jane,25.0,Fragrance
P431443,James Perfume,By Rosie Jane,70.0,Fragrance
P479697,Calm the F*ck Down Everyday Body Wash,By Rosie Jane,25.0,Bath & Body
P436758,Rosie Perfume Oil,By Rosie Jane,45.0,Bath & Body
P431768,Rosie Perfume Travel Spray,By Rosie Jane,28.0,Fragrance
P436761,Leila Lou Perfume Oil,By Rosie Jane,45.0,Fragrance
P459401,Madie Perfume,By Rosie Jane,70.0,Fragrance
P465313,Dylan Perfume,By Rosie Jane,70.0,Fragrance
P431767,James Perfume Travel Spray,By Rosie Jane,28.0,Fragrance
P471540,Leila Lou Everyday Body Wash,By Rosie Jane,25.0,Bath & Body
P503074,Dulce Eau de Parfum,By Rosie Jane,70.0,Fragrance
P465314,Dylan Perfume Travel Spray,By Rosie Jane,28.0,Fragrance
P451243,Lake Perfume Travel Spray,By Rosie Jane,28.0,Fragrance
P459402,Madie Perfume Travel Spray,By Rosie Jane,28.0,Fragrance
P503633,Calm the F*ck Down Everyday Essentials Set,By Rosie Jane,35.0,Bath & Body
P463424,Leila Lou Hydrating Body Oil,By Rosie Jane,40.0,Bath & Body
P436759,James Perfume Oil,By Rosie Jane,45.0,Fragrance
P436850,Angie Perfume Travel Spray,By Rosie Jane,28.0,Fragrance
P435107,Angie Perfume,By Rosie Jane,28.0,Fragrance
P501144,Wake the F*ck Up Body Oil,By Rosie Jane,40.0,Bath & Body
P503061,Dulce Travel Spray,By Rosie Jane,28.0,Fragrance
P432401,James Candle,By Rosie Jane,42.0,Fragrance
P451242,Lake Perfume,By Rosie Jane,70.0,Fragrance
P503198,Wake the F*ck Up Everyday Essentials Set,By Rosie Jane,35.0,Fragrance
P479731,Rosie Everyday Body Wash,By Rosie Jane,25.0,Bath & Body
P501139,Calm the F*ck Down Body Oil,By Rosie Jane,40.0,Bath & Body
P471539,James Everyday Body Wash,By Rosie Jane,25.0,Bath & Body
P503069,Dulce Perfume Oil,By Rosie Jane,45.0,Fragrance
P501066,Calm the F*ck Down Deodorant,By Rosie Jane,15.0,Bath & Body
P476657,Leila Lou Gift Set,By Rosie Jane,80.0,Fragrance
P463425,James Hydrating Body Oil,By Rosie Jane,40.0,Bath & Body
P436757,Angie Perfume Oil,By Rosie Jane,45.0,Bath & Body
P457889,Madie Perfume Oil,By Rosie Jane,45.0,Fragrance
P484037,Leila Lou Perfume Gift Set,By Rosie Jane,55.0,Fragrance
P465315,Dylan Perfume Oil,By Rosie Jane,45.0,Fragrance
P452678,Lake Perfume Oil,By Rosie Jane,45.0,Fragrance
P503206,The Shebang Gift Set,By Rosie Jane,95.0,Fragrance
P460443,Leila Lou Candle,By Rosie Jane,42.0,Fragrance
P504811,Rosie Everyday Body Oil,By Rosie Jane,40.0,Bath & Body
P503220,Leila Lou Home + Away Gift Set,By Rosie Jane,78.0,Fragrance
P501569,SO Blown Blurring Collagen Peptide Primer,caliray,36.0,Makeup
P480580,Glazed and Infused No Burn Plumping Lip Gloss,caliray,19.0,Makeup
P479308,Come Hell or High Water Volumizing Tubing Mascara,caliray,24.0,Makeup
P480579,Freedreaming Clean Blurring Skin Tint,caliray,40.0,Makeup
P479309,Mini Come Hell or High Water Volumizing Tubing Mascara,caliray,13.0,Makeup
P504293,Surfproof Hydrating Setting Spray with Niacinamide,caliray,35.0,Makeup
P479835,Surfproof Easy Glider Eye Definer Waterproof Eyeliner Pencil,caliray,20.0,Makeup
P500246,Just Add Rays Universal Translucent Glow Booster Drops,caliray,34.0,Makeup
P503176,Party Wave Mascara & Eyeliner Set,caliray,30.0,Makeup
P504288,Get Lit Skin and Mood Boosting Supplement,caliray,48.0,Skincare
P503922,Hi! Light Radiant Glow Highlighter,caliray,30.0,Makeup
P504896,Endless Sunset Face and Eyeshadow Talc-Free Palette,caliray,48.0,Makeup
P117410,euphoria,Calvin Klein,93.0,Fragrance
P4095,ck one Eau de Toilette,Calvin Klein,68.0,Fragrance
P396308,ck one All Over Body Spray,Calvin Klein,20.0,Fragrance
P4099,ETERNITY,Calvin Klein,114.0,Fragrance
P4103,ETERNITY FOR MEN,Calvin Klein,104.0,Fragrance
P424553,Obsessed for Her,Calvin Klein,81.0,Fragrance
P164302,euphoria men,Calvin Klein,104.0,Fragrance
P281425,ETERNITY Aqua For Men,Calvin Klein,80.0,Fragrance
P481408,The Canopy Humidifier Starter Set,CANOPY,150.0,Skincare
P504518,The Canopy Aroma Diffuser Starter Set,CANOPY,90.0,Fragrance
P504414,Rituals by Canopy Aroma Kit,CANOPY,40.0,Fragrance
P459006,Volcano Diffuser Oil,Capri Blue,22.0,Fragrance
P459003,Mini Volcano Hand Lotion Cream,Capri Blue,14.0,Bath & Body
P420533,Good Girl Eau de Parfum,Carolina Herrera,110.0,Fragrance
P501216,Mini Good Girl Eau de Parfum Set,Carolina Herrera,35.0,Fragrance
P434500,Good Girl Rollerball,Carolina Herrera,32.0,Fragrance
P474032,Very Good Girl Eau de Parfum,Carolina Herrera,147.0,Fragrance
P460444,Good Girl Eau de Parfum Supreme,Carolina Herrera,119.0,Fragrance
P438526,Good Girl Eau de Parfum Légère,Carolina Herrera,110.0,Fragrance
P484038,Mini Good Girl Eau de Parfum,Carolina Herrera,15.0,Fragrance
P500017,Mini Good Girl Perfume Set,Carolina Herrera,30.0,Fragrance
P504996,Good Girl Blush Eau de Parfum,Carolina Herrera,147.0,Fragrance
P502297,Good Girl Eau de Parfum Trio Set,Carolina Herrera,35.0,Fragrance
P474033,Very Good Girl Eau de Parfum Rollerball,Carolina Herrera,34.0,Fragrance
P440909,Good Girl Légère Rollerball,Carolina Herrera,30.0,Fragrance
P471747,Bad Boy Eau de Toilette,Carolina Herrera,85.0,Fragrance
P482517,Good Girl Body Mist,Carolina Herrera,40.0,Fragrance
P472310,Bad Boy Le Parfum,Carolina Herrera,125.0,Fragrance
P481961,Bad Boy Cobalt Eau de Parfum,Carolina Herrera,96.0,Fragrance
P481960,Bad Boy Cobalt Eau de Parfum Travel Spray,Carolina Herrera,38.0,Fragrance
P505121,Bad Boy Extreme Eau de Parfum,Carolina Herrera,125.0,Fragrance
P505366,Good Girl Blush Eau de Parfum Rollerball,Carolina Herrera,34.0,Fragrance
P481817,"Beauty Elixir Prep, Set, Glow Face Mist",Caudalie,49.0,Skincare
P94421,Vinoperfect Radiance Dark Spot Serum Vitamin C Alternative,Caudalie,82.0,Skincare
P472454,Vinosource-Hydra Moisturizing Sorbet,Caudalie,38.0,Skincare
P12045,Grape Water Moisturizing Face Mist,Caudalie,12.0,Skincare
P474938,Vinopure Natural Salicylic Acid Pore Minimizing Serum,Caudalie,52.0,Skincare
P395615,Pore Minimizing Instant Detox Mask,Caudalie,42.0,Skincare
P152203,Hand and Nail Cream,Caudalie,16.0,Bath & Body
P474937,Vinopure Pore Purifying Gel Cleanser,Caudalie,30.0,Skincare
P471226,Vinoperfect Instant Brightening Moisturizer with Niacinamide,Caudalie,65.0,Skincare
P381020,Vinoclean Cleansing Micellar Water,Caudalie,30.0,Skincare
P420224,Vinoperfect Brightening Glycolic Essence,Caudalie,59.0,Skincare
P472453,Vinosource-Hydra SOS Intense Hydration Moisturizer,Caudalie,45.0,Skincare
P474939,Vinopure Natural Salicylic Acid Pore Minimizing Toner,Caudalie,30.0,Skincare
P468637,Vinoclean Makeup Removing Cleansing Oil,Caudalie,30.0,Skincare
P480285,Premier Cru Dark Circle Correcting Eye Cream,Caudalie,85.0,Skincare
P466114,Resveratrol Lift Instant Firming Retinol Alternative Serum,Caudalie,84.0,Skincare
P467750,Resveratrol Lift Retinol Alternative Firming Cashmere Moisturizer,Caudalie,69.0,Skincare
P458757,Vinosculpt Lift & Firm Body Cream,Caudalie,45.0,Bath & Body
P480160,Premier Cru Anti Aging Cream Moisturizer with Hyaluronic Acid,Caudalie,129.0,Skincare
P471227,Vinoperfect Brightening Glycolic Night Cream,Caudalie,69.0,Skincare
P6028,Gentle Buffing Cream,Caudalie,35.0,Skincare
P504887,Mini Pore Minimizing Instant Detox Mask,Caudalie,22.0,Mini Size
P480284,Premier Cru Anti-Aging Serum with Niacinamide and Hyaluronic Acid,Caudalie,139.0,Skincare
P481818,"Mini Beauty Elixir Prep, Set, Glow Face Mist",Caudalie,20.0,Mini Size
P471009,Vinoperfect Brightening Glycolic Peel Mask,Caudalie,42.0,Skincare
P472455,Vinosource-Hydra SOS Hydrating Hyaluronic Acid Serum,Caudalie,52.0,Skincare
P471541,Vinosource-Hydra Grape Water Gel Moisturizer,Caudalie,45.0,Skincare
P468813,Vinoclean Moisturizing Toner with Rose Water,Caudalie,30.0,Skincare
P469444,Vinoclean Gentle Cleansing Almond Milk,Caudalie,30.0,Skincare
P467748,Resveratrol Lift Firming Eye Gel-Cream,Caudalie,62.0,Skincare
P503657,Premier Cru Skin Barrier Rich Moisturizer with Bio-Ceramides,Caudalie,129.0,Skincare
P467749,Resveratrol Lift Retinol Alternative Firming Night Moisturizer,Caudalie,72.0,Skincare
P472451,Vinosource-Hydra Moisturizing Mask,Caudalie,42.0,Skincare
P470007,Vinoclean Gentle Foam Cleanser,Caudalie,30.0,Skincare
P478239,Vinopure Purifying Clay Mask,Caudalie,42.0,Skincare
P474936,Vinopure Oil-Control Moisturizer for Acne Prone Skin,Caudalie,38.0,Skincare
P472452,Vinofresh Natural Aluminum-Free Deodorant,Caudalie,16.0,Bath & Body
P481386,Moisturizing Vegan Body Butter,Caudalie,38.0,Bath & Body
P500016,Deep Exfoliating Cleanser,Caudalie,38.0,Skincare
P503655,Mini Grape Water Moisturizing Face Mist,Caudalie,12.0,Skincare
P504881,Vinoperfect  Brightening Solution Set,Caudalie,82.0,Skincare
P504848,Resveratrol-Lift Ultimate Firming Set,Caudalie,84.0,Skincare
P504850,Premier Cru Fine Lines and Wrinkles Anti-Aging Set,Caudalie,139.0,Skincare
P481366,Isle Glow Face Moisturizer SPF 45 with Sea Moss and Niacinamide,CAY SKIN,34.0,Skincare
P481367,Isle Lip Balm SPF 30 with Sea Moss and Aloe Stem Cells,CAY SKIN,14.0,Skincare
P501587,Deepwater Nourishing Lip Mask with Sea Moss and Aloe Stem Cells,CAY SKIN,22.0,Skincare
P500399,Isle Glow Body Lotion SPF 45 with Sea Moss and Cocoa Seed Butter,CAY SKIN,38.0,Skincare
P501577,Deepwater Hydrating & Soothing Body Crème with Sea Moss & Niacinamide,CAY SKIN,28.0,Bath & Body
P500287,Isle Body Oil SPF 30 with Sea Moss and Squalane,CAY SKIN,32.0,Skincare
P500845,Aceite de Moska Pre-Shampoo Scalp & Hair Oil,Ceremonia,28.0,Hair
P500849,Scalp Massager,Ceremonia,16.0,Hair
P500870,Guava Rescue Hair Heat Protectant Spray,Ceremonia,22.0,Hair
P500841,Guava Hydrating Leave-In Conditioner,Ceremonia,24.0,Hair
P500891,Papaya Scalp Scrub Shampoo,Ceremonia,29.0,Hair
P500844,Guava Beach Waves Hair Texturizing Spray,Ceremonia,20.0,Hair
P500884,"Guava Mini Hair Kit - For Heat Protecting, Detangling, Hydrating and Styling",Ceremonia,28.0,Hair
P500839,Mascarilla de Babassu Hydrating Hair Mask,Ceremonia,29.0,Hair
P503156,Açaí Curl Refresher Hair Style Revitalizing Mist,Ceremonia,20.0,Hair
P500895,Aceite de Moska Hair Oil & Scalp Massager Set,Ceremonia,40.0,Hair
P500875,"Mini Hair Hydrating Set: Scalp Care, Shampoo & Treat",Ceremonia,38.0,Hair
P500899,Hair Oil Mist con Aloe Vera,Ceremonia,26.0,Hair
P500877,Pequi Curl Activator Styling Serum,Ceremonia,27.0,Hair
P500873,Yucca & Witch Hazel Deep Hydrating Shampoo,Ceremonia,20.0,Hair
P500886,Cupuaçu & Castor Deep Hydrating Conditioner,Ceremonia,20.0,Hair
P500852,Collapsible Hair Diffuser de Rizos,Ceremonia,20.0,Hair
P504123,Sunday Reset Duo Treatment - Exfoliating Shampoo and Deep Conditioning Mask,Ceremonia,49.0,Hair
P503279,Weightless Hydration Shampoo for Fine/Thin Hair,Ceremonia,20.0,Hair
P500878,Pequi Medium-Hold Styling Hair Gel,Ceremonia,22.0,Hair
P503281,Weightless Hydration Conditioner for Fine/Thin Hair,Ceremonia,20.0,Hair
P500869,Candle de Guava,Ceremonia,42.0,Fragrance
P505025,Weightless Hydration Shampoo and Conditioner Duo for Fine/Thin Hair,Ceremonia,34.0,Hair
P505018,Deep Moisture Shampoo and Conditioner Duo for Thick/Dry Hair,Ceremonia,34.0,Hair
P12495,COCO MADEMOISELLE Eau de Parfum,CHANEL,122.0,Fragrance
P258612,CHANCE EAU TENDRE Eau de Toilette,CHANEL,100.0,Fragrance
P440093,Chance Eau Tendre Eau de Parfum,CHANEL,160.0,Fragrance
P257900,CHANCE EAU FRAÎCHE Eau de Toilette,CHANEL,136.0,Fragrance
P394949,BLEU DE CHANEL Eau de Parfum,CHANEL,112.0,Fragrance
P429692,COCO MADEMOISELLE Eau de Parfum Intense,CHANEL,128.0,Fragrance
P65510,N°5 Eau de Parfum,CHANEL,122.0,Fragrance
P270302,BLEU DE CHANEL Eau de Toilette,CHANEL,96.0,Fragrance
P422299,GABRIELLE CHANEL Eau de Parfum,CHANEL,160.0,Fragrance
P449555,GABRIELLE CHANEL ESSENCE Eau de Parfum,CHANEL,160.0,Fragrance
P138300,CHANCE Eau de Parfum,CHANEL,122.0,Fragrance
P392141,COCO NOIR,CHANEL,122.0,Fragrance
P412038,N°5 L’EAU,CHANEL,122.0,Fragrance
P36680,CHANCE Eau de Toilette,CHANEL,100.0,Fragrance
P227402,COCO MADEMOISELLE Eau de Parfum Twist and Spray,CHANEL,125.0,Fragrance
P461928,COCO MADEMOISELLE L’EAU PRIVÉE Eau Pour la Nuit,CHANEL,136.0,Fragrance
P249815,COCO MADEMOISELLE Moisturizing Body Lotion,CHANEL,62.0,Bath & Body
P424076,CHANCE EAU TENDRE Eau de Toilette Travel Gift Set,CHANEL,166.0,Fragrance
P246502,COCO MADEMOISELLE Eau de Toilette,CHANEL,100.0,Fragrance
P399166,CHANCE EAU VIVE,CHANEL,100.0,Fragrance
P463025,COCO MADEMOISELLE Eau de Parfum Intense Twist & Spray Set,CHANEL,102.0,Fragrance
P457660,Coco Mademoiselle Fresh Hair Mist Spray,CHANEL,70.0,Fragrance
P383438,BLEU DE CHANEL Deodorant Stick,CHANEL,40.0,Bath & Body
P500720,Chance Eau Tendre Eau de Parfum Gift Set,CHANEL,160.0,Fragrance
P9576,COCO Eau de Parfum,CHANEL,122.0,Fragrance
P226914,N°5 EAU PREMIÈRE Eau de Parfum,CHANEL,122.0,Fragrance
P20375,COCO MADEMOISELLE Foaming Shower Gel,CHANEL,62.0,Bath & Body
P432089,BLEU DE CHANEL PARFUM,CHANEL,144.0,Fragrance
P12481,N°5 Parfum,CHANEL,140.0,Fragrance
P70400,ALLURE HOMME SPORT Eau de Toilette,CHANEL,96.0,Fragrance
P9549,ALLURE Eau de Parfum,CHANEL,122.0,Fragrance
P48601,N°5 Eau de Toilette,CHANEL,100.0,Fragrance
P12542,PLATINUM ÉGOÏSTE Eau de Toilette,CHANEL,96.0,Fragrance
P377719,ALLURE HOMME SPORT EAU EXTRÊME Eau de Parfum,CHANEL,112.0,Fragrance
P9550,ALLURE Eau de Toilette,CHANEL,100.0,Fragrance
P168609,PLATINUM ÉGOÏSTE Deodorant Stick,CHANEL,40.0,Bath & Body
P377718,BLEU DE CHANEL Eau de Toilette Refillable Twist and Spray,CHANEL,105.0,Fragrance
P9577,COCO Eau de Toilette,CHANEL,100.0,Fragrance
P416960,BLEU DE CHANEL Eau de Parfum Twist and Spray Refill Set,CHANEL,126.0,Fragrance
P12539,ALLURE HOMME Eau de Toilette,CHANEL,120.0,Fragrance
P503211,Bleu de Chanel Eau de Parfum Set,CHANEL,180.0,Fragrance
P464219,BLEU DE CHANEL Parfum Twist & Spray,CHANEL,156.0,Fragrance
P479695,BLEU DE CHANEL After Shave Lotion,CHANEL,68.0,Fragrance
P447142,Bleu de Chanel 2 in 1 Moisturizer,CHANEL,68.0,Bath & Body
P473115,BLEU DE CHANEL All-over Spray,CHANEL,96.0,Bath & Body
P503164,Bleu de Chanel Eau de Toilette Set,CHANEL,184.0,Fragrance
P434104,Hollywood Flawless Filter,Charlotte Tilbury,49.0,Makeup
P433526,Airbrush Flawless Finish Setting Powder,Charlotte Tilbury,48.0,Makeup
P444154,Beauty Highlighter Wand,Charlotte Tilbury,42.0,Makeup
P433516,Lip Cheat Lip Liner,Charlotte Tilbury,25.0,Makeup
P458268,Mini Pillow Talk Lipstick & Liner Set,Charlotte Tilbury,25.0,Makeup
P434002,Hollywood Contour Wand,Charlotte Tilbury,42.0,Makeup
P433530,Matte Revolution Lipstick,Charlotte Tilbury,35.0,Makeup
P467607,Mini Hollywood Flawless Filter,Charlotte Tilbury,19.0,Mini Size
P448869,Airbrush Flawless Longwear Foundation,Charlotte Tilbury,49.0,Makeup
P461147,Airbrush Flawless Setting Spray,Charlotte Tilbury,38.0,Makeup
P433523,Luxury Eyeshadow Palette,Charlotte Tilbury,55.0,Makeup
P467754,Mini Airbrush Flawless Finish Setting Powder,Charlotte Tilbury,28.0,Makeup
P434101,Eyes To Mesmerize Cream Eyeshadow,Charlotte Tilbury,35.0,Makeup
P433520,Magic Cream Moisturizer with Hyaluronic Acid,Charlotte Tilbury,100.0,Skincare
P461148,Mini Airbrush Flawless Setting Spray,Charlotte Tilbury,23.0,Makeup
P480286,Beautiful Skin Medium Coverage Liquid Foundation with Hyaluronic Acid,Charlotte Tilbury,49.0,Makeup
P459144,Airbrush Matte Bronzer,Charlotte Tilbury,58.0,Makeup
P433527,Cheek To Chic Blush,Charlotte Tilbury,42.0,Makeup
P446609,Hot Lips Lipstick 2,Charlotte Tilbury,38.0,Makeup
P433531,K.I.S.S.I.N.G Lipstick,Charlotte Tilbury,38.0,Makeup
P463822,Mini Filmstar Bronze & Glow Contour Duo,Charlotte Tilbury,29.0,Makeup
P468347,Hyaluronic Happikiss Lipstick Balm,Charlotte Tilbury,35.0,Makeup
P434100,Hot Lips Lipstick,Charlotte Tilbury,35.0,Makeup
P454509,Lip Cheat Lip Liner - Pillow Talk Collection,Charlotte Tilbury,25.0,Makeup
P449571,Magic Vanish Color Corrector,Charlotte Tilbury,32.0,Makeup
P500285,Beautiful Skin Sun-Kissed Glow Cream Bronzer,Charlotte Tilbury,58.0,Makeup
P433528,Filmstar Bronze & Glow Contour Duo,Charlotte Tilbury,68.0,Makeup
P500407,Beautiful Skin Medium to Full Coverage Radiant Concealer with Hyaluronic Acid,Charlotte Tilbury,33.0,Makeup
P455321,Luxury Eyeshadow Palette - Pillow Talk Collection,Charlotte Tilbury,55.0,Makeup
P456368,Matte & Metallic Double Ended Eyeliner - Eye Color Magic Collection,Charlotte Tilbury,32.0,Makeup
P434009,Collagen Lip Bath Gloss,Charlotte Tilbury,35.0,Makeup
P504020,Matte Beauty Blush Wands,Charlotte Tilbury,42.0,Makeup
P475919,Matte Revolution Lipstick - Super Nudes Collection,Charlotte Tilbury,35.0,Makeup
P503729,Glow Glide Face Architect Highlighter,Charlotte Tilbury,48.0,Makeup
P434526,Legendary Brows Tinted Eyebrow Gel,Charlotte Tilbury,26.0,Makeup
P462841,Pillow Talk Push Up Lashes Volumizing & Lengthening Mascara,Charlotte Tilbury,29.0,Makeup
P454046,Darling Eyeshadow Palette,Charlotte Tilbury,60.0,Makeup
P458755,Charlotte’s Magic Serum with Vitamin C,Charlotte Tilbury,85.0,Skincare
P433864,Lip Lustre Lip Gloss,Charlotte Tilbury,25.0,Makeup
P433521,Charlotte’s Magic Eye Cream with Retinol,Charlotte Tilbury,65.0,Skincare
P454508,Matte Revolution Lipstick- Pillow Talk Collection,Charlotte Tilbury,35.0,Makeup
P454506,Cheek to Chic Blush - Pillow Talk Collection,Charlotte Tilbury,42.0,Makeup
P446610,Superstar Lips Lipstick,Charlotte Tilbury,35.0,Makeup
P455323,Lip Lustre Lip Gloss - Pillow Talk Collection,Charlotte Tilbury,25.0,Makeup
P461433,Super Nudes Easy Eyeshadow Palette,Charlotte Tilbury,60.0,Makeup
P470203,Brow Cheat Refillable Hair-Like Eyebrow Pencil,Charlotte Tilbury,26.0,Makeup
P434004,Wonderglow Face Primer,Charlotte Tilbury,55.0,Makeup
P462843,Jewel Lip Gloss,Charlotte Tilbury,32.0,Makeup
P454505,Eyeliner - Pillow Talk Collection,Charlotte Tilbury,29.0,Makeup
P476843,Cryo-Recovery Depuffing Eye Serum,Charlotte Tilbury,70.0,Skincare
P433525,Unisex Healthy Glow Tinted Moisturizer,Charlotte Tilbury,46.0,Makeup
P502270,Refillable Airbrush Flawless Finish Brightening Powder,Charlotte Tilbury,48.0,Makeup
P462842,Mini Pillow Talk Push Up Lashes Volumizing & Lengthening Mascara,Charlotte Tilbury,15.0,Mini Size
P462845,Luxury Eyeshadow Palette - Walk of No Shame Collection,Charlotte Tilbury,55.0,Makeup
P434008,Eye Smudger Brush,Charlotte Tilbury,36.0,Makeup
P455322,Superstar Lips Lipstick - Pillow Talk Collection,Charlotte Tilbury,35.0,Makeup
P434010,The Classic Eye Powder Pencil,Charlotte Tilbury,24.0,Makeup
P434012,Legendary Lashes Volume 2 Mascara,Charlotte Tilbury,32.0,Makeup
P433863,Brow Lift Refillable Triangular Eyebrow Pencil,Charlotte Tilbury,26.0,Makeup
P454351,K.I.S.S.I.N.G Lipstick - Pillow Talk Collection,Charlotte Tilbury,35.0,Makeup
P434527,Brightening Youth Glow Primer,Charlotte Tilbury,55.0,Makeup
P435975,Mini Charlotte's Magic Cream,Charlotte Tilbury,30.0,Skincare
P433532,Feline Flick Volume 2 Liquid Eyeliner,Charlotte Tilbury,32.0,Makeup
P471749,Matte Revolution Lipstick - Look of Love Collection,Charlotte Tilbury,38.0,Makeup
P459260,Charlotte's Magic Lip Oil Crystal Elixir,Charlotte Tilbury,40.0,Makeup
P472458,K.I.S.S.I.N.G Lipstick - Look of Love Collection,Charlotte Tilbury,38.0,Makeup
P434528,Pencil Sharpener,Charlotte Tilbury,7.0,Tools & Brushes
P462847,Collagen Lip Bath Gloss  - Walk of No Shame Collection,Charlotte Tilbury,35.0,Makeup
P470208,Brow Fix Clear Eyebrow Gel,Charlotte Tilbury,26.0,Makeup
P500739,Mini Daily Glow Toner with Niacinamide,Charlotte Tilbury,19.0,Mini Size
P433519,Refillable Magic Night Moisturizer with Retinol,Charlotte Tilbury,145.0,Skincare
P462844,Cheek To Chic Blush - Walk of No Shame Collection,Charlotte Tilbury,42.0,Makeup
P433529,Full Fat Lashes Mascara,Charlotte Tilbury,29.0,Makeup
P470204,Brow Cheat Eyebrow Pencil Refill,Charlotte Tilbury,16.0,Makeup
P462846,Eye Liner - Walk of No Shame Collection,Charlotte Tilbury,29.0,Makeup
P460744,Airbrush Matte Refillable Bronzer,Charlotte Tilbury,41.0,Makeup
P500753,Daily Glow Toner with Niacinamide,Charlotte Tilbury,55.0,Skincare
P433522,Goddess Clay Mask,Charlotte Tilbury,58.0,Skincare
P446612,Instant Magic Facial Dry Sheet Mask,Charlotte Tilbury,25.0,Skincare
P459835,Mini Charlotte’s Magic Serum with Vitamin C,Charlotte Tilbury,30.0,Skincare
P433524,Multi-Miracle Glow Cleansing Balm,Charlotte Tilbury,60.0,Skincare
P502261,"Mini Take It All Off Bi-Phase Longwear Makeup Remover For Eyes, Lashes & Lips",Charlotte Tilbury,16.0,Mini Size
P470206,Brow Lift Eyebrow Pencil Refill,Charlotte Tilbury,16.0,Makeup
P476842,Cryo-Recovery Lifting Face Mask with Acupressure Technology,Charlotte Tilbury,55.0,Skincare
P472460,Matte Revolution Lipstick Refill,Charlotte Tilbury,25.0,Makeup
P502275,Airbrush Flawless Finish Setting Powder Refill,Charlotte Tilbury,41.0,Makeup
P440505,Goddess Cleansing Ritual Duo,Charlotte Tilbury,46.0,Skincare
P500248,Collagen Superfusion Firming & Plumping Facial Oil,Charlotte Tilbury,85.0,Skincare
P451728,Mini Goddess Clay Mask 15ml Travel Size,Charlotte Tilbury,16.0,Skincare
P502248,"Take It All Off Bi-Phase Longwear Makeup Remover For Eyes, Lashes & Lips",Charlotte Tilbury,32.0,Makeup
P451727,Mini Magic Night 15ml Travel Size,Charlotte Tilbury,45.0,Skincare
P472459,K.I.S.S.I.N.G Lipstick Refill,Charlotte Tilbury,25.0,Makeup
P500238,Mini Collagen Superfusion Firming & Plumping Facial Oil,Charlotte Tilbury,30.0,Skincare
P502603,Beautiful Skin Bronzing Brush,Charlotte Tilbury,44.0,Makeup
P477812,Refillable Jumbo Magic Cream Moisturizer with Hyaluronic Acid,Charlotte Tilbury,260.0,Skincare
P503932,Airbrush Flawless Finish Brightening Powder Refill,Charlotte Tilbury,41.0,Makeup
P462849,Superstar Lips Lipstick - Walk of No Shame Collection,Charlotte Tilbury,35.0,Makeup
P462848,Matte Revolution Lipstick - Walk of No Shame Collection,Charlotte Tilbury,35.0,Makeup
P462850,Lip Cheat Lip Liner- Walk of No Shame Collection,Charlotte Tilbury,25.0,Makeup
P256308,Chloé Eau de Parfum,Chloé,147.0,Fragrance
P384710,Roses De Chloé Eau de Toilette,Chloé,128.0,Fragrance
P428451,Nomade Eau de Parfum,Chloé,147.0,Fragrance
P393664,Love Story,Chloé,147.0,Fragrance
P428450,Nomade Eau de Parfum Travel Spray,Chloé,38.0,Fragrance
P400324,Roses De Chloé Eau de Toilette Rollerball,Chloé,31.0,Fragrance
P377459,Chloé Rollerball,Chloé,38.0,Fragrance
P502634,Signature Eau de Parfum Set,Chloé,36.0,Fragrance
P449749,Chloe L'Eau,Chloé,133.0,Fragrance
P461931,Chloé Rose Tangerine Eau de Toilette,Chloé,124.0,Fragrance
P419112,Love Story Eau Sensuelle,Chloé,147.0,Fragrance
P400560,Velvet Matte Lip Colour,Christian Louboutin,90.0,Makeup
P419022,Volume Shampoo Paste with Rassoul Clay and Rose Extracts,Christophe Robin,53.0,Hair
P434541,Temporary Color Gel,Christophe Robin,35.0,Hair
P502163,Pre-Shampoo Hydrating Scalp Scrub,Christophe Robin,43.0,Hair
P390961,Makeup Brush Cleaner,Cinema Secrets,24.0,Makeup
P394935,Makeup Brush Cleaner Pro Starter Kit,Cinema Secrets,28.0,Makeup
P411532,Makeup Brush Cleaner Travel Set,Cinema Secrets,15.0,Makeup
P425939,Makeup Brush Cleaner Mini,Cinema Secrets,15.0,Mini Size
P475520,Tropical Lemon Makeup Brush Cleaner Pro Starter Kit,Cinema Secrets,28.0,Makeup
P481964,Professional Makeup Brush Cleaner - Lemon,Cinema Secrets,45.0,Makeup
P455420,Brush Cleansing Shampoo,Cinema Secrets,18.0,Makeup
P421235,Double Serum Firming & Smoothing Anti-Aging Concentrate,Clarins,90.0,Skincare
P475921,Double Serum Eye Firming & Hydrating Anti-Aging Concentrate,Clarins,82.0,Skincare
P94812,One-Step Gentle Exfoliating Cleanser with Orange Extract,Clarins,39.0,Skincare
P95070,Tonic Body Firming & Toning Natural Treatment Oil,Clarins,70.0,Bath & Body
P462666,Total Eye Lift Firming & Smoothing Anti-Aging Eye Cream,Clarins,90.0,Skincare
P415749,Body Fit Anti-Cellulite Contouring & Firming Expert,Clarins,77.0,Bath & Body
P475084,Extra-Firming Energy + Radiance Boosting Moisturizer,Clarins,93.0,Skincare
P130909,Instant Smooth Perfecting Touch Primer,Clarins,40.0,Makeup
P456194,Extra-Firming + Smoothing Neck & Décolleté Moisturizer,Clarins,96.0,Skincare
P408230,V-Facial Instant Depuffing Face Mask,Clarins,67.0,Skincare
P407417,Masvelt Body Shaping Cream,Clarins,75.0,Bath & Body
P379064,Lotus Balancing & Hydrating Natural Face Treatment Oil,Clarins,65.0,Skincare
P247517,Hand & Nail Nourishing Treatment Cream,Clarins,32.0,Bath & Body
P392004,Blue Orchid Radiance & Hydrating Natural Face Treatment Oil,Clarins,65.0,Skincare
P399675,Contour Body Firming & Toning Natural Treatment Oil,Clarins,70.0,Bath & Body
P406941,Multi-Active Anti-Aging Day Moisturizer with SPF 20 for Glowing Skin,Clarins,59.0,Skincare
P94902,Instant Eye Waterproof Make-Up Remover,Clarins,33.0,Makeup
P406942,Multi-Active Anti-Aging Night Moisturizer for Glowing Skin,Clarins,62.0,Skincare
P456195,Body Fit Anti-Cellulite Contouring & Firming Expert,Clarins,66.0,Bath & Body
P483060,Lip Comfort Hydrating Oil,Clarins,28.0,Skincare
P392522,Santal Soothing & Hydrating Natural Face Treatment Oil,Clarins,65.0,Skincare
P430338,Extra-Firming & Smoothing Day Moisturizer with SPF 15,Clarins,93.0,Skincare
P469449,Hydrating Gentle Foaming Cleanser with Aloe Vera,Clarins,30.0,Skincare
P405589,Multi-Active Anti-Aging Day Cream-Gel Moisturizer for Glowing Skin,Clarins,59.0,Skincare
P469448,Purifying Gentle Foaming Cleanser with Salicylic Acid,Clarins,30.0,Skincare
P410657,Extra-Firming & Smoothing Face Mask,Clarins,79.0,Skincare
P446111,V Shaping Facial Lift Depuff & Contour Serum with Hyaluronic Acid,Clarins,90.0,Skincare
P467755,Hydrating Toner Lotion with Aloe Vera,Clarins,30.0,Skincare
P208309,Delicious Self-Tanning Cream,Clarins,48.0,Bath & Body
P429504,Extra-Firming & Smoothing Night Moisturizer,Clarins,98.0,Skincare
P469450,Moisture-Rich Hydrating Body Lotion,Clarins,47.0,Bath & Body
P467756,Soothing Toning Lotion with Chamomile,Clarins,30.0,Skincare
P409227,Multi-Active Anti-Aging Day Moisturizer for Glowing Skin,Clarins,58.0,Skincare
P479946,Self Tanning Face & Body Tinted Gel,Clarins,42.0,Skincare
P467757,Total Cleansing Oil & Makeup Remover,Clarins,37.0,Skincare
P479947,Self Tanning Face & Body Milky Lotion,Clarins,42.0,Skincare
P501566,Super Restorative Anti-Aging Day Moisturizer,Clarins,132.0,Skincare
P475083,Skincare Essentials Kit,Clarins,100.0,Skincare
P501585,Super Restorative Anti-Aging Night Moisturizer,Clarins,140.0,Skincare
P505118,Masvelt Advanced Body Firming & Shaping Cream,Clarins,77.0,Bath & Body
P502608,Double Serum Face & Eye Power Duo,Clarins,99.0,Skincare
P504851,Double Serum Light Texture Firming & Smoothing Anti-Aging Concentrate,Clarins,132.0,Skincare
P505335,Hydra-Essentiel Silky Moisturizer with Double Dose Hyaluronic Acid,Clarins,49.0,Skincare
P505385,Anti-Aging Skincare Essentials Set,Clarins,100.0,Skincare
P404356,Reserve - Skin,CLEAN RESERVE,110.0,Fragrance
P456552,Reserve - Radiant Nectar,CLEAN RESERVE,110.0,Fragrance
P425661,Reserve - Skin Travel Spray,CLEAN RESERVE,29.0,Fragrance
P294713,Classic - Skin,CLEAN RESERVE,44.0,Fragrance
P179007,Classic - Warm Cotton,CLEAN RESERVE,74.0,Fragrance
P456553,Reserve - Radiant Nectar Travel Spray,CLEAN RESERVE,29.0,Mini Size
P474819,Reserve - Perfume Discovery Set,CLEAN RESERVE,24.0,Fragrance
P404358,Reserve - Rain,CLEAN RESERVE,110.0,Fragrance
P429079,Reserve - Acqua Neroli,CLEAN RESERVE,110.0,Fragrance
P429078,Reserve - Acqua Neroli Travel Spray,CLEAN RESERVE,29.0,Fragrance
P425662,Reserve - Rain Travel Spray,CLEAN RESERVE,29.0,Fragrance
P503857,Reserve - Sparkling Sugar,CLEAN RESERVE,110.0,Fragrance
P425663,Reserve - Warm Cotton Travel Spray,CLEAN RESERVE,29.0,Fragrance
P503859,Reserve - Sparkling Sugar Travel Spray,CLEAN RESERVE,29.0,Fragrance
P404354,Reserve - Warm Cotton,CLEAN RESERVE,110.0,Fragrance
P468816,Reserve - Lush Fleur,CLEAN RESERVE,110.0,Fragrance
P415222,Reserve - Sel Santal,CLEAN RESERVE,110.0,Fragrance
P442521,Reserve - Solar Bloom Travel Spray,CLEAN RESERVE,29.0,Fragrance
P442520,Reserve - Solar Bloom,CLEAN RESERVE,110.0,Fragrance
P504292,Mini Clean Reserve Travel Set,CLEAN RESERVE,35.0,Fragrance
P468817,Reserve - Lush Fleur Travel Spray,CLEAN RESERVE,29.0,Fragrance
P502239,Clean Reserve Eau de Parfum Set,CLEAN RESERVE,35.0,Fragrance
P426097,Reserve - Sel Santal Travel Spray,CLEAN RESERVE,29.0,Fragrance
P504281,Mini Clean Classic Rollerball Perfume Set,CLEAN RESERVE,22.0,Fragrance
P126301,Take The Day Off Cleansing Balm Makeup Remover,CLINIQUE,38.0,Skincare
P453816,Mini Take The Day Off Cleansing Balm Makeup Remover,CLINIQUE,14.0,Skincare
P122900,Dramatically Different Moisturizing Gel,CLINIQUE,32.5,Skincare
P122751,Almost Lipstick,CLINIQUE,23.0,Makeup
P384996,Cheek Pop Blush,CLINIQUE,29.0,Makeup
P139000,All About Clean Liquid Facial Soap,CLINIQUE,23.5,Skincare
P381030,Dramatically Different Moisturizing Lotion+,CLINIQUE,32.5,Skincare
P393325,Beyond Perfecting Foundation + Concealer,CLINIQUE,37.0,Makeup
P479734,Smart Clinical Repair Wrinkle Correcting Eye Cream,CLINIQUE,57.0,Skincare
P279113,Chubby Stick Moisturizing Lip Colour Balm,CLINIQUE,21.0,Makeup
P500718,Smart Clinical Repair Wrinkle Correcting Cream,CLINIQUE,68.0,Skincare
P468351,Moisture Surge 100H Auto-Replenishing Hydrator Moisturizer,CLINIQUE,82.0,Skincare
P473267,Smart Clinical Repair Wrinkle Correcting Serum,CLINIQUE,71.0,Skincare
P122735,"Take The Day Off Makeup Remover For Lids, Lashes & Lips",CLINIQUE,23.5,Makeup
P122774,All About Eyes Eye Cream,CLINIQUE,37.0,Skincare
P174502,All About Eyes Rich Eye Cream,CLINIQUE,37.0,Skincare
P234967,Even Better Makeup Broad Spectrum SPF 15 Foundation,CLINIQUE,34.0,Makeup
P122882,Clarifying Lotion 2,CLINIQUE,20.0,Skincare
P122718,Exfoliating Face Scrub,CLINIQUE,26.0,Skincare
P385432,Acne Solutions Clinical Clearing Gel,CLINIQUE,32.0,Skincare
P188309,Acne Solutions Cleansing Foam,CLINIQUE,23.5,Skincare
P188307,Acne Solutions Clarifying Lotion,CLINIQUE,20.0,Skincare
P403817,Pep-Start Eye Cream,CLINIQUE,32.0,Skincare
P122881,Clarifying Lotion 3,CLINIQUE,20.0,Skincare
P384505,All About Shadow 8-Pan Palette,CLINIQUE,46.0,Makeup
P257537,All About Eyes Serum De-Puffing Eye Massage,CLINIQUE,37.0,Skincare
P122912,High Impact Mascara,CLINIQUE,23.0,Makeup
P206900,Lash Power Mascara Long-Wearing Formula,CLINIQUE,23.0,Makeup
P122762,Rinse-Off Foaming Cleanser,CLINIQUE,23.5,Skincare
P122661,7 Day Face Scrub Cream Rinse-Off Formula,CLINIQUE,26.0,Skincare
P122748,Stay-Matte Sheer Pressed Powder,CLINIQUE,37.0,Makeup
P310726,Stay-Matte Oil-Free Makeup Foundation,CLINIQUE,34.0,Makeup
P279510,Bottom Lash Mascara,CLINIQUE,16.0,Makeup
P432241,Dramatically Different Hydrating Jelly,CLINIQUE,45.0,Skincare
P188306,Acne Solutions All-Over Clearing Treatment Oil-Free,CLINIQUE,26.0,Skincare
P378639,Moisture Surge CC Cream Hydrating Colour Corrector Broad Spectrum SPF 30,CLINIQUE,42.0,Makeup
P305114,Quickliner For Eyes Intense Eyeliner,CLINIQUE,23.0,Makeup
P393633,Chubby Stick Sculpting Contour,CLINIQUE,29.0,Makeup
P201440,Redness Solutions with Probiotic Technology Daily Relief Cream,CLINIQUE,56.0,Skincare
P432242,Blackhead Solutions 7 Day Deep Pore Cleanse & Face Scrub,CLINIQUE,26.5,Skincare
P384821,Take The Day Off  Cleansing Oil Makeup Remover,CLINIQUE,34.5,Skincare
P122736,Superpowder Double Face Makeup Foundation,CLINIQUE,37.0,Makeup
P501008,Pop Plush Creamy Lip Gloss,CLINIQUE,21.0,Makeup
P196542,City Block Sheer Oil-Free Daily Face Protector Broad Spectrum SPF 25 Primer,CLINIQUE,30.0,Skincare
P387634,Chubby Stick Cheek Colour Balm Blush,CLINIQUE,29.0,Makeup
P428662,Pop Splash Lip Gloss,CLINIQUE,20.0,Makeup
P377577,Moisture Surge Overnight Face Mask,CLINIQUE,40.0,Skincare
P196524,Acne Solutions Cleansing Bar For Face and Body,CLINIQUE,19.5,Skincare
P122866,Lash Building Primer,CLINIQUE,21.0,Makeup
P406924,Take The Day Off Micellar Cleansing Towelettes for Face & Eyes Makeup Remover,CLINIQUE,18.5,Makeup
P425860,Mini Dramatically Different Moisturizing Gel,CLINIQUE,17.0,Mini Size
P122765,Quickliner For Eyes Eyeliner,CLINIQUE,23.0,Makeup
P122740,Superbalanced Makeup Foundation,CLINIQUE,34.0,Makeup
P282920,Pore Refining Solutions Correcting Serum,CLINIQUE,55.0,Skincare
P122641,Clinique Happy,CLINIQUE,62.0,Fragrance
P393634,Chubby Stick Sculpting Highlight,CLINIQUE,29.0,Makeup
P425857,Mini Dramatically Different Moisturizing Lotion+,CLINIQUE,6.5,Mini Size
P374841,Even Better Eyes Dark Circle Corrector,CLINIQUE,44.0,Skincare
P422881,Even Better Glow Light Reflecting Makeup Broad Spectrum SPF 15 Foundation,CLINIQUE,34.0,Makeup
P122914,"Airbrush Concealer Illuminates, Perfects",CLINIQUE,28.0,Makeup
P415773,Pep-Start Daily UV Protector Broad Spectrum SPF 50,CLINIQUE,23.0,Skincare
P468639,Even Better Clinical Serum Foundation Broad Spectrum SPF 25,CLINIQUE,44.0,Makeup
P381918,All About Shadow Quad Eye Shadow,CLINIQUE,36.0,Makeup
P461436,Even Better All-Over Concealer + Eraser,CLINIQUE,29.0,Makeup
P122668,Blended Face Powder,CLINIQUE,34.0,Makeup
P502266,Must-Have Makeup Set,CLINIQUE,35.0,Makeup
P425858,Mini Acne Solutions Clinical Clearing Gel,CLINIQUE,21.0,Mini Size
P122694,Line Smoothing Concealer,CLINIQUE,26.0,Makeup
P377219,High Impact Waterproof Mascara,CLINIQUE,23.0,Makeup
P201439,Redness Solutions Soothing Cleanser,CLINIQUE,26.5,Skincare
P122727,Repairwear Anti-Gravity Eye Cream,CLINIQUE,54.0,Skincare
P244701,Acne Solutions Oil-Control Cleansing Mask,CLINIQUE,29.0,Skincare
P421227,Beyond Perfecting Super Concealer Camouflage + 24-Hour Wear,CLINIQUE,24.0,Makeup
P439643,Clinique iD Custom-Blend Hydrator Collection,CLINIQUE,41.0,Skincare
P122782,Repairwear Intensive Lip Treatment,CLINIQUE,31.5,Skincare
P385631,"Great Skin, Great Deal Set for Combination Oily Skin",CLINIQUE,32.5,Skincare
P503747,Take The Day Off Charcoal Cleansing Balm Makeup Remover,CLINIQUE,38.0,Skincare
P293010,Age Defense BB Cream Broad Spectrum SPF 30,CLINIQUE,42.0,Makeup
P417984,Moisture Surge Hydrating Supercharged Concentrate,CLINIQUE,44.0,Skincare
P232327,Broad Spectrum SPF 50 Sunscreen Face Cream,CLINIQUE,30.0,Skincare
P122876,Clarifying Lotion 4,CLINIQUE,20.0,Skincare
P283304,Pore Refining Solutions Instant Perfector,CLINIQUE,23.0,Makeup
P411552,Superbalanced Silk Makeup Broad Spectrum SPF 15 Foundation,CLINIQUE,33.0,Makeup
P122651,Clarifying Lotion 1,CLINIQUE,20.0,Skincare
P432243,Blackhead Solutions Self-heating Blackhead Extractor,CLINIQUE,32.0,Skincare
P411531,Clinique Pop Liquid Matte Lip Colour + Primer Lipstick,CLINIQUE,19.5,Makeup
P385632,"Great Skin, Great Deal Set for Dry Combination Skin",CLINIQUE,32.5,Skincare
P433652,The Best of Black Honey All About Shadow Palette,CLINIQUE,46.0,Makeup
P122767,All About Lips,CLINIQUE,28.0,Skincare
P398717,Dramatically Different Moisturizing Cream,CLINIQUE,32.5,Skincare
P416824,Fresh Pressed Daily Booster with Pure Vitamin C 10%,CLINIQUE,85.0,Skincare
P122654,Deep Comfort Body Butter,CLINIQUE,38.0,Bath & Body
P377576,Repairwear Laser Focus Wrinkle Correcting Eye Cream,CLINIQUE,54.0,Skincare
P457692,Moisture Surge Sheertint Hydrator Broad Spectrum SPF 25 Tinted Moisturizer,CLINIQUE,42.0,Makeup
P443383,Moisture Surge Eye 96-Hour Hydro-Filler Concentrate,CLINIQUE,37.0,Skincare
P122807,True Bronze Pressed Powder Bronzer,CLINIQUE,37.0,Makeup
P302900,Turnaround Revitalizing Serum,CLINIQUE,53.0,Skincare
P223704,"Mini Take The Day Off Makeup Remover For Lids, Lashes & Lips",CLINIQUE,13.0,Mini Size
P382504,Superprimer Face Primer - Universal Face Primer,CLINIQUE,34.0,Makeup
P122834,Lash Doubling Mascara,CLINIQUE,23.0,Makeup
P392472,All About Clean Foaming Facial Soap,CLINIQUE,23.5,Skincare
P407040,Acne Solutions Acne + Line Correcting Serum,CLINIQUE,52.0,Skincare
P122749,Sparkle Skin Body Exfoliator,CLINIQUE,34.0,Bath & Body
P122739,Superbalm Lip Treatment,CLINIQUE,19.0,Makeup
P122763,Rinse-Off Eye Makeup Solvent,CLINIQUE,23.5,Makeup
P374580,High Impact Extreme Volume Mascara,CLINIQUE,25.0,Makeup
P393501,Acne Solutions Cleansing Gel,CLINIQUE,23.5,Skincare
P463613,Moisture Surge Intense 72H Lipid-Replenishing Hydrator Moisturizer,CLINIQUE,44.0,Skincare
P374115,Pore Refining Solutions Stay-Matte Hydrator,CLINIQUE,44.0,Skincare
P455622,Even Better Clinical Radical Dark Spot Corrector + Interrupter Serum,CLINIQUE,85.0,Skincare
P474940,Mini Even Better Clinical Radical Dark Spot Corrector + Interrupter Serum,CLINIQUE,21.0,Skincare
P456991,Superdefense City Block Broad Spectrum SPF 50 Daily Energy + Face Protector Primer,CLINIQUE,32.0,Skincare
P410101,Broad Spectrum SPF 50 Mineral Sunscreen Fluid for Face,CLINIQUE,31.0,Skincare
P277401,Redness Solutions Instant Relief Mineral Pressed Powder,CLINIQUE,36.0,Makeup
P400708,Quickliner For Lips Intense Lip Liner,CLINIQUE,22.0,Makeup
P407381,Sun-Kissed Face Gelee Complexion Multitasker Bronzer,CLINIQUE,34.0,Skincare
P381916,All About Shadow Single Eye Shadow,CLINIQUE,22.0,Makeup
P446874,Even Better Refresh Hydrating and Repairing Makeup Foundation,CLINIQUE,37.0,Makeup
P426374,Beyond Perfecting Powder Foundation + Concealer,CLINIQUE,37.0,Makeup
P122675,Naturally Gentle Eye Makeup Remover,CLINIQUE,23.5,Makeup
P468818,Mini Moisture Surge 100H Auto-Replenishing Hydrator Moisturizer,CLINIQUE,16.0,Skincare
P407483,Stay-Matte Universal Blotting Powder,CLINIQUE,37.0,Makeup
P448563,Clinique Smart Clinical MD Multi-Dimensional Age Transformer Revolumize,CLINIQUE,74.0,Skincare
P433472,Clinique Happy Heart,CLINIQUE,62.0,Fragrance
P409920,Clarifying Lotion 1.0 Twice A Day Exfoliator,CLINIQUE,32.0,Skincare
P309409,Repairwear Uplifting Firming Cream,CLINIQUE,74.0,Skincare
P417323,Fresh Pressed Renewing Powder Cleanser with Pure Vitamin C,CLINIQUE,39.0,Skincare
P122665,Face Scrub,CLINIQUE,25.0,Men
P385254,Clinique For Men Anti-Age Moisturizer,CLINIQUE,44.0,Men
P405286,Smart Broad Spectrum SPF 15 Custom-Repair Moisturizer for Dry Combination Skin,CLINIQUE,64.0,Skincare
P398713,Charcoal Face Wash,CLINIQUE,26.5,Men
P257804,Clinique For Men Anti-Age Eye Cream,CLINIQUE,37.0,Men
P431738,Clinique For Men Anti-Aging Starter Kit,CLINIQUE,17.0,Men
P479715,High Impact Mascara Mini,CLINIQUE,12.0,Mini Size
P439648,Clinique iD:  Moisturizer + Concentrate for Pores & Uneven Texture,CLINIQUE,41.0,Skincare
P481065,High Impact Lash Amplifying Serum,CLINIQUE,49.0,Makeup
P481064,High Impact Easy Liquid Eyeliner,CLINIQUE,24.0,Makeup
P469451,All About Clean 2-in-1 Cleansing + Exfoliating Jelly,CLINIQUE,26.5,Skincare
P122699,Aromatics Elixir,CLINIQUE,88.0,Fragrance
P122635,Clinique Happy for Men,CLINIQUE,59.0,Fragrance
P435207,Clinique For Men Super Energizer Anti-Fatigue Depuffing Eye Gel,CLINIQUE,37.0,Men
P122806,Broad Spectrum SPF 21 Moisturizer,CLINIQUE,36.0,Men
P122761,Exfoliating Tonic,CLINIQUE,20.0,Men
P471011,Take The Day Off Cleansing Balm Makeup Remover Duo,CLINIQUE,48.0,Skincare
P122770,Post-Shave Soother,CLINIQUE,27.0,Men
P456992,Superdefense SPF 25 Fatigue + 1st Signs of Age Multi-Correcting Cream,CLINIQUE,56.0,Skincare
P500771,Smart Clinical Repair Wrinkle Correcting Rich Cream,CLINIQUE,68.0,Skincare
P448564,Clinique Smart Clinical MD Multi-Dimensional Age Transformer Resculpt,CLINIQUE,74.0,Skincare
P122683,Oil Control Mattifying Moisturizer,CLINIQUE,36.0,Men
P376946,Repairwear Uplifting Firming Cream Broad Spectrum SPF 15,CLINIQUE,72.0,Skincare
P503737,Mini Take The Day Off Charcoal Cleansing Balm Makeup Remover,CLINIQUE,14.0,Mini Size
P385256,Oil Control Face Wash,CLINIQUE,23.5,Men
P390987,Purifying Cleansing Brush Head Refill,CLINIQUE,32.0,Skincare
P448561,Clinique For Men Maximum Hydrator 72-Hour Auto-Replenishing Hydrator,CLINIQUE,44.0,Men
P501526,Even Better All-Over Primer + Color Corrector,CLINIQUE,29.0,Makeup
P122809,Moisturizing Lotion,CLINIQUE,36.0,Men
P448565,Clinique Smart Clinical MD Multi-Dimensional Age Transformer Duo Resculpt + Revolumize,CLINIQUE,74.0,Skincare
P122772,Non-Streak Bronzer,CLINIQUE,26.0,Bath & Body
P474942,Refresh in 5,CLINIQUE,25.0,Skincare
P448560,Clinique For Men Maximum Hydrator Eye 96-Hour Hydro-Filler Concentrate,CLINIQUE,37.0,Men
P122682,Aloe Shave Gel,CLINIQUE,23.0,Men
P467608,Smart Night Clinical MD Multi-Dimensional Repair Treatment Retinol Serum,CLINIQUE,74.0,Skincare
P469452,All About Clean 2-in-1 Charcoal Face Mask + Scrub,CLINIQUE,33.0,Skincare
P405825,Repairwear Laser Focus Line Smoothing Cream Broad Spectrum SPF 15 for Very Dry to Dry Combination Skin,CLINIQUE,61.0,Skincare
P483653,Light Up Your Eyes Set,CLINIQUE,45.0,Makeup
P439099,Clarifying Lotion 2,CLINIQUE,36.0,Skincare
P405285,Smart Broad Spectrum SPF 15 Custom-Repair Moisturizer for Very Dry to Dry Skin,CLINIQUE,64.0,Skincare
P439098,Clarifying Lotion 3,CLINIQUE,36.0,Skincare
P480289,Mini Acne Solutions Cleansing Foam,CLINIQUE,11.0,Skincare
P481668,Clarifying Do-Over Peel,CLINIQUE,35.0,Skincare
P481062,"Clean Skin, Fresh Start Acne Solutions Kit",CLINIQUE,24.5,Skincare
P500790,Mini Smart Clinical Repair Wrinkle Correcting Cream,CLINIQUE,22.0,Mini Size
P122626,Cream Shave,CLINIQUE,23.0,Men
P481066,High Impact Zero Gravity Mascara,CLINIQUE,25.0,Makeup
P406656,Repairwear Laser Focus Line Smoothing Cream Broad Spectrum SPF 15 for Combination Oily to Oily Skin,CLINIQUE,53.0,Skincare
P474941,3 Step Intro Kit Type II,CLINIQUE,21.0,Skincare
P501164,Hydrate & Glow Skincare Set,CLINIQUE,42.0,Skincare
P504674,Even Better Brightening Moisturizer SPF 20,CLINIQUE,59.0,Skincare
P433827,"Take The Day Off Makeup Remover For Lids, Lashes & Lips Jumbo",CLINIQUE,31.5,Makeup
P469065,Dream Coat Supernatural Spray Anti-Frizz Treatment,COLOR WOW,28.0,Hair
P469067,Mini Dream Coat Supernatural Spray Anti-Frizz Treatment,COLOR WOW,12.0,Hair
P469131,Money Mask Deep Hydrating & Strengthening Hair Treatment,COLOR WOW,45.0,Hair
P469149,Raise the Root Thicken and Lift Spray,COLOR WOW,24.0,Hair
P474314,Xtra Large Bombshell Volumizer,COLOR WOW,26.0,Hair
P469143,Pop + Lock Frizz Control + Glossing Serum,COLOR WOW,20.0,Hair
P469154,Root Coverup Powder,COLOR WOW,34.5,Hair
P469066,Dream Coat Anti-Frizz Treatment for Curly Hair,COLOR WOW,24.0,Hair
P469139,One Minute Transformation Anti Frizz Styling Cream,COLOR WOW,24.0,Hair
P469083,Extra Mist-ical Shine Spray,COLOR WOW,29.0,Hair
P469058,Cult Favorite Firm + Flexible Hairspray,COLOR WOW,26.0,Hair
P469184,Speed Dry Blow Dry Spray,COLOR WOW,24.0,Hair
P469070,Dream Cocktail Coconut-Infused Hydrating Leave In Treatment,COLOR WOW,26.0,Hair
P469187,Style on Steroids Color-Safe Texture Spray,COLOR WOW,26.0,Hair
P469072,Dream Cocktail Kale-Infused Strengthening Leave In Treatment,COLOR WOW,26.0,Hair
P469054,Color Security Shampoo,COLOR WOW,24.0,Hair
P501981,Mini Xtra Large Bombshell Volumizer,COLOR WOW,12.0,Mini Size
P469068,Dream Cocktail Carb-Infused Thickening Leave In Treatment,COLOR WOW,26.0,Hair
P469071,Mini Dream Cocktail Coconut-Infused Hydrating Leave In Treatment,COLOR WOW,12.0,Hair
P469074,Dream Filter Pre-shampoo Mineral Remover,COLOR WOW,24.0,Hair
P501976,Mini Dream Coat Anti-Frizz Treatment for Curly Hair,COLOR WOW,12.0,Mini Size
P469073,Mini Dream Cocktail Kale-Infused Strengthening Leave In Treatment,COLOR WOW,12.0,Hair
P469075,Mini Dream Filter Pre-shampoo Mineral Remover,COLOR WOW,10.0,Hair
P469069,Mini Dream Cocktail Carb-Infused Thickening Leave In Treatment,COLOR WOW,12.0,Hair
P469052,Color Security Conditioner for Fine Hair,COLOR WOW,24.0,Hair
P469051,Color Control Purple Toning + Styling Foam for Blonde Hair,COLOR WOW,24.0,Hair
P469053,Color Security Conditioner for Thick Hair,COLOR WOW,24.0,Hair
P502271,Curl Wow FLO-ETRY Vital Natural Serum,COLOR WOW,30.0,Hair
P469050,Color Control Blue Toning + Styling Foam for Dark Hair,COLOR WOW,24.0,Hair
P502281,Curl Wow COCO-MOTION Lubricating Conditioner,COLOR WOW,29.0,Hair
P502259,Curl Wow HOOKED Shampoo,COLOR WOW,29.0,Hair
P502252,Curl Wow SHOOK Mix & Fix Bundling Spray,COLOR WOW,38.0,Hair
P502258,Curl Wow SNAG-FREE Pre-Shampoo Detangler,COLOR WOW,28.0,Hair
P395022,Gold Expressive Travel Spray,Commodity,25.0,Fragrance
P395000,Gold Expressive,Commodity,135.0,Fragrance
P502280,Milk Expressive Travel Spray,Commodity,25.0,Fragrance
P502242,Milk Expressive,Commodity,135.0,Fragrance
P501573,Discovery Set,Commodity,26.0,Fragrance
P395032,Book Expressive Travel Spray,Commodity,25.0,Fragrance
P501326,Exploration Set,Commodity,42.0,Fragrance
P395002,Rain,Commodity,135.0,Fragrance
P395008,Book Expressive,Commodity,135.0,Fragrance
P502255,Milk- Personal Travel Spray,Commodity,25.0,Fragrance
P428440,Velvet Expressive Travel Spray,Commodity,25.0,Fragrance
P428439,Nectar,Commodity,135.0,Fragrance
P502315,Milk+ Bold,Commodity,135.0,Fragrance
P399961,Wool,Commodity,135.0,Fragrance
P502251,Milk+ Bold Travel Spray,Commodity,25.0,Fragrance
P395028,Moss Expressive Travel Spray,Commodity,25.0,Fragrance
P428441,Velvet Expressive,Commodity,135.0,Fragrance
P395006,W*****y,Commodity,135.0,Fragrance
P394998,Mimosa,Commodity,135.0,Fragrance
P501965,Archive Kit Sampler Set,Commodity,36.0,Fragrance
P501228,EXPRESSIVE Scent Space Set,Commodity,26.0,Fragrance
P402666,Magnolia Eau de Parfum,Commodity,135.0,Fragrance
P395004,Moss Expressive,Commodity,135.0,Fragrance
P501233,BOLD + Scent Space Set,Commodity,26.0,Fragrance
P502304,Milk- Personal,Commodity,135.0,Fragrance
P501954,Book - Personal Travel Spray,Commodity,25.0,Fragrance
P501985,Book - Personal,Commodity,135.0,Fragrance
P501222,PERSONAL - Scent Space Set,Commodity,26.0,Fragrance
P502351,Gold+ Bold,Commodity,135.0,Fragrance
P502226,Gold- Personal Travel Spray,Commodity,25.0,Fragrance
P502316,Velvet+ Bold Travel Spray,Commodity,25.0,Fragrance
P502287,Gold- Personal,Commodity,135.0,Fragrance
P502256,Gold+ Bold Travel Spray,Commodity,25.0,Fragrance
P502328,Moss+ Bold Travel Spray,Commodity,25.0,Fragrance
P502283,Paper- Personal Travel Spray,Commodity,25.0,Fragrance
P502347,Velvet- Personal,Commodity,135.0,Fragrance
P502260,Book+ Bold Travel Spray,Commodity,25.0,Fragrance
P502282,Moss+ Bold,Commodity,135.0,Fragrance
P502274,Paper- Personal,Commodity,135.0,Fragrance
P502268,Moss- Personal Travel Spray,Commodity,25.0,Fragrance
P502262,Velvet+ Bold,Commodity,135.0,Fragrance
P502279,Paper Expressive Travel Spray,Commodity,25.0,Fragrance
P502278,Velvet- Personal Travel Spray,Commodity,25.0,Fragrance
P502294,Paper+ Bold,Commodity,135.0,Fragrance
P502230,Book+ Bold,Commodity,135.0,Fragrance
P502263,Paper+ Bold Travel Spray,Commodity,25.0,Fragrance
P502340,Paper Expressive,Commodity,135.0,Fragrance
P502269,Moss- Personal,Commodity,135.0,Fragrance
P500098,Makeup Melting Balm Cleanser,Community Sixty-Six,16.0,Skincare
P500114,Retinol Resurfacing Night Moisturizer,Community Sixty-Six,35.0,Skincare
P500094,Hydrating Oil-Free Gel Moisturizer,Community Sixty-Six,25.0,Skincare
P500113,Detoxifying AHA/BHA Gel Cleanser,Community Sixty-Six,16.0,Skincare
P500109,Hydrating Caffeine Eye Cream,Community Sixty-Six,18.0,Skincare
P500096,Oil Control Moisturizer with Niacinamide,Community Sixty-Six,25.0,Skincare
P500106,Everyday Mineral Moisturizer SPF 30 Sunscreen,Community Sixty-Six,30.0,Skincare
P500120,Nourishing Rich Moisturizer with Hyaluronic Acid,Community Sixty-Six,25.0,Skincare
P500116,Hydrating Cream Cleanser with Hyaluronic Acid,Community Sixty-Six,16.0,Skincare
P429516,Full Spectrum 360° Sun Silk Drops Organic Sunscreen SPF 30,COOLA,48.0,Skincare
P396623,Makeup Setting Spray Organic Sunscreen SPF 30,COOLA,36.0,Skincare
P468640,Full Spectrum 360º Refreshing Water Cream Organic Face Sunscreen SPF 50,COOLA,48.0,Skincare
P418221,Organic Sunless Tan Anti-Aging Face Serum,COOLA,54.0,Skincare
P455618,Full Spectrum 360° Refreshing Water Mist Organic Face Sunscreen SPF 18,COOLA,36.0,Skincare
P395723,Classic Body Organic Sunscreen Spray SPF 50 Fragrance-Free,COOLA,28.0,Skincare
P455341,Classic Body Organic Sunscreen Spray SPF 70 Peach Blossom,COOLA,28.0,Skincare
P452002,Classic Face Sunscreen SPF 50 White Tea,COOLA,32.0,Skincare
P441645,Sunless Tan Firming Lotion,COOLA,46.0,Skincare
P442267,Sunless Tan Express Sculpting Mousse,COOLA,48.0,Skincare
P429508,Sunless Tan Dry Body Oil Mist,COOLA,46.0,Skincare
P483057,COOLA Organic Liplux Classic Sunscreen Lip Oil SPF 30,COOLA,18.0,Skincare
P482257,Classic Body Organic Sunscreen Lotion SPF 50,COOLA,28.0,Bath & Body
P482259,Dew Good Illuminating Serum SPF 30,COOLA,48.0,Skincare
P483078,COOLA Scalp & Hair Mist Organic Sunscreen SPF 30,COOLA,28.0,Skincare
P482258,Mineral Face Sunscreen Sheer Matte SPF 30,COOLA,36.0,Skincare
P482256,Classic Face Organic Sunscreen Lotion SPF 30,COOLA,32.0,Skincare
P500880,Classic Face Organic Sunscreen Lotion SPF 50,COOLA,32.0,Skincare
P504987,Refreshing Water Sunscreen Stick SPF 50,COOLA,30.0,Skincare
P480589,The Dry Shampoo,Crown Affair,36.0,Hair
P480581,The Silk Scrunchie No. 001 Set,Crown Affair,15.0,Tools & Brushes
P480593,The Hair Towel,Crown Affair,45.0,Tools & Brushes
P480596,The Leave-In Conditioner Cream for Hydrated Hair,Crown Affair,48.0,Hair
P480587,The Comb No. 002,Crown Affair,46.0,Tools & Brushes
P480590,The Hair Oil,Crown Affair,40.0,Hair
P480584,The Brush No. 001,Crown Affair,74.0,Tools & Brushes
P480594,The Ritual Shampoo,Crown Affair,36.0,Hair
P480591,The Renewal Hydrating Hair Mask,Crown Affair,58.0,Hair
P500779,The Cleansing Scalp Scrub Shampoo,Crown Affair,54.0,Hair
P480595,The Ritual Conditioner,Crown Affair,36.0,Hair
P504592,The Flexible Hold Finishing Hair Gel,Crown Affair,42.0,Hair
P502003,Weightless Air Dry Curly Hair Cream,Curlsmith,26.0,Hair
P502005,Mini Weightless Air Dry Curly Hair Cream,Curlsmith,12.0,Hair
P501966,Bouncy Strength Volume Hair Foam,Curlsmith,26.0,Hair
P501997,Curly Hair Strength Styling Set for Damaged Hair,Curlsmith,65.0,Hair
P502031,Transitioning Curly Hair Set,Curlsmith,65.0,Hair
P501960,Bond Curl Rehab Hair Salve,Curlsmith,29.0,Hair
P501982,Curl Defining Styling Hair Souffle Gel,Curlsmith,40.0,Hair
P501989,Mini Bond Curl Rehab Hair Salve,Curlsmith,12.0,Hair
P502011,High Definition Curls 3- Step Hair Set,Curlsmith,64.0,Hair
P502022,Hold Me Softly Curly Hair Styling Cream Balm,Curlsmith,40.0,Hair
P501949,Curl Quenching Conditoning Hair Wash,Curlsmith,56.0,Hair
P501983,Hydro Style Flexi Hair Jelly,Curlsmith,27.0,Hair
P502017,Clarifying Detox Microbiome Scalp Hair Set,Curlsmith,69.0,Hair
P501961,Bonding Hair Oil,Curlsmith,29.0,Hair
P501958,Double Hair Cream Deep Conditioner,Curlsmith,28.0,Hair
P502026,Mini Hold Me Softly Curly Hair Styling Cream Balm,Curlsmith,12.0,Hair
P501977,Mini Curl Defining Styling Hair Souffle,Curlsmith,12.0,Hair
P501995,Multi-Tasking Conditoner,Curlsmith,27.0,Hair
P502019,In-Shower Style Fixer Curly Hair Gel,Curlsmith,27.0,Hair
P501972,Miracle Shield Heat Protectant Leave In Teatment,Curlsmith,28.0,Hair
P501968,Feather- Light Protein Hair Cream,Curlsmith,27.0,Hair
P502008,Hair Defrizzion Dryer & XXL Diffuser,Curlsmith,189.0,Hair
P502068,Mini Hydro Style Flexi Hair Jelly,Curlsmith,12.0,Hair
P502001,Full Body Thickening Hair Lotion,Curlsmith,27.0,Hair
P502014,Wash & Scrub Clarifying Detox Shampoo,Curlsmith,29.0,Hair
P501979,Moisture Memory Recativator Hair Leave-In,Curlsmith,24.0,Hair
P502000,Core Strength Shampoo,Curlsmith,25.0,Hair
P501974,Hydro Cream Soothing Deep Conditioner Hair Mask,Curlsmith,29.0,Hair
P503312,Scalp Stimulating Booster,Curlsmith,27.0,Hair
P501963,Curly Hair Styling Set - Shine,Curlsmith,65.0,Hair
P502033,Mini In-Shower Style Fixer Curly Hair Gel,Curlsmith,12.0,Hair
P501986,Mini Double Hair Cream Deep Conditioner,Curlsmith,12.0,Hair
P502024,Curl Conditioning Hair Oil-In-Cream,Curlsmith,12.0,Hair
P503303,Full Lengths Density Elixir,Curlsmith,39.0,Hair
P501967,Mini Curl Conditoning Hair Oil-In-Cream,Curlsmith,12.0,Hair
P501962,Mini Shine Strong Hold Hair Gel,Curlsmith,12.0,Hair
P502027,Mini Shine Hair Cream Leave In Conditioner,Curlsmith,12.0,Hair
P501992,Shine Hair Cream Leave In Conditioner,Curlsmith,27.0,Hair
P502020,Intense Treatment Hair Serum,Curlsmith,36.0,Hair
P503296,Ultimate Lengths 30-Day Therapy Supplements,Curlsmith,29.99,Hair
P501970,Shape Up Aqua Hair Gel,Curlsmith,27.0,Hair
P501993,Shine Strong Hold Hair Gel,Curlsmith,27.0,Hair
P501971,Mini Shine Flexible Hold Hair Jelly,Curlsmith,12.0,Hair
P502007,Glow Perfecting Conditoner,Curlsmith,25.0,Hair
P501978,Post-Wash Calming Conditoner,Curlsmith,28.0,Hair
P501975,Shine Conditoner,Curlsmith,26.0,Hair
P501980,Mini Shine Shampoo,Curlsmith,12.0,Hair
P502060,Mini Shine Conditoner,Curlsmith,12.0,Hair
P501987,Shine Flexible Hold Hair Jelly,Curlsmith,27.0,Hair
P501953,Shine Shampoo,Curlsmith,26.0,Hair
P501952,Vivid Tones Vibrancy Shampoo,Curlsmith,25.0,Hair
P462672,Prickly Pear Hair Oil,dae,38.0,Hair
P482668,Cactus Fruit 3-in-1 Styling Cream,dae,28.0,Hair
P457410,Signature Shampoo,dae,26.0,Hair
P474035,Monsoon Moisture Mask,dae,30.0,Hair
P457409,Signature Conditioner,dae,26.0,Hair
P469453,Cactus Flower Leave In Conditioner,dae,28.0,Hair
P474820,Vegan Detangle + Style Brush,dae,24.0,Hair
P457411,Deep Conditioning Hair Treatment,dae,28.0,Hair
P500289,Hibiscus Wave Spray,dae,28.0,Hair
P501553,Monsoon Moisture Milk Hydrating Shampoo,dae,28.0,Hair
P501418,Monsoon Moisture Hydrating Conditioner,dae,28.0,Hair
P467610,Mini Signature Shampoo,dae,12.0,Hair
P474821,Mini Cactus Flower Leave In Conditioner,dae,14.0,Hair
P467612,Deep Conditioning Treatment Hair Mask Travel,dae,14.0,Hair
P467611,Mini Signature Conditioner,dae,12.0,Hair
P500876,Mini Hibiscus Wave Spray,dae,14.0,Hair
P504787,Violet Hour Purple Shampoo,dae,30.0,Hair
P505032,Monsoon Moisture & Cactus Fruit 3-in-1 Styling Cream Hair Set,dae,55.0,Hair
P472021,Mochi Mochi Luminous Plumping & Hydrating Moisturizer,DAMDAM,48.0,Skincare
P472023,Nomad’s Cream Purifying & Exfoliating AHA Cleanser,DAMDAM,38.0,Skincare
P472025,Silk Rice Makeup-Removing Cleansing Oil,DAMDAM,46.0,Skincare
P482260,Rice Drops Face Oil Hydrating Serum,DAMDAM,68.0,Skincare
P504988,Snow Mushroom Pore Cleanser with Exfoliating Glove,DAMDAM,47.0,Skincare
P472024,Skin Mud Pure Vitamin C Brightening Mask,DAMDAM,48.0,Skincare
P472022,Paradisi Hydrating Essence Mist,DAMDAM,48.0,Skincare
P481342,Cleansing & Hydrating Bestseller Set Bento Box,DAMDAM,42.0,Skincare
P481067,Aer Suction Toy,Dame,95.0,Bath & Body
P481075,Arousal Serum,Dame,30.0,Bath & Body
P481068,Arc G-Spot Vibrator,Dame,115.0,Bath & Body
P500881,Com Wand Vibrator,Dame,125.0,Bath & Body
P481069,Eva Couples Vibrator,Dame,135.0,Bath & Body
P500862,Body Wipes- Aloe Infused,Dame,12.0,Bath & Body
P481072,Pom Flexible Vibrator,Dame,95.0,Bath & Body
P481073,Zee Bullet Vibrator,Dame,30.0,Bath & Body
P503686,Dip Basic Vibrator,Dame,49.0,Bath & Body
P481070,Fin Finger Vibrator,Dame,85.0,Bath & Body
P501762,Desire Gummies,Dame,42.0,Bath & Body
P468353,"Colorfix Eye, Cheek & Lip Cream Pigment",Danessa Myricks Beauty,18.0,Makeup
P484039,Yummy Skin Blurring Balm Powder,Danessa Myricks Beauty,36.0,Makeup
P481968,Infinite Chrome Flakes Multichrome Gel for Eyes & Face,Danessa Myricks Beauty,25.0,Makeup
P479311,Twin Flames Liquid Eyeshadow,Danessa Myricks Beauty,26.0,Makeup
P481694,Yummy Skin Serum Foundation,Danessa Myricks Beauty,34.0,Makeup
P469461,"Vision Flush Blush, Eyeshadow and Lip Color",Danessa Myricks Beauty,20.0,Makeup
P501512,Lightwork Vol. IV: Transcendence Palette - Illuminating Eye & Face Pigments,Danessa Myricks Beauty,125.0,Makeup
P482522,Infinite Chrome Waterproof Micropencil Eyeliner,Danessa Myricks Beauty,22.0,Makeup
P504051,Yummy Skin Blurring Balm Powder Flushed - Matte Color for Cheek & Lip,Danessa Myricks Beauty,25.0,Makeup
P469455,Dew Wet Hydrating and Highlighting Balm,Danessa Myricks Beauty,22.0,Makeup
P473701,Balm Contour,Danessa Myricks Beauty,26.0,Makeup
P481696,Yummy Skin Glow Serum with Hyaluronic Acid,Danessa Myricks Beauty,34.0,Makeup
P469460,Vision Cream Cover Adjustable Foundation & Concealer,Danessa Myricks Beauty,22.0,Makeup
P479949,Dewy Cheek & Lip Palette,Danessa Myricks Beauty,32.0,Makeup
P469458,Lightwork Highlighting Palette,Danessa Myricks Beauty,42.0,Makeup
P501014,Mini Lightwork Vol. III The Experience Eye & Face Palette,Danessa Myricks Beauty,85.0,Makeup
P502023,Infinite Chrome Holiday Kit - Eye & Face Multichrome Pigments,Danessa Myricks Beauty,35.0,Makeup
P475525,"Colorfix Eye, Cheek & Lip Cream Pigment Rose Dream Set",Danessa Myricks Beauty,30.0,Makeup
P469459,Power Bronzer Cream Bronzer,Danessa Myricks Beauty,26.0,Makeup
P469456,Evolution Setting Powder,Danessa Myricks Beauty,24.0,Makeup
P469457,Illuminating Veil Liquid Highlighter,Danessa Myricks Beauty,22.0,Makeup
P504669,Vision Flush Glow - Hyper Radiant Liquid Highlighter,Danessa Myricks Beauty,20.0,Makeup
P469454,Beauty Oil with Gold Leaf,Danessa Myricks Beauty,30.0,Skincare
P481695,Yummy Skin Serum Foundation Refill,Danessa Myricks Beauty,24.0,Makeup
P404918,Gel Lab Pro Nail Polish,Deborah Lippmann,20.0,Makeup
P396014,Cuticle Lab - Nail Treatment Set,Deborah Lippmann,49.0,Makeup
P381211,Deborah Lippmann - Exfoliating Cuticle Remover Nail Treatment,Deborah Lippmann,22.0,Makeup
P381210,Cuticle Oil - Nail Cuticle Treatment,Deborah Lippmann,22.0,Makeup
P416422,Bed of Roses Nail Polish Set,Deborah Lippmann,39.0,Makeup
P385341,The Cure - Nail Cuticle Repair Cream Treatment,Deborah Lippmann,25.0,Makeup
P430966,Deborah Lippmann Hyper Vibes - Gel Lab Pro Color,Deborah Lippmann,20.0,Makeup
P381312,Hard Rock - Nail Strengthening Top and Base Coat,Deborah Lippmann,22.0,Makeup
P381313,Smooth Operator - Buffer Nail File,Deborah Lippmann,14.0,Makeup
P381311,The Stripper - Nail Polish Remover,Deborah Lippmann,22.0,Makeup
P381213,Rich Girl - Broad Spectrum SPF 25 Hand Cream,Deborah Lippmann,30.0,Makeup
P459147,Soul Survivor High Performance Foot File,Deborah Lippmann,45.0,Makeup
P438934,Get Off Callus Softener Intensive Treatment,Deborah Lippmann,49.0,Bath & Body
P500119,Happier Than Ever 6 Piece Nail Polish Set,Deborah Lippmann,39.0,Makeup
P459146,Eco File Nail Set,Deborah Lippmann,12.0,Makeup
P477418,High & Dry Super Quick-Drying Hemp + UVA/UVB  Top Coat,Deborah Lippmann,22.0,Makeup
P501231,Discovery Set,DedCool,30.0,Fragrance
P500792,"01 ""Taunt"" Eau de Parfum Travel Spray",DedCool,30.0,Fragrance
P501232,Milk Eau de Parfum Travel Spray,DedCool,30.0,Fragrance
P500766,"01 ""Taunt"" Eau de Parfum",DedCool,90.0,Fragrance
P501152,"Dedtergent 01 ""Taunt""",DedCool,35.0,Fragrance
P501218,Milk Eau de Parfum,DedCool,90.0,Fragrance
P501263,Red Dakota Eau de Parfum Travel Spray,DedCool,30.0,Fragrance
P501257,"01 ""Taunt"" Air Freshener",DedCool,12.0,Fragrance
P501287,"03 ""Blonde"" Eau de Parfum Travel Spray",DedCool,30.0,Fragrance
P501266,Red Dakota Eau de Parfum,DedCool,90.0,Fragrance
P501297,"01 ""Taunt"" Massage Candle",DedCool,55.0,Fragrance
P501252,Madonna Lilly Eau de Parfum Travel Spray,DedCool,30.0,Fragrance
P501220,02 Eau de Parfum Travel Spray,DedCool,30.0,Fragrance
P501303,"03 ""Blonde"" Eau de Parfum",DedCool,90.0,Fragrance
P501291,Madonna Lilly Eau de Parfum,DedCool,90.0,Fragrance
P501227,02 Eau de Parfum,DedCool,90.0,Fragrance
P405462,Ellipsis,DEREK LAM 10 CROSBY,85.0,Fragrance
P405456,Hi-Fi,DEREK LAM 10 CROSBY,85.0,Fragrance
P405468,Afloat,DEREK LAM 10 CROSBY,85.0,Fragrance
P448181,DERMAPORE Ultrasonic Pore Extractor & Serum Infuser,DERMAFLASH,99.0,Skincare
P429043,LUXE+ Advanced Sonic Dermaplaning + Peach Fuzz Removal,DERMAFLASH,199.0,Skincare
P473268,MINI Precision Peach Fuzz Removal Device,DERMAFLASH,69.0,Skincare
P430809,THE ESSENTIALS Sonic Dermaplaning Refill Kit,DERMAFLASH,87.0,Skincare
P473269,Precision MINI Edges 8-Pack Refill,DERMAFLASH,29.0,Skincare
P443352,Mini Daily Microfoliant Exfoliator,Dermalogica,18.0,Skincare
P423688,Daily Microfoliant Exfoliator,Dermalogica,65.0,Skincare
P423148,Precleanse Cleansing Oil,Dermalogica,49.0,Skincare
P443350,Mini Precleanse Cleansing Oil,Dermalogica,15.0,Skincare
P453930,Biolumin-C Vitamin C Eye Serum,Dermalogica,74.0,Skincare
P423136,Special Cleansing Gel,Dermalogica,42.0,Skincare
P443700,Mini Special Cleansing Gel,Dermalogica,13.0,Skincare
P443370,BioLumin-C Vitamin C Serum,Dermalogica,95.0,Skincare
P500240,Daily Milkfoliant Exfoliator,Dermalogica,65.0,Skincare
P445832,Acne Clearing Skin Wash Cleanser,Dermalogica,42.0,Skincare
P443359,Skin Smoothing Cream Moisturizer,Dermalogica,74.0,Skincare
P423142,Active Moist Moisturizer,Dermalogica,74.0,Skincare
P460624,Discover Healthy Skin Kit,Dermalogica,39.5,Skincare
P423130,MultiVitamin Power Recovery Mask,Dermalogica,65.0,Skincare
P456582,Invisible Physical Defense Mineral Sunscreen SPF30,Dermalogica,48.0,Skincare
P481697,Circular Hydration Serum with Hyaluronic Acid,Dermalogica,64.0,Skincare
P474822,Daily Glycolic Cleanser,Dermalogica,37.0,Skincare
P472810,Smart Response Serum,Dermalogica,145.0,Skincare
P503814,Dynamic Skin Retinol Serum,Dermalogica,92.0,Skincare
P445833,AGE Bright Clearing Serum,Dermalogica,75.0,Skincare
P462344,Hydro Masque Exfoliant,Dermalogica,64.0,Skincare
P423150,Multi-Active Toner,Dermalogica,43.0,Skincare
P443351,Mini Multi-Active Toner,Dermalogica,13.0,Skincare
P467111,Retinol Acne Clearing Oil,Dermalogica,86.0,Skincare
P423123,Daily Superfoliant Exfoliator,Dermalogica,65.0,Skincare
P469118,Melting Moisture Mask,Dermalogica,69.0,Skincare
P479692,Awaken Peptide Depuffing Eye Gel,Dermalogica,59.0,Skincare
P475086,BioLumin-C Vitamin-C Gel Moisturizer,Dermalogica,69.0,Skincare
P500243,Mini Daily Milkfoliant Exfoliator,Dermalogica,18.0,Mini Size
P502326,Dynamic Skin Recovery SPF50 Moisturizer,Dermalogica,79.0,Skincare
P423135,Super Rich Repair Moisturizer,Dermalogica,94.0,Skincare
P428240,Calm Water Gel Moisturizer,Dermalogica,55.0,Skincare
P423134,MultiVitamin Power Firm Eye Cream,Dermalogica,69.0,Skincare
P423127,Ultracalming Cleanser,Dermalogica,42.0,Skincare
P505139,Phyto Nature Oxygen Cream,Dermalogica,125.0,Skincare
P443369,Sound Sleep Cocoon Night Gel-Cream,Dermalogica,89.0,Skincare
P423125,Ultracalming Serum Concentrate,Dermalogica,66.0,Skincare
P443358,Intensive Moisture Balance Moisturizer,Dermalogica,47.0,Skincare
P449177,AGE Smart Phyto-Nature Firming Serum,Dermalogica,155.0,Skincare
P443366,Prisma Protect SPF 30 Moisturizer,Dermalogica,69.0,Skincare
P446638,Power Cleanse Duo,Dermalogica,19.0,Skincare
P443361,Skinperfect Primer SPF 30,Dermalogica,58.0,Makeup
P423143,Stress Positive Eye Lift Mask,Dermalogica,74.0,Skincare
P503820,Daily Brightness Boosters Kit,Dermalogica,49.5,Skincare
P423690,Skin Resurfacing Lactic Acid Cleanser,Dermalogica,48.0,Skincare
P456569,Active Clay Prebiotic Cleanser,Dermalogica,42.0,Skincare
P423145,Age Reversal Eye Complex,Dermalogica,79.0,Skincare
P502441,Mini Dynamic Skin Recovery SPF50 Moisturizer,Dermalogica,23.5,Mini Size
P467112,Daily Microfoliant Exfoliator Refill Pack,Dermalogica,56.0,Skincare
P445822,Intensive Moisture Cleanser,Dermalogica,42.0,Skincare
P455915,Mini MultiVitamin Power Recovery Mask,Dermalogica,16.5,Skincare
P236816,Dior Addict Lip Glow,Dior,40.0,Makeup
P453814,Lip Glow Oil,Dior,40.0,Makeup
P186805,Dior Addict Lip Maximizer Plumping Gloss,Dior,40.0,Makeup
P432500,BACKSTAGE Face & Body Foundation,Dior,40.0,Makeup
P454762,BACKSTAGE Rosy Glow Blush,Dior,40.0,Makeup
P432502,BACKSTAGE Glow Face Palette,Dior,45.0,Makeup
P432504,BACKSTAGE Eyeshadow Palette,Dior,49.0,Makeup
P454348,Dior Forever Skin Correct Full-Coverage Concealer,Dior,40.0,Makeup
P467760,Rouge Dior Refillable Lipstick,Dior,45.0,Makeup
P482262,Backstage Concealer,Dior,29.0,Makeup
P439941,Dior Forever Skin Glow Foundation SPF 15,Dior,55.0,Makeup
P472977,Rouge Dior Forever Liquid Transfer-Proof Lipstick,Dior,45.0,Makeup
P456596,Dior Addict Stellar Lip Gloss,Dior,40.0,Makeup
P385477,Miss Dior Blooming Bouquet,Dior,105.0,Fragrance
P474316,Miss Dior Eau de Parfum,Dior,160.0,Fragrance
P6430,J'adore Eau de Parfum,Dior,160.0,Fragrance
P439940,Dior Forever Matte Foundation SPF 15,Dior,55.0,Makeup
P500997,Rouge Dior Forever Transfer-Proof Lipstick,Dior,45.0,Makeup
P396240,Diorshow 24h Buildable Volume Mascara,Dior,29.5,Makeup
P481969,Dior Addict Refillable Shine Lipstick,Dior,45.0,Makeup
P415619,Dreamskin Skin Perfector,Dior,130.0,Skincare
P4484,Hypnotic Poison,Dior,100.0,Fragrance
P483654,Dior Addict Lip Tint,Dior,40.0,Makeup
P400057,Sauvage Eau de Toilette,Dior,100.0,Fragrance
P377821,Diorshow Iconic Overcurl Mascara,Dior,29.5,Makeup
P472028,Capture Totale Super Potent Eye Serum,Dior,85.0,Skincare
P463032,5 Couleurs Couture Eyeshadow Palette,Dior,62.0,Makeup
P475090,Dior Forever Couture Luminizer Highlighter Powder,Dior,50.0,Makeup
P238433,Diorshow Brow Styler Ultra-Fine Precision Brow Pencil,Dior,31.0,Makeup
P444597,BACKSTAGE Face & Body Primer,Dior,36.0,Makeup
P99901,Diorshow Waterproof Mascara,Dior,29.5,Makeup
P450457,Rouge Dior Ultra Care Liquid Lipstick,Dior,38.0,Makeup
P437018,Miss Dior Blooming Bouquet Roller-pearl,Dior,45.0,Fragrance
P467945,Capture Totale Super Potent Rich Cream,Dior,130.0,Skincare
P379408,Nail Glow,Dior,30.0,Makeup
P454806,Capture Totale Firming & Wrinkle-Correcting Cream,Dior,130.0,Skincare
P428500,Sauvage Eau de Parfum,Dior,120.0,Fragrance
P480162,Cica Recover & Repair Multi-Use Balm,Dior,60.0,Skincare
P297404,Forever Natural Velvet Matte Compact Foundation,Dior,60.0,Makeup
P442793,Rouge Blush,Dior,45.0,Makeup
P481972,La Mousse OFF/ON Foaming Face Cleanser,Dior,50.0,Skincare
P416366,Dior Addict Lip Sugar Scrub,Dior,40.0,Makeup
P410469,Miss Dior Absolutely Blooming,Dior,160.0,Fragrance
P435806,Dreamskin Fresh & Perfect Cushion Broad Spectrum SPF 50,Dior,90.0,Makeup
P416731,Poison Girl,Dior,80.0,Fragrance
P503999,Capture Totale Le Sérum Anti-Aging Serum,Dior,100.0,Skincare
P501542,Mini Rouge Dior Lipstick Set,Dior,50.0,Makeup
P475089,Dior Forever Natural Powder Bronzer,Dior,50.0,Makeup
P395905,Miss Dior Hair Mist,Dior,75.0,Fragrance
P76000,Pure Poison,Dior,130.0,Fragrance
P429720,Diorshow On Stage Waterproof Liquid Eyeliner,Dior,32.0,Makeup
P471544,Diorshow Maximizer 3D Triple Volume Plumping Lash Primer,Dior,29.5,Makeup
P480439,Miss Dior Eau de Parfum Roller-Pearl,Dior,55.0,Fragrance
P502013,J'adore Parfum d'Eau,Dior,160.0,Fragrance
P480599,Lip Maximizer Serum,Dior,40.0,Makeup
P99902,Crayon Eyeliner - Waterproof,Dior,30.0,Makeup
P451225,BACKSTAGE Lash Curler,Dior,28.0,Makeup
P475088,Hypnotic Poison Roller-Pearl,Dior,45.0,Fragrance
P454106,Miss Dior Rose N'Roses Eau de Toilette,Dior,130.0,Fragrance
P423548,Miss Dior Moisturizing Body Milk,Dior,65.0,Bath & Body
P457667,J'adore Eau de Parfum Roller-pearl,Dior,55.0,Mini Size
P483435,Dior Addict Lipstick Case,Dior,30.0,Makeup
P375238,Dior Addict Eau Fraîche,Dior,100.0,Fragrance
P440916,Miss Dior Eau de Toilette Roller-pearl,Dior,45.0,Fragrance
P435915,JOY by Dior,Dior,160.0,Fragrance
P408407,Sauvage Deodorant Stick,Dior,35.0,Bath & Body
P375237,Dior Addict Eau de Parfum,Dior,130.0,Fragrance
P467944,Miss Dior Rose N'Roses Roller-pearl,Dior,45.0,Fragrance
P386816,Diorshow Iconic Overcurl Waterproof Mascara,Dior,29.5,Makeup
P435807,Dreamskin Fresh & Perfect Cushion Broad Spectrum SPF 50 Refill,Dior,45.0,Makeup
P475091,Dior Forever Loose Cushion Powder,Dior,65.0,Makeup
P379931,Poison,Dior,80.0,Fragrance
P441312,Diorshow Pump 'N' Volume Mascara,Dior,29.5,Makeup
P501414,Miss Dior Blooming Bouquet Lifestyle Gift Set,Dior,110.0,Makeup
P500313,Mini Diorshow Mascara Duo Set,Dior,28.0,Makeup
P449122,Sauvage Parfum,Dior,180.0,Fragrance
P406640,J'adore Eau Lumière Eau de Toilette,Dior,55.0,Fragrance
P475526,Sauvage Elixir,Dior,180.0,Fragrance
P428255,Capture Youth Serum Collection,Dior,110.0,Skincare
P380621,J'adore Body Milk,Dior,65.0,Bath & Body
P380620,J'adore Soap,Dior,33.0,Bath & Body
P440915,Miss Dior Eau de Toilette,Dior,130.0,Fragrance
P457662,J'adore Hair Mist,Dior,75.0,Fragrance
P457666,J'adore Eau Lumière Eau de Toilette Roller-pearl,Dior,55.0,Mini Size
P4490,Fahrenheit,Dior,95.0,Fragrance
P444194,J'adore Huile Divine - Dry Silky Body & Hair Oil,Dior,75.0,Bath & Body
P455023,Homme Eau de Toilette,Dior,95.0,Fragrance
P504675,Dior Forever Glow Veil Makeup Primer,Dior,50.0,Makeup
P504426,Miss Dior Eau de Parfum Set,Dior,155.0,Fragrance
P470214,Forever Perfect Fix Setting Spray,Dior,45.0,Makeup
P427729,Capture Youth Age-Delay Advanced Crème,Dior,110.0,Skincare
P463845,J'adore eau de parfum infinissime,Dior,170.0,Fragrance
P431440,Miss Dior Body Oil,Dior,70.0,Bath & Body
P463033,Diorshow Stylo Waterproof Eyeliner,Dior,34.0,Makeup
P400061,Sauvage Deodorant Spray,Dior,40.0,Bath & Body
P423264,One Essential Skin Boosting Super Serum,Dior,110.0,Skincare
P375354,Capture Totale Intensive Night Restorative Crème,Dior,175.0,Skincare
P397673,Dior Homme Cologne,Dior,105.0,Fragrance
P500247,Diorshow OnSet Brow Gel,Dior,31.0,Makeup
P416728,Dreamskin Skin Perfector Refill,Dior,102.0,Skincare
P471543,J'adore eau de parfum infinissime Roller-Pearl,Dior,60.0,Fragrance
P481078,Sauvage Shower Wash,Dior,50.0,Bath & Body
P417604,Hydra Life Deep Hydration Sorbet Water Essence,Dior,80.0,Skincare
P429676,Hydra Life Cooling Hydration Sorbet Eye Gel,Dior,60.0,Skincare
P480600,Rouge Dior Lip Balm,Dior,45.0,Skincare
P440923,Capture Youth Age-Delay Advanced Eye Treatment,Dior,75.0,Skincare
P500408,Dior Addict Shine Lipstick Refill,Dior,35.0,Makeup
P504694,Dior Forever Velvet Veil Matte Primer,Dior,50.0,Makeup
P408542,One Essential Eye Serum,Dior,72.0,Skincare
P467761,Rouge Dior Lipstick Refill,Dior,35.0,Makeup
P429430,Diorshow Pump'N'Volume Waterproof Mascara,Dior,29.5,Makeup
P504692,Diorshow 10 Couleurs Eye Makeup Palette – Mitzah Limited Edition,Dior,130.0,Makeup
P503196,Sauvage Eau de Toilette Gift Set,Dior,149.0,Fragrance
P4489,Eau Sauvage,Dior,120.0,Fragrance
P454807,Capture Totale Firming & Wrinkle-Correcting Eye Cream,Dior,80.0,Skincare
P469465,Rouge Dior Lip Balm Refill,Dior,35.0,Makeup
P427731,Capture Youth Glow Booster Age-Delay Illuminating Serum,Dior,110.0,Skincare
P429675,Hydra Life Balancing Hydration 2 in 1 Sorbet Water,Dior,45.0,Skincare
P427732,Capture Youth Plump Filler Age-Delay Plumping Serum,Dior,110.0,Skincare
P420536,Sauvage Very Cool Spray,Dior,82.0,Fragrance
P476432,Capture Totale Super Potent Cleanser,Dior,65.0,Skincare
P400059,Sauvage After-Shave Lotion,Dior,70.0,Bath & Body
P480163,Dior Homme Sport,Dior,130.0,Fragrance
P418122,Dior Homme Sport,Dior,82.0,Fragrance
P500623,Eye and Lip Makeup Remover,Dior,40.0,Makeup
P444987,Capture Youth Age-Delay Progressive Peeling Crème,Dior,110.0,Skincare
P481970,Hydra Life Fresh Sorbet Crème Moisturizer,Dior,85.0,Skincare
P455022,Homme Deodorant Stick,Dior,35.0,Bath & Body
P455584,Sauvage Shaving Gel,Dior,70.0,Bath & Body
P440922,Capture Youth Intense Rescue Age-Delay Revitalizing Oil-Serum,Dior,110.0,Skincare
P481971,Hydra Life Intense Sorbet Crème Moisturizer,Dior,85.0,Skincare
P481077,Capture Totale Intensive Essence Lotion,Dior,80.0,Skincare
P481079,Sauvage After Shave Balm,Dior,70.0,Men
P483630,Dior Addict Refillable Couture Lipstick Case,Dior,30.0,Makeup
P504053,Capture Dreamskin 1-Minute Mask,Dior,80.0,Skincare
P505332,Dior Skin Mattifying Papers,Dior,35.0,Skincare
P12420,Light Blue Eau de Toilette,Dolce&Gabbana,116.0,Fragrance
P195321,The One,Dolce&Gabbana,132.0,Fragrance
P245901,L’IMPERATRICE Eau de Toilette,Dolce&Gabbana,89.0,Fragrance
P418849,Light Blue Eau Intense,Dolce&Gabbana,120.0,Fragrance
P377485,Light Blue Eau de Toilette Travel Spray,Dolce&Gabbana,31.0,Fragrance
P385301,Dolce Eau de Parfum,Dolce&Gabbana,126.0,Fragrance
P429971,Dolce Garden,Dolce&Gabbana,29.0,Fragrance
P186402,Light Blue Pour Homme Eau de Toilette,Dolce&Gabbana,100.0,Fragrance
P376951,Pour Femme,Dolce&Gabbana,29.0,Fragrance
P224300,The One For Men,Dolce&Gabbana,134.0,Fragrance
P406330,The One For Men Eau De Parfum,Dolce&Gabbana,143.0,Fragrance
P419011,Light Blue Eau Intense Pour Homme,Dolce&Gabbana,139.0,Fragrance
P382515,Pour Femme Intense,Dolce&Gabbana,128.0,Fragrance
P429970,Dolce Garden Travel Spray,Dolce&Gabbana,29.0,Fragrance
P449367,K by Dolce & Gabbana,Dolce&Gabbana,104.0,Men
P377775,Pour Femme Rollerball,Dolce&Gabbana,29.0,Fragrance
P480295,Dolce Lily Eau De Toilette,Dolce&Gabbana,82.0,Fragrance
P456715,The One Eau de Parfum Travel Spray,Dolce&Gabbana,31.0,Fragrance
P0901,Pour Homme,Dolce&Gabbana,100.0,Fragrance
P306859,Light Blue Pour Homme Deodorant,Dolce&Gabbana,29.0,Bath & Body
P505167,The Essential Eye Shadow Palette,DOMINIQUE COSMETICS,49.0,Makeup
P380541,Cashmere Mist Deodorant,Donna Karan,32.0,Bath & Body
P41391,Cashmere Mist Eau de Parfum,Donna Karan,130.0,Fragrance
P440445,Cashmere Mist Travel Spray,Donna Karan,30.0,Fragrance
P503730,Cashmere Mist Aluminum Free/Alcohol Free Deodorant,Donna Karan,32.0,Bath & Body
P380539,Cashmere Mist Body Creme,Donna Karan,60.0,Bath & Body
P430958,Apple Cider Vinegar Scalp Scrub & Hair Rinse Duo,dpHUE,53.0,Hair
P447212,Hyaluronic Serum,Dr. Barbara Sturm,320.0,Skincare
P454936,Mini Hyaluronic Serum,Dr. Barbara Sturm,110.0,Skincare
P447782,Glow Drops,Dr. Barbara Sturm,150.0,Skincare
P454935,Mini Glow Drops,Dr. Barbara Sturm,60.0,Skincare
P447781,Face Cream,Dr. Barbara Sturm,225.0,Skincare
P464233,Mini Face Cream,Dr. Barbara Sturm,75.0,Skincare
P447785,Eye Cream,Dr. Barbara Sturm,145.0,Skincare
P449600,The Body Brush,Dr. Barbara Sturm,40.0,Bath & Body
P447783,Cleanser,Dr. Barbara Sturm,75.0,Skincare
P447789,Sun Drops SPF 50,Dr. Barbara Sturm,150.0,Skincare
P448554,Enzyme Cleanser,Dr. Barbara Sturm,75.0,Skincare
P448711,Face Mask,Dr. Barbara Sturm,125.0,Skincare
P447790,Anti-Pollution Drops,Dr. Barbara Sturm,150.0,Skincare
P456997,Night Serum,Dr. Barbara Sturm,310.0,Skincare
P447787,Super Anti-Aging Serum,Dr. Barbara Sturm,370.0,Skincare
P454937,Mini Super Anti-Aging Serum,Dr. Barbara Sturm,130.0,Skincare
P481973,The Better B Niacinamide Serum,Dr. Barbara Sturm,145.0,Skincare
P448715,Balancing Toner,Dr. Barbara Sturm,75.0,Skincare
P469200,The Good C Vitamin C Serum,Dr. Barbara Sturm,145.0,Skincare
P448553,Face Cream Rich,Dr. Barbara Sturm,240.0,Skincare
P448558,Clarifying Face Cream,Dr. Barbara Sturm,225.0,Skincare
P447788,Calming Serum,Dr. Barbara Sturm,255.0,Skincare
P448557,Clarifying Serum,Dr. Barbara Sturm,255.0,Skincare
P448542,Clarifying Mask,Dr. Barbara Sturm,150.0,Skincare
P449601,Face Cream Light,Dr. Barbara Sturm,215.0,Skincare
P454375,Clarifying Acne Spot Treatment,Dr. Barbara Sturm,55.0,Skincare
P448716,Anti-Aging Body Cream,Dr. Barbara Sturm,125.0,Bath & Body
P481414,V Wash,Dr. Barbara Sturm,75.0,Bath & Body
P448548,Darker Skin Tones Hyaluronic Serum,Dr. Barbara Sturm,300.0,Skincare
P481413,V Drops,Dr. Barbara Sturm,100.0,Bath & Body
P448545,Darker Skin Tones Foam Cleanser,Dr. Barbara Sturm,75.0,Skincare
P475926,The SturmGlow Kit,Dr. Barbara Sturm,185.0,Skincare
P448546,Darker Skin Tones Enzyme Cleanser,Dr. Barbara Sturm,75.0,Skincare
P448549,Brightening Serum,Dr. Barbara Sturm,310.0,Skincare
P448544,Darker Skin Tones Face Cream,Dr. Barbara Sturm,225.0,Skincare
P474036,Aloe Vera Gel,Dr. Barbara Sturm,75.0,Skincare
P471017,Super Anti-Aging Face Cream,Dr. Barbara Sturm,360.0,Skincare
P448713,Clarifying Spot Treatment,Dr. Barbara Sturm,55.0,Skincare
P448551,Brightening Face Lotion,Dr. Barbara Sturm,205.0,Skincare
P477150,Super Anti-Aging Eye Cream,Dr. Barbara Sturm,210.0,Skincare
P448550,Brightening Face Cream,Dr. Barbara Sturm,240.0,Skincare
P448547,Darker Skin Tones Face Cream Rich,Dr. Barbara Sturm,240.0,Skincare
P504011,Super Anti-Aging Night Cream,Dr. Barbara Sturm,395.0,Skincare
P139005,pores no more pore refiner primer,Dr. Brandt Skincare,48.0,Makeup
P427397,Hydro Biotic Recovery Sleeping Mask,Dr. Brandt Skincare,54.0,Skincare
P391802,Needles No More Wrinkle Smoothing Cream,Dr. Brandt Skincare,89.0,Skincare
P397310,PoreDermabrasion Pore Perfecting Exfoliator,Dr. Brandt Skincare,59.0,Skincare
P411254,MAGNETIGHT Age-Defier Mask,Dr. Brandt Skincare,75.0,Skincare
P435209,Radiance Resurfacing Foam,Dr. Brandt Skincare,72.0,Skincare
P429662,pores no more Vacuum Cleaner Pore Purifying Mask,Dr. Brandt Skincare,44.0,Skincare
P417002,pores no more Luminizer Primer,Dr. Brandt Skincare,40.0,Makeup
P470217,Liquid Sun Shield Daily Brightening Mineral Sunscreen SPF 50,Dr. Brandt Skincare,67.0,Skincare
P467614,C Scription Vitamin C Brightening Serum,Dr. Brandt Skincare,120.0,Skincare
P383053,Do Not Age with Dr. Brandt Triple Peptide Eye Cream,Dr. Brandt Skincare,82.0,Skincare
P460758,Cool Biotic Prebiotic Redness Relief Cream,Dr. Brandt Skincare,56.0,Skincare
P417625,24/7 Retinol Eye Cream,Dr. Brandt Skincare,58.0,Skincare
P444225,Clean Biotic pH-balanced yogurt cleanser with chlorophyll,Dr. Brandt Skincare,36.0,Skincare
P429661,pores no more Mattifying Hydrator Pore Minimizing Gel,Dr. Brandt Skincare,50.0,Skincare
P383052,Do Not Age with Dr. Brandt Moisturizing Neck Cream,Dr. Brandt Skincare,67.0,Skincare
P383051,Do Not Age with Dr. Brandt Time Defying Cream,Dr. Brandt Skincare,132.0,Skincare
P453822,Dark Spots No More Triple Acid Spot Minimizing Concentrate,Dr. Brandt Skincare,71.0,Skincare
P448710,pores no more Pore Purifying Cleanser,Dr. Brandt Skincare,38.0,Skincare
P502640,Microdermabrasion Renewing Age-Defying Face Exfoliator,Dr. Brandt Skincare,79.0,Skincare
P383054,Do Not Age with Dr. Brandt Transforming Pearl Serum,Dr. Brandt Skincare,152.0,Skincare
P442001,Hyaluronic Facial Cream,Dr. Brandt Skincare,72.0,Skincare
P442263,needles no more 3-D LIP PLUMPFIX,Dr. Brandt Skincare,39.0,Skincare
P440302,needles no more Neck Sculpting Cream,Dr. Brandt Skincare,95.0,Skincare
P476570,Triple Active Retinol Gentle Overnight Renewal Cream,Dr. Brandt Skincare,75.0,Skincare
P435790,Radiance Revitalizing Foam,Dr. Brandt Skincare,65.0,Skincare
P502592,Mini Microdermabrasion Renewing Age-Defying Face Exfoliator,Dr. Brandt Skincare,29.0,Mini Size
P504411,Microdermabrasion Smoothing Lip Scrub,Dr. Brandt Skincare,30.0,Skincare
P500151,Drop of Strength All Day Strengthening Serum,Dr. Brandt Skincare,85.0,Skincare
P460622,25 Years of Dr. Brandt Kit,Dr. Brandt Skincare,165.0,Skincare
P504423,Microdermbrasion Hydrating Body Exfoliator,Dr. Brandt Skincare,50.0,Bath & Body
P269122,Alpha Beta Extra Strength Daily Peel Pads,Dr. Dennis Gross Skincare,92.0,Skincare
P425868,Mini Alpha Beta Extra Strength Daily Peel Pads,Dr. Dennis Gross Skincare,20.0,Mini Size
P447592,Alpha Beta Pore Perfecting & Refining Serum,Dr. Dennis Gross Skincare,68.0,Skincare
P377533,Alpha Beta Universal Daily Peel Pads,Dr. Dennis Gross Skincare,92.0,Skincare
P425869,Mini Alpha Beta Universal Daily Peel Pads,Dr. Dennis Gross Skincare,20.0,Mini Size
P461439,Hyaluronic Marine Makeup Removing Meltaway Cleanser,Dr. Dennis Gross Skincare,32.0,Skincare
P481340,Alpha Beta AHA/BHA Daily Cleansing Gel,Dr. Dennis Gross Skincare,39.0,Skincare
P474825,Advanced Retinol + Ferulic Triple Correction Eye Serum,Dr. Dennis Gross Skincare,71.0,Skincare
P474826,Advanced Retinol + Ferulic Texture Renewal Serum,Dr. Dennis Gross Skincare,76.0,Skincare
P466877,Alpha Beta Exfoliating Body Treatment Peel,Dr. Dennis Gross Skincare,60.0,Bath & Body
P501190,Vitamin C Lactic Dewy Deep Cream,Dr. Dennis Gross Skincare,75.0,Skincare
P474824,Advanced Retinol + Ferulic Overnight Wrinkle Treatment,Dr. Dennis Gross Skincare,87.0,Skincare
P398761,Alpha Beta Ultra Gentle Daily Peel Pads for Sensitive Skin,Dr. Dennis Gross Skincare,20.0,Skincare
P501169,Vitamin C Lactic 15% Firm & Bright Serum,Dr. Dennis Gross Skincare,85.0,Skincare
P501157,Vitamin C Lactic Firm & Bright Eye Treatment,Dr. Dennis Gross Skincare,68.0,Skincare
P427393,Hyaluronic Marine Dew It Right Eye Gel,Dr. Dennis Gross Skincare,55.0,Skincare
P474823,Advanced Retinol + Ferulic Overnight Texture Renewal Peel,Dr. Dennis Gross Skincare,82.0,Skincare
P416755,Hyaluronic Marine Oil-Free Moisture Cushion,Dr. Dennis Gross Skincare,65.0,Skincare
P479313,Advanced Retinol + Ferulic Intense Wrinkle Cream,Dr. Dennis Gross Skincare,77.0,Skincare
P385773,Hyaluronic Marine Hydration Booster,Dr. Dennis Gross Skincare,72.0,Skincare
P413613,Pro Facial Steamer,Dr. Dennis Gross Skincare,159.0,Skincare
P503927,Vitamin C Lactic Biocellulose Brightening Treatment Mask,Dr. Dennis Gross Skincare,12.0,Skincare
P501166,Vitamin C Lactic Oil-Free Radiant Moisturizer,Dr. Dennis Gross Skincare,72.0,Skincare
P481341,Alpha Beta Daily Moisturizer,Dr. Dennis Gross Skincare,72.0,Skincare
P411360,Hyaluronic Marine Hydrating Modeling Mask,Dr. Dennis Gross Skincare,52.0,Skincare
P481975,Alpha Beta Daily Essentials - Universal,Dr. Dennis Gross Skincare,92.0,Skincare
P481339,Alpha Beta Daily Essentials - Extra Strength,Dr. Dennis Gross Skincare,92.0,Skincare
P466878,Mini Alpha Beta Exfoliating Body Treatment Peel,Dr. Dennis Gross Skincare,18.0,Skincare
P481376,Mini Alpha Beta AHA/BHA Daily Cleansing Gel,Dr. Dennis Gross Skincare,15.0,Skincare
P474943,Mini Alpha Beta Ultra Gentle Daily Peel Pads for Sensitive Skin,Dr. Dennis Gross Skincare,20.0,Skincare
P503912,Firm + Bright + Glow Vitamin C Lactic Set,Dr. Dennis Gross Skincare,85.0,Skincare
P503906,DRx SpectraLite LED EyeCare Max Pro,Dr. Dennis Gross Skincare,199.0,Skincare
P471545,DRx SpectraLite BodyWare Pro,Dr. Dennis Gross Skincare,465.0,Skincare
P411540,Cicapair Tiger Grass Color Correcting Treatment SPF 30,Dr. Jart+,52.0,Skincare
P471546,Mini Cicapair Tiger Grass Color Correcting Treatment SPF 30,Dr. Jart+,21.0,Skincare
P411539,Cicapair Tiger Grass Cream,Dr. Jart+,49.0,Skincare
P423259,Cicapair Tiger Grass Serum,Dr. Jart+,52.0,Skincare
P467615,Cicapair Tiger Grass Sleepair Intensive Mask,Dr. Jart+,42.0,Skincare
P448185,Cicapair Tiger Grass Calming Gel Cream,Dr. Jart+,49.0,Skincare
P454019,Teatreement Moisturizer,Dr. Jart+,35.0,Skincare
P501005,Premium BB Tinted Moisturizer with Niacinamide and SPF 40,Dr. Jart+,44.0,Skincare
P442857,Focuspot Micro Tip Patches,Dr. Jart+,20.0,Skincare
P457008,Cryo Rubber Masks,Dr. Jart+,15.0,Skincare
P448184,Cicapair Tiger Grass Calming Mist,Dr. Jart+,25.0,Skincare
P454086,Teatreement Cleansing Foam,Dr. Jart+,29.0,Skincare
P457521,Every Sun Day Mineral Sunscreen SPF 50+,Dr. Jart+,40.0,Skincare
P429250,Cicapair  Tiger Grass Camo Drops Color Corrector SPF 35,Dr. Jart+,48.0,Skincare
P454085,Teatreement Toner,Dr. Jart+,30.0,Skincare
P473828,Ceramidin  Eye Cream with Niacinamide,Dr. Jart+,40.0,Skincare
P429529,Sheet Masks,Dr. Jart+,7.0,Skincare
P479632,Pore Remedy PHA Exfoliating Serum,Dr. Jart+,45.0,Skincare
P504007,Ceramidin Skin Barrier Moisturizing Cream,Dr. Jart+,48.0,Skincare
P504042,Ceramidin Skin Barrier Moisturizing Mask,Dr. Jart+,9.0,Skincare
P504001,Ceramidin Skin Barrier Serum Toner,Dr. Jart+,39.0,Skincare
P504064,Ceramidin Cream-Infused Mask,Dr. Jart+,15.0,Skincare
P457522,Every Sun Day Sun Fluid SPF 50+,Dr. Jart+,42.0,Skincare
P397624,Dermask Micro Jet Clearing Solution,Dr. Jart+,9.0,Skincare
P479633,Pore Remedy Purifying Mud Mask,Dr. Jart+,9.0,Skincare
P397623,Dermask Water Jet Vital Hydra Solution,Dr. Jart+,7.0,Skincare
P481700,Cicapair Redness Rescue Kit,Dr. Jart+,39.0,Skincare
P397622,Dermask Water Jet Soothing Hydra Solution,Dr. Jart+,7.0,Skincare
P442854,Focuspot Dark Spot Micro Tip Patch,Dr. Jart+,20.0,Skincare
P501031,Pore Remedy 5% Multi-Acid Radiance Peel,Dr. Jart+,40.0,Skincare
P457523,BB Dis-A-Pore Broad Spectrum SPF 50+ Sunscreen,Dr. Jart+,39.0,Makeup
P442853,Focuspot Blemish Micro Tip Patch,Dr. Jart+,20.0,Skincare
P462860,Ceramidin Body Lotion,Dr. Jart+,28.0,Bath & Body
P397625,Dermask Micro Jet Brightening Solution,Dr. Jart+,9.0,Skincare
P433884,Dermask Ultra Jet Peeling Solution,Dr. Jart+,9.0,Skincare
P397626,Dermask Intra Jet Wrinkless Solution,Dr. Jart+,9.0,Skincare
P397627,Dermask Intra Jet Firming Solution,Dr. Jart+,9.0,Skincare
P481699,Cicapair Tiger Grass Calming Serum Mask,Dr. Jart+,9.0,Skincare
P457011,Cryo Rubber Mask with Firming Collagen,Dr. Jart+,15.0,Skincare
P457012,Cryo Rubber Mask with Brightening Vitamin C,Dr. Jart+,15.0,Skincare
P457010,Cryo Rubber Mask with Soothing Allantoin,Dr. Jart+,15.0,Skincare
P457009,Cryo Rubber Mask with Moisturizing Hyaluronic Acid,Dr. Jart+,15.0,Skincare
P459127,Platinum Lip Plump SPF 30,Dr. Lara Devgan Scientific Beauty,50.0,Skincare
P459130,Hyaluronic Serum,Dr. Lara Devgan Scientific Beauty,245.0,Skincare
P459128,Vitamin C+B+E Ferulic Serum,Dr. Lara Devgan Scientific Beauty,145.0,Skincare
P459129,Peptide Eye Cream,Dr. Lara Devgan Scientific Beauty,215.0,Skincare
P459126,Platinum Long Lash Serum,Dr. Lara Devgan Scientific Beauty,150.0,Makeup
P469121,Microdermabrasion Scrub,Dr. Lara Devgan Scientific Beauty,65.0,Skincare
P476849,Platinum Lip Plump,Dr. Lara Devgan Scientific Beauty,50.0,Makeup
P475930,Extreme Lengthening Mascara,Dr. Lara Devgan Scientific Beauty,40.0,Makeup
P480441,Retinol + Bakuchiol Serum 2.5x,Dr. Lara Devgan Scientific Beauty,300.0,Skincare
P480440,Advanced Revitalizing Cleanser,Dr. Lara Devgan Scientific Beauty,65.0,Skincare
P464238,Peptide + Ceramide Repairing Moisturizer,Dr. Zenovia Skincare,79.0,Skincare
P464243,10% Benzoyl Peroxide Acne Cleanser,Dr. Zenovia Skincare,30.0,Skincare
P464239,Aloe Vera Blemish Soothing Moisturizer,Dr. Zenovia Skincare,38.0,Skincare
P464245,Bakuchiol Hydrating Cleanser,Dr. Zenovia Skincare,42.0,Skincare
P467617,Clear Complexion Acne Solutions System,Dr. Zenovia Skincare,35.0,Skincare
P464241,5% Benzoyl Peroxide Acne Spot Treatment,Dr. Zenovia Skincare,25.0,Skincare
P464234,Advanced Retinol Night Repair Treatment,Dr. Zenovia Skincare,72.0,Skincare
P464235,Inflam-Aging Night Repair Treatment,Dr. Zenovia Skincare,72.0,Skincare
P483128,Scar Gel Treatment,Dr. Zenovia Skincare,48.0,Skincare
P464242,Hyaluronic Acid + Peptide Serum,Dr. Zenovia Skincare,72.0,Skincare
P464244,Vitamin C Brightening Toner,Dr. Zenovia Skincare,38.0,Skincare
P464240,10% Glycolic Acne Control Peel Pads,Dr. Zenovia Skincare,42.0,Skincare
P464237,Retinol Recovery Eye Cream,Dr. Zenovia Skincare,64.0,Skincare
P427421,Protini Polypeptide Firming Refillable Moisturizer,Drunk Elephant,68.0,Skincare
P392246,T.L.C. Framboos Glycolic Resurfacing Night Serum,Drunk Elephant,90.0,Skincare
P426836,Beste No. 9 Jelly Cleanser,Drunk Elephant,34.0,Skincare
P406712,B-Hydra Intensive Hydration Serum with Hyaluronic Acid,Drunk Elephant,49.0,Skincare
P415777,T.L.C. Sukari Babyfacial AHA + BHA Mask,Drunk Elephant,80.0,Skincare
P432668,D-Bronzi Anti-Pollution Bronzing Drops with Peptides,Drunk Elephant,38.0,Skincare
P446938,Lala Retro Whipped Refillable Moisturizer with Ceramides,Drunk Elephant,62.0,Skincare
P403818,Lippe Balm,Drunk Elephant,18.0,Skincare
P392245,Virgin Marula Luxury Face Oil,Drunk Elephant,68.0,Skincare
P400259,C-Firma Fresh Vitamin-C Day Serum,Drunk Elephant,78.0,Skincare
P442566,Slaai  Makeup-Melting Butter Cleanser,Drunk Elephant,36.0,Skincare
P429515,C-Tango Vitamin C Eye Cream,Drunk Elephant,64.0,Skincare
P419222,Umbra Sheer Physical Daily Defense SPF 30,Drunk Elephant,34.0,Skincare
P439926,A-Passioni Retinol Cream,Drunk Elephant,74.0,Skincare
P454120,F-Balm Electrolyte Waterfacial Mask,Drunk Elephant,54.0,Skincare
P419223,Shaba Complex Firming Eye Serum,Drunk Elephant,60.0,Skincare
P460515,E-Rase Milki Micellar Water,Drunk Elephant,14.0,Skincare
P462347,E-Rase Milki Micellar Water Mini,Drunk Elephant,14.0,Skincare
P419221,Umbra Tinte Physical Daily Defense SPF 30,Drunk Elephant,36.0,Skincare
P470024,Protini Powerpeptide Resurfacing Serum with Lactic Acid,Drunk Elephant,82.0,Skincare
P466117,Sweet Biome Fermented Sake Hydrating Spray,Drunk Elephant,42.0,Skincare
P405584,Baby Pekee Bar + Juju Bar Travel Duo,Drunk Elephant,16.0,Skincare
P457687,Sili Body Lotion,Drunk Elephant,24.0,Bath & Body
P457205,T.L.C. Happi Scalp Scrub,Drunk Elephant,38.0,Hair
P457685,Sweet Pitti Deodorant Cream,Drunk Elephant,16.0,Bath & Body
P476671,T.L.C Glycolic Body Lotion,Drunk Elephant,28.0,Bath & Body
P477985,A-Gloei Retinol Oil,Drunk Elephant,72.0,Skincare
P392248,Pekee Cleansing Bar,Drunk Elephant,28.0,Skincare
P501028,Ceramighty  AF Eye Cream with Ceramides,Drunk Elephant,60.0,Skincare
P503693,Bouncy Brightfacial Brightening Mask with 10% Azelaic Acid + 1% Salicylic Acid,Drunk Elephant,68.0,Skincare
P457202,Cocomino Glossing Shampoo,Drunk Elephant,27.0,Hair
P475535,T.L.C. Sukari Babyfacial AHA + BHA Mask Mini,Drunk Elephant,28.0,Mini Size
P457204,Wild Marula Tangle Spray,Drunk Elephant,27.0,Hair
P392249,JuJu Exfoliating Bar,Drunk Elephant,28.0,Skincare
P457686,Kamili Cream Body Cleanser,Drunk Elephant,22.0,Bath & Body
P472160,Sugared Koffie Almond Milk Body Scrub,Drunk Elephant,32.0,Bath & Body
P457203,Cocomino Marula Cream Conditioner,Drunk Elephant,27.0,Hair
P424378,Mini Virgin Marula LuxuryFace Oil,Drunk Elephant,38.0,Skincare
P465752,Mini Protini Polypeptide Moisturizer,Drunk Elephant,22.0,Skincare
P473304,O-Bloos Rosi Glow Drops,Drunk Elephant,38.0,Skincare
P440658,Baby Bar Travel Duo with Case,Drunk Elephant,22.0,Skincare
P471761,Call It A Night Glycolic Serum + Moisturizer duo,Drunk Elephant,28.0,Skincare
P450947,Mini A-Passioni Retinol Cream,Drunk Elephant,28.0,Skincare
P482669,Wonderwild Miracle Butter,Drunk Elephant,38.0,Bath & Body
P500601,Sili Whipped Body Lotion,Drunk Elephant,30.0,Bath & Body
P500617,Scrubbi Bamboes  Body Cleanser,Drunk Elephant,24.0,Bath & Body
P500600,Silkamino  Mega-Moisturizing Shampoo,Drunk Elephant,27.0,Hair
P502964,Mini A-Gloei Retinol Oil,Drunk Elephant,40.0,Mini Size
P503159,Mini Wonderwild Miracle Butter,Drunk Elephant,18.0,Mini Size
P471547,Mini Beste No. 9 Jelly Cleanser,Drunk Elephant,16.0,Skincare
P500605,Silkamino  Mega-Moisturizing Masker,Drunk Elephant,30.0,Hair
P500603,Silkamino Conditioning Leave-In Milk,Drunk Elephant,32.0,Hair
P503294,Day Dream Vitamin C + Hydration Serum Duo 2.0,Drunk Elephant,26.0,Skincare
P501591,The Littles Skincare Travel Set,Drunk Elephant,74.0,Skincare
P500983,"Anytime, Anyface Lactic Acid Serum + Protini Moisturizer Duo",Drunk Elephant,28.0,Skincare
P505120,Early Bird Hydrate + Brighten Set,Drunk Elephant,54.0,Skincare
P378169,Detox Dry Shampoo,Drybar,39.0,Hair
P388515,Triple Sec 3-in-1 Texturizing Finishing Spray,Drybar,29.0,Hair
P378162,Hold Me Hair Clips,Drybar,19.0,Hair
P453282,The Double Shot Blow-Dryer Brush,Drybar,155.0,Hair
P388516,High Tops Self-Grip Rollers,Drybar,12.0,Hair
P411585,Prep Rally Prime & Prep Detangler,Drybar,26.0,Hair
P434224,Hot Toddy Heat Protectant Mist,Drybar,29.0,Hair
P378161,Buttercup Blow-Dryer,Drybar,199.0,Hair
P420600,Super Lemon Drop,Drybar,20.0,Hair
P434223,The Brush Crush Heated Straightening Brush,Drybar,149.0,Hair
P462678,Liquid Glass Miracle Smoothing Sealant,Drybar,34.0,Hair
P399335,Blonde Ale Brightening Shampoo,Drybar,29.0,Hair
P401605,The Tress Press Digital Styling Iron,Drybar,169.0,Hair
P378166,Full Pint Medium Round Brush,Drybar,40.0,Hair
P467618,The Single Shot Blow-Dryer Brush,Drybar,155.0,Hair
P429547,Texas Tease Teasing Brush,Drybar,18.0,Hair
P463035,The Mixologist Interchangeable Styling Iron,Drybar,199.0,Hair
P382289,"The 3-Day Bender 1.25"" Digital Curling Iron",Drybar,149.0,Hair
P378163,The Morning After Shower Cap,Drybar,16.0,Hair
P479950,Liquid Glass Instant Glossing Rinse,Drybar,34.0,Hair
P378171,Southern Belle Volume-Boosting Mousse,Drybar,29.0,Hair
P422243,On The Rocks Clarifying Charcoal Shampoo,Drybar,26.0,Hair
P409921,Baby Buttercup Blow-Dryer,Drybar,139.0,Hair
P395399,Sparkling Soda Shine Mist,Drybar,29.0,Hair
P448866,Jump Start Quick Dry Blowout Serum,Drybar,29.0,Hair
P422603,The Wrap Party Styling Wand,Drybar,169.0,Hair
P417004,The Bouncer Diffuser,Drybar,34.0,Hair
P440278,Mini Prep Rally Prime & Prep Detangler,Drybar,14.0,Hair
P448441,The Baby Brush Crush Mini Heated Straightening Brush,Drybar,59.0,Hair
P414092,Lil’ Lemon Drop Daily Detangler,Drybar,12.0,Hair
P399336,Blonde Ale Brightening Conditioner,Drybar,29.0,Hair
P378165,"The 3-Day Bender 1"" Barrel Digital Curling Iron",Drybar,149.0,Hair
P378170,Money Maker Flexible Hold Hairspray,Drybar,27.0,Hair
P426202,Mini Triple Sec 3-in-1,Drybar,14.0,Mini Size
P378167,Half Pint Small Round Brush,Drybar,36.0,Hair
P395398,Double Pint Large Round Ceramic Brush,Drybar,42.0,Hair
P454055,Liquid Glass Smoothing Conditioner,Drybar,29.0,Hair
P479951,Liquid Glass Moisture-Rich Miracle Smoothing Sealant,Drybar,34.0,Hair
P454054,Liquid Glass Smoothing Shampoo,Drybar,29.0,Hair
P429007,Southern Belle Volume-Boosting Root Lifter,Drybar,29.0,Hair
P428060,Mini Detox Dry Shampoo,Drybar,14.0,Mini Size
P480442,Reserve 3-in-1 Interchangeable Blow-Dryer,Drybar,349.0,Hair
P422244,On The Rocks Lightweight Conditioner,Drybar,26.0,Hair
P441828,Flat Mate Boar Bristle Brush,Drybar,85.0,Hair
P454752,The Lemon Bar Paddle Brush,Drybar,32.0,Hair
P384469,Detox Dry Shampoo For Brunettes,Drybar,26.0,Hair
P467114,Mini Hot Toddy Heat Protectant Mist,Drybar,14.0,Hair
P443757,Detox Clear Invisible Dry Shampoo,Drybar,26.0,Hair
P501727,The Half Shot Small Round Blow Dryer Brush,Drybar,155.0,Hair
P440678,On the Rocks Charcoal Scalp Scrub,Drybar,32.0,Hair
P457238,Blonde Ale Color-Enhancing Brightening Hair Mask,Drybar,35.0,Hair
P501734,The Straight Shot Blow Drying Flat Iron,Drybar,179.0,Hair
P501758,Agua Fresca Leave-In Conditioning Milk,Drybar,28.0,Hair
P475092,Drybar Reserve Vibrating Flat Iron,Drybar,190.0,Hair
P449576,The Tress Press Straightening Iron 1.25 Inch,Drybar,169.0,Hair
P461443,Seashore Spritzer Wave Spray,Drybar,27.0,Hair
P476852,Gin Twist Leave-In Conditioning Styler,Drybar,28.0,Hair
P475093,Cure Liqueur Restorative Pre-Shampoo Treatment Oil,Drybar,35.0,Hair
P475094,Cure Liqueur Strengthening Shampoo,Drybar,32.0,Hair
P469466,Reserve Blow-Dryer,Drybar,285.0,Hair
P472465,One-Two Punch Water-Activated 2-in-1 Hair Wash,Drybar,23.0,Hair
P475095,Cure Liqueur Strengthening Conditioner,Drybar,32.0,Hair
P501799,Agua Fresca Hydrating Shampoo,Drybar,29.0,Hair
P501786,Agua Fresca Hydrating Conditioner,Drybar,29.0,Hair
P469838,Full Keg Boar Bristle Brush,Drybar,85.0,Hair
P476853,Gin Twist Edge Control Gelée,Drybar,26.0,Hair
P504589,Crown Tonic Pre-Shampoo Scalp Balancing Cleanser,Drybar,36.0,Hair
P476850,Gin Twist Curl-Quenching Shampoo,Drybar,26.0,Hair
P476851,Gin Twist Curl-Quenching Conditioner,Drybar,26.0,Hair
P504608,Detox Gentle Dry Shampoo Sensitive Scalp,Drybar,28.0,Hair
P505044,The Half Shot Small Round Blow Dryer Brush Value Set,Drybar,155.0,Hair
P465753,Detox Dry Shampoo,Drybar,39.0,Hair
P387891,Brush On Adhesive,DUO,9.0,Makeup
P475932,Milk Marvel Dark Spot Serum with Niacinamide and Vitamin C,EADEM,68.0,Skincare
P481701,Cloud Cushion Plush Moisturizer with Ceramides + Peptides,EADEM,58.0,Skincare
P501421,Dew Dream- Hydrating Makeup Removing Cleansing Balm with Tiger Grass,EADEM,30.0,Skincare
P416049,Cap D’Antibes,Eight & Bob,175.0,Fragrance
P412047,MYTH Eau de Parfum,Ellis Brooklyn,108.0,Fragrance
P482527,Scent DIARY Fragrance Discovery Set,Ellis Brooklyn,32.0,Fragrance
P457892,SALT Eau de Parfum,Ellis Brooklyn,108.0,Fragrance
P482673,SUN FRUIT Eau de Parfum Travel Spray,Ellis Brooklyn,32.0,Fragrance
P471021,BEE Eau de Parfum Travel Spray,Ellis Brooklyn,32.0,Fragrance
P457894,SALT Eau de Parfum Travel Spray,Ellis Brooklyn,32.0,Mini Size
P482672,SUN FRUIT Eau de Parfum,Ellis Brooklyn,108.0,Fragrance
P471020,BEE Eau de Parfum,Ellis Brooklyn,108.0,Fragrance
P457891,SWEET Eau de Parfum,Ellis Brooklyn,108.0,Fragrance
P502030,VANILLA MILK Eau de Parfum Travel Spray,Ellis Brooklyn,32.0,Fragrance
P501984,VANILLA MILK Eau de Parfum,Ellis Brooklyn,108.0,Fragrance
P412046,RROSE Eau de Parfum,Ellis Brooklyn,108.0,Fragrance
P457893,SWEET Eau de Parfum Travel Spray,Ellis Brooklyn,32.0,Mini Size
P475934,SUPER AMBER Eau de Parfum Travel Spray,Ellis Brooklyn,32.0,Fragrance
P470525,SALT or SWEET Perfume Gift Set,Ellis Brooklyn,40.0,Fragrance
P431155,MYTH Eau de Parfum Travel Spray,Ellis Brooklyn,32.0,Fragrance
P479315,APRÈS Eau de Parfum Travel Spray,Ellis Brooklyn,32.0,Fragrance
P421215,SCI FI Eau de Parfum,Ellis Brooklyn,108.0,Fragrance
P475933,SUPER AMBER Eau de Parfum,Ellis Brooklyn,108.0,Fragrance
P444199,WEST Eau de Parfum,Ellis Brooklyn,108.0,Fragrance
P441730,SCI FI Eau de Parfum Travel Spray,Ellis Brooklyn,32.0,Fragrance
P479314,APRÈS Eau de Parfum,Ellis Brooklyn,108.0,Fragrance
P473306,MYTH Spectacular Scented Body Oil,Ellis Brooklyn,65.0,Bath & Body
P444417,Marvelous CBD Massage and Body Oil,Ellis Brooklyn,65.0,Bath & Body
P476672,Fully Booked Rollerball Perfume Gift set,Ellis Brooklyn,48.0,Fragrance
P449551,WEST Eau de Parfum Travel Spray,Ellis Brooklyn,32.0,Fragrance
P501769,Ellis Brooklyn BOOKLET Perfume Discovery Set,Ellis Brooklyn,21.0,Fragrance
P500158,SALT Soothing Scented Body Oil,Ellis Brooklyn,70.0,Bath & Body
P454971,Marvelous CBD Massage & Body Oil Rollerball,Ellis Brooklyn,30.0,Bath & Body
P501447,APRÈS Essentials Gift Set,Ellis Brooklyn,105.0,Fragrance
P501348,MYTH Maker Gift Set,Ellis Brooklyn,105.0,Fragrance
P418546,RIVES Eau de Parfum,Ellis Brooklyn,105.0,Fragrance
P463287,ISO GAMMA SUPER Eau de Parfum Travel Spray,Ellis Brooklyn,32.0,Fragrance
P453911,ISO GAMMA SUPER Eau de Parfum,Ellis Brooklyn,100.0,Fragrance
P461158,Marvelous CBD Extra Rich Body Lotion Cream,Ellis Brooklyn,125.0,Bath & Body
P505218,FLORIST Eau de Parfum,Ellis Brooklyn,108.0,Fragrance
P505235,FLORIST Eau de Parfum Travel Spray,Ellis Brooklyn,32.0,Fragrance
P431156,RROSE Eau de Parfum Travel Spray,Ellis Brooklyn,32.0,Fragrance
P478260,Break from the Burnout Skin Wellness Set,Erno Laszlo,75.0,Skincare
P478270,Big Break Soap Set,Erno Laszlo,50.0,Skincare
P478269,Rising Star Sleep Travel Set,Erno Laszlo,75.0,Skincare
P378284,Double Wear Stay-in-Place Foundation,Estée Lauder,48.0,Makeup
P479839,Revitalizing Supreme+ Youth Power Creme Moisturizer,Estée Lauder,98.0,Skincare
P481084,Mini Revitalizing Supreme+ Youth Power Creme Moisturizer,Estée Lauder,64.0,Skincare
P461159,Estee Lauder Advanced Night Repair Synchronized Multi-Recovery Complex Serum,Estée Lauder,115.0,Skincare
P461160,Mini Advanced Night Repair Synchronized Multi-Recovery Complex,Estée Lauder,19.0,Skincare
P461933,Advanced Night Repair Synchronized Multi-Recovery Complex Duo,Estée Lauder,195.0,Skincare
P500701,Advanced Night Repair Eye Gel-Cream,Estée Lauder,72.0,Skincare
P473820,Advanced Night Repair Eye Concentrate Matrix Synchronized Multi-Recovery Complex,Estée Lauder,82.0,Skincare
P454063,Futurist Hydra Rescue Moisturizing Foundation SPF 45,Estée Lauder,50.0,Makeup
P379951,Double Wear Stay-In-Place Flawless Wear Concealer,Estée Lauder,32.0,Makeup
P501176,Soft Clean Infusion Hydrating Treatment Lotion,Estée Lauder,42.0,Skincare
P475536,Double Wear Sheer Long-Wear Makeup SPF 19,Estée Lauder,48.0,Makeup
P441306,Double Wear Stay-in-Place Matte Refillable Powder Foundation,Estée Lauder,48.0,Makeup
P427045,Double Wear Foundation Pump,Estée Lauder,12.0,Makeup
P380000,"DayWear Advanced Multi-Protection Anti-Oxidant Moisturizer, Normal/Combination",Estée Lauder,36.0,Skincare
P384114,Double Wear Zero-Smudge Lengthening Mascara,Estée Lauder,30.0,Makeup
P482529,Micro Essence Treatment Lotion with Bio-Ferment,Estée Lauder,130.0,Skincare
P422280,The Mattifier Shine Control Perfecting Primer + Finisher,Estée Lauder,40.0,Makeup
P379945,Sumptuous Extreme Lash Multiplying Volume Mascara,Estée Lauder,30.0,Makeup
P380027,Perfectly Clean Multi-Action Foam Cleanser/Purifying Mask,Estée Lauder,30.0,Skincare
P379995,Perfectionist CP+R Wrinkle Lifting/Firming Serum,Estée Lauder,120.0,Skincare
P460732,Futurist Aqua Brilliance Watery Glow Primer,Estée Lauder,44.0,Makeup
P406529,Advanced Night Micro Cleansing Balm,Estée Lauder,48.0,Skincare
P422648,DayWear Matte Oil-Control Anti-Oxidant Moisturizer Gel Creme,Estée Lauder,59.0,Skincare
P399934,NightWear Plus Anti-Oxidant Night Detox Moisturizer Creme,Estée Lauder,63.0,Skincare
P392892,Nutritious Super-Pomegranate Radiant Energy Moisturizer Creme,Estée Lauder,70.0,Skincare
P446908,Advanced Night Repair Treatment Intense Reset Concentrate,Estée Lauder,92.0,Skincare
P380030,Perfectly Clean Multi-Action Toning Lotion/Refiner,Estée Lauder,30.0,Skincare
P422649,Resilience Multi-Effect Night Tri-Peptide Face and Neck Moisturizer Creme,Estée Lauder,110.0,Skincare
P408273,Advanced Night Micro Cleansing Foam,Estée Lauder,33.0,Skincare
P405032,Micro Essence Infusion Mask,Estée Lauder,75.0,Skincare
P454939,Perfectionist Pro Rapid Brightening Serum with Ferment² + Vitamin C,Estée Lauder,86.0,Skincare
P380001,"DayWear Advanced Multi-Protection Anti-Oxidant Creme, Dry",Estée Lauder,59.0,Skincare
P392891,Nutritious Super-Pomegranate Radiant Energy Night Moisturizer Creme/Mask,Estée Lauder,74.0,Skincare
P379947,Gentle Eye Makeup Remover,Estée Lauder,24.0,Makeup
P417359,Advanced Night Repair Concentrated Eye Treatment Mask,Estée Lauder,42.0,Skincare
P427513,Perfectionist Pro Rapid Firm + Lift Treatment,Estée Lauder,86.0,Skincare
P482263,Double Wear Stay-in-Place Matte Powder Foundation Refill,Estée Lauder,36.0,Makeup
P446102,"Mini DayWear Advanced Multi-Protection Anti-Oxidant Creme, Normal/Combination",Estée Lauder,36.0,Skincare
P427640,DayWear Eye Cooling Anti-Oxidant Moisture GelCreme,Estée Lauder,46.0,Skincare
P481081,Revitalizing Supreme+ Night Intensive Restorative Crème,Estée Lauder,102.0,Skincare
P481082,Revitalizing Supreme+ Youth Power Eye Balm,Estée Lauder,76.0,Skincare
P501153,Major Eye Impact Repair + Brighten Skincare Set,Estée Lauder,72.0,Skincare
P481397,Revitalizing Supreme+ Bright Soft Creme Moisturizer,Estée Lauder,98.0,Skincare
P505174,Soft Clean Moisture Rich Foaming Cleanser,Estée Lauder,26.0,Skincare
P504017,Nighttime Necessities Repair + Lift + Hydrate,Estée Lauder,115.0,Skincare
P418861,The Mattifier Shine Control Perfecting Primer + Finisher,Estée Lauder,40.0,Makeup
P230538,Brumisateur Natural Mineral Water Facial Spray Travel Duo,Evian,17.0,Skincare
P2043,Brumisateur Natural Mineral Water Facial Spray,Evian,14.0,Skincare
P2046,Brumisateur Natural Mineral Water Facial Spray Travel Trio,Evian,23.5,Skincare
P456953,HoliRoots Pre-wash Hair Treatment Oil,Fable & Mane,36.0,Hair
P474945,Mini HoliRoots Pre-wash Hair Treatment Oil,Fable & Mane,16.0,Mini Size
P456950,HoliRoots Repairing Hair Mask,Fable & Mane,34.0,Hair
P475935,SahaScalp Amla Soothing Serum,Fable & Mane,36.0,Hair
P456952,HoliRoots Hydrating Shampoo,Fable & Mane,30.0,Hair
P477816,SahaScalp Wild Ginger Purifying Scrub,Fable & Mane,34.0,Hair
P456951,HoliRoots Hydrating Conditioner,Fable & Mane,30.0,Hair
P504117,MahaMane Smooth & Shine Hair Oil,Fable & Mane,38.0,Hair
P484042,HoliRoots Hibiscus Hydrating Hair Oil Mist,Fable & Mane,29.0,Hair
P480443,HoliRoots Good Karma Hair Set,Fable & Mane,36.0,Hair
P476673,Scalp Massager Comb,Fable & Mane,15.0,Tools & Brushes
P501424,SahaScalp Hydrating Cooling Scalp Mud Mask,Fable & Mane,34.0,Hair
P504601,SahaScalp Scalp Reset Kit,Fable & Mane,32.0,Hair
P476683,Full Face Sculpt Kit - 14-Day Challenge,FaceGym,75.0,Skincare
P482675,Active Blast Concentrated Collagen Daily Treatment,FaceGym,65.0,Skincare
P476679,Multi-Sculpt High-Performance Gua Sha,FaceGym,65.0,Skincare
P481086,Liftwear Brightening Vitamin C Gel-Cream,FaceGym,60.0,Skincare
P476678,Face Coach Lifting Squalane Face Oil,FaceGym,70.0,Skincare
P476674,Electro-Lite Enzyme Brightening Gel Cleanser,FaceGym,38.0,Skincare
P476675,Hydro-Bound Hyaluronic Acid + Niacinamide Serum,FaceGym,68.0,Skincare
P500705,Skin Changer Succinic Acid Essence-Toner,FaceGym,48.0,Skincare
P501017,Brightening Active Roller with Vitamin C,FaceGym,70.0,Skincare
P476676,Youth Reformer Firming Vitamin C Oil Serum,FaceGym,110.0,Skincare
P476680,Face Ball Tension Release Tool,FaceGym,35.0,Skincare
P501004,Youthful Active Roller with Niacinamide,FaceGym,70.0,Skincare
P480300,Faceshot Electric Microneedling Device + Vitamin Ampoules,FaceGym,275.0,Skincare
P476681,Hyaluronic Acid Roller Dissolving Microneedling Tool,FaceGym,95.0,Skincare
P501024,Hydrating Active Roller with Hyaluronic Acid,FaceGym,70.0,Skincare
P476677,Supreme Restructure Collagen-Boosting Cermide Cream,FaceGym,120.0,Skincare
P481085,Faceshot Vitamin Ampoules Refill,FaceGym,90.0,Skincare
P505171,Acne Light Shot,FaceGym,90.0,Skincare
P505172,Acne Light Shot Strips,FaceGym,17.0,Skincare
P417238,Green Clean Makeup Removing Cleansing Balm,Farmacy,36.0,Skincare
P450271,Green Clean Makeup Meltaway Cleansing Balm Limited Edition Jumbo,Farmacy,60.0,Skincare
P434548,Honeymoon Glow AHA Resurfacing Night Serum,Farmacy,60.0,Skincare
P458209,Daily Greens Oil-Free Gel Moisturizer with Moringa and Papaya,Farmacy,42.0,Skincare
P463036,Honey Halo Ultra-Hydrating Ceramide Moisturizer,Farmacy,48.0,Skincare
P471025,FILLING GOOD hyaluronic acid plumping serum,Farmacy,48.0,Skincare
P479318,10% Niacinamide Night Mask,Farmacy,44.0,Skincare
P431187,Clean Bee Ultra Gentle Facial Cleanser,Farmacy,28.0,Skincare
P428416,Honey Butter Beeswax Lip Balm,Farmacy,12.0,Skincare
P482676,10% Waterless Vitamin C Serum,Farmacy,50.0,Skincare
P459141,Deep Sweep 2% BHA Pore Cleaning Toner with Moringa + Papaya,Farmacy,32.0,Skincare
P480301,Mini Deep Sweep 2% BHA Pore Cleaning Toner with Moringa + Papaya,Farmacy,16.0,Skincare
P433616,Mini Green Clean Makeup Meltaway Cleansing Balm,Farmacy,24.0,Mini Size
P477157,Clearly Clean Makeup Removing Cleansing Balm,Farmacy,36.0,Skincare
P503879,Wake Up Honey Eye Cream with Brightening Vitamin C,Farmacy,45.0,Skincare
P414293,Honey Savior All-in-One Skin Repair Salve,Farmacy,34.0,Skincare
P466661,Whipped Greens Oil-Free Foaming Cleanser with Moringa and Papaya,Farmacy,28.0,Skincare
P500288,1% Vitamin A Retinol Serum,Farmacy,60.0,Skincare
P473307,Honeymoon Glow Body 12% AHA/BHA Bump-Smoothing Night Serum,Farmacy,40.0,Bath & Body
P444226,Honey Grail Ultra-Hydrating Face Oil,Farmacy,48.0,Skincare
P449188,Green Defense Daily Mineral Sunscreen SPF 30,Farmacy,36.0,Skincare
P450942,Honey Body Butter Ultra-Hydrating Body Cream,Farmacy,35.0,Bath & Body
P480302,Mini Clearly Clean Makeup Removing Cleansing Balm,Farmacy,24.0,Mini Size
P475540,Honey Halo Moisturizer Jumbo,Farmacy,74.0,Skincare
P480165,Healthy Skin Starter Kit,Farmacy,42.0,Skincare
P504022,Mini 10% Niacinamide Night Mask,Farmacy,26.0,Mini Size
P480444,Honey Potion Plus Ceramide Hydration Mask,Farmacy,60.0,Skincare
P504003,Mini Whipped Greens Oil-Free Foaming Cleanser with Moringa and Papaya,Farmacy,12.0,Mini Size
P503997,"Cleanse + Treat Duo Nighttime Routine for Clean, Smooth Skin",Farmacy,46.0,Skincare
P504614,Brighten Up 3% TXA Dark Spot Toner with Azelaic Acid,Farmacy,34.0,Skincare
P476493,Iconic Lipstick,Fashion Fair,28.0,Makeup
P476444,Crème to Powder Skin Foundation,Fashion Fair,39.0,Makeup
P476556,SkinFlex Stick Foundation,Fashion Fair,39.0,Makeup
P476550,Set It Loose Setting Powder,Fashion Fair,35.0,Makeup
P476494,Iconic Pressed Setting Powder,Fashion Fair,35.0,Makeup
P503002,Lush Blush Duo,Fashion Fair,39.0,Makeup
P476456,Fabulous Face Priming Serum,Fashion Fair,39.0,Makeup
P502223,Lip Teasers Lip Gloss,Fashion Fair,27.0,Makeup
P503003,Luxe Highlighter Duo,Fashion Fair,39.0,Makeup
P67988453,Gloss Bomb Universal Lip Luminizer,Fenty Beauty by Rihanna,21.0,Makeup
P87985432,Pro Filt’r Soft Matte Longwear Liquid Foundation,Fenty Beauty by Rihanna,40.0,Makeup
P39787544,Stunna Lip Paint Longwear Fluid Lip Color,Fenty Beauty by Rihanna,28.0,Makeup
P18975403,Match Stix Matte Contour Skinstick,Fenty Beauty by Rihanna,32.0,Makeup
P64879845,Killawatt Freestyle Highlighter,Fenty Beauty by Rihanna,40.0,Makeup
P470025,Eaze Drop Blurring Skin Tint,Fenty Beauty by Rihanna,35.0,Makeup
P85225585,Diamond Bomb All-Over Diamond Veil,Fenty Beauty by Rihanna,42.0,Makeup
P19700127,Cheeks Out Freestyle Cream Blush,Fenty Beauty by Rihanna,24.0,Makeup
P88779809,Pro Filt’r Instant Retouch Longwear Liquid Concealer,Fenty Beauty by Rihanna,30.0,Makeup
P73124556,Match Stix Shimmer Skinstick,Fenty Beauty by Rihanna,32.0,Makeup
P473708,Gloss Bomb Heat Universal Lip Luminizer + Plumper,Fenty Beauty by Rihanna,26.0,Makeup
P55978864,Sun Stalk'r Instant Warmth Bronzer,Fenty Beauty by Rihanna,35.0,Makeup
P465757,Gloss Bomb Cream Color Drip Lip Cream,Fenty Beauty by Rihanna,22.0,Makeup
P45433019,Snap Shadows Mix & Match Eyeshadow Palette,Fenty Beauty by Rihanna,30.0,Makeup
P88779810,Pro Filt'r Instant Retouch Setting Powder,Fenty Beauty by Rihanna,36.0,Makeup
P448702,Pro Filt'r Hydrating Longwear Foundation,Fenty Beauty by Rihanna,36.0,Makeup
P39784685,Invisimatte Instant Setting + Blotting Powder,Fenty Beauty by Rihanna,36.0,Makeup
P04546871,Body Lava Body Luminizer,Fenty Beauty by Rihanna,59.0,Bath & Body
P04897543,Pro Filt'r Instant Retouch Primer,Fenty Beauty by Rihanna,36.0,Makeup
P67339785,Slip Shine Sheer Shiny Lipstick,Fenty Beauty by Rihanna,26.0,Makeup
P31870457,Cheeks Out Freestyle Cream Bronzer,Fenty Beauty by Rihanna,35.0,Makeup
P443790,Mini Pro Filt’r Instant Retouch Setting Powder,Fenty Beauty by Rihanna,22.0,Makeup
P472161,Bright Fix Eye Brightener Concealer,Fenty Beauty by Rihanna,28.0,Makeup
P444149,Pro Kiss'r Luscious Lip Balm,Fenty Beauty by Rihanna,20.0,Makeup
P466829,Pro Filt’r Soft Matte Longwear Powder Foundation,Fenty Beauty by Rihanna,40.0,Makeup
P500061,Poutsicle Hydrating Lip Stain,Fenty Beauty by Rihanna,27.0,Makeup
P34908923,Killawatt Foil Freestyle Highlighter,Fenty Beauty by Rihanna,40.0,Makeup
P442531,Lil' Bronze Duo,Fenty Beauty by Rihanna,24.0,Makeup
P455193,Flypencil Longwear Pencil Eyeliner,Fenty Beauty by Rihanna,23.0,Makeup
P17876556,Flyliner Longwear Liquid Eyeliner,Fenty Beauty by Rihanna,24.0,Makeup
P58789756,Full-Bodied Foundation Brush 110,Fenty Beauty by Rihanna,34.0,Makeup
P85798546,Cheek-Hugging Highlight Brush 120,Fenty Beauty by Rihanna,32.0,Makeup
P54487984,Precision Makeup Sponge 100,Fenty Beauty by Rihanna,16.0,Makeup
P448703,Pro Filt'r Hydrating Primer,Fenty Beauty by Rihanna,36.0,Makeup
P448878,Brow MVP Ultra Fine Brow Pencil & Styler,Fenty Beauty by Rihanna,25.0,Makeup
P502222,Gloss Bomb Ice,Fenty Beauty by Rihanna,26.0,Makeup
P97417774,Face & Body Kabuki Brush 160,Fenty Beauty by Rihanna,34.0,Makeup
P501462,Glossy Posse Volume 5.0 Lip Gloss Bomb Trio,Fenty Beauty by Rihanna,38.0,Makeup
P45432919,"Full Frontal Volume, Lift & Curl Mascara",Fenty Beauty by Rihanna,24.0,Makeup
P66879899,Mini Pro Filt’r Instant Retouch Primer,Fenty Beauty by Rihanna,20.0,Mini Size
P480303,Fenty Icon The Fill Semi-Matte Refillable Lipstick,Fenty Beauty by Rihanna,20.0,Makeup
P97832786,Pro Filt'r Amplifying Eye Primer,Fenty Beauty by Rihanna,22.0,Makeup
P37544587,Fairy Bomb Shimmer Powder,Fenty Beauty by Rihanna,28.0,Makeup
P58978876,Invisimatte Blotting Paper,Fenty Beauty by Rihanna,16.0,Makeup
P447718,Fly Baby Mini Eye Primer and Liner Set,Fenty Beauty by Rihanna,24.0,Makeup
P447551,Pro Filt'r Mattifying Primer,Fenty Beauty by Rihanna,36.0,Makeup
P71078978,Cheek Hugging Bronzer Brush 190,Fenty Beauty by Rihanna,36.0,Makeup
P504872,Fenty Icon Velvet Liquid Lipstick,Fenty Beauty by Rihanna,29.0,Makeup
P44332878,Powder Puff Setting Brush 170,Fenty Beauty by Rihanna,34.0,Makeup
P503757,Fenty Eau de Parfum,Fenty Beauty by Rihanna,140.0,Fragrance
P15798548,Portable Touchup Brush 130,Fenty Beauty by Rihanna,24.0,Makeup
P444926,Pro Kiss’r Lip-Loving Scrubstick,Fenty Beauty by Rihanna,16.0,Makeup
P476525,Mini Pro Filt'r Soft Matte Foundation,Fenty Beauty by Rihanna,15.0,Mini Size
P461934,Brow MVP Sculpting Wax Pencil & Styler,Fenty Beauty by Rihanna,20.0,Makeup
P7845152640,Baby ’Buki Brush 165,Fenty Beauty by Rihanna,20.0,Makeup
P74557577,Tapered Blending Brush 210,Fenty Beauty by Rihanna,24.0,Makeup
P463037,Mini Pro Filt'r Hydrating Primer,Fenty Beauty by Rihanna,20.0,Mini Size
P471236,Gloss Bomb Dip Clip-On Luminizer,Fenty Beauty by Rihanna,19.0,Makeup
P458193,"Mini Full Frontal Volume, Lift & Curl Mascara",Fenty Beauty by Rihanna,13.0,Makeup
P457811,Face Shaping Brush 125,Fenty Beauty by Rihanna,34.0,Makeup
P455188,What it Dew Makeup Refreshing Spray,Fenty Beauty by Rihanna,30.0,Makeup
P469816,Body Sauce Body Luminizing Tint,Fenty Beauty by Rihanna,52.0,Bath & Body
P479634,Liquid Killawatt Fluid Freestyle Highlighter,Fenty Beauty by Rihanna,32.0,Makeup
P31285448,Precision Concealer Brush 180,Fenty Beauty by Rihanna,26.0,Makeup
P501312,Eaze Drop'lit All-Over Glow Enhancer,Fenty Beauty by Rihanna,34.0,Makeup
P31145789,Sculpting Bronzer Brush 195,Fenty Beauty by Rihanna,34.0,Makeup
P456148,Match Stix Glow Skinstick,Fenty Beauty by Rihanna,32.0,Makeup
P40999785,Lil Precision Makeup Sponge Duo 105,Fenty Beauty by Rihanna,18.0,Makeup
P448704,Kabuki-Buff Foundation Brush 115,Fenty Beauty by Rihanna,36.0,Makeup
P481357,Fenty Icon The Case Semi-Matte Refillable Lipstick,Fenty Beauty by Rihanna,12.0,Makeup
P503178,Mini Baby Watts Fluid Freestyle Highlighter Duo,Fenty Beauty by Rihanna,22.0,Mini Size
P463038,Mini Pro Filt'r Mattifying Primer,Fenty Beauty by Rihanna,20.0,Mini Size
P503158,Double Cheek'd Up: Freestyle Cream Blush Duo,Fenty Beauty by Rihanna,34.0,Makeup
P48653278,Invisimatte Blotting Paper Refill,Fenty Beauty by Rihanna,10.0,Makeup
P454334,Precise Definition Eyeshadow Brush 220,Fenty Beauty by Rihanna,24.0,Makeup
P501436,Match Stix Corrector Skinstick,Fenty Beauty by Rihanna,32.0,Makeup
P454333,Plush Eyeshadow Brush 240,Fenty Beauty by Rihanna,24.0,Makeup
P454335,Precision Blending Eyeshadow Brush 230,Fenty Beauty by Rihanna,24.0,Makeup
P504069,"The Navy Collection: 5-Piece Lip, Eye + Accessories Set",Fenty Beauty by Rihanna,58.0,Makeup
P504632,Football Sponge,Fenty Beauty by Rihanna,16.0,Makeup
P501262,Invisimatte Refill Instant Setting + Blotting Powder,Fenty Beauty by Rihanna,26.0,Makeup
P428901,Custom Match Stix Trio,Fenty Beauty by Rihanna,32.0,Makeup
P472162,Butta Drop Whipped Oil Body Cream with Tropical Oils + Butters,Fenty Skin,23.0,Bath & Body
P467249,Hydra Vizor Invisible Moisturizer Broad Spectrum SPF 30 Sunscreen with Niacinamide + Kalahari Melon,Fenty Skin,39.0,Skincare
P500307,Cherry Treat Conditioning + Strengthening Lip Oil,Fenty Skin,24.0,Skincare
P467248,Fat Water Niacinamide Pore-Refining Toner Serum with Barbados Cherry,Fenty Skin,34.0,Skincare
P467247,Total Cleans'r Makeup-Removing Cleanser with Barbados Cherry,Fenty Skin,28.0,Skincare
P482264,Cookies N Clean Whipped Clay Pore Detox Face Mask with Salicylic Acid + Charcoal,Fenty Skin,35.0,Skincare
P503692,Plush Puddin’ Intensive Recovery Lip Mask With Pomegranate Sterols + Vitamin E,Fenty Skin,22.0,Skincare
P477763,Hydra'Reset Intensive Recovery Glycerin Hand Mask,Fenty Skin,25.0,Bath & Body
P476516,Butta Drop Whipped Oil Hydrating Body Cream Mini,Fenty Skin,23.0,Bath & Body
P474038,Buff Ryder Exfoliating Body Scrub With Superfine Sand + Fruit Enzymes,Fenty Skin,34.0,Bath & Body
P501581,Cocoa Cleans'r Soothing All-Over Cleansing Bar,Fenty Skin,14.0,Skincare
P500894,Fat Water Hydrating Milky Toner Essence with Hyaluronic Acid + Tamarind,Fenty Skin,34.0,Skincare
P467251,Fenty Skin Travel Size Start'r Set,Fenty Skin,45.0,Skincare
P503250,Watch Ya Tone 5% Niacinamide Dark Spot Serum with Vitamin C,Fenty Skin,42.0,Skincare
P479319,Pre-Show Glow Instant Retexturizing 10% AHA Treatment + Reusable Applicator,Fenty Skin,42.0,Skincare
P467250,Instant Reset Brightening Overnight Recovery Gel-Cream With Niacinamide + Kalahari Melon Oil,Fenty Skin,45.0,Skincare
P484044,The Body Duo Mini Body Scrub + Moisturizer Essentials,Fenty Skin,32.0,Bath & Body
P504240,Mini Instant Reset Brightening Overnight Recovery Gel-Cream With Niacinamide + Kalahari Melon Oil,Fenty Skin,26.0,Skincare
P469087,Flash Nap Instant Revival Priming Eye Gel-Cream With Green Tea + Persian Silk Tree,Fenty Skin,36.0,Skincare
P476485,Hydra Vizor Invisible Moisturizer Broad Spectrum SPF 30 Sunscreen with Niacinamide Refill,Fenty Skin,35.0,Skincare
P501575,The Fenty Skin Soap Dish,Fenty Skin,10.0,Tools & Brushes
P504237,Mini Hydra'Reset Intensive Recovery Glycerin Hand Mask,Fenty Skin,14.0,Bath & Body
P472311,Mini Total Cleans'r Makeup Removing Cleanser,Fenty Skin,15.0,Skincare
P476430,Butta Drop Whipped Oil Hydrating Body Cream,Fenty Skin,39.0,Bath & Body
P480166,Mini Hydra Vizor Invisible Moisturizer Broad Spectrum SPF 30 Sunscreen with Niacinamide,Fenty Skin,25.0,Skincare
P504880,Melt Awf Jelly Oil Makeup-Melting Cleanser,Fenty Skin,34.0,Skincare
P476496,Instant Reset Brightening Overnight Recovery Gel-Cream with Niacinamide Refill,Fenty Skin,40.0,Skincare
P501886,The Glow Around 4-Piece Travel Skincare Essentials Set,Fenty Skin,59.0,Skincare
P503110,Mini Cleansing Bar Duo + Case,Fenty Skin,19.0,Skincare
P501574,Renew + Recover Face + Eye Hydration Essentials,Fenty Skin,45.0,Skincare
P248407,Ultra Repair Cream Intense Hydration,First Aid Beauty,38.0,Skincare
P248404,Pure Skin Face Cleanser,First Aid Beauty,24.0,Skincare
P444989,KP Bump Eraser Body Scrub with 10% AHA,First Aid Beauty,30.0,Bath & Body
P278317,Facial Radiance Pads,First Aid Beauty,36.0,Skincare
P415237,Hello FAB Coconut Skin Smoothie Priming Moisturizer,First Aid Beauty,32.0,Skincare
P425872,Mini Ultra Repair Cream Intense Hydration,First Aid Beauty,18.0,Mini Size
P456995,Mini KP Bump Eraser Body Scrub with 10% AHA,First Aid Beauty,12.0,Bath & Body
P479320,Ingrown Hair Pads with BHA & AHA,First Aid Beauty,20.0,Bath & Body
P426707,Hello FAB Coconut Water Cream,First Aid Beauty,36.0,Skincare
P384539,Deep Cleanser with Red Clay,First Aid Beauty,24.0,Skincare
P375534,Ultra Repair Face Moisturizer,First Aid Beauty,28.0,Skincare
P293008,Ultra Repair Lip Therapy,First Aid Beauty,12.0,Makeup
P425873,Mini Pure Skin Face Cleanser,First Aid Beauty,12.0,Mini Size
P393076,Ultra Repair Hydra-Firm Night Cream,First Aid Beauty,44.0,Skincare
P468821,Ultra Repair Firming Collagen Cream with Peptides and Niacinamide,First Aid Beauty,44.0,Skincare
P447603,Ultra Repair Wild Oat Hydrating Toner,First Aid Beauty,24.0,Skincare
P434551,Hello FAB Bendy Avocado Concealer,First Aid Beauty,22.0,Makeup
P441220,Ultra Repair Oat & Hemp Seed Dry Oil,First Aid Beauty,36.0,Skincare
P456994,Eye Duty Niacinamide Brightening Eye Cream,First Aid Beauty,36.0,Skincare
P500756,10% Vitamin C Brightening Serum,First Aid Beauty,50.0,Skincare
P455894,Ultra Repair Oil-Control Moisturizer,First Aid Beauty,36.0,Skincare
P472811,KP Smoothing Body Lotion with 10% AHA,First Aid Beauty,28.0,Bath & Body
P483658,Mineral Sunscreen Zinc Oxide Broad Spectrum SPF 30,First Aid Beauty,28.0,Skincare
P467115,Facial Radiance Niacinamide Dark Spot Serum,First Aid Beauty,42.0,Skincare
P442713,FAB Skin Lab Retinol Eye Cream with Triple Hyaluronic Acid,First Aid Beauty,44.0,Skincare
P416825,FAB Skin Lab Retinol Serum 0.25% Pure Concentrate,First Aid Beauty,58.0,Skincare
P474040,Anti-Dandruff Scalp Serum with 2% Salicylic Acid,First Aid Beauty,32.0,Hair
P500746,Hydrating Serum with Hyaluronic Acid,First Aid Beauty,40.0,Skincare
P474829,Sculpting Body Lotion,First Aid Beauty,34.0,Bath & Body
P503809,Bounce-Boosting Serum with Collagen + Peptides,First Aid Beauty,44.0,Skincare
P399656,Fab Faves To Go Kit,First Aid Beauty,30.0,Skincare
P474039,Anti-Dandruff Shampoo with 1% Pyrithione Zinc (ZPT),First Aid Beauty,30.0,Hair
P461161,FAB Pharma BHA Acne Spot Treatment Gel 2% Salicylic Acid,First Aid Beauty,26.0,Skincare
P480603,2-in-1 Cleansing Oil + Makeup Remover,First Aid Beauty,26.0,Skincare
P479840,Hydrating Eye Cream with Hyaluronic Acid,First Aid Beauty,30.0,Skincare
P461162,FAB Pharma White Clay Acne Treatment Pads 2% Salicylic Acid,First Aid Beauty,30.0,Skincare
P472031,FAB Pharma Calamine Pore Purging Mask,First Aid Beauty,30.0,Skincare
P504890,Anti-Chafe Stick with Shea Butter + Colloidal Oatmeal,First Aid Beauty,20.0,Bath & Body
P468354,Hydrating Ultra Repair Cream Duo,First Aid Beauty,46.0,Skincare
P480604,FAB Faves Trio,First Aid Beauty,30.0,Skincare
P480445,Smooth + FAB Travel Size Duo,First Aid Beauty,20.0,Skincare
P504882,Bye Bye Bumps - Best of Body Kit,First Aid Beauty,30.0,Skincare
P440981,Age Adapting CBD Serum,Flora + Bast,77.0,Skincare
P476860,APHRODISIA Intimate Arousal Cannabis Oil,Flora + Bast,77.0,Skincare
P500998,Soothe + Hydrate Barrier Building Hydrosol Mist,Flora + Bast,44.0,Skincare
P477160,Mini Age Adapting CBD Serum,Flora + Bast,38.5,Skincare
P448120,Wonderland Peony Eau De Parfum,Floral Street,34.0,Fragrance
P473709,Perfume Discovery Set,Floral Street,24.0,Fragrance
P448122,Wonderland Peony Eau De Parfum Travel Spray,Floral Street,34.0,Fragrance
P448129,Wild Vanilla Orchid Eau De Parfum,Floral Street,89.0,Fragrance
P474946,Sunflower Pop Eau De Parfum,Floral Street,89.0,Fragrance
P448131,Wild Vanilla Orchid Eau De Parfum  Travel Spray,Floral Street,34.0,Fragrance
P474947,Sunflower Pop Eau De Parfum Travel Spray,Floral Street,34.0,Fragrance
P462688,Arizona Bloom Eau de Parfum Travel Spray,Floral Street,34.0,Fragrance
P448117,Neon Rose Eau De Parfum,Floral Street,89.0,Fragrance
P462687,Arizona Bloom Eau de Parfum,Floral Street,34.0,Fragrance
P448138,Black Lotus Eau De Parfum,Floral Street,34.0,Fragrance
P448140,Black Lotus Eau De Parfum Travel Spray,Floral Street,34.0,Fragrance
P448141,Ylang Ylang Espresso Eau De Parfum,Floral Street,89.0,Fragrance
P500985,Mini Candle Set,Floral Street,24.0,Fragrance
P483152,Wonderland Bloom Candle,Floral Street,52.0,Fragrance
P448459,Fireplace Candle,Floral Street,52.0,Fragrance
P483153,Wonderland Bloom Scent Diffuser,Floral Street,56.0,Fragrance
P448456,Lipstick Candle,Floral Street,52.0,Fragrance
P448458,Santal Mysore Candle,Floral Street,52.0,Fragrance
P448457,Spring Bouquet Candle,Floral Street,52.0,Fragrance
P433453,LUNA fofo,FOREO,89.0,Skincare
P461935,BEAR Facial Toning Device,FOREO,329.0,Skincare
P419633,ESPADA Blue Light Acne Treatment,FOREO,159.0,Skincare
P461936,BEAR mini Facial Toning Device,FOREO,219.0,Skincare
P454821,LUNA Mini 3,FOREO,179.0,Skincare
P405827,IRIS Illuminating Eye Massager,FOREO,149.0,Skincare
P502848,LUNA 4 go Facial Cleansing & Massaging Device,FOREO,129.0,Skincare
P468652,UFO 2,FOREO,299.0,Skincare
P433466,Call It A Night Activated Mask,FOREO,10.99,Skincare
P474830,LUNA play plus 2,FOREO,69.0,Skincare
P436346,Youth Junkie Activated Mask,FOREO,21.99,Skincare
P433465,Make My Day Activated Mask,FOREO,10.99,Skincare
P502818,LUNA 4 Facial Cleansing & Firming Massage for Balanced Skin,FOREO,279.0,Skincare
P502827,LUNA 4 Facial Cleansing & Firming Massage for Sensitive Skin,FOREO,279.0,Skincare
P428940,ISSA 2,FOREO,169.0,Tools & Brushes
P461937,Serum Serum Serum,FOREO,59.0,Skincare
P502831,LUNA 4 Facial Cleansing & Firming Massage for Combination Skin,FOREO,279.0,Skincare
P436343,H2Overdose Activated Mask,FOREO,20.0,Skincare
P436347,Glow Addict Activated Mask,FOREO,21.99,Skincare
P474322,Mini Candle Gift Set- Time to Get Lit,FORVR Mood,50.0,Fragrance
P473142,Left On Read Candle,FORVR Mood,38.0,Fragrance
P473127,Cuffing Season Candle,FORVR Mood,38.0,Fragrance
P501324,Holiday Candle Advent Calendar,FORVR Mood,75.0,Fragrance
P475542,Candle Duo Set,FORVR Mood,72.0,Fragrance
P481377,Mini Candle Gift Set- Your Sign To Shine,FORVR Mood,50.0,Fragrance
P474321,Grown Folks Business Candle,FORVR Mood,38.0,Fragrance
P501448,Apres Ski Holiday Mini Candle Gift Set,FORVR Mood,50.0,Fragrance
P483442,Mini Candle Gift Set- Tropic Like It’s Hot,FORVR Mood,50.0,Fragrance
P481985,Chasing Waterfalls Candle,FORVR Mood,38.0,Fragrance
P483441,Thirst Trapping Candle,FORVR Mood,38.0,Fragrance
P503946,Mallow Dramatic Candle,FORVR Mood,38.0,Fragrance
P481987,Burning Bridges Candle,FORVR Mood,38.0,Fragrance
P483440,Sun Kiss & Tell Candle,FORVR Mood,38.0,Fragrance
P481984,NOT Down To Earth Candle,FORVR Mood,38.0,Fragrance
P481986,Musta Been The Wind Candle,FORVR Mood,38.0,Fragrance
P500865,Spice of Life Candle,FORVR Mood,38.0,Fragrance
P501507,Holly Berry Candle,FORVR Mood,38.0,Fragrance
P501502,Burr Candle,FORVR Mood,38.0,Fragrance
P501432,State of Pine Candle,FORVR Mood,38.0,Fragrance
P483438,Leaf Me Be Candle,FORVR Mood,38.0,Fragrance
P483439,Sweet Wave Candle,FORVR Mood,38.0,Fragrance
P501446,No Wahala Candle,FORVR Mood,38.0,Fragrance
P468653,Freck The Original Freckle,Freck Beauty,28.0,Makeup
P469819,Cheekslime Blush + Lip Tint with Plant Collagen,Freck Beauty,26.0,Makeup
P502850,MAKEOUT CLUB Soft Blur Lipstick,Freck Beauty,24.0,Makeup
P469862,Rich Bitch Cactus + Vitamin C Moisturizer,Freck Beauty,34.0,Skincare
P469818,Cactus Water Cleansing Lactic Acid Toner,Freck Beauty,32.0,Skincare
P504127,Rich Bitch Nourishing Plant and Peptide Lip Balm,Freck Beauty,20.0,Makeup
P474831,SLIMELIGHT Highlighter,Freck Beauty,28.0,Makeup
P481819,LASHROCKET MASCARA with Lash Enhancing Peptides,Freck Beauty,26.0,Makeup
P502970,Best of Freck Holiday Set,Freck Beauty,25.0,Makeup
P481088,Lashrocket Liquid Liner with Lash Enhancing Peptides,Freck Beauty,24.0,Makeup
P504894,RICH BITCH Hydrating Face Primer Serum,Freck Beauty,38.0,Makeup
P7880,Soy Hydrating Gentle Face Cleanser,fresh,39.0,Skincare
P302103,Sugar Advanced Lip Balm Intense Hydration Treatment,fresh,28.0,Skincare
P12336,Rose Face Mask,fresh,64.0,Skincare
P421243,Sugar Hydrating Lip Balm,fresh,19.0,Skincare
P500633,Tea Elixir Niacinamide & Hyaluronic Acid Anti-Aging Serum,fresh,80.0,Skincare
P471237,Rose & Hyaluronic Acid Deep Hydration Moisturizer,fresh,46.0,Skincare
P274001,Sugar Lip Polish Exfoliator,fresh,19.0,Makeup
P440312,Lotus Anti-Aging Night Moisturizer,fresh,56.0,Skincare
P503936,Black Tea Anti-Aging Moisturizer with Retinol-Alternative BT Matrix,fresh,95.0,Skincare
P417936,Rose & Hyaluronic Acid Deep Hydration Toner,fresh,46.0,Skincare
P445827,Sugar Strawberry Exfoliating Face Wash,fresh,33.0,Skincare
P442858,Rose Deep Hydration Sleeping Mask,fresh,29.0,Skincare
P425894,Mini Soy pH-Balanced Hydrating Face Wash,fresh,15.0,Mini Size
P500777,Sugar Lip Balm Hydrating Treatment,fresh,25.0,Skincare
P479841,Floral Recovery Overnight Mask with Squalane,fresh,69.0,Skincare
P12295,Sugar Face Polish Exfoliator,fresh,64.0,Skincare
P454378,Lotus Anti- Aging Daily Moisturizer,fresh,54.0,Skincare
P457005,Rose & Squalane Deep Hydration Oil-Infused Serum,fresh,60.0,Skincare
P39970,Rose Floral Toner,fresh,15.0,Skincare
P217513,Black Tea Instant Perfecting Mask,fresh,96.0,Skincare
P7844,Brown Sugar Body Polish Exfoliator,fresh,67.0,Bath & Body
P454396,Lotus Youth Preserve Eye Cream,fresh,45.0,Skincare
P466122,Kombucha 2-in-1 No-Rinse Cleanser & Prebiotic Treatment,fresh,44.0,Skincare
P457517,Rose Petal-Soft Deep Hydration Lip Balm,fresh,25.0,Skincare
P384778,Black Tea Firming and De-Puffing Eye Cream,fresh,68.0,Skincare
P474832,Sugar Recovery Lip Mask Advanced Therapy,fresh,28.0,Skincare
P442003,Sugar Mint Rush Freshening Lip Treatment,fresh,25.0,Skincare
P426080,Lotus Youth Preserve Rescue Mask,fresh,69.0,Skincare
P391799,Black Tea Firming Overnight Mask,fresh,96.0,Skincare
P420158,Vitamin C Glow Moisturizer,fresh,48.0,Skincare
P436353,Mini Rose & Hyaluronic Acid Deep Hydration Toner,fresh,26.0,Skincare
P12857,Rice Sake Bath,fresh,82.0,Bath & Body
P213013,Sugar Lemon Body Lotion,fresh,28.0,Bath & Body
P7827,Sugar Lychee Body Lotion,fresh,28.0,Bath & Body
P448192,Mini Sugar Strawberry Exfoliating Face Wash,fresh,15.0,Skincare
P500400,Milk Body Cleanser,fresh,32.0,Bath & Body
P500398,Milk Body Lotion,fresh,42.0,Bath & Body
P449158,Mini Lotus Anti-Aging Night Moisturizer,fresh,22.0,Skincare
P481703,Black Tea Corset Cream Firming Moisturizer,fresh,95.0,Skincare
P259801,Citron de Vigne Body Lotion,fresh,28.0,Bath & Body
P450211,Mini Vitamin Nectar Glow Juice Antioxidant Face Serum,fresh,28.0,Skincare
P403748,Black Tea Corset Firming Serum,fresh,75.0,Skincare
P500406,Milk Hydrating Hand Cream,fresh,20.0,Bath & Body
P426821,Mini Rose Face Mask,fresh,26.0,Mini Size
P426824,Mini Sugar Face Polish Exfoliato,fresh,26.0,Mini Size
P454395,Mini Lotus Youth Preserve Moisturizer,fresh,21.0,Skincare
P450210,Vitamin Nectar Glow Juice Antioxidant Face Serum,fresh,28.0,Skincare
P454817,Hesperides Grapefruit Body Lotion,fresh,28.0,Bath & Body
P439626,Black Tea Firming Eye Serum,fresh,72.0,Skincare
P472466,Mini Rose & Hyaluronic Acid Deep Hydration Moisturizer,fresh,18.0,Skincare
P388687,Fresh Life Body Lotion,fresh,28.0,Bath & Body
P193706,Freesia Oval Soap,fresh,15.0,Bath & Body
P432256,Mini Black Tea Instant Perfecting Mask,fresh,40.0,Skincare
P500012,Rose Hydration Pore-Minimizing Mist,fresh,24.0,Skincare
P193705,Verbena Oval Soap,fresh,15.0,Bath & Body
P429538,Lotus Youth Preseve Rescue Mask Mini,fresh,28.0,Skincare
P435387,Mini Rose Floral Toner,fresh,15.0,Skincare
P504272,Hydrating Skincare Gift Set,fresh,59.0,Skincare
P503226,Sugar Triple-Action Lip Serum Advanced Therapy,fresh,36.0,Skincare
P504273,Treat & Tint Mini Lip Care Gift Set,fresh,35.0,Skincare
P481704,Umbrian Clay Pore Purifying Face Mask,fresh,58.0,Skincare
P432255,Mini Black Tea Firming Overnight Mask,fresh,40.0,Skincare
P504289,Prep & Treat Lip Care Gift Set,fresh,28.0,Skincare
P503915,Mini Floral Recovery Overnight Mask with Squalane,fresh,28.0,Skincare
P481705,Mini Umbrian Clay Pore Purifying Face Mask,fresh,25.0,Mini Size
P505493,Mini Kombucha Antioxidant Facial Treatment Essence,fresh,39.0,Skincare
P505509,Kombucha Antioxidant Facial Treatment Essence,fresh,82.0,Skincare
P435401,"Platinum+ Styler - 1"" Flat Iron",ghd,279.0,Hair
P474043,Unplugged Styler - Cordless Flat Iron,ghd,299.0,Hair
P389524,"Soft Curl - 1.25"" Curling Iron",ghd,205.0,Hair
P389522,Creative Curl - Tapered Curling Wand,ghd,205.0,Hair
P385017,Bodyguard - Heat Protect Spray,ghd,28.0,Hair
P444071,Glide Smoothing Hot Brush,ghd,169.0,Hair
P462351,Rise Volumizing Hot Brush,ghd,189.0,Hair
P454987,Helios 1875W Advanced Professional Hair Dryer,ghd,279.0,Hair
P469468,"Max Styler - 2"" Wide Plate Flat Iron",ghd,249.0,Tools & Brushes
P389525,"Classic Curl - 1"" Curling Iron",ghd,205.0,Hair
P481392,"Original Styler - 1"" Flat Iron",ghd,179.0,Hair
P378713,Air 1600W Professional Hair Dryer,ghd,199.0,Hair
P389523,Classic Wave - Oval Curling Wand,ghd,205.0,Hair
P385020,Paddle Brush,ghd,35.0,Hair
P504606,Duet Style 2-in-1 Hot Air Styler,ghd,399.0,Hair
P480605,Curl Thin Wand,ghd,205.0,Hair
P433648,"Gold Styler - 1"" Flat Iron",ghd,239.0,Hair
P474042,Professional Hair Dryer Diffuser,ghd,30.0,Hair
P504613,Sleek Talker Wet to Sleek Styling Oil,ghd,45.0,Hair
P462353,Mini Honey Infused Hair Oil,Gisou,25.0,Hair
P462352,Honey Infused Hair Oil,Gisou,46.0,Hair
P462356,Mini Honey Infused Hair Perfume,Gisou,44.0,Hair
P473838,Honey Infused Leave-In Conditioner,Gisou,34.0,Hair
P462354,Honey Infused Hair Mask,Gisou,25.0,Hair
P481821,Honey Infused Scalp Treatment Serum,Gisou,48.0,Hair
P474833,Mini Honey Infused Hair Mask,Gisou,25.0,Hair
P462357,Honey Infused Hair Wash Shampoo,Gisou,37.0,Hair
P462361,Propolis Infused Heat Protecting Spray,Gisou,41.0,Hair
P501808,Honey Infused Hair Perfume Floral Edition,Gisou,44.0,Hair
P462355,Honey Infused Hair Perfume,Gisou,83.0,Hair
P462359,Honey Infused Conditioner,Gisou,34.0,Hair
P462362,Propolis Infused Polishing Primer,Gisou,34.0,Hair
P462363,Propolis Infused Texturizing Wave Spray,Gisou,39.0,Hair
P462360,Mini Honey Infused Conditioner,Gisou,13.0,Hair
P468823,Curling Tool,Gisou,129.0,Hair
P504813,Honey Infused Cleanse & Care Routine Hair Set,Gisou,51.0,Hair
P505233,Honey Infused Lip Oil,Gisou,32.0,Skincare
P504793,Mini Honey Infused Hair Wash Shampoo,Gisou,13.0,Mini Size
P390722,Prisme Libre Loose Setting and Finishing Powder,Givenchy,59.0,Makeup
P377755,Rouge Interdit Intense Silk Satin Matte Lipstick,Givenchy,40.0,Makeup
P457245,Rose Perfecto Tinted Liquid Balm,Givenchy,38.0,Makeup
P405231,Rouge Interdit Vinyl Color Enhancing Lipstick,Givenchy,34.0,Makeup
P474948,Le Rouge Sheer Velvet Matte Lipstick,Givenchy,40.0,Makeup
P472700,Rose Perfecto Lip Balm 24H Hydration,Givenchy,38.0,Makeup
P448881,Le Rouge Deep Velvet Matte Lipstick,Givenchy,40.0,Makeup
P469469,Prisme Libre Skin-Caring Glow Foundation,Givenchy,52.0,Makeup
P459156,Irresistible Eau de Parfum,Givenchy,110.0,Fragrance
P457669,L'Interdit Eau de Parfum,Givenchy,110.0,Fragrance
P475946,L’Interdit Rouge Eau De Parfum,Givenchy,113.0,Fragrance
P416205,Mini Prisme Libre Loose Powder,Givenchy,40.0,Makeup
P201400,Hot Couture Eau de Toilette,Givenchy,120.0,Fragrance
P481706,Prisme Libre Skin-Caring Matte Foundation,Givenchy,52.0,Makeup
P183916,Lip Liner,Givenchy,30.0,Makeup
P258016,Ange ou Demon Le Secret Eau de Parfum,Givenchy,108.0,Fragrance
P45600,Very Irrésistible Eau de Toilette,Givenchy,110.0,Fragrance
P459171,L'Interdit Eau de Parfum Rollerball,Givenchy,40.0,Fragrance
P473308,Irresistible Eau de Parfum Rollerball,Givenchy,40.0,Fragrance
P471764,Le Rouge Universal 24H Hydration Lip Balm,Givenchy,39.0,Makeup
P505129,Prisme Libre Skin-Caring 24H Hydrating + Radiant + Correcting Creamy Concealer,Givenchy,37.0,Makeup
P0956,Pi Eau de Toilette,Givenchy,108.0,Fragrance
P410767,Mister Brow Groom Universal Brow Setter,Givenchy,31.0,Makeup
P481707,Gentleman Eau de Parfum Réserve Privée,Givenchy,124.0,Fragrance
P446334,Volume Disturbia Mascara,Givenchy,28.0,Makeup
P463625,Rouge Interdit Intense Silk Satin Matte Lipstick Refills,Givenchy,31.0,Makeup
P423431,Gentleman Eau de Toilette,Givenchy,108.0,Fragrance
P501179,Pink Collection Le Rouge Sheer Velvet Matte Lipstick,Givenchy,43.0,Makeup
P458220,Gentleman Boisee Eau de Parfum,Givenchy,124.0,Fragrance
P430174,Gentleman Eau de Parfum,Givenchy,124.0,Fragrance
P504276,Irresistible Eau de Parfum Rose Velvet,Givenchy,135.0,Fragrance
P474949,Le Rouge Sheer Velvet Matte Lipstick Customized Refills,Givenchy,31.0,Makeup
P481090,Irresistible Eau de Toilette Fraiche,Givenchy,111.0,Fragrance
P446827,Liner Disturbia Felt Tip Eyeliner,Givenchy,28.0,Makeup
P501783,L'Interdit Eau de Toilette,Givenchy,111.0,Fragrance
P504939,Prisme Libre Skin-Caring Corrector,Givenchy,37.0,Makeup
P419605,Rouge Interdit Vinyl Color Enhancing Lipstick - 16 Noir Revelateur,Givenchy,34.0,Makeup
P500496,Irresistible Eau De Toilette Fraiche,Givenchy,111.0,Fragrance
P500858,Press-On Nail Kit,Glamnetic,15.0,Makeup
P476508,Magnetic False Lashes,Glamnetic,30.0,Makeup
P476560,Soo Future! Magnetic Eyeliner Pen,Glamnetic,43.0,Makeup
P500416,Magnetic Half Lashes,Glamnetic,25.0,Makeup
P503068,Brush On Nail Glue,Glamnetic,7.0,Makeup
P500394,Magnetic False Lashes - Brown,Glamnetic,30.0,Makeup
P505234,Lash Extension Kit,Glamnetic,45.0,Makeup
P281835,GLO Brilliant White Smile - At Home Teeth Whitening Device,GLO Science,159.0,Skincare
P404465,GLO Lit Teeth Whitening Vials 3 Pack,GLO Science,24.0,Skincare
P395389,GLO Brilliant Teeth Whitening GLO Vials 10 Pack plus Lip Care,GLO Science,65.0,Skincare
P399755,GLO Lit Teeth Whitening Vials 7 Pack + Lip Care,GLO Science,49.0,Skincare
P472467,GLO to Go Teeth Whitening Pen,GLO Science,25.0,Skincare
P500156,Teeth Whitening GLO Vials,GLO Science,35.0,Tools & Brushes
P504525,Balm Dotcom Lip Balm and Skin Salve,Glossier,14.0,Makeup
P504521,Cloud Paint Gel Cream Blush,Glossier,20.0,Makeup
P504823,Ultralip High Shine Lipstick with Hyaluronic Acid,Glossier,18.0,Makeup
P504364,Glossier You Eau de Parfum,Glossier,64.0,Fragrance
P504526,Boy Brow Volumizing Eyebrow Gel-Pomade,Glossier,17.0,Makeup
P504782,Perfecting Skin Tint for Dewy Sheer Coverage,Glossier,26.0,Makeup
P504829,Glassy High-Shine Lip Gloss,Glossier,15.0,Makeup
P504802,Generation G Sheer Matte Lipstick,Glossier,18.0,Makeup
P504831,Stretch Concealer for Dewy Buildable Coverage,Glossier,20.0,Makeup
P504834,Lash Slick Lift and Lengthening Mascara,Glossier,18.0,Makeup
P504522,Glossier You Solid Perfume,Glossier,30.0,Fragrance
P504775,Monochromes Essential Eyeshadow Trio Palette,Glossier,22.0,Makeup
P504814,Haloscope Balm Dewy Highlighter Stick,Glossier,22.0,Makeup
P504803,Lidstar Long-Wearing Shimmer Cream Eyeshadow,Glossier,18.0,Makeup
P504527,No 1. Pencil Creamy Long-Wearing Eyeliner,Glossier,16.0,Makeup
P504807,Solar Paint Luminious Gel-Cream Bronzer,Glossier,20.0,Makeup
P504789,Brow Flick Microfine Detailing Eyebrow Pen,Glossier,18.0,Makeup
P504800,Skywash Liquid-to-Powder Sheer Matte Eyeshadow Tint,Glossier,18.0,Makeup
P504523,Futuredew Facial Oil-Serum Hybrid,Glossier,26.0,Skincare
P504524,Milky Jelly Gentle Gel Face Cleanser,Glossier,19.0,Skincare
P504788,Pro Tip Long-Wearing Liquid Eyeliner Pen,Glossier,18.0,Makeup
P504794,After Baume Moisture Barrier Recovery Cream,Glossier,28.0,Skincare
P504786,Solution Skin-Perfecting Daily Chemical Exfoliator,Glossier,26.0,Skincare
P504773,Priming Moisturizer Rich Face Cream with Ceramides,Glossier,35.0,Skincare
P504774,Super Pure Clarifying Face Serum with Niacinamide + Zinc,Glossier,29.0,Skincare
P504795,Super Bounce Hyaluronic Acid + Vitamin B5 Hydrating Face Serum,Glossier,29.0,Skincare
P504919,Milky Oil Dual-Phase Waterproof Makeup Remover,Glossier,14.0,Skincare
P504784,Priming Moisturizer Lightweight Buildable Face Cream,Glossier,24.0,Skincare
P504778,Invisible Shield Water-Gel Transparent Sunscreen SPF 35,Glossier,25.0,Skincare
P504780,Super Glow Vitamin C Brightening Face Serum,Glossier,29.0,Skincare
P504810,Priming Moisturizer Balance Oil-Control Gel-Cream,Glossier,25.0,Skincare
P504815,Universal Pro-Retinol Overnight Renewing Treatment,Glossier,35.0,Skincare
P504790,Cleanser Concentrate AHA Clarifying and Exfoliating Face Wash,Glossier,21.0,Skincare
P458219,Watermelon Glow PHA + BHA Pore-Tight Toner,Glow Recipe,34.0,Skincare
P467762,Mini Watermelon Glow PHA + BHA Pore-Tight Toner,Glow Recipe,15.0,Skincare
P466123,Watermelon Glow Niacinamide Dew Drops,Glow Recipe,35.0,Skincare
P428819,Watermelon Pink Juice Oil-Free Moisturizer,Glow Recipe,39.0,Skincare
P462699,Plum Plump Hyaluronic Acid Serum,Glow Recipe,45.0,Skincare
P447791,Avocado Fine Line Eye Cream with Retinol,Glow Recipe,42.0,Skincare
P469211,Watermelon Glow AHA Pink Dream Body Cream,Glow Recipe,29.0,Bath & Body
P479327,Plum Plump Hyaluronic Acid Moisturizer,Glow Recipe,39.0,Skincare
P500472,Mini Plum Plump Hyaluronic Acid Moisturizer,Glow Recipe,21.0,Skincare
P460516,Papaya Sorbet Smoothing Enzyme Cleansing Balm & Makeup Remover,Glow Recipe,32.0,Skincare
P470529,Avocado Soothing Skin Barrier Serum with Ceramides,Glow Recipe,45.0,Skincare
P481989,Watermelon Glow Niacinamide Sunscreen SPF 50,Glow Recipe,35.0,Skincare
P436359,Blueberry Bounce Gentle Cleanser,Glow Recipe,34.0,Skincare
P455236,Glow Lip Pop Lip Balm,Glow Recipe,22.0,Skincare
P482535,Strawberry Smooth BHA + AHA Salicylic Acid Serum,Glow Recipe,42.0,Skincare
P442744,Watermelon Glow Ultra-Fine Mist,Glow Recipe,29.0,Skincare
P472468,Watermelon Glow Hyaluronic Clay Pore-Tight Facial Mask,Glow Recipe,40.0,Skincare
P501760,Guava Vitamin C Bright-Eye Gel Cream,Glow Recipe,38.0,Skincare
P475543,Guava Vitamin C Dark Spot Treatment Serum,Glow Recipe,45.0,Skincare
P501254,Watermelon Glow AHA Night Treatment,Glow Recipe,40.0,Skincare
P503634,Avocado Ceramide Moisture Barrier Cleanser,Glow Recipe,28.0,Skincare
P504125,Strawberry BHA Pore-Smooth Blur Drops,Glow Recipe,32.0,Skincare
P501570,Mini Watermelon Glow AHA Night Treatment,Glow Recipe,21.0,Mini Size
P435386,Mini Watermelon Pink Juice Oil-Free Moisturizer,Glow Recipe,21.0,Skincare
P441323,Mini Blueberry Bounce Gentle Cleanser,Glow Recipe,10.0,Skincare
P504171,Fruit Babies Bestsellers Kit,Glow Recipe,34.0,Skincare
P504325,Glowy Skin Prep Besties Set,Glow Recipe,52.0,Skincare
P504849,Plumping Power Duo,Glow Recipe,54.0,Skincare
P504636,Mini Watermelon Glow Niacinamide Dew Drops,Glow Recipe,20.0,Skincare
P437299,Semi-Permanent Hair Color,Good Dye Young,18.0,Hair
P437302,Poser Paste Temporary Hair Makeup,Good Dye Young,18.0,Hair
P67784432,Google Nest Hub,Google,129.0,Tools & Brushes
P456213,GOOPGLOW Microderm Instant Glow Exfoliator,goop,125.0,Skincare
P459299,Mini GOOPGLOW Microderm Instant Glow Exfoliator,goop,42.0,Skincare
P456208,GOOPGLOW 15% Glycolic Acid Overnight Glow Peel,goop,125.0,Skincare
P459301,Mini GOOPGLOW 15% Glycolic Acid Overnight Glow Peel,goop,45.0,Skincare
P456211,GOOPGLOW Morning Skin Superpowder,goop,60.0,Skincare
P459300,Mini GOOPGLOW Morning Skin Superpowder,goop,12.0,Skincare
P471029,GOOPGLOW Glow Lotion,goop,58.0,Skincare
P460578,GOOPGENES All-In-One Nourishing Face Cream,goop,98.0,Skincare
P461165,GOOPGENES All-In-One Nourishing Eye Cream,goop,55.0,Skincare
P480606,goopglow Cloudberry Exfoliating Jelly Cleanser,goop,35.0,Skincare
P501243,GOOPGLOW Exfoliating Dark Spot Sleep Serum,goop,98.0,Skincare
P458965,G.Tox Himalayan Salt Scalp Scrub Shampoo,goop,55.0,Hair
P458964,G.Tox Ultimate Dry Brush,goop,25.0,Skincare
P458966,"""The Martini"" Emotional Detox Bath Soak",goop,40.0,Bath & Body
P468143,GOOPGENES All-In-One Super Nutrient Face Oil,goop,98.0,Skincare
P469851,Mini G.Tox Himalayan Salt Scalp Scrub Shampoo,goop,15.0,Hair
P456210,GOOPGLOW 20% Vitamin C and Hyaluronic Glow Serum,goop,125.0,Skincare
P478274,GOOPGENES Clean Nourishing Lip Balm Trio,goop,48.0,Skincare
P505408,GOOPGLOW Vita-C Brightening Eye Cream,goop,58.0,Skincare
P464250,GOOPGENES Nourishing Repair Body Butter,goop,65.0,Skincare
P455010,Knock Me Out Sleep Chews,goop,30.0,Skincare
P458961,G.Tox Malachite and Fruit Acid Pore Purifying Cleanser,goop,48.0,Skincare
P458962,G.Tox Malachite and AHA Pore Refining Tonic,goop,75.0,Skincare
P477166,GOOPGLOW Restore + Shine Hair Treatment,goop,55.0,Hair
P500879,Double-Sided Wand Vibrator,goop,98.0,Bath & Body
P483058,GOOPGLOW Flower Acids Resurfacing Toner,goop,45.0,Skincare
P458963,G.Tox Detoxifying Superpowder,goop,12.0,Skincare
P502295,GOOPGLOW Microderm Instant Glow Body Polish,goop,48.0,Bath & Body
P500308,Viva la Vulva Vibrator,goop,98.0,Bath & Body
P502388,GOOPGLOW Afterglow Body Oil,goop,48.0,Bath & Body
P474323,GOOPGENES All-in-One Nourishing Skincare Kit,goop,85.0,Skincare
P474978,Mini GOOPGLOW Glow Lotion,goop,25.0,Mini Size
P473311,Adjustable Slap Satin-Lined Cap,Grace Eleyae,20.0,Hair
P474044,The Original Slap | Satin Lined Cap,Grace Eleyae,13.0,Hair
P474045,Satin-Lined Knot Turban,Grace Eleyae,30.0,Hair
P500888,The Original Slap | Satin Lined Cap - 2 pack,Grace Eleyae,22.0,Hair
P474046,All Silk Turban,Grace Eleyae,77.0,Hair
P474047,Detangling Brush,Grace Eleyae,15.0,Hair
P474048,Edge Brush Tamer,Grace Eleyae,9.0,Hair
P474049,All Purpose Curved Comb,Grace Eleyae,9.0,Hair
P500867,Adjustable Slap Satin-Lined Cap 2 Pack,Grace Eleyae,35.0,Hair
P500853,Nala Print Turban,Grace Eleyae,39.99,Hair
P407471,GrandeLIPS Hydrating Lip Plumper Gloss,Grande Cosmetics,27.0,Makeup
P460017,GrandeLASH-LIFT Heated Lash Curler,Grande Cosmetics,39.0,Makeup
P455557,GrandeREPAIR Leave-in Lash Conditioner,Grande Cosmetics,25.0,Makeup
P420491,GrandeMASCARA Conditioning Peptide Mascara,Grande Cosmetics,25.0,Makeup
P471548,GrandePOUT Plumping Lip Mask,Grande Cosmetics,24.0,Makeup
P420492,GrandePRIMER Pre-Mascara Lengthener & Thickener,Grande Cosmetics,25.0,Makeup
P441882,GrandeDRAMA Intense Thickening Mascara,Grande Cosmetics,25.0,Makeup
P453273,Velvet Matte Lipstick,Gucci,45.0,Makeup
P452737,Rouge à Lèvres Voile Sheer Lipstick,Gucci,45.0,Makeup
P474051,Flora Gorgeous Gardenia Eau de Parfum,Gucci,155.0,Fragrance
P459503,Éclat Soleil Luminous Bronzer,Gucci,64.0,Makeup
P422093,Bloom Eau de Parfum For Her,Gucci,123.0,Fragrance
P452736,Long Lasting Satin Lipstick,Gucci,45.0,Makeup
P471239,Glow & Care Shine Lipstick,Gucci,45.0,Makeup
P502188,Luminous Matte Beauty Blush,Gucci,49.0,Makeup
P273900,Guilty Pour Femme Eau de Toilette,Gucci,101.0,Fragrance
P474053,Glossy Nail Polish,Gucci,33.0,Makeup
P474952,Flora Gorgeous Gardenia Eau de Parfum Rollerball,Gucci,38.0,Fragrance
P422094,Bloom Eau de Parfum For Her Rollerball,Gucci,38.0,Fragrance
P469858,Matte Beauty Powder,Gucci,64.0,Makeup
P456588,L'Obscur Lengthening Mascara,Gucci,36.0,Makeup
P452738,Hydrating Lip Balm,Gucci,45.0,Makeup
P501360,Mini Coffret Set,Gucci,65.0,Fragrance
P467622,Éternité De Beauté 24 Hour Full Coverage Luminous Matte Finish Foundation,Gucci,69.0,Makeup
P398432,Bamboo Eau de Parfum,Gucci,87.0,Fragrance
P500471,Brume de Beauté Beauty Mist,Gucci,78.0,Skincare
P457649,Luminous Face & Lip Gloss,Gucci,34.0,Makeup
P503858,Flora Gorgeous Gardenia Eau de Parfum Mini Perfume Set,Gucci,36.0,Fragrance
P483448,Transfer-proof Matte Liquid lipstick,Gucci,45.0,Makeup
P501141,Flora Gorgeous Jasmine Eau de Parfum,Gucci,155.0,Fragrance
P475109,Flora Gorgeous Gardenia Eau de Parfum Rollerball & Mascara Set,Gucci,50.0,Fragrance
P501988,Mini Flora Gorgeous Jasmine Perfume Set,Gucci,39.0,Fragrance
P285804,Guilty Pour Homme,Gucci,154.0,Fragrance
P477749,Flora Gorgeous Gardenia Eau de Parfum Gift Set,Gucci,92.0,Fragrance
P441304,Guilty Pour Femme Eau de Parfum,Gucci,123.0,Fragrance
P469821,Long Lasting Bold Lip Liner,Gucci,34.0,Makeup
P501161,Flora Gorgeous Jasmine Eau de Parfum Pen Spray,Gucci,38.0,Fragrance
P500476,Multipurpose Hydrating and Nourishing Balm,Gucci,50.0,Makeup
P377473,Guilty Pour Femme Eau de Toilette Rollerball,Gucci,38.0,Fragrance
P441329,Guilty Pour Femme Eau de Parfum Rollerball,Gucci,38.0,Fragrance
P467623,Hydrating Silk Priming Serum,Gucci,58.0,Makeup
P457650,Long Wearing Eyebrow Pencil,Gucci,33.0,Makeup
P460874,Bloom Profumo di Fiori Eau de Parfum,Gucci,123.0,Fragrance
P481991,Bloom Eau De Toilette,Gucci,101.0,Fragrance
P453664,Gucci Bloom Ambrosia di Fiori Eau de Parfum Intense For Her,Gucci,131.0,Fragrance
P469876,Stylo Contour Des Yeux Khol Eyeliner,Gucci,37.0,Makeup
P460875,Bloom Profumo di Fiori Eau de Parfum Rollerball,Gucci,38.0,Fragrance
P501313,Gorgeous Flora Eyeshadow Palette,Gucci,152.0,Makeup
P378659,Guilty Black Pour Homme,Gucci,119.0,Fragrance
P457489,Guilty Eau de Parfum Pour Homme,Gucci,143.0,Fragrance
P481990,Bloom Eau De Toilette Travel Spray,Gucci,38.0,Fragrance
P453665,Gucci Bloom Ambrosia di Fiori Eau de Parfum Intense For Her Rollerball,Gucci,38.0,Fragrance
P480170,Guilty Pour Femme Eau de Parfum Intense,Gucci,165.0,Fragrance
P480306,Gucci Matte Primer,Gucci,60.0,Makeup
P504036,Mini Flora Gorgeous Gardenia Eau de Parfum Perfume Set,Gucci,96.0,Fragrance
P410305,Bamboo Eau de Toilette,Gucci,91.0,Fragrance
P478711,Nail Art Stickers,Gucci,20.0,Makeup
P224900,Gucci By Gucci Pour Homme,Gucci,74.0,Fragrance
P501329,Flora Gorgeous Jasmine Perfume Gift Set,Gucci,96.0,Fragrance
P483447,L'Obscur Long Wearing Eyeliner Pen,Gucci,39.0,Makeup
P503319,Bloom Perfume Gift Set,Gucci,96.0,Fragrance
P480171,Guilty Pour Homme Parfum,Gucci,175.0,Fragrance
P505161,Bloom Eau de Parfum Intense,Gucci,165.0,Fragrance
P417169,Guilty Absolute Pour Homme,Gucci,87.0,Fragrance
P501242,Gorgeous Flora Glow & Care Shine Lipstick,Gucci,45.0,Makeup
P429915,Rouge G Refillable Lipstick,GUERLAIN,36.0,Makeup
P474953,Abeille Royale Advanced Youth Watery Oil,GUERLAIN,145.0,Skincare
P476513,Mini Abeille Royale Advanced Youth Watery Oil,GUERLAIN,55.0,Skincare
P266308,Météorites Illuminating Powder Pearls,GUERLAIN,68.0,Makeup
P197413,Parure Gold 24K Radiance Primer,GUERLAIN,85.0,Makeup
P416938,Mon Guerlain Eau de Parfum,GUERLAIN,155.0,Fragrance
P429916,Rouge G Refillable Lipstick Case,GUERLAIN,38.0,Makeup
P461451,Abeille Royale Anti-Aging Fortifying Lotion Toner,GUERLAIN,85.0,Skincare
P284710,Terracotta Sunkissed Natural Bronzer,GUERLAIN,59.0,Makeup
P501236,Abeille Royale Anti-Aging Double R Advanced Serum,GUERLAIN,240.0,Skincare
P405071,Météorites Primer Perfecting Pearls,GUERLAIN,80.0,Makeup
P430124,Terracotta Light Healthy Glow Bronzer,GUERLAIN,59.0,Makeup
P483450,KissKiss Bee Glow Lipstick Balm,GUERLAIN,40.0,Makeup
P471240,KissKiss Shine Bloom Lipstick Balm,GUERLAIN,42.0,Makeup
P190247,KissKiss Liplift Lipstick Primer,GUERLAIN,40.0,Makeup
P272652,Shalimar Eau de Parfum,GUERLAIN,125.0,Fragrance
P450557,Mon Guerlain Eau de Parfum Intense,GUERLAIN,165.0,Fragrance
P456356,Terracotta Matte Bronzer,GUERLAIN,59.0,Makeup
P408678,Midnight Secret Late Night Recovery Treatment Anti-Fatigue Serum,GUERLAIN,32.0,Skincare
P500415,Aqua Allegoria Pera Granita Eau de Toilette,GUERLAIN,110.0,Fragrance
P500404,Aqua Allegoria Mandarine Basilic Eau de Toilette,GUERLAIN,110.0,Fragrance
P501172,Ombres G Quad Eyeshadow Palette,GUERLAIN,85.0,Makeup
P500410,Aqua Allegoria Flora Salvaggia Eau de Toilette,GUERLAIN,110.0,Fragrance
P416204,Météorites Powder Brush,GUERLAIN,45.0,Makeup
P500397,Aqua Allegoria Flora Cherrysia Eau de Toilette,GUERLAIN,110.0,Fragrance
P469806,Abeille Royale Anti-Aging Eye Lifting Serum,GUERLAIN,130.0,Skincare
P457272,Abeille Royale Anti-Aging Eye Cream,GUERLAIN,110.0,Skincare
P450934,Abeille Royale Day Cream,GUERLAIN,170.0,Skincare
P459464,Mad Eyes Mascara Long-Wearing & Volumizing,GUERLAIN,36.0,Makeup
P500405,Aqua Allegoria Bergamote Calabria Eau de Toilette,GUERLAIN,110.0,Fragrance
P500419,Aqua Allegoria Rosa Rossa Eau de Toilette,GUERLAIN,110.0,Fragrance
P459466,Mad Eyes Felt Matte Waterproof Eyeliner Pen,GUERLAIN,36.0,Makeup
P500411,Aqua Allegoria Nerolia Vetiver Eau de Toilette,GUERLAIN,110.0,Fragrance
P500432,Aqua Allegoria Orange Soleia Eau de Toilette,GUERLAIN,110.0,Fragrance
P481822,Abeille Royale Scalp & Hair Youth Oil in Serum,GUERLAIN,140.0,Hair
P501230,Noir G Volumizing & Curling Mascara,GUERLAIN,40.0,Makeup
P450935,Abeille Royale Night Cream,GUERLAIN,200.0,Skincare
P500433,Aqua Allegoria Pamplelune Eau de Toilette,GUERLAIN,110.0,Fragrance
P504985,Abeille Royale Bestsellers Travel Set,GUERLAIN,195.0,Skincare
P481993,Abeille Royale Intense Repair Youth Oil in Balm,GUERLAIN,235.0,Skincare
P505377,Terracotta Le Teint Healthy Glow Foundation,GUERLAIN,62.0,Makeup
P481997,Eye See in Color Clean Multidimensional Eyeshadow Palette,GXVE BY GWEN STEFANI,28.0,Makeup
P481999,I’m Still Here Longwear Clean Matte Liquid Lipstick,GXVE BY GWEN STEFANI,24.0,Makeup
P502289,Bubble Pop Electric High-Performance Clean Lip Gloss,GXVE BY GWEN STEFANI,20.0,Makeup
P482002,Original Me Clean High-Performance Matte Lipstick,GXVE BY GWEN STEFANI,26.0,Makeup
P504152,Can't Stop Staring Clean Lengthening & Lifting Mascara,GXVE BY GWEN STEFANI,20.0,Makeup
P482000,Line It Up Clean 24-Hr Gel Pencil Waterproof Eyeliner,GXVE BY GWEN STEFANI,20.0,Makeup
P503357,Eye See In Sparkle Clean Multi-Dimensional Glitter Eyeshadow,GXVE BY GWEN STEFANI,24.0,Makeup
P481996,Anaheim Shine Clean High-Performance Satin Lipstick,GXVE BY GWEN STEFANI,26.0,Makeup
P481998,Hella On Point Clean Ultra-Fine Brow Pencil,GXVE BY GWEN STEFANI,24.0,Makeup
P482001,Most Def Clean Instant Definition Sculpting Eyebrow Pencil,GXVE BY GWEN STEFANI,24.0,Makeup
P502461,Pout to Get Real Clean Overlining Lip Liner,GXVE BY GWEN STEFANI,22.0,Makeup
P481995,All Time Prime Clean Hydrating Prep & Smooth Face Oil,GXVE BY GWEN STEFANI,48.0,Makeup
P500491,Xtra Sauce Longwear Vinyl Liquid Lipstick,GXVE BY GWEN STEFANI,24.0,Makeup
P502436,Anaheim Line Clean Waterproof Lip Liner,GXVE BY GWEN STEFANI,20.0,Makeup
P503639,Double Dippin' 2-in-1 Lip Color Remover & Hydrating Lip Mask,GXVE BY GWEN STEFANI,24.0,Makeup
P505462,Paint It Up Clean 24-Hr Cream Eyeshadow,GXVE BY GWEN STEFANI,20.0,Makeup
P500112,N°41 Facial Sunscreen Mist with SPF 41,HABIT,30.0,Skincare
P500778,N°39 Facial Sunscreen Mist with SPF 39,HABIT,30.0,Skincare
P500117,N°38 Facial Sunscreen Mist with SPF 38,HABIT,30.0,Skincare
P483453,Shave Starter Set,Hanni,68.0,Skincare
P483455,The Weighted Razor Kit,Hanni,42.0,Skincare
P483457,Shave Pillow Moisturizing Body Gel,Hanni,24.0,Skincare
P503899,Water Balm Custom Hydration Body Moisturizer Mist,Hanni,34.0,Bath & Body
P504902,Splash Salve In-Shower Body Moisture Treatment,Hanni,34.0,Bath & Body
P483458,Blades,Hanni,6.0,Skincare
P483460,Shower Holder,Hanni,12.0,Skincare
P483459,Blade Bin,Hanni,10.0,Men
P502185,Triclone Skin Tech Medium Coverage Foundation with Fermented Arnica,HAUS LABS BY LADY GAGA,45.0,Makeup
P500283,PhD Hybrid Lip Oil,HAUS LABS BY LADY GAGA,24.0,Makeup
P500314,Bio-Radiant Gel-Powder Highlighter with Fermented Arnica,HAUS LABS BY LADY GAGA,40.0,Makeup
P500284,Le Monster Lip Crayon Lipstick,HAUS LABS BY LADY GAGA,22.0,Makeup
P500336,Optic Intensity Eco Gel Eyeliner Pencil,HAUS LABS BY LADY GAGA,22.0,Makeup
P500298,"Hy-Power Eye, Cheek & Lip Pigment Paint",HAUS LABS BY LADY GAGA,24.0,Makeup
P501271,Atomic Shake Long Lasting Liquid Lipstick,HAUS LABS BY LADY GAGA,26.0,Makeup
P500301,Power Sculpt Velvet Bronzer with Fermented Arnica,HAUS LABS BY LADY GAGA,38.0,Makeup
P504025,Color Fuse Talc-Free Powder Blush with Fermented Arnica,HAUS LABS BY LADY GAGA,38.0,Makeup
P502321,Bio-Blurring Talc-Free Loose Setting Powder,HAUS LABS BY LADY GAGA,38.0,Makeup
P500295,The Edge Precision Eyebrow Pencil,HAUS LABS BY LADY GAGA,22.0,Makeup
P502426,Cruelty-Free Foundation Brush,HAUS LABS BY LADY GAGA,39.0,Makeup
P400207,Blue Tansy BHA and Enzyme Pore Refining Mask,Herbivore,50.0,Skincare
P400211,Coco Rose Exfoliating Body Scrub,Herbivore,40.0,Bath & Body
P400203,Lapis Blue Tansy Face Oil - For Oily & Acne-Prone Skin,Herbivore,74.0,Skincare
P479904,Mini Lapis Blue Tansy Face Oil - For Oily & Acne-Prone Skin,Herbivore,15.0,Skincare
P460747,Pink Cloud Rosewater + Squalane Makeup Removing Face Wash,Herbivore,26.0,Skincare
P442564,Emerald CBD + Adaptogens Deep Moisture Glow Oil,Herbivore,60.0,Skincare
P437981,Emerald Hemp Seed Deep Moisture Glow Oil,Herbivore,50.0,Skincare
P400202,Jasmine Glowing Hydration Body Oil,Herbivore,44.0,Bath & Body
P400204,Phoenix Rosehip Anti-Aging Face Oil - For Dry Skin,Herbivore,88.0,Skincare
P479903,Mini Phoenix Rosehip Anti-Aging Face Oil - For Dry Skin,Herbivore,60.0,Skincare
P407444,Bamboo Charcoal Detoxifying Soap Bar,Herbivore,14.0,Skincare
P442002,Amethyst Body Scrub with Epsom Salt,Herbivore,46.0,Bath & Body
P421600,Jasmine Green Tea Oil Control Toner,Herbivore,39.0,Skincare
P454100,Prism AHA + BHA Exfoliating Glow Facial,Herbivore,58.0,Skincare
P436891,Jade De-Puffing Face Roller,Herbivore,32.0,Skincare
P481096,Nova 15% Vitamin C + Turmeric Brightening Serum,Herbivore,65.0,Skincare
P400205,Orchid Antioxidant Beauty Face Oil - For Combination Skin,Herbivore,74.0,Skincare
P474326,Pink Cloud Soft Moisture Cream,Herbivore,46.0,Skincare
P474325,Aquarius Pore Purifying BHA Cream,Herbivore,46.0,Skincare
P471033,CLOUD JELLY Plumping Hydration Serum,Herbivore,50.0,Skincare
P503923,Super Nova 5% THD Vitamin C + Caffeine Brightening Eye Cream,Herbivore,48.0,Skincare
P450583,Prism AHA + BHA Exfoliating Glow Serum,Herbivore,54.0,Skincare
P431840,Coconut Milk Bath Soak,Herbivore,22.0,Skincare
P500988,Moon Dew 1% Bakuchiol + Peptides Retinol Alternative Eye Cream,Herbivore,48.0,Skincare
P483661,Moon Fruit 1% Bakuchiol + Peptides Retinol Alternative Serum,Herbivore,62.0,Skincare
P473313,Coco Rose Soft Glow Body Oil,Herbivore,38.0,Bath & Body
P441045,Rose Quartz Gua Sha,Herbivore,25.0,Skincare
P452004,Rose Hibiscus Hydrating Mist,Herbivore,36.0,Skincare
P432662,Rose Quartz Facial Roller,Herbivore,40.0,Skincare
P505316,Aquarius BHA + Blue Tansy Clarity Cleanser,Herbivore,26.0,Skincare
P480607,Skin in the Clouds Set,Herbivore,32.0,Skincare
P481334,Moon Fruit Retinol Alternative Sleep Mask,Herbivore,54.0,Skincare
P480174,Waves of Clarity Skincare Set,Herbivore,32.0,Skincare
P463049,Dirty Vanilla Eau de Parfum Travel Spray,HERETIC,65.0,Fragrance
P473131,Dirty Coconut Eau de Parfum Travel Spray,HERETIC,65.0,Fragrance
P463048,Dirty Vanilla Eau de Parfum,HERETIC,165.0,Fragrance
P473130,Dirty Coconut Eau de Parfum,HERETIC,165.0,Fragrance
P481708,Bergamusk Eau de Parfum Travel Spray,HERETIC,65.0,Fragrance
P502377,Dirty Hinoki Eau de Parfum Travel Spray,HERETIC,65.0,Fragrance
P502427,Dirty Hinoki Eau de Parfum,HERETIC,165.0,Fragrance
P481709,Bergamusk Eau de Parfum,HERETIC,165.0,Fragrance
P469475,Mini Fragrance Discovery Set,HERMÈS,60.0,Fragrance
P450560,Mini Jardin Fragrance Discovery Set,HERMÈS,60.0,Fragrance
P422442,Twilly d'Hermès Eau de Parfum,HERMÈS,147.0,Fragrance
P375126,Un Jardin sur le Nil Eau de Toilette,HERMÈS,149.0,Fragrance
P375127,Un Jardin sur le Toit Eau de Toilette,HERMÈS,149.0,Fragrance
P375113,Eau des Merveilles,HERMÈS,166.0,Fragrance
P375120,Terre d’Hermès Eau de Toilette,HERMÈS,132.0,Fragrance
P396476,Le Jardin de Monsieur Li Eau de Toilette,HERMÈS,149.0,Fragrance
P449366,Hermès Twilly d'Hermès Eau Poivrée,HERMÈS,92.0,Fragrance
P420118,Eau des Merveilles Bleue Eau de Toilette,HERMÈS,122.0,Fragrance
P474054,Twilly Eau Ginger Eau de Parfum,HERMÈS,120.0,Fragrance
P443789,Un Jardin sur la Lagune Eau de Toilette,HERMÈS,112.0,Fragrance
P416349,Terre d’Hermès Pure Perfume,HERMÈS,156.0,Fragrance
P474327,Twilly Eau Ginger Eau de Parfum Travel Size,HERMÈS,40.0,Fragrance
P407507,Eau de Rhubarbe Écarlate Eau de Cologne,HERMÈS,141.0,Fragrance
P474835,Twilly d'Hermès Eau de Parfum Travel Spray,HERMÈS,40.0,Fragrance
P375123,Voyage d’Hermès Eau de Toilette,HERMÈS,114.0,Fragrance
P375130,Eau d’orange verte,HERMÈS,152.0,Fragrance
P471034,H24 Eau de Toilette,HERMÈS,116.0,Fragrance
P375131,Eau de pamplemousse rose,HERMÈS,141.0,Fragrance
P446445,Elixir des Merveilles Eau de Parfum Spray,HERMÈS,181.0,Fragrance
P380627,Terre d’Hermès Deodorant Stick,HERMÈS,47.0,Bath & Body
P435313,Terre d'Hermes Eau Intense Vétiver Eau de Parfum,HERMÈS,108.0,Fragrance
P429076,Eau de citron noir Eau de Cologne,HERMÈS,104.0,Fragrance
P379451,Eau de mandarine ambrée Eau de Cologne,HERMÈS,141.0,Fragrance
P446911,Voyage d'Hermès Pure Perfume,HERMÈS,123.0,Fragrance
P500469,Terre d'Hermès Eau Givrée Eau de Parfum,HERMÈS,108.0,Fragrance
P407506,Eau de néroli doré Eau de Cologne,HERMÈS,141.0,Fragrance
P502346,H24 Eau de Parfum,HERMÈS,148.0,Fragrance
P428686,Twilly d’Hermès Body Shower Cream,HERMÈS,62.0,Bath & Body
P503245,H24 Eau de Toilette Set,HERMÈS,107.0,Fragrance
P410532,Vanish Seamless Finish Foundation Stick,Hourglass,49.0,Makeup
P377723,Ambient Lighting Powder,Hourglass,54.0,Makeup
P384963,Ambient Lighting Blush Collection,Hourglass,45.0,Makeup
P210575,Veil Mineral Primer,Hourglass,58.0,Makeup
P454042,Vanish Airbrush Concealer,Hourglass,36.0,Makeup
P382309,Ambient Lighting Palette,Hourglass,69.0,Makeup
P395697,Ambient Lighting Bronzer,Hourglass,58.0,Makeup
P483662,Phantom Volumizing Glossy Balm,Hourglass,36.0,Makeup
P433811,Scattered Light Glitter Eye Shadow,Hourglass,30.0,Makeup
P430240,Veil Translucent Setting Powder - Talc Free,Hourglass,49.0,Makeup
P420411,Confession Ultra Slim High Intensity Refillable Lipstick,Hourglass,39.0,Makeup
P467953,Mini Vanish Airbrush Concealer,Hourglass,18.0,Makeup
P424900,Mini Ambient Lighting Blush,Hourglass,28.0,Mini Size
P301802,Immaculate Liquid Powder Foundation Mattifying Oil Free,Hourglass,60.0,Makeup
P433813,Mini Veil Translucent Setting Powder - Talc Free,Hourglass,24.0,Mini Size
P501154,Ambient Soft Glow Foundation,Hourglass,58.0,Makeup
P433809,Caution Extreme Lash Mascara,Hourglass,32.0,Makeup
P425840,Mini Ambient Lighting Powder,Hourglass,28.0,Mini Size
P444425,Unreal High Shine Volumizing Lip Gloss,Hourglass,32.0,Makeup
P410535,Vanish Foundation Brush,Hourglass,47.0,Makeup
P404706,Ambient Strobe Lighting Powder,Hourglass,45.0,Makeup
P376457,Arch Brow Sculpting Pencil,Hourglass,37.0,Makeup
P430239,Veil Powder Brush,Hourglass,65.0,Makeup
P427527,Vanish Flash Highlighting Stick,Hourglass,46.0,Makeup
P425600,Mini Veil Mineral Primer,Hourglass,24.0,Mini Size
P388108,Illusion Hyaluronic Skin Tint,Hourglass,56.0,Makeup
P460829,Unlocked Instant Extensions Lengthening Mascara,Hourglass,32.0,Makeup
P424901,Mini Ambient Lighting Bronzer,Hourglass,30.0,Mini Size
P309504,N° 28 Primer Serum,Hourglass,65.0,Makeup
P480609,Vanish Airbrush Primer,Hourglass,58.0,Makeup
P379096,N° 28 Lip Treatment Oil,Hourglass,54.0,Makeup
P388106,1.5MM Mechanical Gel Eye Liner,Hourglass,21.0,Makeup
P427516,Arch Brow Volumizing Fiber Gel,Hourglass,29.0,Makeup
P454744,Vanish Seamless Finish Concealer Brush,Hourglass,39.0,Makeup
P504297,Unlocked Satin Crème Lipstick,Hourglass,38.0,Makeup
P457643,Veil Setting Spray,Hourglass,49.0,Makeup
P420410,Confession Ultra Slim High Intensity Lipstick Refill,Hourglass,24.0,Makeup
P473833,Curator Eyeshadow Singles,Hourglass,29.0,Makeup
P471550,Vanish Blush Stick,Hourglass,46.0,Makeup
P483663,Voyeur Waterproof Gel Eyeliner,Hourglass,28.0,Makeup
P413341,Ambient Lighting Edit Brush,Hourglass,49.0,Makeup
P424902,Mini Ambient Strobe Lighting Powder,Hourglass,28.0,Mini Size
P450905,Confession Refillable Lipstick Duo - Ghost,Hourglass,36.0,Makeup
P430238,Veil Retouching Fluid,Hourglass,36.0,Makeup
P471767,Velvet Story Lip Cream,Hourglass,36.0,Makeup
P193244,Foundation/Blush Brush No. 2,Hourglass,62.0,Makeup
P447359,Arch Brow Micro Sculpting Pencil,Hourglass,29.0,Makeup
P377724,Ambient Powder Brush,Hourglass,40.0,Makeup
P501180,Ambient Soft Glow Foundation Brush,Hourglass,47.0,Makeup
P193245,All-Over Shadow Brush,Hourglass,39.0,Makeup
P193246,Crease Brush,Hourglass,39.0,Makeup
P457644,Veil Eye Primer,Hourglass,30.0,Makeup
P297710,Powder Brush No. 1,Hourglass,69.0,Makeup
P375376,Domed Shadow Brush,Hourglass,39.0,Makeup
P504637,Equilibrium Resurfacing Retinoid Treatment,Hourglass,110.0,Skincare
P502339,Phantom Glossy Lip Balm Duo,Hourglass,50.0,Makeup
P193247,Concealer Brush,Hourglass,39.0,Makeup
P376092,Double-Ended Complexion Brush,Hourglass,72.0,Makeup
P375374,Smudge Brush,Hourglass,39.0,Makeup
P375375,Angled Liner Brush,Hourglass,34.0,Makeup
P480608,Equilibrium Instant Plumping Eye Mask,Hourglass,68.0,Skincare
P483150,Vegan Face & Eye Travel Brush Set,Hourglass,320.0,Makeup
P461167,Ambient Lighting Infinity Powder,Hourglass,56.0,Makeup
P376090,Large Concealer Brush #8,Hourglass,40.0,Makeup
P193248,Finishing Brush No. 7,Hourglass,69.0,Makeup
P376091,Retractable Kabuki Brush,Hourglass,60.0,Makeup
P469831,Equilibrium Intensive Hydrating Eye Balm,Hourglass,82.0,Skincare
P231040,Retractable Foundation Brush,Hourglass,49.0,Makeup
P469832,Equilibrium Rebalancing Cream Cleanser,Hourglass,52.0,Skincare
P469833,Equilibrium Restoring Essence,Hourglass,65.0,Skincare
P454758,N° 28 Lip Treatment Oil – At Night – Lunar New Year Limited Edition,Hourglass,49.0,Makeup
P425941,Mini N° 28 Primer Serum,Hourglass,24.0,Mini Size
P415643,Voyeur Waterproof Liquid Liner,Hourglass,36.0,Makeup
P427605,Arch Brow Shaping Gel,Hourglass,29.0,Makeup
P433812,Mini Caution Extreme Lash Mascara,Hourglass,15.0,Mini Size
P473858,Curator Eyeshadow Palettes,Hourglass,14.0,Makeup
P469476,Confession Ultra Slim High Intensity Refillable Lipstick - Red 0,Hourglass,39.0,Makeup
P454745,Mini Arch Brow Micro Sculpting Pencil,Hourglass,17.0,Makeup
P469830,Equilibrium Day Fluid Sunscreen Broad Spectrum SPF 30,Hourglass,86.0,Skincare
P504339,Unlocked Satin Creme Lipstick- Red 0,Hourglass,38.0,Makeup
P476685,Equilibrium Intensive Hydrating Set,Hourglass,85.0,Mini Size
P476686,Equilibrium Restorative Hydrating Cream,Hourglass,94.0,Skincare
P476687,Equilibrium The Essentials Set,Hourglass,165.0,Mini Size
P504871,Mini Unlocked Instant Extensions Mascara,Hourglass,15.0,Makeup
P469801,Mini Equilibrium Rebalancing Cream Cleanser,Hourglass,25.0,Skincare
P469829,Equilibrium Biomimetic Skin Active Serum,Hourglass,198.0,Skincare
P469850,Mini Equilibrium Biomimetic Skin Active Serum,Hourglass,124.0,Skincare
P408663,House of Lashes Eyelash Adhesive,House of Lashes,9.0,Makeup
P483686,House of Lashes Iconic False Eyelashes,House of Lashes,12.0,Makeup
P502508,Iconic False Lashes and Adhesive Set,House of Lashes,22.0,Makeup
P502324,Stuck on you Lash Adhesive Value Set,House of Lashes,14.0,Makeup
P433402,Easy Bake Loose Baking & Setting Powder,HUDA BEAUTY,38.0,Makeup
P43818047,The New Nude Eyeshadow Palette,HUDA BEAUTY,65.0,Makeup
P450887,Nude Obsessions Eyeshadow Palette,HUDA BEAUTY,32.0,Makeup
P441880,Power Bullet Matte Lipstick,HUDA BEAUTY,27.0,Makeup
P402036,Classic False Lashes,HUDA BEAUTY,18.0,Makeup
P440102,Matte & Metal Melted Double Ended Liquid Eyeshadows,HUDA BEAUTY,25.0,Makeup
P471242,Mini Easy Bake Loose Baking & Setting Powder,HUDA BEAUTY,22.0,Makeup
P450511,Power Bullet Matte Lipstick - Throwback Collection,HUDA BEAUTY,27.0,Makeup
P471243,Lip Contour 2.0 Automatic Matte Lip Pencil,HUDA BEAUTY,21.0,Makeup
P500309,#FauxFilter Luminous Matte Buildable Coverage Crease Proof Concealer,HUDA BEAUTY,31.0,Makeup
P432059,Rose Gold REMASTERED Eyeshadow Palette,HUDA BEAUTY,65.0,Makeup
P465324,#FauxFilter Skin Finish Buildable Coverage Foundation Stick,HUDA BEAUTY,39.0,Makeup
P479843,Liquid Matte Ultra-Comfort Transfer-proof Lipstick,HUDA BEAUTY,23.0,Makeup
P463061,Naughty Nude Eyeshadow Palette,HUDA BEAUTY,69.0,Makeup
P444605,Tantour Contour & Bronzer Cream,HUDA BEAUTY,30.0,Makeup
P54654321,Demi Matte Cream Liquid Lipstick,HUDA BEAUTY,20.0,Makeup
P489310288,Pastel Obsessions Eyeshadow Palette,HUDA BEAUTY,32.0,Makeup
P467625,#FauxFilter Luminous Matte Foundation,HUDA BEAUTY,42.0,Makeup
P463062,Haze Obsessions Eyeshadow Palette,HUDA BEAUTY,32.0,Makeup
P471244,Power Bullet Cream Glow Hydrating Lipstick,HUDA BEAUTY,27.0,Makeup
P477474,Rose Quartz Eyeshadow Palette,HUDA BEAUTY,69.0,Makeup
P404829,Faux Mink Lash Collection,HUDA BEAUTY,23.0,Makeup
P501327,Empowered Eyeshadow Palette,HUDA BEAUTY,69.0,Makeup
P472816,GloWish Soft Radiance Vegan Bronzing Powder,HUDA BEAUTY,31.0,Makeup
P98466189,LEGIT LASHES Double-Ended Volumizing and Lengthening Mascara,HUDA BEAUTY,31.0,Makeup
P472815,GloWish Multidew Vegan Skin Tint Foundation,HUDA BEAUTY,37.0,Makeup
P444608,Tantour Face Contouring Sculpt & Shade Brush,HUDA BEAUTY,28.0,Makeup
P482003,Cheeky Tint Cream Blush Stick,HUDA BEAUTY,25.0,Makeup
P444142,N.Y.M.P.H. Not Your Mama’s Panty Hose All Over Body Highlighter,HUDA BEAUTY,49.0,Makeup
P469477,#BombBrows Microshade Brow Pencil,HUDA BEAUTY,17.0,Makeup
P459256,Silk Balm Hydrating and Nourishing Lip Balm,HUDA BEAUTY,21.0,Makeup
P444607,Resting Boss Face Waterproof Setting Spray,HUDA BEAUTY,33.0,Makeup
P477988,GloWish Cheeky Vegan Soft Glow Powder Blush,HUDA BEAUTY,21.0,Makeup
P475948,Wild Obsessions Eyeshadow Palette,HUDA BEAUTY,32.0,Mini Size
P477989,GloWish Lightweight Blurring Pressed Powder,HUDA BEAUTY,33.0,Makeup
P502306,Glowish Blur Jam Silicone Free Smoothing Primer,HUDA BEAUTY,33.0,Makeup
P420239,Easy Lash Collection,HUDA BEAUTY,18.0,Makeup
P465326,Water Jelly Hydrating Face Primer,HUDA BEAUTY,33.0,Makeup
P504610,Bombshell Lip Trio Set,HUDA BEAUTY,25.0,Makeup
P465325,Build and Buff Double Ended Foundation Brush,HUDA BEAUTY,33.0,Makeup
P500144,Color Block Obsessions Eyeshadow Palette,HUDA BEAUTY,32.0,Mini Size
P474836,Quick ’N Easy Precision Liquid Liner,HUDA BEAUTY,21.0,Makeup
P449341,Basic B Sponge,HUDA BEAUTY,17.0,Makeup
P502092,Lovefest Obsessions Eyeshadow Palette,HUDA BEAUTY,32.0,Makeup
P474837,Mini LEGIT LASHES Double-Ended Volumizing and Lengthening Mascara,HUDA BEAUTY,17.0,Mini Size
P504885,Matte Obsessions Eyeshadow Palette,HUDA BEAUTY,32.0,Makeup
P500730,Silk Balm Icy Cryo-Plumping Lip Balm,HUDA BEAUTY,25.0,Makeup
P9214873437,Glow Coco Hydrating Mist,HUDA BEAUTY,35.0,Makeup
P477168,#BombBrows Full ’n Fluffy Volumizing Fiber Gel,HUDA BEAUTY,19.0,Makeup
P482004,Face & Cheek Blush Brush,HUDA BEAUTY,27.0,Makeup
P472813,GloWish All Over Bronze Brush,HUDA BEAUTY,27.0,Makeup
P501457,Face/Conceal & Blend Complexion Brush,HUDA BEAUTY,25.0,Makeup
P472814,GloWish Airbrush Finish Skin Tint Brush,HUDA BEAUTY,31.0,Makeup
P476690,Silk Balm Honey Kiss Lip Balm,HUDA BEAUTY,21.0,Makeup
P500854,Waterproof Lash Glue,HUDA BEAUTY,15.0,Makeup
P500769,Silk Balm Spicy Thermo-Plumping Lip Balm,HUDA BEAUTY,25.0,Makeup
P504900,Creamy Kohl Longwear Eye Pencil,HUDA BEAUTY,21.0,Makeup
P477990,GloWish Face | All Over Powder Brush,HUDA BEAUTY,31.0,Tools & Brushes
P478522,Mini GloWish Soft Radiance Vegan Bronzing Powder,HUDA BEAUTY,17.0,Mini Size
P415922,Hair Sweet Hair - Hair Growth Vegan Gummies with Biotin and Folic Acid,HUM Nutrition,26.0,Hair
P443349,Skin Squad Pre + ProbioticSupplement for Acne-Prone Skin,HUM Nutrition,40.0,Skincare
P386754,Daily Cleanse Clear Skin and Body Detox Supplement,HUM Nutrition,26.0,Skincare
P394826,Flatter Me Digestive Enzyme Supplement,HUM Nutrition,26.0,Skincare
P503052,Mini Flatter Me Digestive Enzyme Supplement,HUM Nutrition,15.0,Skincare
P386763,Red Carpet Skin and Hair Health Supplement,HUM Nutrition,26.0,Hair
P457510,Private Party: Supports Vaginal & Urinary Tract Health,HUM Nutrition,26.0,Skincare
P405826,Raw Beauty Skin & Energy Green Superfood Powder,HUM Nutrition,39.0,Skincare
P386765,"Runway Ready Skin, Hair & Nail Repair Kit",HUM Nutrition,36.0,Hair
P453713,Collagen POP + Vitamin C Dissolvable Tablets,HUM Nutrition,12.0,Skincare
P407387,Beauty zzZz Sleep Support Supplement with Melatonin,HUM Nutrition,10.0,Skincare
P386761,Killer Nails Hair & Nail Strength Supplement with Biotin,HUM Nutrition,20.0,Makeup
P431847,Glow Sweet Glow - Skin Hydration Vegan Gummies with Hyaluronic Acid & Vitamin C + E,HUM Nutrition,26.0,Skincare
P504575,PRO ACV Healthy Gut Vegan Gummies with 100% Organic Apple Cider Vinegar and Probiotics,HUM Nutrition,26.0,Skincare
P386755,Collagen Love Skin Firming Supplement with Hyaluronic Acid & Vitamin C,HUM Nutrition,40.0,Skincare
P468149,Calm Sweet Calm Stress Management Vegan Gummies with Ashwagandha & L-Theanine,HUM Nutrition,30.0,Skincare
P451996,"Mighty Night Overnight Renewal Supplement with Ceramides, CoQ10, & Ferulic Acid",HUM Nutrition,40.0,Bath & Body
P474839,Counter Cravings - Helps Reduce Cravings and Boosts Metabolism,HUM Nutrition,50.0,Skincare
P474838,Boost Sweet Boost - Vegan Gummies for Immune Support,HUM Nutrition,26.0,Skincare
P482005,Fan Club - multi-symptom menopause support,HUM Nutrition,40.0,Skincare
P386759,Moody Bird PMS Support Supplement,HUM Nutrition,26.0,Skincare
P500111,Womb Service - OBGYN Formulated Prenatal Support Supplement,HUM Nutrition,45.0,Skincare
P388982,Big ChillAdaptogenStress Management Supplement,HUM Nutrition,25.0,Skincare
P386760,OMG! Omega The Great Fish Oil Supplement,HUM Nutrition,30.0,Skincare
P386764,Uber Energy Adrenal Fatigue and Adaptogen Supplement,HUM Nutrition,26.0,Skincare
P386757,Wing Man Liver Detox and Dark Circle Supplement,HUM Nutrition,26.0,Skincare
P386762,Here Comes The Sun Vitamin D Immune System Support Supplement,HUM Nutrition,12.0,Skincare
P408271,Turn Back Time Turmeric Supplement for UV Damage,HUM Nutrition,40.0,Skincare
P389097,Arctic Repair Fine Lines and Wrinkles Supplement,HUM Nutrition,60.0,Skincare
P476428,Brightening Dark Spot Vitamin C Serum,Hyper Skin,58.0,Skincare
P500614,Gentle Brightening Gel Cleanser with Mandelic Acid,Hyper Skin,28.0,Skincare
P481710,Fade and Glow AHA Mask,Hyper Skin,48.0,Skincare
P503216,Hyper Even Daily Duo Kit for Hyperpigmentation,Hyper Skin,39.0,Skincare
P476515,Mini Brightening Dark Spot Vitamin C Serum,Hyper Skin,36.0,Skincare
P461217,Illuminator Liquid Highlight,Iconic London,40.0,Makeup
P461220,Sheer Cream Blush,Iconic London,27.0,Makeup
P478279,Glaze Dual Ended Eyeshadow Crayon,Iconic London,30.0,Makeup
P473171,Radiance Complexion Booster,Iconic London,39.0,Makeup
P461219,Prep Set Glow Hydrating Spray,Iconic London,29.0,Makeup
P502623,Super Smoother Blurring Skin Tint,Iconic London,32.0,Makeup
P502611,Underglow Blurring Primer,Iconic London,29.0,Makeup
P463452,Lustre Lip Oil,Iconic London,26.0,Makeup
P484045,Mini Prep Set Glow Hydrating Spray,Iconic London,15.0,Makeup
P471035,Sheer Bronze Liquid Bronzer,Iconic London,27.0,Makeup
P481711,Silk Glow Blush and Highlight Duo,Iconic London,39.0,Makeup
P502601,Mini Glow Icons Highlighter Set,Iconic London,27.0,Mini Size
P477991,Precision Duo Contour Pot,Iconic London,29.0,Makeup
P461218,Lip Plumping Gloss,Iconic London,26.0,Makeup
P505240,Rollaway Glow Highlighter,Iconic London,29.0,Makeup
P482679,Liquid Brow Silk Max Hold Gel,Iconic London,24.0,Makeup
P500445,Prep Set Tan Tanning Mist with Hyaluronic Acid,Iconic London,29.0,Skincare
P500412,Prep Set Tan Face and Body Brush,Iconic London,25.0,Skincare
P504574,Tint and Texture Brow Gel,Iconic London,26.0,Makeup
P429264,First Class Charcoal Detox Dry Shampoo,IGK,32.0,Hair
P410480,MISTRESS Hydrating Leave-In Conditioner Hair Balm,IGK,29.0,Hair
P410491,Beach Club Volume Texture Spray,IGK,34.0,Hair
P433830,Good Behavior Spirulina Protein Anti-Frizz Smoothing Spray,IGK,34.0,Hair
P430845,Mixed Feelings Purple Leave-In Blonde Toning Drops,IGK,29.0,Hair
P445737,Antisocial Leave-In Dry Hair Mask,IGK,34.0,Hair
P410477,RICH KID Coconut Oil Air-Dry Styling Cream,IGK,29.0,Hair
P460865,Good Behavior 4-in-1 Prep Spray,IGK,32.0,Hair
P422026,EXPENSIVE Hi-Shine Gloss Treatment,IGK,32.0,Hair
P426849,THIRSTY GIRL Coconut Milk Anti-Frizz Leave-in Conditioner,IGK,32.0,Hair
P439093,Crybaby Anti-Frizz Smoothing Serum,IGK,32.0,Hair
P426186,Mini Beach ClubVolume Texture Spray,IGK,16.0,Mini Size
P429266,Mini First Class Charcoal Detox Dry Shampoo,IGK,16.0,Mini Size
P426192,Mini Rich Kid Coconut Oil Gel,IGK,16.0,Mini Size
P429716,Mini Mistress Hydrating Hair Balm,IGK,16.0,Mini Size
P468150,Good Behavior Spirulina Protein Anti-Frizz Smoothing  Balm,IGK,34.0,Hair
P455859,Offline 3-Minute Hydration Hair Mask,IGK,38.0,Hair
P419625,Jet Lag Invisible Dry Shampoo,IGK,32.0,Hair
P410485,Hot Girls Hydrating Conditioner,IGK,27.0,Hair
P410484,Hot Girls Hydrating Shampoo,IGK,27.0,Hair
P447583,Mixed Feelings Leave-In Brunette Toning Drops,IGK,29.0,Hair
P471551,No Limit Dry Volume and Thickening Spray,IGK,32.0,Hair
P429263,Direct Flight Multi-Tasking Dry Shampoo,IGK,32.0,Hair
P441827,Next Level Nordic Cotton Volumizing Mist,IGK,28.0,Hair
P433836,Bad & Bougie Amla Oil Deep Repair Shampoo,IGK,27.0,Hair
P479725,Mini Good Behavior Spirulina Protein Anti-Frizz Smoothing Spray,IGK,16.0,Hair
P433837,Bad & Bougie Amla Oil Deep Repair Conditioner,IGK,27.0,Hair
P447584,1-800-Hold-Me No-Crunch Flexible Hold Hairspray,IGK,29.0,Hair
P444429,Thirsty Girl Coconut Milk Anti-Frizz Conditioner,IGK,27.0,Hair
P444428,Thirsty Girl Coconut Milk Anti-Frizz Shampoo,IGK,27.0,Hair
P429265,Mini Direct Flight Multi-Tasking Dry Shampoo,IGK,16.0,Mini Size
P471552,Legendary Shampoo,IGK,32.0,Hair
P475949,Big Time Volumizing Mousse,IGK,32.0,Hair
P455329,First Class Weightless Replenishing Conditioner,IGK,29.0,Hair
P477741,Extra Love Volume Shampoo,IGK,32.0,Hair
P471553,Legendary Conditioner,IGK,32.0,Hair
P459217,Summer Blonde Essentials Purple Blonde Toning Drops + Leave-In Conditioner,IGK,25.0,Hair
P500864,L.A. Blonde Purple Toning Leave-In Treatment Spray,IGK,29.0,Hair
P476691,Best Life Hair Oil,IGK,32.0,Hair
P477740,Extra Love Volume Conditioner,IGK,32.0,Hair
P500855,Blonde POP Purple Toning Shampoo,IGK,32.0,Hair
P500901,Blonde POP Purple Toning Conditioner,IGK,32.0,Hair
P455418,Super Serum Skin Tint SPF 40 Foundation,ILIA,48.0,Makeup
P431750,Limitless Lash Lengthening Clean Mascara,ILIA,28.0,Makeup
P411848,Multi-Stick Cream Blush + Highlighter + Lip Tint,ILIA,36.0,Makeup
P429548,True Skin Medium Coverage Serum Foundation with Niacinamide,ILIA,54.0,Makeup
P472978,Balmy Tint Hydrating Lip Balm,ILIA,28.0,Makeup
P444439,Mini Limitless Lash Lengthening Mascara,ILIA,13.0,Makeup
P464772,Liquid Powder Eye Shadow Tint,ILIA,28.0,Makeup
P441873,True Skin Serum Concealer with Vitamin C,ILIA,32.0,Makeup
P461456,Balmy Gloss Tinted Lip Oil,ILIA,26.0,Makeup
P448845,The Necessary Eyeshadow Palette,ILIA,40.0,Makeup
P444438,Color Haze Multi-Use Pigment,ILIA,32.0,Makeup
P436270,Color Block High Impact Lipstick,ILIA,28.0,Makeup
P411850,Tinted Lip Conditioner,ILIA,28.0,Makeup
P458753,NightLite Bronzer Powder,ILIA,34.0,Makeup
P417170,Soft Focus Finishing Powder,ILIA,36.0,Makeup
P500245,C Beyond Triple Serum SPF 40 Mineral Sunscreen with Vitamin C 10% + Niacinamide,ILIA,64.0,Skincare
P475110,Fullest Volumizing Mascara,ILIA,28.0,Makeup
P467765,Lip Wrap Overnight Treatment,ILIA,26.0,Makeup
P444919,Liquid Light Serum Highlighter,ILIA,42.0,Makeup
P480308,Lip Wrap Reviving Balm,ILIA,24.0,Makeup
P504071,Bright Start Retinol Alternative Brightening Eye Cream,ILIA,46.0,Skincare
P441874,True Skin Radiant Priming Serum,ILIA,52.0,Makeup
P407640,Illuminator,ILIA,36.0,Makeup
P475111,Mini Fullest Volumizing Mascara,ILIA,13.0,Makeup
P448847,Clean Line Liquid Eyeliner,ILIA,28.0,Makeup
P471245,Blue Light Protect + Set Mist,ILIA,38.0,Makeup
P448846,Clean Line Gel Eyeliner,ILIA,26.0,Makeup
P471246,Mini Blue Light Protect + Set Mist,ILIA,18.0,Makeup
P458754,DayLite Highlighter Powder,ILIA,34.0,Makeup
P439202,Essential Brow Natural Volumizing Brow Gel,ILIA,26.0,Makeup
P422517,Natural Brightening Eye Primer,ILIA,24.0,Makeup
P395417,Touch Home Permanent Hair Removal Device,iluminage,449.0,Skincare
P428120,Jelly Shot,INC.redible,10.0,Makeup
P441815,Roller Baby Lip Gloss,INC.redible,10.0,Makeup
P429434,You Glow Girl Iridescent Jelly,INC.redible,12.0,Makeup
P455637,Jammy Lips Sheer Lacquer Lip Tint,INC.redible,12.0,Makeup
P428119,In A Dream World Iridescent Sheer Gloss,INC.redible,13.0,Makeup
P436258,Cosmic Blur Set,INC.redible,15.0,Makeup
P449099,Just Kinda Bliss Hemp Hydration Lip Jelly,INC.redible,10.0,Makeup
P449102,Crystal Ball Roller Gloss,INC.redible,12.0,Skincare
P469478,Party Recharge Hydrating Hyaluronic Under Eye Masks,INC.redible,20.0,Skincare
P431104,Listen Hard Girl Neon Lip Paint,INC.redible,10.0,Makeup
P440660,Jelly Shot Heart Lip Quencher,INC.redible,10.0,Makeup
P446602,You Glow Girl Body Blur,INC.redible,15.0,Bath & Body
P481712,Party Recharge Cryo Me Crazy Under-eye Masks,INC.redible,20.0,Skincare
P458958,Hydrating Boob and Bum Sheet Mask Duo,INC.redible,15.0,Skincare
P432231,Hypno Highlight Creamy Shimmer Strobe,INC.redible,10.0,Makeup
P500421,Need A Spa Day Set,INC.redible,25.0,Bath & Body
P471037,Slushy Serum Moisturizer Crush Infused with Bakuchiol,iNNBEAUTY PROJECT,30.0,Skincare
P472469,Green Machine Vitamin C + Green Superfoods Jelly Serum,iNNBEAUTY PROJECT,34.0,Skincare
P480447,10 + 10 Moisturizer with 10% Vitamin C + 10% Peptide Complex + Ceramides,iNNBEAUTY PROJECT,35.0,Skincare
P471039,Pimple Paste Overnight Blemish Drying Paste,iNNBEAUTY PROJECT,17.0,Skincare
P483127,Retinol Remix 1% Retinol Treatment With Peptide & Tranexamic Acid,iNNBEAUTY PROJECT,48.0,Skincare
P471038,Glaze Lip Oil,iNNBEAUTY PROJECT,17.0,Skincare
P474329,Face Glaze Skin Barrier Protect & Glow Moisturizer,iNNBEAUTY PROJECT,25.0,Skincare
P503865,Bright & Tight Dark Circle Firming Eye Cream with Vitamin C & Peptides,iNNBEAUTY PROJECT,34.0,Skincare
P500687,Keep It Clean Hydrating Gel Cleanser with Ceramides & 10 Amino Acids,iNNBEAUTY PROJECT,26.0,Skincare
P471041,Down to Tone Resurfacing Acid Toner,iNNBEAUTY PROJECT,28.0,Skincare
P471042,Next Level Moisturizer,iNNBEAUTY PROJECT,24.0,Skincare
P502322,The Healthy Skin Edit Bestsellers Kit,iNNBEAUTY PROJECT,36.0,Skincare
P471040,Foam Around Clarifying Daily Cleanser Infused with Glycolic Acid,iNNBEAUTY PROJECT,22.0,Skincare
P504892,Refine AHA + BHA Texture & Pore Serum,iNNBEAUTY PROJECT,38.0,Skincare
P477413,GREEN MACHINE insta-glo resurfacing acid mask,iNNBEAUTY PROJECT,30.0,Skincare
P456392,Daily UV Defense Invisible Broad Spectrum SPF 36 Sunscreen,innisfree,16.0,Skincare
P468658,Volcanic AHA Pore Clearing Clay Mask,innisfree,16.0,Skincare
P503891,Green Tea Hyaluronic Acid Hydrating Moisturizer,innisfree,29.0,Skincare
P475951,Green Tea Hyaluronic Acid Hydrating Serum,innisfree,30.0,Skincare
P482006,Dewy Glow Moisturizer with Cherry Blossom & Niacinamide,innisfree,26.0,Skincare
P456395,Volcanic Clusters Pore Clearing Toner,innisfree,22.0,Skincare
P475112,Pore Clearing Matte Moisturizer with Volcanic Clusters,innisfree,24.0,Skincare
P468672,Clarifying Spot Serum with Bija Seed Oil,innisfree,18.0,Skincare
P482007,Dewy Glow Jam Cleanser with Jeju Cherry Blossom,innisfree,13.0,Skincare
P468671,Clarifying Cleansing Foam with Bija Seed Oil,innisfree,12.0,Skincare
P503928,Green Tea Hyaluronic Acid Face Cleanser,innisfree,12.0,Skincare
P503901,Hydration Heroes Green Tea Skincare Routine Set,innisfree,39.0,Skincare
P503890,Green Tea Hyaluronic Acid Hydrating Toner,innisfree,22.0,Skincare
P503942,Green Tea Hydrating Cleansing Oil,innisfree,24.0,Skincare
P503930,Green Tea Hyaluronic Acid Hydrating Eye Serum,innisfree,22.0,Skincare
P503935,Volcanic Pore Clearing Facial Cleanser with AHA + BHA,innisfree,14.0,Skincare
P503894,Green Tea Hyaluronic Acid Hydrating Eye Cream,innisfree,26.0,Skincare
P504840,Hydrate + Purify Mini Bestsellers Discovery Skincare Set,innisfree,18.0,Skincare
P431180,Self Tanning Bronzing Face Drops,Isle of Paradise,32.0,Skincare
P431181,Self-Tanning Water,Isle of Paradise,32.0,Skincare
P469482,Even Skin Tone Self-Tanning Body Butter,Isle of Paradise,28.0,Skincare
P443829,"Glow Clear, Color Correcting Self-Tanning Mousse",Isle of Paradise,32.0,Skincare
P482008,Self-Tanning Oil Mist,Isle of Paradise,32.0,Skincare
P456988,Own Your Glow Kit,Isle of Paradise,35.0,Skincare
P444614,Express Ultra Dark Mousse,Isle of Paradise,32.0,Skincare
P504162,Mini Self Tanning Bronzing Face Drops,Isle of Paradise,15.0,Bath & Body
P476540,Pro Glow Spray Tan Kit,Isle of Paradise,30.0,Skincare
P474957,Night Glow Self-Tan Face Mist,Isle of Paradise,24.0,Skincare
P474956,Day Dew Self-Tan Face Mist,Isle of Paradise,24.0,Skincare
P459140,Self-Tanning Water Refill,Isle of Paradise,24.0,Skincare
P470533,Blending Brush,Isle of Paradise,24.0,Skincare
P433155,Prep It Self-Tan Priming Spray,Isle of Paradise,24.0,Skincare
P444990,Blend It Multi-Purpose Self-Tan Blender,Isle of Paradise,22.0,Skincare
P431419,Over It Magic Self-Tan Eraser,Isle of Paradise,30.0,Skincare
P431418,Disco Tan Instant Wash-Off Body Bronzer,Isle of Paradise,24.0,Skincare
P482009,Self-Tanning Mitt,Isle of Paradise,10.0,Skincare
P504903,Self-Tanning Mousse,Isle of Paradise,32.0,Bath & Body
P505318,Self-Tanning Firming Body Drops,Isle of Paradise,38.0,Bath & Body
P411403,Confidence in a Cream Anti-Aging Hydrating Moisturizer,IT Cosmetics,20.0,Skincare
P437987,Bye Bye Under Eye Full Coverage Anti-Aging Waterproof Concealer,IT Cosmetics,29.0,Makeup
P411884,CC+ Cream Illumination with SPF 50+,IT Cosmetics,44.0,Makeup
P433435,CC+ Cream Oil-Free Matte with SPF 40,IT Cosmetics,44.0,Skincare
P482010,CC+ Nude Glow Lightweight Foundation + Glow Serum with SPF 40 and Niacinamide,IT Cosmetics,44.0,Makeup
P425876,Mini CC+ Cream Full Coverage Color Correcting Foundation with SPF 50+,IT Cosmetics,17.0,Makeup
P411401,Bye Bye Under Eye Brightening Eye Cream for Dark Circles,IT Cosmetics,49.5,Skincare
P411889,CC+ Airbrush Perfecting Powder Foundation,IT Cosmetics,39.0,Makeup
P446901,Mini Bye Bye Under Eye Full Coverage Anti-Aging Waterproof Concealer,IT Cosmetics,13.0,Makeup
P411886,Bye Bye Pores Translucent Pressed Setting Powder,IT Cosmetics,30.0,Makeup
P411393,Bye Bye Redness Neutralizing Color-Correcting Cream,IT Cosmetics,35.0,Skincare
P502656,Secret Sauce Moisturizer,IT Cosmetics,72.0,Skincare
P461600,Your Skin But Better Foundation + Skincare,IT Cosmetics,44.0,Makeup
P411396,Superhero Elastic Stretch Volumizing and Lengthening Mascara,IT Cosmetics,26.0,Makeup
P411392,Bye Bye Pores Airbrush Loose Setting Powder,IT Cosmetics,30.0,Makeup
P443586,Your Skin But Better Makeup Primer+,IT Cosmetics,39.5,Makeup
P439057,Confidence in a Gel Lotion,IT Cosmetics,45.0,Skincare
P426829,Confidence in a Cleanser Hydrating Facial Cleanser Serum,IT Cosmetics,29.0,Skincare
P454837,Confidence in Your Beauty Sleep Night Cream,IT Cosmetics,58.0,Skincare
P448147,Lash Blowout Volumizing Mascara,IT Cosmetics,26.0,Makeup
P482681,Bye Bye Makeup 3-in-1 Makeup Melting Cleansing Balm,IT Cosmetics,42.0,Skincare
P411397,Brow Power Universal Brow Pencil,IT Cosmetics,25.0,Makeup
P474332,Bye Bye Lines 1.5% Hyaluronic Acid Serum,IT Cosmetics,29.0,Skincare
P474330,Bye Bye Dark Spots 4% Niacinamide Serum,IT Cosmetics,29.0,Skincare
P474333,Bye Bye Pores 10% Glycolic Acid Serum,IT Cosmetics,29.0,Skincare
P479964,Superhero No-Tug Waterproof Eyeshadow Stick,IT Cosmetics,24.0,Makeup
P466663,Pillow Lips Solid Serum Lip Gloss,IT Cosmetics,24.0,Makeup
P456940,It's Your Skin But Better Setting Spray,IT Cosmetics,28.5,Makeup
P421923,Heavenly Luxe Wand Ball Powder Brush #8,IT Cosmetics,49.0,Makeup
P448934,Bye Bye Pores Leave-On Solution Pore-Refining Toner,IT Cosmetics,34.0,Skincare
P421927,Heavenly Luxe Dual Airbrush Concealer Brush #2,IT Cosmetics,25.0,Makeup
P468369,Hello Results Wrinkle-Reducing Daily Retinol Serum-in-Cream,IT Cosmetics,69.0,Skincare
P450994,Mini CC+ Cream Oil-Free Matte with SPF 40,IT Cosmetics,17.0,Makeup
P456941,Mini It's Your Skin But Better Setting Spray,IT Cosmetics,14.5,Mini Size
P456942,Superhero No-Tug Gel Eyeliner,IT Cosmetics,24.0,Makeup
P444303,Mini Superhero Elastic Stretch Volumizing Mascara,IT Cosmetics,15.0,Mini Size
P501475,Heavenly Luxe Complexion Perfection Brush #7,IT Cosmetics,49.0,Makeup
P421922,Heavenly Luxe Complexion Perfection Brush #7,IT Cosmetics,49.0,Makeup
P455610,Confidence in a Neck Cream,IT Cosmetics,54.0,Skincare
P427641,Mini Confidence in a Cream Hydrating Moisturizer,IT Cosmetics,20.0,Skincare
P444304,Mini Brow Power Universal Brow Pencil,IT Cosmetics,15.0,Mini Size
P461457,Brow Power Filler Volumizing Tinted Fiber Eyebrow Gel,IT Cosmetics,25.0,Makeup
P504805,Bye Bye Dark Spots Concealer + Serum with Niacinamide & Hyaluronic Acid,IT Cosmetics,30.0,Makeup
P430143,Mini Confidence in a Cleanser,IT Cosmetics,15.0,Skincare
P477170,Mini Confidence in Your Beauty Sleep Night Cream,IT Cosmetics,22.0,Mini Size
P500466,CC+ Foundation Customizable Set,IT Cosmetics,46.0,Makeup
P480610,Hello Results Baby-Smooth Glycolic Peel + Caring Oil,IT Cosmetics,59.0,Skincare
P12573,Intense Therapy Lip Balm SPF 25,Jack Black,10.0,Skincare
P40629,Double-Duty Face Moisturizer Broad Spectrum SPF 20,Jack Black,30.0,Men
P378718,Bump Fix Razor Bump & Ingrown Hair Solution,Jack Black,28.0,Men
P385674,Deep Dive Glycolic Facial Cleanser,Jack Black,24.0,Men
P397664,Oil-Free Sun Guard Sunscreen Water Resistant SPF 45,Jack Black,22.0,Men
P12571,Face Buff Energizing Scrub,Jack Black,20.0,Men
P171300,Pure Clean Daily Facial Cleanser,Jack Black,20.0,Men
P259950,Performance Remedy Turbo Wash  Energizing Cleanser for Hair & Body,Jack Black,24.0,Men
P12569,Beard Lube Conditioning Shave,Jack Black,35.0,Men
P379573,Epic Moisture MP10 Nourishing Oil,Jack Black,35.0,Bath & Body
P409928,Clean Break Oil-Free Moisturizer,Jack Black,30.0,Men
P399986,Beard Oil,Jack Black,28.0,Men
P12572,Industrial Strength Hand Healer,Jack Black,16.0,Bath & Body
P425329,Industrial Strength Hand Healer Mini,Jack Black,16.0,Mini Size
P236605,Protein Booster Skin Serum,Jack Black,62.0,Men
P12568,"All-Over Wash For Face, Hair & Body",Jack Black,24.0,Men
P298331,Power Peel Multi-Acid Resurfacing Pads,Jack Black,38.0,Men
P425428,Beard Grooming Kit,Jack Black,36.0,Men
P394957,Turbo Body Bar Scrubbing Soap,Jack Black,16.0,Men
P425430,Shave Essentials,Jack Black,30.0,Men
P12570,Eye Balm De-Puffing & Cooling Gel,Jack Black,26.0,Men
P183733,Supreme Cream Triple Cushion Shave Lather,Jack Black,22.0,Men
P12574,Line Smoother Oil-Free Moisturizer,Jack Black,32.0,Men
P96811,Pit Boss Antiperspirant & Deodorant,Jack Black,22.0,Bath & Body
P397025,Nourishing Hair & Scalp Conditioner,Jack Black,25.0,Men
P431732,Charcoal Body Bar Massaging Soap,Jack Black,16.0,Bath & Body
P96809,Cool Moisture Body Lotion,Jack Black,32.0,Men
P12577,Post Shave Cooling Gel,Jack Black,23.0,Men
P474057,Lip Service - Lip Balm Duo Mint & Shea,Jack Black,13.0,Skincare
P236606,Protein Booster Eye Rescue,Jack Black,41.0,Men
P458573,Lip Balm Trio,Jack Black,22.0,Skincare
P397665,Dry Erase Ultra-Calming Face Cream,Jack Black,40.0,Men
P427514,Beard Wash,Jack Black,19.0,Men
P428414,Skin Saviors,Jack Black,37.0,Skincare
P395117,Double Header Shampoo + Conditioner,Jack Black,34.0,Men
P397024,True Volume Thickening Shampoo,Jack Black,32.0,Men
P472471,Acne Remedy Overnight Repair Moisturizer,Jack Black,40.0,Skincare
P78300,Sleek Finish Texture Cream,Jack Black,16.0,Hair
P78301,Body-Building Hair Gel,Jack Black,16.0,Hair
P455232,Black Reserve Body & Hair Cleanser,Jack Black,52.0,Men
P395717,Clay Pomade,Jack Black,24.0,Hair
P237115,Beard Lube Conditioning Shave - 3 Pack,Jack Black,40.0,Men
P432240,Oil-Control Toner,Jack Black,25.0,Skincare
P477174,Charcoal Body Buff Exfoliating Cleanser,Jack Black,38.0,Bath & Body
P476571,Turbo Body Lotion Energizing Gel Moisturizer with Eucalyptus & Aloe,Jack Black,38.0,Skincare
P500444,Black Reserve Body & Hair Cleanser,Jack Black,24.0,Bath & Body
P455233,Pit CTRL Aluminum-Free Deodorant,Jack Black,22.0,Bath & Body
P472470,Acne Remedy Balancing Foam Cleanser,Jack Black,25.0,Skincare
P449156,Gold Sculpting Bar,Jillian Dempsey,195.0,Skincare
P505124,I Want Choo Eau de Parfum,JIMMY CHOO,132.0,Fragrance
P450176,Urban Hero Eau de Parfum,JIMMY CHOO,98.0,Fragrance
P467126,That Jlo Glow Brightening & Firming Serum with Niacinamide,JLo Beauty,79.0,Skincare
P467124,That Blockbuster Cream with Hyaluronic Acid,JLo Beauty,59.0,Skincare
P467123,That Big Screen Moisturizer with Broad Spectrum SPF 30,JLo Beauty,55.0,Skincare
P467122,That Fresh Take Eye Cream with Peptides,JLo Beauty,49.0,Skincare
P467120,That Hit Single Gel-Cream Cleanser,JLo Beauty,39.0,Skincare
P467118,That Limitless Glow Sheet Mask,JLo Beauty,49.0,Skincare
P501493,Firm + Flaunt Targeted Booty Balm,JLo Beauty,65.0,Bath & Body
P500002,Brighten. Tighten. Hydrate. 3-Piece Set,JLo Beauty,64.0,Skincare
P500318,That Overnight Hustle AHA + BHA Resurfacer,JLo Beauty,58.0,Skincare
P503897,Smooth + Seduce Contouring Body Cream with Caffeine,JLo Beauty,60.0,Bath & Body
P503902,Tighten + Tease Resurfacing Body Serum with AHAs,JLo Beauty,60.0,Bath & Body
P417179,Wood Sage & Sea Salt Cologne,Jo Malone London,155.0,Fragrance
P417181,Peony & Blush Suede Cologne,Jo Malone London,155.0,Fragrance
P461168,Cologne Discovery Set,Jo Malone London,20.0,Fragrance
P417182,Nectarine Blossom & Honey Cologne,Jo Malone London,155.0,Fragrance
P445101,Wood Sage & Sea Salt/ Peony & Blush Suede Mini Set,Jo Malone London,45.0,Fragrance
P417180,English Pear & Freesia Cologne,Jo Malone London,80.0,Fragrance
P456171,Wood Sage & Sea Salt/ English Pear & Freesia Mini Set,Jo Malone London,45.0,Fragrance
P417184,Wild Bluebell Cologne,Jo Malone London,155.0,Fragrance
P423281,Red Roses Cologne,Jo Malone London,155.0,Fragrance
P417183,Orange Blossom Cologne,Jo Malone London,155.0,Fragrance
P417178,Mimosa & Cardamom Cologne,Jo Malone London,155.0,Fragrance
P417185,Blackberry & Bay Cologne,Jo Malone London,155.0,Fragrance
P417192,Myrrh & Tonka Cologne Intense,Jo Malone London,220.0,Fragrance
P417195,Velvet Rose & Oud Cologne Intense,Jo Malone London,220.0,Fragrance
P417230,English Pear & Freesia Scent Surround Diffuser,Jo Malone London,105.0,Fragrance
P435343,Honeysuckle & Davana Cologne,Jo Malone London,155.0,Fragrance
P467626,Scarlet Poppy Cologne Intense,Jo Malone London,220.0,Fragrance
P417224,Peony & Blush Suede Candle,Jo Malone London,75.0,Fragrance
P469125,Mini Luxuries Set,Jo Malone London,50.0,Fragrance
P417193,Oud & Bergamot Cologne Intense,Jo Malone London,220.0,Fragrance
P417186,Lime Basil & Mandarin Cologne,Jo Malone London,155.0,Fragrance
P448108,Poppy & Barley Cologne,Jo Malone London,145.0,Fragrance
P429419,Jasmine Sambac & Marigold Cologne Intense,Jo Malone London,220.0,Fragrance
P417232,Red Roses Scent Surround Diffuser,Jo Malone London,105.0,Fragrance
P417189,Basil & Neroli Cologne,Jo Malone London,155.0,Fragrance
P417221,Wood Sage & Sea Salt Candle,Jo Malone London,75.0,Fragrance
P461942,Fig & Lotus Flower Cologne,Jo Malone London,145.0,Fragrance
P417222,English Pear & Freesia Candle,Jo Malone London,75.0,Fragrance
P503749,Wood Sage & Sea Salt Cologne Travel Spray,Jo Malone London,24.0,Fragrance
P463462,Vitamin E Lip Conditioner Balm,Jo Malone London,38.0,Makeup
P422439,English Oak & Hazelnut Cologne,Jo Malone London,155.0,Fragrance
P482013,Sea Daffodil Cologne,Jo Malone London,150.0,Fragrance
P417197,English Pear & Freesia Body & Hand Lotion,Jo Malone London,65.0,Bath & Body
P502036,Rose Blush Cologne,Jo Malone London,110.0,Fragrance
P475117,Mini Candle Collection,Jo Malone London,90.0,Fragrance
P504442,Rose Water and Vanilla Cologne Intense,Jo Malone London,110.0,Fragrance
P501349,Holiday Cologne Collection Set,Jo Malone London,115.0,Fragrance
P417229,Lime Basil & Mandarin Scent Surround Diffuser,Jo Malone London,105.0,Fragrance
P502006,Mini Essentials Set,Jo Malone London,38.0,Fragrance
P417212,Peony & Blush Suede Body Crème,Jo Malone London,90.0,Bath & Body
P417211,Wood Sage & Sea Salt Body Crème,Jo Malone London,90.0,Bath & Body
P417198,Nectarine Blossom & Honey Body & Hand Lotion,Jo Malone London,65.0,Bath & Body
P482014,Silk Blossom Cologne,Jo Malone London,150.0,Fragrance
P501999,Red Roses Cologne,Jo Malone London,110.0,Fragrance
P482015,Bitter Mandarin Cologne,Jo Malone London,150.0,Fragrance
P417199,Orange Blossom Body & Hand Lotion,Jo Malone London,65.0,Bath & Body
P417215,English Pear & Freesia Body Crème,Jo Malone London,90.0,Bath & Body
P417213,Nectarine Blossom & Honey Body Crème,Jo Malone London,90.0,Bath & Body
P448101,Peony & Blush Suede Diffuser,Jo Malone London,105.0,Fragrance
P417218,Lime Basil & Mandarin Candle,Jo Malone London,75.0,Fragrance
P417228,Red Roses Travel Candle,Jo Malone London,38.0,Fragrance
P417200,Lime Basil & Mandarin Body & Hand Lotion,Jo Malone London,65.0,Bath & Body
P469884,Yellow Hibiscus Cologne,Jo Malone London,144.0,Fragrance
P452820,Grapefruit Cologne,Jo Malone London,80.0,Fragrance
P417225,Orange Blossom Candle,Jo Malone London,75.0,Fragrance
P503306,Christmas Cracker Gift Set,Jo Malone London,48.0,Fragrance
P463463,Vitamin E Nourishing Hand Treatment Cream,Jo Malone London,65.0,Bath & Body
P466124,English Pear & Freesia Travel Candle,Jo Malone London,38.0,Fragrance
P417201,Blackberry & Bay Body & Hand Lotion,Jo Malone London,65.0,Bath & Body
P417210,Mimosa & Cardamom Body Crème,Jo Malone London,90.0,Bath & Body
P417214,Orange Blossom Body Crème,Jo Malone London,90.0,Bath & Body
P425814,Peony & Blush Suede Body & Hand Lotion,Jo Malone London,65.0,Bath & Body
P417220,Mimosa & Cardamom Candle,Jo Malone London,75.0,Fragrance
P468152,Mini Wood Sage & Sea Salt Body Crème,Jo Malone London,38.0,Bath & Body
P468154,Mini Peony & Blush Suede Body Crème,Jo Malone London,38.0,Bath & Body
P427381,Red Roses Body Crème,Jo Malone London,90.0,Bath & Body
P461943,Cypress & Grapevine Cologne Intense,Jo Malone London,145.0,Fragrance
P468153,Mini English Pear & Freesia Body Crème,Jo Malone London,38.0,Bath & Body
P466125,Lime Basil & Mandarin Travel Candle,Jo Malone London,38.0,Fragrance
P501800,Limited Edition English Pear & Freesia Cologne,Jo Malone London,80.0,Fragrance
P452818,Red Roses Candle,Jo Malone London,75.0,Fragrance
P435342,Honeysuckle & Davana Candle,Jo Malone London,75.0,Fragrance
P447134,Wild Bluebell Candle,Jo Malone London,75.0,Fragrance
P482016,Nectarine Blossom & Honey Diffuser,Jo Malone London,105.0,Fragrance
P447132,Nectarine Blossom & HoneyCandle,Jo Malone London,75.0,Fragrance
P505241,Osmanthus Blossom,Jo Malone London,158.0,Fragrance
P505254,Nashi Blossom,Jo Malone London,158.0,Fragrance
P502056,Rose Blush Candle,Jo Malone London,75.0,Fragrance
P417216,Lime Basil & Mandarin Body Crème,Jo Malone London,90.0,Bath & Body
P468157,Lime Basil & Madarin Soap,Jo Malone London,30.0,Bath & Body
P479635,Special-Edition Red Roses Candle,Jo Malone London,70.0,Fragrance
P468155,Mini Lime Basil & Mandarin Body Crème,Jo Malone London,38.0,Bath & Body
P468156,English Pear & Freesia Soap,Jo Malone London,30.0,Bath & Body
P452819,Grapefruit Candle,Jo Malone London,155.0,Fragrance
P436284,Peony & Blush Suede Travel Candle,Jo Malone London,38.0,Fragrance
P505245,Star Magnolia Blossom,Jo Malone London,158.0,Fragrance
P505242,Mini Blossoms Travel Spray Trio Set,Jo Malone London,80.0,Fragrance
P505271,Silk Blossom Diffuser,Jo Malone London,105.0,Fragrance
P218700,100 percent Pure Argan Oil,Josie Maran,49.0,Skincare
P283501,Argan Cleansing Oil,Josie Maran,36.0,Skincare
P287700,Whipped Argan Oil Body Butter,Josie Maran,38.0,Bath & Body
P404338,Whipped Argan Oil Face Butter,Josie Maran,45.0,Skincare
P377570,Argan Infinity Cream Intensive Creamy Oil,Josie Maran,28.0,Skincare
P384780,Pure Argan Milk Intensive Hydrating Treatment,Josie Maran,56.0,Skincare
P407445,Vibrancy Argan Oil Foundation Fluid,Josie Maran,45.0,Makeup
P454084,Argan Beta Retinol Pink Algae Serum,Josie Maran,69.0,Skincare
P458900,Pineapple Enzyme Pore Clearing Cleanser,Josie Maran,29.0,Skincare
P471043,Argan Pro-Retinol Eye Cream,Josie Maran,42.0,Skincare
P446641,Argan Bright Skin Vitamin C Serum,Josie Maran,66.0,Skincare
P425901,Mini 100 percent Pure Argan Oil,Josie Maran,18.0,Mini Size
P394124,Argan Daily Moisturizer Tinted SPF 47 Protect + Perfect,Josie Maran,38.0,Skincare
P468161,Whipped Argan Pro-Retinol Body Butter,Josie Maran,46.0,Bath & Body
P434559,Vibrancy Argan Oil Full Coverage Concealer Fluid,Josie Maran,28.0,Makeup
P504044,Pro-Retinol Megamoisture Face Cream,Josie Maran,54.0,Skincare
P482269,Get Even Sun Milk SPF 33,Josie Maran,46.0,Skincare
P223416,Bear Naked Wipes,Josie Maran,12.0,Makeup
P425900,Mini Bear Naked Wipes,Josie Maran,12.0,Mini Size
P480175,"Intensive Daily Repair Body Butter for Eczema, Extra Dry, and Sensitive Skin",Josie Maran,46.0,Bath & Body
P444042,Whipped Argan Oil SPF 45 Body Butter,Josie Maran,42.0,Bath & Body
P500500,Mini Get Even Sun Milk SPF 33,Josie Maran,17.0,Mini Size
P503123,Smooth Like Butter Kit,Josie Maran,30.0,Skincare
P436742,Essential High Coverage Liquid Concealer,Jouer Cosmetics,25.0,Makeup
P434021,Blush Bouquet Duo Blush Palette,Jouer Cosmetics,33.0,Makeup
P434015,Essential High Coverage Crème Foundation,Jouer Cosmetics,38.0,Makeup
P434022,Powder Highlighter,Jouer Cosmetics,25.0,Makeup
P448510,Essential Lip Enhancer Shine Balm,Jouer Cosmetics,22.0,Makeup
P454984,Essential High Coverage Concealer Pen,Jouer Cosmetics,24.0,Makeup
P443567,Soft Focus Hydrate + Set Powder,Jouer Cosmetics,32.0,Makeup
P475118,"Bloom, Bronze & Glow Bronzer & Highlighter Duo",Jouer Cosmetics,32.0,Makeup
P447156,Rose Gold Blush Bouquet Dual Blush Palette Mini,Jouer Cosmetics,19.0,Makeup
P463464,Blush & Bloom Cheek + Lip Duo,Jouer Cosmetics,32.0,Makeup
P481715,Essential Lip Enhancer,Jouer Cosmetics,17.0,Makeup
P451644,Essential Lip Care Duo,Jouer Cosmetics,25.0,Makeup
P472817,Blush & Bloom Cheek + Lip Duo- French Riviera,Jouer Cosmetics,32.0,Makeup
P502307,Mini Blush & Bloom Cheek and Lip Tint Set,Jouer Cosmetics,34.0,Mini Size
P480311,Mini Hydrate + Repair Moisture Face Mist with Blue Light Protection,Jouer Cosmetics,20.0,Makeup
P480310,Hydrate + Repair Moisture Face Mist with Blue Light Protection,Jouer Cosmetics,35.0,Makeup
P219412,Viva La Juicy,Juicy Couture,86.0,Fragrance
P377519,Viva La Juicy Rollerball,Juicy Couture,27.0,Fragrance
P387939,Viva La Juicy Gold Couture,Juicy Couture,86.0,Fragrance
P381110,Viva La Juicy Noir,Juicy Couture,106.0,Fragrance
P395313,Not A Perfume,Juliette Has a Gun,140.0,Fragrance
P408989,Not A Perfume Travel Spray,Juliette Has a Gun,30.0,Fragrance
P445401,Vanilla Vibes,Juliette Has a Gun,140.0,Fragrance
P470219,PEAR INC.,Juliette Has a Gun,140.0,Fragrance
P501813,Mini Bestselling Not A Perfume Set,Juliette Has a Gun,30.0,Fragrance
P445402,Vanilla Vibes Travel Spray,Juliette Has a Gun,30.0,Fragrance
P500034,Not a Perfume Sampler Set,Juliette Has a Gun,28.0,Fragrance
P470220,PEAR INC. Travel Spray,Juliette Has a Gun,30.0,Fragrance
P412535,MMMM…,Juliette Has a Gun,140.0,Fragrance
P412676,MMMM… Travel Spray,Juliette Has a Gun,30.0,Fragrance
P431232,Moscow Mule,Juliette Has a Gun,140.0,Fragrance
P482682,Magnolia Bliss Eau de Parfum,Juliette Has a Gun,140.0,Fragrance
P395315,Universal Purse Spray,Juliette Has a Gun,35.0,Fragrance
P395311,Lady Vengeance,Juliette Has a Gun,140.0,Fragrance
P502369,Essential Wardrobe Eau de Parfum Set,Juliette Has a Gun,50.0,Fragrance
P458630,Not A Perfume Superdose Travel Spray,Juliette Has a Gun,32.0,Fragrance
P408988,Lady Vengeance Travel Spray,Juliette Has a Gun,30.0,Fragrance
P458629,Not A Perfume Superdose,Juliette Has a Gun,155.0,Fragrance
P482683,Magnolia Bliss Eau de Parfum Travel Spray,Juliette Has a Gun,30.0,Fragrance
P423770,Sunny Side Up Travel Spray,Juliette Has a Gun,30.0,Fragrance
P423771,Sunny Side Up,Juliette Has a Gun,140.0,Fragrance
P405279,Another Oud,Juliette Has a Gun,150.0,Fragrance
P469132,Musc Invisible,Juliette Has a Gun,140.0,Fragrance
P461945,Lipstick Fever Eau de Parfum,Juliette Has a Gun,140.0,Fragrance
P454540,Not A Hair & Body Mist,Juliette Has a Gun,58.0,Fragrance
P395309,Mad Madame,Juliette Has a Gun,145.0,Fragrance
P454539,Not A Hand Cream,Juliette Has a Gun,24.0,Bath & Body
P461946,Mini Lipstick Fever Eau de Parfum Travel Spray,Juliette Has a Gun,30.0,Fragrance
P469133,Musc Invisible Travel Spray,Juliette Has a Gun,30.0,Fragrance
P476865,Lili Fantasy Eau de Parfum,Juliette Has a Gun,140.0,Fragrance
P476866,Lili Fantasy Eau de Parfum Travel Spray,Juliette Has a Gun,30.0,Fragrance
P431233,Moscow Mule Travel Spray,Juliette Has a Gun,30.0,Fragrance
P476441,Complete Pre-Wash Scalp &HairStrengthening TreatmentOil,JVN,29.0,Hair
P479464,Complete Nourishing Hair Oil Shine Drops,JVN,24.0,Hair
P476438,Complete Hydrating Air Dry Hair Cream,JVN,26.0,Hair
P501186,Complete Blowout Styling Milk,JVN,29.0,Hair
P476440,Complete Instant Recovery Heat Protectant Leave-In Serum,JVN,29.0,Hair
P503813,Embody Volumizing Hair  Foam,JVN,29.0,Hair
P500628,Complete Leave-In Conditioning Mist,JVN,21.0,Hair
P500882,Mini Complete Hydrating Air Dry Hair Cream,JVN,12.0,Hair
P476453,Embody Daily Volumizing Shampoo,JVN,21.0,Hair
P479969,Complete Hydration Hair Set,JVN,24.0,Hair
P476531,Nurture Hydrating Shampoo,JVN,21.0,Hair
P476530,Nurture Hydrating Conditioner,JVN,21.0,Hair
P476529,Nurture Deep Moisture Mask,JVN,24.0,Hair
P500846,Mini Complete Leave-In Conditioning Mist,JVN,12.0,Hair
P476452,Embody Daily Volumizing Conditioner,JVN,21.0,Hair
P476577,Undamage Strengthening Shampoo,JVN,21.0,Hair
P476576,Undamage Strengthening Conditioner,JVN,21.0,Hair
P479847,Mini Leave-In Molecular Repair Hair Mask,K18 Biomimetic Hairscience,29.0,Hair
P479846,Leave-In Molecular Repair Hair Mask,K18 Biomimetic Hairscience,75.0,Hair
P501449,PEPTIDE PREP Clarifying Detox Shampoo,K18 Biomimetic Hairscience,38.0,Hair
P501500,PEPTIDE PREP pH Maintenance Shampoo,K18 Biomimetic Hairscience,36.0,Hair
P504132,Mini PEPTIDE PREP Clarifying Detox Shampoo,K18 Biomimetic Hairscience,14.0,Mini Size
P436148,Eye Bento Bouncy Eyeshadow Trio,Kaja,26.0,Makeup
P439943,Heart Melter Lip Gloss Stick,Kaja,19.0,Makeup
P436152,Cheeky Stamp Blendable Blush,Kaja,27.0,Makeup
P443514,Moon Crystal Sparkling Eye Pigment,Kaja,19.0,Makeup
P471556,"Face Bento Cream Bronzer, Powder Blush & Highlighter Sculpting Trio",Kaja,28.0,Makeup
P481098,LOVE SWIPE Lightweight Cushiony Lip Mousse,Kaja,21.0,Makeup
P449090,Wink Stamp Original Waterproof Wing Eyeliner Stamp & Pen,Kaja,29.0,Makeup
P436155,Mochi Glow Bouncy Highlighter,Kaja,21.0,Makeup
P468163,Gloss Shot Hydrating Lip Gloss,Kaja,19.0,Makeup
P436156,Mochi Pop Bouncy Blush,Kaja,21.0,Makeup
P504365,Jelly Charm Glazed Lip Stain & Blush With Keychain,Kaja,25.0,Makeup
P482684,Whipped Dream Multi-Eye & Cheek Color,Kaja,21.0,Makeup
P436154,Don't Settle Concealer,Kaja,19.0,Makeup
P463306,Joystick Brightening Undereye Setting Powder,Kaja,20.0,Makeup
P476697,Wink Lash Trio Mascara,Kaja,30.0,Makeup
P436151,Cat Nap Under Eye Brightener,Kaja,21.0,Makeup
P468164,Lip Bento Balm + Scrub,Kaja,19.0,Makeup
P472166,Love Beat Makeup Sponge,Kaja,14.0,Makeup
P501443,Wink Stamp Long Waterproof Wing Eyeliner Stamp & Pen,Kaja,29.0,Makeup
P462371,Mist Me Hydrating Face Mist,Kaja,17.0,Makeup
P504277,Face Stone Nourishing Solid Refillable Facial Oil with Tamanu + Blue Tansy,Kate McLeod,68.0,Skincare
P500479,Mini Sex Stone Solid Body Moisturizer,Kate McLeod,12.0,Bath & Body
P484051,Daily Stone Solid Body Moisturizer,Kate McLeod,45.0,Bath & Body
P484052,Mini Daily Stone Solid Body Moisturizer,Kate McLeod,12.0,Bath & Body
P500467,Mini Sleep Stone Solid Body Moisturizer,Kate McLeod,12.0,Mini Size
P500486,Sex Stone Solid Body Moisturizer,Kate McLeod,45.0,Bath & Body
P500498,Sleep Stone Solid Body Moisturizer,Kate McLeod,45.0,Bath & Body
P500483,Mini Grounding Stone Solid Body Moisturizer,Kate McLeod,12.0,Mini Size
P503553,Forest Stone Solid Refillable Body Moisturizer,Kate McLeod,45.0,Bath & Body
P500468,Grounding Stone Solid Body Moisturizer,Kate McLeod,45.0,Bath & Body
P503576,The Travel Case,Kate McLeod,22.0,Tools & Brushes
P503917,Mini Forest Stone Solid Body Moisturizer,Kate McLeod,12.0,Bath & Body
P232903,EradiKate Acne Treatment,Kate Somerville,28.0,Skincare
P232915,ExfoliKate Intensive Pore Exfoliating Treatment,Kate Somerville,98.0,Skincare
P425877,Mini ExfoliKate Intensive Pore Exfoliating Treatment,Kate Somerville,28.0,Mini Size
P421276,ExfoliKate Glow Moisturizer,Kate Somerville,76.0,Skincare
P404322,ExfoliKate Cleanser Daily Foaming Wash,Kate Somerville,44.0,Skincare
P232906,Oil Free Moisturizer,Kate Somerville,76.0,Skincare
P415667,EradiKate Daily Cleanser Acne Treatment,Kate Somerville,44.0,Skincare
P232910,Goat Milk Moisturizing Cream,Kate Somerville,76.0,Skincare
P232907,Anti Bac Acne Clearing Lotion,Kate Somerville,56.0,Skincare
P306941,DermalQuench Hyaluronic Acid Hydration Treatment,Kate Somerville,110.0,Skincare
P377368,D-Scar Scar Diminishing Serum,Kate Somerville,56.0,Skincare
P425882,Mini ExfoliKate� Cleanser Daily Foaming Wash,Kate Somerville,22.0,Mini Size
P442867,Kx Active Concentrates Bio-Mimicking Peptides Serum,Kate Somerville,98.0,Skincare
P415202,Wrinkle Warrior 2-in-1 Plumping Moisturizer + Serum,Kate Somerville,98.0,Skincare
P457695,DeliKate Recovery Cream,Kate Somerville,76.0,Skincare
P439927,Liquid ExfoliKate Triple Acid Resurfacing Treatment,Kate Somerville,72.0,Skincare
P232902,Gentle Daily Wash,Kate Somerville,44.0,Skincare
P448932,+Retinol Vitamin C Moisturizer,Kate Somerville,110.0,Skincare
P440305,Goat Milk Moisturizing Cleanser,Kate Somerville,44.0,Skincare
P457697,DeliKate Recovery Serum,Kate Somerville,98.0,Skincare
P457696,DeliKate Soothing Cleanser,Kate Somerville,44.0,Skincare
P411881,Retinol Firming Eye Cream,Kate Somerville,98.0,Skincare
P470535,"KateCeuticals Resurfacing Overnight Peel with Glycolic Acid, Retinol & Niacinamide",Kate Somerville,98.0,Skincare
P436365,+Retinol Vita C Power Serum,Kate Somerville,110.0,Skincare
P412117,Dry Skin Saver,Kate Somerville,56.0,Skincare
P433468,EradiKate Salicylic Acid Acne Treatment,Kate Somerville,68.0,Skincare
P469111,KateCeuticals Lifting Eye Cream,Kate Somerville,140.0,Skincare
P471045,Daily Deflector Mineral Sunscreen SPF 40  PA++++,Kate Somerville,54.0,Skincare
P469112,KateCeuticals Total Repair Cream,Kate Somerville,140.0,Skincare
P421271,Wrinkle Warrior Eye Gel Visible Dark Circle Eraser,Kate Somerville,76.0,Skincare
P502200,HydraKate Recharging Serum with Hyaluronic Acid,Kate Somerville,78.0,Skincare
P479701,EradiKate Acne Mark Fading Gel with Salicylic Acid,Kate Somerville,68.0,Skincare
P382356,Age Arrest Anti-Wrinkle Cream,Kate Somerville,98.0,Skincare
P502197,HydraKate Recharging Water Cream Moisturizer,Kate Somerville,76.0,Skincare
P469110,KateCeuticals Firming Serum with Hyaluronic Acid,Kate Somerville,110.0,Skincare
P479703,EradiKate Clarifying Acne Gel Cleanser with Salicylic Acid,Kate Somerville,44.0,Skincare
P467028,Glow In A Wink ExfoliKate Bestsellers Set,Kate Somerville,72.0,Skincare
P404232,DermalQuench +Retinol Advanced Resurfacing Treatment,Kate Somerville,110.0,Skincare
P232920,Line Release Under Eye Repair Cream,Kate Somerville,140.0,Skincare
P481355,ExfoliKate  Resurfacing Body Scrub,Kate Somerville,56.0,Bath & Body
P383308,Age Arrest Eye Cream,Kate Somerville,98.0,Skincare
P460511,Mini Liquid ExfoliKate Triple Acid Resurfacing Treatment,Kate Somerville,24.0,Skincare
P500124,EradiKate Try-Me-Kit,Kate Somerville,49.0,Skincare
P502195,DelIKate Try Me Kit,Kate Somerville,49.0,Skincare
P502186,Retinol Try Me Kit,Kate Somerville,59.0,Skincare
P500155,ExfoliKate All Over Glow Kit,Kate Somerville,115.0,Skincare
P439406,VANILLA | 28,KAYALI,125.0,Fragrance
P468450,VANILLA | 28 Travel Spray,KAYALI,25.0,Fragrance
P503601,Discovery Sampler Set,KAYALI,25.0,Fragrance
P501018,LOVEFEST BURNING CHERRY | 48,KAYALI,125.0,Fragrance
P479717,EDEN JUICY APPLE | 01,KAYALI,125.0,Fragrance
P479718,EDEN JUICY APPLE  | 01 Travel Spray,KAYALI,25.0,Fragrance
P473710,UTOPIA VANILLA COCO | 21,KAYALI,100.0,Fragrance
P500987,Lovefest Burning Cherry | 48 Travel Spray,KAYALI,25.0,Fragrance
P474954,UTOPIA VANILLA COCO | 21 Travel Spray,KAYALI,25.0,Fragrance
P474055,INVITE ONLY AMBER | 23,KAYALI,138.0,Fragrance
P502074,Vanilla Royale Sugared Patchouli | 64 Eau de Parfum Intense,KAYALI,100.0,Fragrance
P468826,SWEET DIAMOND PINK PEPPER  | 25,KAYALI,100.0,Fragrance
P502088,Vanilla Royale Sugared Patchouli | 64 Eau de Parfum Intense Travel Spray,KAYALI,25.0,Fragrance
P474056,INVITE ONLY AMBER | 23  Travel Spray,KAYALI,27.0,Fragrance
P455258,DÉJÀ VU WHITE FLOWER | 57,KAYALI,125.0,Fragrance
P439404,ELIXIR | 11,KAYALI,125.0,Fragrance
P472036,SWEET DIAMOND PINK PEPPER  | 25 Travel Spray,KAYALI,27.0,Fragrance
P439405,MUSK | 12,KAYALI,25.0,Fragrance
P468446,DÉJÀ VU WHITE FLOWER | 57 Travel Spray,KAYALI,27.0,Fragrance
P468448,MUSK | 12 Travel Spray,KAYALI,25.0,Fragrance
P463451,VANILLA | 28 & MUSK | 12 Doublesided Travel Rollerball,KAYALI,27.0,Fragrance
P501260,Vanilla Juicy Apple Set,KAYALI,85.0,Fragrance
P503670,Travel Spray Trio Set,KAYALI,55.0,Fragrance
P478278,SWEET DIAMOND | 25 & UTOPIA VANILLA COCO | 21 Double Rollerball,KAYALI,27.0,Fragrance
P462863,DÉJÀ VU WHITE FLOWER Hair Mist,KAYALI,43.0,Fragrance
P439403,CITRUS | 08,KAYALI,125.0,Fragrance
P505421,YUM PISTACHIO GELATO | 33 EDP INTENSE,KAYALI,138.0,Fragrance
P476689,INVITE ONLY AMBER | 23 & DÉJÀ VU WHITE FLOWER | 57 Double Rollerball,KAYALI,27.0,Fragrance
P434411,Elixir Ultime Hydrating Hair Oil Serum,Kérastase,54.0,Hair
P446354,Mini Elixir Ultime Hydrating Hair Oil Serum,Kérastase,26.0,Hair
P446338,Nutritive 8H Magic Night Serum Hydrating Treatment,Kérastase,59.0,Hair
P434402,Nutritive Heat Protecting Leave-In Treatment For Dry Hair,Kérastase,45.0,Hair
P434431,Resistance Heat Protecting Leave In Treatment for Damaged Hair,Kérastase,45.0,Hair
P434428,Resistance Strengthening Shampoo for Damaged Hair,Kérastase,38.0,Hair
P434423,Initialiste Strengthening & Volumizing Advanced Scalp & Hair Serum,Kérastase,58.0,Hair
P441845,Blond Absolu Anti-Brass Purple Shampoo,Kérastase,40.0,Hair
P434440,Densifique Thickening Shampoo for Thinning Hair,Kérastase,40.0,Hair
P461173,Blond Absolu Overnight Recovery Treatment for Lightened Hair,Kérastase,59.0,Hair
P479848,Chroma Absolu High Shine Gloss Treatment for Color-Treated Hair,Kérastase,55.0,Hair
P434429,Resistance Strengthening Conditioner for Damaged Hair,Kérastase,42.0,Hair
P434435,Resistance Hair Serum for Extremely Damaged Hair,Kérastase,45.0,Hair
P441847,Blond Absolu Strengthening Conditioner,Kérastase,46.0,Hair
P441848,Blond Absolu Heat Protecting Leave-In Treatment for Blonde Hair,Kérastase,45.0,Hair
P447573,Mini Resistance Heat Protecting Leave In Treatment for Damaged Hair,Kérastase,24.0,Hair
P434406,Nutritive Mask for Severely Dry Hair,Kérastase,63.0,Hair
P434436,Resistance Strengthening Shampoo for Damaged Lengths and Split Ends,Kérastase,40.0,Hair
P434413,Discipline Sulfate-Free Smoothing Shampoo for Frizzy Hair,Kérastase,40.0,Hair
P441844,Blond Absolu Anti-Brass Purple Hair Mask,Kérastase,68.0,Hair
P434417,Discipline Anti-Frizz Smoothing Spray,Kérastase,45.0,Hair
P434418,Discipline Heat Protecting Leave-In Treatment For Frizzy Hair,Kérastase,45.0,Hair
P454999,Genesis Strengthening Serum for Hair and Scalp,Kérastase,58.0,Hair
P441846,Blond Absolu Hydrating Illuminating Shampoo,Kérastase,40.0,Hair
P434430,Resistance Strengthening Hair Mask for Damaged Hair,Kérastase,63.0,Hair
P434439,Resistance Strengthening Scalp & Hair Serum for Damaged Hair,Kérastase,58.0,Hair
P449767,Energizing Scrub: Purifying Scrub for Oily Scalp,Kérastase,56.0,Hair
P466882,Chronologiste Heat Protecting Leave-In Treatment for Dull and Brittle Hair,Kérastase,54.0,Hair
P468828,Blond Absolu Strengthening Hair Mask for Very Damaged Blonde Hair,Kérastase,68.0,Hair
P468829,Blond Absolu Strengthening Hair Oil for Very Damaged Blonde Hair,Kérastase,54.0,Hair
P454998,Genesis Heat Protecting Leave-In Treatment for Weakened Hair,Kérastase,45.0,Hair
P434441,Densifique Thickening Conditioner for Thinning Hair,Kérastase,46.0,Hair
P472042,Curl Manifesto Hydrating Leave-In Cream for Curly Hair,Kérastase,45.0,Hair
P474336,Specifique Divalent Balancing Shampoo for Oily Scalp & Hair,Kérastase,40.0,Hair
P457412,Fresh Affair Fine Fragrance & Oil-Absorbing Dry Shampoo,Kérastase,38.0,Hair
P454994,Genesis Strengthening Shampoo for Normal to Oily Hair,Kérastase,40.0,Hair
P448445,Discipline Oleo-Relax Anti-Frizz Hair Oil Serum,Kérastase,45.0,Hair
P434415,Discipline Smoothing Conditioner for Frizzy Hair,Kérastase,46.0,Hair
P472045,Curl Manifesto Curl Refreshing & Restyling Spray,Kérastase,45.0,Hair
P434434,Resistance Strengthening Hair Mask for Extremely Damaged Hair,Kérastase,68.0,Hair
P480317,Chroma Absolu Anti-Frizz Leave-In Treatment for Color-Treated Hair,Kérastase,45.0,Hair
P480318,Chroma Absolu Shampoo for Fine to Medium Color-Treated Hair,Kérastase,40.0,Hair
P434437,Resistance Strengthening Conditioner for Damaged Lengths & Split Ends,Kérastase,46.0,Hair
P466880,Chronologiste Shampoo for Dull and Brittle Hair,Kérastase,45.0,Hair
P468830,Mini Blond Absolu Strengthening Hair Oil for Very Damaged Blonde Hair,Kérastase,26.0,Hair
P480314,Chroma Absolu Strengthening Conditioner for Color-Treated Hair,Kérastase,46.0,Hair
P434398,Nutritive Shampoo for Dry Hair,Kérastase,38.0,Hair
P454996,Genesis Strengthening Conditioner,Kérastase,46.0,Hair
P457413,Mini Fresh Affair Fine Fragrance & Oil-Absorbing Dry Shampoo,Kérastase,24.0,Hair
P466881,Chronologiste Hair Mask for Dull and Brittle Hair,Kérastase,75.0,Hair
P434456,L'incroyable Blow-Dry Reshapable Hair Lotion,Kérastase,45.0,Hair
P434399,Nutritive Conditioner for Normal to Dry Hair,Kérastase,42.0,Hair
P472039,Curl Manifesto Sulfate-Free Shampoo for Curly Hair,Kérastase,40.0,Hair
P472044,Curl Manifesto Curl Defining Gel-Cream,Kérastase,45.0,Hair
P454997,Genesis Strengthening Hair Mask,Kérastase,68.0,Hair
P477478,Potentialiste Hydrating & Soothing Scalp Serum,Kérastase,58.0,Hair
P434401,Nutritive Mask for Dry Thick Hair,Kérastase,63.0,Hair
P434432,Resistance Strengthening Shampoo for Extremely Damaged Hair,Kérastase,40.0,Hair
P466884,Mini Blond Absolu Heat Protecting Leave-In Treatment for Blonde Hair,Kérastase,22.0,Hair
P434438,Resistance Strengthening Mask for Lengths & Split Ends,Kérastase,68.0,Hair
P434416,Discipline Smoothing Hair Mask for Frizzy Hair,Kérastase,68.0,Hair
P434400,Nutritive Mask for Dry Fine Hair,Kérastase,63.0,Hair
P434404,Nutritive Shampoo for Severely Dry Hair,Kérastase,38.0,Hair
P472040,Curl Manifesto Lightweight Conditioner for Curly Hair,Kérastase,46.0,Hair
P448158,Resistance Heat Protecting Leave-In Treatment for Split Ends,Kérastase,45.0,Hair
P434405,Nutritive Conditioner for Severely Dry Hair,Kérastase,42.0,Hair
P454995,Genesis Strengthening Shampoo for Normal to Dry Hair,Kérastase,40.0,Hair
P468827,Blond Absolu Moisturizing Cream Shampoo for Very Damaged Blonde Hair,Kérastase,40.0,Hair
P434397,Nutritive Shampoo for Normal to Dry Hair,Kérastase,38.0,Hair
P453691,Mini Resistance Heat Protecting Leave-In Treatment for Split Ends,Kérastase,22.0,Hair
P472041,Curl Manifesto Nourishing Mask for Curly Hair,Kérastase,68.0,Hair
P480315,Chroma Absolu Strengthening Mask for Color-Treated Hair,Kérastase,68.0,Hair
P472043,Curl Manifesto Nourishing Scalp & Hair Oil,Kérastase,54.0,Hair
P434442,Densifique Leave-In Thickening Mousse,Kérastase,45.0,Hair
P434409,Elixir Ultime Hydrating Hair Mask,Kérastase,68.0,Hair
P474337,Specifique Divalent Purifying Clay Shampoo for Oily Hair,Kérastase,54.0,Hair
P434408,Elixir Ultime Hydrating Shampoo,Kérastase,40.0,Hair
P466885,Mini Blond Absolu Hydrating Illuminating Shampoo,Kérastase,21.0,Hair
P434443,Densifique Thickening Mask for Thinning Hair,Kérastase,68.0,Hair
P448444,Discipline Oleo-Relax Anti-Frizz Hair Mask,Kérastase,68.0,Hair
P448443,Discipline Oleo-Relax Anti-Frizz Shampoo,Kérastase,40.0,Hair
P434407,Nutritive Hair Balm for Severely Dry Hair,Kérastase,45.0,Hair
P434452,VIP Strong Hold Texturizing Hair Spray,Kérastase,32.0,Hair
P504612,Symbiose Antidandruff Hydrating Shampoo,Kérastase,40.0,Hair
P434410,Elixir Ultime Hydrating Conditioner,Kérastase,46.0,Hair
P480313,Chroma Absolu Shampoo for Medium to Thick Color-Treated Hair,Kérastase,40.0,Hair
P449768,Relaxing Scrub: Soothing Scrub for Dry Scalp,Kérastase,56.0,Hair
P466883,Mini Blond Absolu Strengthening Conditioner,Kérastase,24.0,Hair
P466879,Chronologiste Detoxifying Charcoal Pre-Shampoo,Kérastase,52.0,Hair
P447576,Mini Nutritive Conditioner for Normal to Dry Hair,Kérastase,24.0,Hair
P434451,Mousse Bouffante Volumizing Hair Mousse,Kérastase,32.0,Hair
P474338,Specifique Divalent Hydrating Gel-Mask for Oily Hair,Kérastase,68.0,Hair
P434455,Laque Couture Medium Hold Hair Spray,Kérastase,32.0,Hair
P434444,Densifique Bodifying Shampoo for Men,Kérastase,38.0,Hair
P504621,Symbiose Antidandruff Hydrating Night Serum,Kérastase,59.0,Hair
P480316,Chroma Absolu Anti-Copper Green Mask for Color-Treated Hair,Kérastase,52.0,Hair
P504603,Symbiose Silicone-Free Hydrating Conditioner for Scalp & Hair,Kérastase,46.0,Hair
P434392,Aura Botanica Conditioner,Kérastase,42.0,Hair
P504588,Chronologiste L’Huile de Parfum Fragrance Hair Oil,Kérastase,74.0,Hair
P440662,Laque Extreme Hair Spray,Kérastase,32.0,Hair
P500317,Genesis Homme Thickening Shampoo for Men,Kérastase,40.0,Hair
P504616,Symbiose Deeply Hydrating Hair Mask for Damaged Hair,Kérastase,68.0,Hair
P504599,Symbiose Exfoliating Antidandruff Scalp Scrub,Kérastase,47.0,Hair
P500315,Genesis Homme Hair Thickening Spray for Men,Kérastase,45.0,Hair
P500305,Genesis Homme Strengthening Shampoo for Men,Kérastase,40.0,Hair
P500300,Genesis Homme Light-Hold Styling Wax Pomade,Kérastase,45.0,Hair
P462868,Discipline Cleansing Conditioner,Kérastase,48.0,Hair
P479496,Potentialiste Hydrating & Soothing Scalp Serum,Kérastase,58.0,Hair
P421996,Ultra Facial Moisturizing Cream with Squalane,Kiehl's Since 1851,78.0,Skincare
P422510,Mini Ultra Facial Moisturizing Cream with Squalane,Kiehl's Since 1851,24.0,Skincare
P422000,Creamy Eye Treatment with Avocado,Kiehl's Since 1851,36.0,Skincare
P435805,Mini Creamy Eye Treatment with Avocado,Kiehl's Since 1851,36.0,Mini Size
P421998,Midnight Recovery Concentrate Moisturizing Face Oil,Kiehl's Since 1851,56.0,Skincare
P445951,Midnight Recovery Concentrate Moisturizing Face Oil,Kiehl's Since 1851,30.0,Skincare
P454838,Powerful-Strength Dark Circle Reducing Vitamin C Eye Serum,Kiehl's Since 1851,55.0,Skincare
P422022,Clearly Corrective Dark Spot Correcting Serum,Kiehl's Since 1851,65.0,Skincare
P455611,Clearly Corrective Dark Spot Solution Duo,Kiehl's Since 1851,125.0,Skincare
P422007,Ultra Facial Cleanser,Kiehl's Since 1851,30.0,Skincare
P501029,Retinol Fast-Release Wrinkle Reducing Night Serum,Kiehl's Since 1851,85.0,Skincare
P422505,Olive Fruit Oil Deeply Repairative Hair Pak,Kiehl's Since 1851,32.0,Hair
P474840,Micro-Dose Anti-Aging Retinol Serum with Ceramides and Peptide,Kiehl's Since 1851,65.0,Skincare
P457864,Vital Skin-Strengthening Hyaluronic Acid Super Serum,Kiehl's Since 1851,60.0,Skincare
P480177,Super Multi-Corrective Anti-Aging Eye Cream,Kiehl's Since 1851,60.0,Skincare
P422002,Rare Earth Deep Pore Minimizing Cleansing Clay Mask,Kiehl's Since 1851,45.0,Skincare
P474060,Mini Rare Earth Deep Pore Minimizing Cleansing Clay Mask,Kiehl's Since 1851,25.0,Skincare
P472472,Ferulic Brew Facial Treatment Essence with Lactic Acid,Kiehl's Since 1851,60.0,Skincare
P421999,Crème de Corps Hydrating Body Lotion with Squalane,Kiehl's Since 1851,34.0,Bath & Body
P422269,Creme de Corps Soy Milk & Honey Whipped Body Butter,Kiehl's Since 1851,45.0,Bath & Body
P422640,Ultimate Strength Hand Salve,Kiehl's Since 1851,32.0,Bath & Body
P479329,Ultra Facial Overnight Hydrating Face Mask with 10.5% Squalane,Kiehl's Since 1851,45.0,Skincare
P427529,Powerful-Strength Vitamin C Serum,Kiehl's Since 1851,78.0,Skincare
P446422,Avocado Nourishing Hydration Mask,Kiehl's Since 1851,48.0,Skincare
P503913,Ultra Facial Advanced Repair Barrier Cream,Kiehl's Since 1851,48.0,Skincare
P422013,Calendula Deep Clean Foaming Face Wash,Kiehl's Since 1851,38.0,Skincare
P470221,Milk-Peel Gentle Exfoliating Toner,Kiehl's Since 1851,60.0,Skincare
P431735,Mini Ultimate Strength Hand Salve,Kiehl's Since 1851,22.0,Bath & Body
P483664,Midnight  Recovery Omega-Rich Cloud Cream,Kiehl's Since 1851,60.0,Skincare
P422257,Midnight Recovery Botanical Cleansing Oil,Kiehl's Since 1851,35.0,Skincare
P440937,Cannabis Sativa Seed Oil Herbal Concentrate (Hemp-Derived),Kiehl's Since 1851,55.0,Skincare
P449541,Pure Vitality Skin Renewing Cream,Kiehl's Since 1851,75.0,Skincare
P470040,Ultra Facial Oil-Free Gel Cream,Kiehl's Since 1851,38.0,Skincare
P421997,Calendula Herbal Extract Alcohol Free Toner,Kiehl's Since 1851,47.0,Skincare
P432239,Buttermask Intense Repair Lip Treatment,Kiehl's Since 1851,28.0,Skincare
P422248,Rare Earth Deep Pore Daily Cleanser,Kiehl's Since 1851,28.0,Skincare
P422011,Ultra Facial Toner,Kiehl's Since 1851,24.0,Skincare
P437672,Mini Calendula Herbal Extract Alcohol Free Toner,Kiehl's Since 1851,29.0,Mini Size
P461948,Super Multi-Corrective Anti-Aging Face and Neck Cream,Kiehl's Since 1851,76.0,Skincare
P422012,Ultra Facial Cream Sunscreen SPF 30,Kiehl's Since 1851,38.0,Skincare
P422003,Daily Reviving Concentrate,Kiehl's Since 1851,59.0,Skincare
P422638,Facial Fuel Energizing Moisturizer for Men,Kiehl's Since 1851,45.0,Men
P422275,Amino Acid Shampoo,Kiehl's Since 1851,26.0,Hair
P429522,Super Fluid Daily UV Defense Sunscreen Broad Spectrum SPF 50+,Kiehl's Since 1851,68.0,Skincare
P422004,Ultra Facial Moisturizer Sunscreen SPF 30,Kiehl's Since 1851,38.0,Skincare
P422005,Ultra Facial Moisturizer,Kiehl's Since 1851,38.0,Skincare
P435804,Mini Crème de Corps Hydrating Body Lotion with Squalane,Kiehl's Since 1851,16.0,Mini Size
P431733,Epidermal Re-Texturizing Micro-Dermabrasion,Kiehl's Since 1851,46.0,Skincare
P422492,Facial Fuel Energizing Face Wash,Kiehl's Since 1851,25.0,Men
P422249,Amino Acid Conditioner,Kiehl's Since 1851,27.0,Hair
P422481,"""Ultimate Man"" Body Scrub Soap",Kiehl's Since 1851,20.0,Men
P461947,Calendula Petal-Infused Calming Mask with Aloe Vera,Kiehl's Since 1851,47.0,Skincare
P436378,Dermatologist Solutions Centella Sensitive Cica-Cream,Kiehl's Since 1851,46.0,Skincare
P422253,Rare Earth Pore Refining Tonic,Kiehl's Since 1851,25.0,Skincare
P422503,Oil Eliminator Deep Cleansing Exfoliating Face Wash For Men,Kiehl's Since 1851,28.0,Men
P422493,Facial Fuel Energizing Scrub,Kiehl's Since 1851,26.0,Men
P467628,Mini Clearly Corrective Dark Spot Correcting Serum,Kiehl's Since 1851,35.0,Skincare
P422500,Nourishing Olive Fruit Oil Conditioner,Kiehl's Since 1851,27.0,Hair
P422842,Age Defender Eye Repair,Kiehl's Since 1851,40.0,Men
P422494,Facial Fuel Energizing Tonic For Men,Kiehl's Since 1851,25.0,Men
P422260,Super Multi-Corrective Cream Sunscreen Broad Spectrum SPF 30,Kiehl's Since 1851,95.0,Skincare
P422496,Grooming Solutions Nourishing Beard Grooming Oil,Kiehl's Since 1851,36.0,Men
P432820,Body Fuel All-In-One Energizing Wash,Kiehl's Since 1851,25.0,Men
P482021,Ultra Facial Hydrating Concentrated Cleansing Bar,Kiehl's Since 1851,20.0,Skincare
P422484,Age Defender Power Serum,Kiehl's Since 1851,60.0,Men
P480176,Mini Calendula Deep Clean Foaming Face Wash,Kiehl's Since 1851,18.0,Skincare
P422498,Grooming Solutions Texturizing Clay,Kiehl's Since 1851,20.0,Hair
P504464,Mask and Moisturize Duo Skincare Gift Set,Kiehl's Since 1851,30.0,Skincare
P477811,Rare Earth Pore Minimizing Lotion,Kiehl's Since 1851,33.0,Skincare
P505339,Ultra Pure High-Potency 5.0% Niacinamide Serum,Kiehl's Since 1851,35.0,Skincare
P505376,Ultra Pure High-Potency 9.8% Glycolic Acid Serum,Kiehl's Since 1851,35.0,Skincare
P505614,Ultra Facial Cream Refill Bundle,Kiehl's Since 1851,78.0,Skincare
P504635,Ultra Pure Hyaluronic Acid 1.5% Serum,Kiehl's Since 1851,35.0,Skincare
P505499,Deep Pore Cleansing Kit,Kiehl's Since 1851,63.0,Skincare
P505615,Ultra Facial Cleanser Home & Away Bundle,Kiehl's Since 1851,26.0,Skincare
P429621,"Love, Don't Be Shy",KILIAN Paris,275.0,Fragrance
P460005,"Love, Don't Be Shy Travel Spray",KILIAN Paris,50.0,Fragrance
P433937,Princess Eau de Parfum,KILIAN Paris,125.0,Fragrance
P465332,Angels Share Eau De Parfum,KILIAN Paris,230.0,Fragrance
P433938,Princess Eau de Parfum Travel Spray,KILIAN Paris,30.0,Fragrance
P480179,Angels Share Eau De Parfum Travel Spray,KILIAN Paris,50.0,Fragrance
P429631,Good Girl Gone Bad by KILIAN,KILIAN Paris,275.0,Fragrance
P429620,"Love, Don't be Shy Mini Spray Set",KILIAN Paris,215.0,Fragrance
P452620,Rolling in Love,KILIAN Paris,275.0,Fragrance
P429627,"Black Phantom - ""Memento Mori""",KILIAN Paris,275.0,Fragrance
P475958,Apple Brandy Eau de Parfum,KILIAN Paris,230.0,Fragrance
P481717,Good Girl Gone Bad by KILIAN Travel Spray,KILIAN Paris,50.0,Fragrance
P480178,Apple Brandy Eau de Parfum Travel Spray,KILIAN Paris,50.0,Fragrance
P429630,Good Girl Gone Bad by KILIAN Mini Spray Set,KILIAN Paris,215.0,Fragrance
P429619,Intoxicated,KILIAN Paris,275.0,Fragrance
P465333,Roses On Ice Eau De Parfum,KILIAN Paris,230.0,Fragrance
P429629,"Straight To Heaven, White Cristal",KILIAN Paris,275.0,Fragrance
P504776,Can't Stop Loving You,KILIAN Paris,275.0,Fragrance
P429623,Moonlight in Heaven,KILIAN Paris,275.0,Fragrance
P481103,"Love, Don't Be Shy-EXTREME",KILIAN Paris,340.0,Fragrance
P482023,Good Girl Gone Bad Eau Fraîche,KILIAN Paris,240.0,Fragrance
P429626,"Black Phantom - ""Memento Mori"" Mini Spray Set",KILIAN Paris,215.0,Fragrance
P429628,"Straight To Heaven, White Cristal Travel Spray Set",KILIAN Paris,215.0,Fragrance
P429625,Vodka on the Rocks,KILIAN Paris,275.0,Fragrance
P502585,Rose Oud Eau de Parfum,KILIAN Paris,265.0,Fragrance
P504994,Mini Perfume Icons Sampler Set,KILIAN Paris,30.0,Fragrance
P502624,Sacred Wood Eau de Parfum,KILIAN Paris,275.0,Fragrance
P479710,Good Girl Gone Bad Travel Spray,KILIAN Paris,50.0,Fragrance
P501476,Mini Icons Discovery Set,KILIAN Paris,30.0,Fragrance
P431509,Aqua Foundation,Koh Gen Do,96.0,Makeup
P294018,Cleansing Spa Water Cloths,Koh Gen Do,23.0,Skincare
P480321,Tropical Cocount Melt,Kopari,29.0,Bath & Body
P434336,Mini Noni Glow Face Oil,KORA Organics,28.0,Skincare
P418624,Noni Glow Plumping Face Oil,KORA Organics,72.0,Skincare
P471046,Turmeric Glow Brightening Moisturizer,KORA Organics,62.0,Skincare
P455241,Noni Night AHA Pore & Resurfacing Serum,KORA Organics,74.0,Skincare
P433627,Turmeric BHA Pore & Brightening Treatment Mask,KORA Organics,52.0,Skincare
P461177,Mini Turmeric BHA Pore & Brightening Treatment Mask,KORA Organics,18.0,Skincare
P468684,Milky Mushroom Gentle Cleansing Oil Makeup Remover,KORA Organics,44.0,Skincare
P476876,Berry Bright Firming Vitamin C Eye Cream,KORA Organics,58.0,Skincare
P428816,Noni Radiant Brightening Eye Oil,KORA Organics,42.0,Skincare
P446419,Noni Bright 12% Vitamin C Serum,KORA Organics,73.0,Skincare
P500618,Turmeric Glow Foaming Cleanser,KORA Organics,44.0,Skincare
P418625,Noni Glow Hydrating & Toning Body Oil,KORA Organics,63.0,Bath & Body
P500055,Active Algae Lightweight Moisturizer,KORA Organics,48.0,Skincare
P474068,Minty Mineral Hydration Face Mist with Aloe Vera,KORA Organics,44.0,Skincare
P440072,Noni Glow Overnight Plumping Hydration Mask,KORA Organics,52.0,Skincare
P502630,Turmeric Invigorating Body Scrub,KORA Organics,60.0,Bath & Body
P432835,Rose Quartz Facial De-Puffing & Lifting Gua Sha,KORA Organics,63.0,Skincare
P502854,Nourishing Hand & Body Lotion,KORA Organics,55.0,Bath & Body
P502837,Renewing Hand & Body Wash,KORA Organics,48.0,Bath & Body
P456412,Greek Yoghurt Foaming Cream Cleanser,KORRES,28.0,Skincare
P480612,Santorini Grape Poreless Skin Cream,KORRES,38.5,Skincare
P456207,Greek Yoghurt Nourishing Probiotic Gel-Cream,KORRES,38.5,Skincare
P456418,Wild Rose Night-Brightening Sleeping Facial,KORRES,50.0,Skincare
P456417,Wild Rose Brightening Absolute Oil,KORRES,54.0,Skincare
P456414,Greek Yoghurt Probiotic Superdose Face Mask,KORRES,52.0,Skincare
P474340,Santorini Grape Velvet Skin Drink,KORRES,50.0,Skincare
P456421,Black Pine 3D Eye-Lift Super Serum,KORRES,61.0,Skincare
P456413,Mini Greek Yoghurt Foaming Cream Cleanser,KORRES,16.0,Skincare
P455919,MenoReverse Volumizing Serum-in-Moisturizer,KORRES,45.0,Skincare
P456151,Revealer Super Creamy + Brightening Concealer and Daytime Eye Cream,Kosas,30.0,Makeup
P468685,Cloud Set Baked Setting & Smoothing Talc-Free Vegan Powder,Kosas,35.0,Makeup
P481396,Revealer Skin-Improving Foundation SPF 25 with Hyaluronic Acid and Niacinamide,Kosas,42.0,Makeup
P451920,Wet Lip Oil Plumping Treatment Gloss,Kosas,22.0,Makeup
P441884,Tinted Face Oil Comfy Skin Tint,Kosas,42.0,Makeup
P471049,Air Brow Tinted Clean Volumizing Eyebrow Gel,Kosas,24.0,Makeup
P443764,Kosasport LipFuel Hyaluronic Acid Lip Balm,Kosas,18.0,Makeup
P447744,10-Second Eye Gel Watercolor Eyeshadow,Kosas,15.0,Makeup
P471048,Air Brow Clear + Clean Lifting Treatment Eyebrow Gel with Lamination Effect,Kosas,24.0,Makeup
P503996,Mini Revealer Super Creamy + Brightening Concealer and Daytime Eye Cream,Kosas,15.0,Makeup
P474961,Wet Lip Oil Plumping Treatment Gloss - Undressed Collection,Kosas,22.0,Makeup
P461178,Chemistry AHA Serum Deodorant,Kosas,16.0,Bath & Body
P441886,Color & Light: Crème Cream Blush & Highlighter Duo,Kosas,34.0,Makeup
P503896,Glow I.V. Vitamin-Infused Skin Illuminating Enhancer,Kosas,38.0,Makeup
P457455,The Sun Show Glowy Warmth Talc-Free Baked Bronzer,Kosas,35.0,Makeup
P471047,Brow Pop Clean Dual-Action Defining Eyebrow Pencil,Kosas,24.0,Makeup
P474069,Good Body Skin AHA + Enzyme Exfoliating Body Wash,Kosas,22.0,Bath & Body
P462872,The Big Clean Longwear Volumizing + Lash Care Mascara,Kosas,26.0,Makeup
P500329,Plump + Juicy Lip Booster Buttery Treatment,Kosas,25.0,Skincare
P502288,Revealer Dual-Ended Makeup Blender Sponge,Kosas,14.0,Makeup
P502745,Plump + Juicy Vegan Collagen + Probiotic Spray-On Serum,Kosas,48.0,Skincare
P501578,GrowPotion Fluffy Brow + Lash Boosting Serum,Kosas,48.0,Makeup
P475122,Mini The Big Clean Longwear Volumizing + Lash Care Mascara,Kosas,13.0,Mini Size
P501568,Underlined Kajal Clean Waterproof Long-Wear Eyeliner,Kulfi,20.0,Makeup
P501589,Main Match Crease-Proof Long-Wear Hydrating Concealer,Kulfi,26.0,Makeup
P504604,Mehndi Moment Long-Lasting Radiant Cream Blush,Kulfi,28.0,Makeup
P245205,Tattoo Liner Vegan Waterproof Liquid Eyeliner,KVD Beauty,25.0,Makeup
P311138,Lock-It Full-Coverage Long-Wear Matte Liquid Foundation,KVD Beauty,40.5,Makeup
P413458,Shade + Light Refillable Powder Face Contour Palette,KVD Beauty,52.5,Makeup
P418804,Everlasting Lip Liner,KVD Beauty,22.5,Makeup
P430718,"Super Pomade Vegan Eyeliner, Shadow & Brow Pigment",KVD Beauty,25.0,Makeup
P469488,Good Apple Lightweight Full-Coverage Cream Foundation Balm,KVD Beauty,42.5,Makeup
P385908,Ink Liner Waterproof Felt-Tip Liquid Eyeliner,KVD Beauty,25.0,Makeup
P409988,Lock-It Setting Powder,KVD Beauty,35.0,Makeup
P418800,Lock-It Refillable Mattifying Pressed Finishing Powder,KVD Beauty,35.0,Makeup
P420220,Saint Eau de Parfum,KVD Beauty,85.0,Fragrance
P392437,Lock-It Hydrating Primer,KVD Beauty,34.0,Makeup
P420219,Sinner Eau de Parfum,KVD Beauty,85.0,Fragrance
P483466,Tattoo Pencil Liner Waterproof Long-Wear Gel Eyeliner,KVD Beauty,23.0,Makeup
P501592,Everlasting Hyperlight Vegan Transfer-Proof Liquid Lipstick,KVD Beauty,23.0,Makeup
P468169,Mini Tattoo Liner Vegan Waterproof Liquid Eyeliner,KVD Beauty,15.0,Makeup
P441024,Lock-It Powder Foundation,KVD Beauty,37.0,Makeup
P454732,Everlasting Blush,KVD Beauty,29.5,Makeup
P464781,Dazzle Vegan Long-Wear Eyeshadow Stick,KVD Beauty,24.0,Makeup
P420218,Saint Eau de Parfum Travel Spray,KVD Beauty,22.0,Fragrance
P481106,Good Apple Lightweight Full-Coverage Concealer,KVD Beauty,30.0,Makeup
P438613,Mini Lock-It Full-Coverage Long-Wear Matte Liquid Foundation,KVD Beauty,18.0,Mini Size
P454032,XO Vinyl Lip Cream Lip Gloss,KVD Beauty,20.0,Makeup
P475569,ModCon Long-Wear Hydrating Liquid-Gel Contour,KVD Beauty,29.5,Makeup
P430304,#70 Pomade Brow Brush,KVD Beauty,20.0,Tools & Brushes
P504366,Good Apple Full-Coverage Transfer-Proof Vegan Serum Foundation,KVD Beauty,42.0,Makeup
P442770,Go Big or Go Home Long-Wear Vegan Volumizing Mascara,KVD Beauty,25.0,Makeup
P463638,Kitten Mini: Glamrok Shade + Light Eyeshadow Quad,KVD Beauty,19.0,Makeup
P418801,Lock-It Finishing Powder Refill,KVD Beauty,22.0,Makeup
P454733,Kitten Mini: Purrfect Cat Eyes Mini Mascara & Eyeliner Set,KVD Beauty,20.0,Makeup
P460562,Shake Primer High-Impact Invisible Eyeshadow Primer,KVD Beauty,22.0,Makeup
P447557,Lock-It Powder Foundation Refills,KVD Beauty,24.0,Makeup
P446787,Mini Go Big or Go Home Long-Wear Vegan Volumizing Mascara,KVD Beauty,13.0,Mini Size
P472980,ModCon Liquid-Gel Blush,KVD Beauty,29.5,Makeup
P462706,Epic Curl Vegan Lash Primer,KVD Beauty,24.0,Makeup
P504596,Lock-It Vegan Pore-Refining Hydrating Primer with Rice Water,KVD Beauty,34.0,Makeup
P504620,Mini Everlasting Hyperlight Vegan Transfer-Proof Liquid Lipstick,KVD Beauty,13.0,Makeup
P307907,Hand Cream,L'Occitane,30.0,Bath & Body
P107319,Cleansing And Softening Refillable Shower Oil With Almond Oil,L'Occitane,29.0,Bath & Body
P162554,Almond Smoothing and Beautifying Supple Skin Oil,L'Occitane,50.0,Bath & Body
P425327,Mini Hand Cream,L'Occitane,12.5,Mini Size
P66703,Almond Milk Concentrate,L'Occitane,55.0,Bath & Body
P387512,Shea Nail And Cuticle Oil,L'Occitane,20.0,Makeup
P238001,Shea Butter Ultra Rich Body Cream,L'Occitane,49.0,Bath & Body
P425324,Cleansing And Softening Shower Oil With Almond Oil Mini,L'Occitane,10.5,Mini Size
P39678,Shea Butter Rich Body Lotion,L'Occitane,35.0,Bath & Body
P39950,Lavender Harvest Foaming Bath,L'Occitane,39.0,Bath & Body
P392873,Almond Exfoliating And Smoothing Delicious Paste,L'Occitane,49.0,Bath & Body
P39675,100 percent Pure Shea Butter,L'Occitane,40.0,Bath & Body
P387511,Immortelle Divine Cream,L'Occitane,115.0,Skincare
P392869,Moisturizing And Smoothing Milk Veil,L'Occitane,45.0,Bath & Body
P449167,Shea Butter Intensive Hand Balm,L'Occitane,38.0,Bath & Body
P442735,Almond Delightful Body Balm,L'Occitane,40.0,Bath & Body
P428817,Shea Shower Oil,L'Occitane,29.0,Bath & Body
P451282,Shea Butter Foot Cream,L'Occitane,30.0,Bath & Body
P39890,Verbena Shower Gel,L'Occitane,22.0,Bath & Body
P442734,Immortelle Reset Overnight Reset Oil-In Serum,L'Occitane,65.0,Skincare
P457273,Immortelle Overnight Reset Eye Serum,L'Occitane,60.0,Skincare
P457274,Hand Cream Trio,L'Occitane,29.0,Skincare
P467255,Steampod Flat Iron & Styler,L'Oreal Professionnel,250.0,Hair
P477186,Limited Edition Barbie x Steampod Flat Iron & Styler,L'Oreal Professionnel,250.0,Hair
P505037,SteamPod Flat Iron & Styler Limited Edition Bundle,L'Oreal Professionnel,250.0,Hair
P416341,Crème de la Mer Moisturizer,La Mer,380.0,Skincare
P426501,Mini Crème de la Mer Moisturizer,La Mer,100.0,Skincare
P461949,The Concentrate Serum,La Mer,425.0,Skincare
P480613,The Treatment Lotion,La Mer,180.0,Skincare
P482024,Mini The Treatment Lotion,La Mer,125.0,Skincare
P475124,The Hydrating Infused Emulsion,La Mer,125.0,Skincare
P455924,The Eye Concentrate Cream,La Mer,260.0,Skincare
P417241,The Renewal Oil,La Mer,270.0,Skincare
P417242,The Lip Balm,La Mer,75.0,Skincare
P450290,The Regenerating Serum,La Mer,410.0,Skincare
P429637,The Moisturizing Cool Gel Cream,La Mer,200.0,Skincare
P416344,The Cleansing Foam,La Mer,95.0,Skincare
P505160,The Moisturizing Soft Cream Moisturizer,La Mer,380.0,Skincare
P417107,The Moisturizing Soft Lotion,La Mer,320.0,Skincare
P417118,The Broad Spectrum SPF 50 UV Protecting Fluid,La Mer,105.0,Skincare
P421249,The Moisturizing Matte Lotion,La Mer,320.0,Skincare
P444964,The Lip Volumizer,La Mer,85.0,Skincare
P480450,The Lip Polish,La Mer,75.0,Makeup
P417111,The Eye Balm Intense,La Mer,260.0,Skincare
P448182,The Hydrating Illuminator,La Mer,90.0,Makeup
P431416,The Replenishing Oil Exfoliator,La Mer,135.0,Skincare
P417243,The Tonic,La Mer,95.0,Skincare
P417114,The Cleansing Micellar Water,La Mer,95.0,Skincare
P417116,The Body Crème,La Mer,300.0,Bath & Body
P416538,The Lifting and Firming Mask,La Mer,300.0,Skincare
P417115,The Intensive Revitalizing Mask,La Mer,200.0,Skincare
P416725,The Revitalizing Hydrating Serum,La Mer,255.0,Skincare
P433962,Treatment Lotion Hydrating Mask,La Mer,190.0,Skincare
P428636,Mini The Cleansing Foam,La Mer,25.0,Skincare
P428637,Mini The Lifting and Firming Mask,La Mer,95.0,Skincare
P461950,Mini The Concentrate Serum,La Mer,220.0,Skincare
P417110,The Lifting Eye Serum,La Mer,300.0,Skincare
P475961,Crème de La Mer Duet,La Mer,380.0,Skincare
P428639,Mini The Renewal Oil,La Mer,145.0,Skincare
P454083,The Renewal Body Oil Balm,La Mer,210.0,Bath & Body
P430405,Mini The Moisturizing Cool Gel Cream,La Mer,100.0,Skincare
P459501,The Perfecting Primer,La Mer,95.0,Makeup
P501264,The Hydrating Treatment Lotion & Crème Set,La Mer,200.0,Skincare
P505144,Mini Moisturizing Soft Cream Moisturizer,La Mer,100.0,Mini Size
P308201,Teint Idole Ultra 24H Long Wear Matte Foundation,Lancôme,57.0,Makeup
P128706,Cils Booster XL Super-Enhancing Mascara Primer,Lancôme,30.0,Makeup
P467208,Lash Idôle Lash-Lifting & Volumizing Mascara,Lancôme,30.0,Makeup
P379510,Advanced Génifique Radiance Boosting Face Serum,Lancôme,132.0,Skincare
P375939,La Vie Est Belle,Lancôme,118.0,Fragrance
P54509,Tonique Confort Re-Hydrating Comforting Toner with Acacia Honey,Lancôme,39.0,Skincare
P453825,Hydra Zen Glow Liquid Lightweight Moisturizer with Hyaluronic Acid,Lancôme,54.0,Skincare
P473717,Teint Idole Ultra Wear All Over Full Coverage Concealer,Lancôme,29.0,Makeup
P419848,Monsieur Big Volumizing Mascara,Lancôme,30.0,Makeup
P54477,Bi-Facil Double-Action Eye Makeup Remover,Lancôme,38.0,Makeup
P431511,L'Absolu Lacquer Long-Lasting Liquid Lipstick,Lancôme,32.0,Makeup
P422430,Hydra Zen Gel-Cream Oil-Free Moisturizer with Salicylic Acid,Lancôme,48.0,Skincare
P399503,DRAMA LIQUI-PENCIL Longwear Eyeliner,Lancôme,23.0,Makeup
P54450,Dèfinicils High Definition Lengthening Mascara,Lancôme,33.0,Makeup
P457812,Juicy Tubes Original Lip Gloss,Lancôme,24.0,Makeup
P470041,"UV Expert Aquagel Defense Sunscreen, Primer & Moisturizer SPF 50 Duo",Lancôme,65.0,Skincare
P375841,Advanced Génifique Yeux Light-Pearl Eye Serum,Lancôme,80.0,Skincare
P467209,Mini Lash Idôle Lash-Lifting & Volumizing Mascara,Lancôme,16.0,Mini Size
P244911,L'Absolu Rouge Cream Lipstick,Lancôme,35.0,Makeup
P428823,SKIN FEELS GOOD Tinted Moisturizer with SPF 23,Lancôme,37.0,Makeup
P470536,Clarifique Exfoliating & Hydrating Face Essence with Glycolic Acid,Lancôme,95.0,Skincare
P54419,DUAL FINISH – Multi-tasking Longwear Powder Foundation,Lancôme,50.0,Makeup
P244006,HYPNÔSE DRAMA Instant Full Body Volume Mascara,Lancôme,33.0,Makeup
P448111,Idôle Eau de Parfum,Lancôme,118.0,Fragrance
P422457,Mini Cils Booster XL Super-Enhancing Mascara Primer,Lancôme,16.0,Mini Size
P472981,Advanced Génifique Wrinkle & Dark Circle Eye Cream,Lancôme,79.0,Skincare
P479971,Rénergie H.C.F. Triple Serum: For Plumping & Anti-Aging,Lancôme,140.0,Skincare
P500706,Teint Idole Ultra Wear Care & Glow Foundation​ with Hyaluronic Acid,Lancôme,57.0,Makeup
P422464,Mini Monsieur Big Mascara,Lancôme,16.0,Mini Size
P54443,ARTLINER Precision Felt-Tip Liquid Eyeliner,Lancôme,31.0,Makeup
P468688,Teint Idole Ultra Wear 5-In-1 Foundation Stick,Lancôme,49.0,Makeup
P502761,Advanced Génifique Night Cream with Triple Ceramide Complex,Lancôme,95.0,Skincare
P65300,Hypnôse Volumizing Mascara,Lancôme,33.0,Makeup
P437230,L'Absolu Rouge Drama Matte Lipstick,Lancôme,35.0,Makeup
P429440,Monsieur Big Waterproof Mascara,Lancôme,30.0,Makeup
P219008,La Base Pro Perfecting and Smoothing Makeup Primer,Lancôme,42.0,Makeup
P217932,Crème Radiance Gentle Cleansing Creamy-Foam Cleanser,Lancôme,34.0,Skincare
P54433,Le Lip Liner,Lancôme,28.0,Makeup
P453826,Rénergie Lift Multi-Action Ultra Dark Spot Correcting Cream SPF 30,Lancôme,135.0,Skincare
P467630,Rénergie Lift Multi-Action Ultra Dark Circle Correcting Eye Cream,Lancôme,82.0,Skincare
P262303,Hypnôse Drama Instant Full Body Volume Waterproof Mascara,Lancôme,33.0,Makeup
P54444,LE STYLO WATERPROOF - Long Lasting Eyeliner,Lancôme,28.0,Makeup
P54417,DÉFINICILS WATERPROOF - High Definition Mascara,Lancôme,33.0,Makeup
P293302,HYPNÔSE DOLL LASHES Mascara,Lancôme,33.0,Makeup
P375938,Trésor Midnight Rose,Lancôme,125.0,Fragrance
P481824,Idôle Ultra-Precise Felt Tip Liquid Eyeliner,Lancôme,23.0,Makeup
P422456,Mini Bi-Facil Double-Action Eye Makeup Remover,Lancôme,18.0,Mini Size
P484054,La Vie Est Belle Travel Spray,Lancôme,34.0,Fragrance
P375937,Trésor,Lancôme,118.0,Fragrance
P217931,Tonique Radiance Clarifying Refining Toner,Lancôme,31.0,Skincare
P425810,La Vie Est Belle L'Eclat Eau de Parfum,Lancôme,118.0,Fragrance
P433569,Fix It Forget It Setting Spray,Lancôme,34.0,Makeup
P474843,Absolue Soft Cream Revitalizing & Brightening Moisturizer,Lancôme,150.0,Skincare
P474844,Absolue Revitalizing Eye Cream,Lancôme,135.0,Skincare
P482025,Absolue Rich Cream Moisturizer,Lancôme,270.0,Skincare
P434531,Mini Fix It Forget It Setting Spray,Lancôme,17.0,Mini Size
P430813,Advanced Génifique Hydrogel Melting Mask,Lancôme,15.0,Skincare
P102813,HYPNOSE WATERPROOF - Custom Volume Mascara,Lancôme,33.0,Makeup
P481112,Lash Idôle Lash-Lifting & Volumizing Waterproof Mascara,Lancôme,30.0,Makeup
P422428,Hydra Zen Anti-Stress Moisturizing Face Cream,Lancôme,57.0,Skincare
P500503,Le 8 Hypnôse Serum-Infused Volumizing Mascara,Lancôme,33.0,Makeup
P376135,Rénergie Lift Multi-Action Night Cream,Lancôme,160.0,Skincare
P398675,La Vie Est Belle Body Lotion,Lancôme,52.0,Bath & Body
P433461,Rose Sugar Scrub,Lancôme,34.0,Skincare
P379009,Rénergie Lift Multi-Action Day Cream with SPF 15 - All Skin Types,Lancôme,135.0,Skincare
P403701,Mini HYPNÔSE DRAMA Mascara,Lancôme,16.0,Makeup
P447607,Rose Milk Re-Hydrating Mist,Lancôme,30.0,Skincare
P447608,Rose Sorbet Cryo-Mask,Lancôme,45.0,Skincare
P432847,Mini DÉFINICILS - High Definition Mascara,Lancôme,16.0,Mini Size
P454029,Rènergie Lift Multi-Action Ultra Double-Wrapping Cream Face Mask,Lancôme,68.0,Skincare
P502840,Mini Advanced Génifique Radiance Boosting Face Serum,Lancôme,60.0,Mini Size
P502196,Priming Serum 24 Hour Hydrating Solid Smoothing Primer,Lancôme,46.0,Makeup
P438362,Tonique Confort Hydrating & Toning Duo,Lancôme,49.0,Skincare
P451737,Advanced Génifique Face & Eye Serum Set,Lancôme,130.0,Skincare
P505452,Clarifique Pro-Solution Brightening & Dark Spot Reducing Serum,Lancôme,85.0,Skincare
P502823,Absolue The Serum,Lancôme,270.0,Skincare
P504465,Genifique Routine Set,Lancôme,165.0,Skincare
P501751,Absolue Rose 80 Brightening Toner with Salicylic Acid,Lancôme,120.0,Skincare
P505457,Eyes to Idolize Set,Lancôme,32.0,Makeup
P505455,Glam Lashes on the Go Set,Lancôme,32.0,Makeup
P481823,ash Idôle Waterproof Mascara,Lancôme,30.0,Makeup
P420652,Lip Sleeping Mask Intense Hydration with Vitamin C,LANEIGE,24.0,Skincare
P443563,Lip Glowy Balm,LANEIGE,18.0,Skincare
P457508,Glowy Makeup Serum,LANEIGE,32.0,Makeup
P446930,Cream Skin Toner & Moisturizer,LANEIGE,33.0,Skincare
P454313,Cica Sleeping Mask,LANEIGE,34.0,Skincare
P469490,Lip Treatment Balm,LANEIGE,25.0,Skincare
P482693,Water Bank Blue Hyaluronic Cream Moisturizer,LANEIGE,40.0,Skincare
P466134,Radian-C Cream with Vitamin C,LANEIGE,35.0,Skincare
P479330,Water Sleeping Mask with Squalane,LANEIGE,32.0,Skincare
P482692,Water Bank Blue Hyaluronic Serum,LANEIGE,45.0,Skincare
P460514,Cream Skin Milk Oil Cleanser,LANEIGE,34.0,Skincare
P460513,Cream Skin Mist,LANEIGE,27.0,Skincare
P503867,Retinol Firming Cream Treatment with Peptides + Hyaluronic Acid,LANEIGE,39.0,Skincare
P501030,Radian-C Brightening Treatment Essence,LANEIGE,39.0,Skincare
P504212,Berries n' Choco Kisses Set,LANEIGE,26.0,Skincare
P482695,Water Bank Blue Hyaluronic Gel Moisturizer,LANEIGE,40.0,Skincare
P481825,Hydro UV Defense Sunscreen Broad Spectrum SPF 50+,LANEIGE,30.0,Skincare
P482696,Water Bank Blue Hyaluronic Eye Cream,LANEIGE,43.0,Skincare
P484055,Water Bank Blue Hyaluronic Hydration Set,LANEIGE,45.0,Skincare
P459116,Mini Cream Skin Toner & Moisturizer,LANEIGE,15.0,Skincare
P504208,Midnight to Morning Hydration Set,LANEIGE,21.0,Skincare
P482694,Mini Water Bank Blue Hyaluronic Cream Moisturizer,LANEIGE,23.0,Skincare
P500982,Water Bank Cleansing Foam,LANEIGE,25.0,Skincare
P503868,BTS |  Amorepacific Lip Sleeping Mask Lip & Pop Edition Set,LANEIGE,35.0,Skincare
P482698,Water Bank Blue Hyaluronic Exfoliating Toner,LANEIGE,31.0,Skincare
P482697,Water Bank Blue Hyaluronic Revitalizing Toner,LANEIGE,31.0,Skincare
P503934,Besties Set,LANEIGE,35.0,Skincare
P109908,Translucent Loose Setting Powder,Laura Mercier,43.0,Makeup
P293605,Caviar Stick Eye Shadow,Laura Mercier,32.0,Makeup
P422083,Mini Translucent Loose Setting Powder,Laura Mercier,24.0,Mini Size
P109936,Tinted Moisturizer Natural Skin Perfector Broad Spectrum SPF 30,Laura Mercier,53.0,Makeup
P140906,Tinted Moisturizer Oil Free Natural Skin Perfector Broad Spectrum SPF 20,Laura Mercier,53.0,Makeup
P379031,Matte Radiance Baked Powder Compact,Laura Mercier,48.0,Makeup
P433131,Blush Color Infusion,Laura Mercier,36.0,Makeup
P109911,Secret Brightening Powder for Under Eyes,Laura Mercier,33.0,Makeup
P429050,Flawless Fusion Ultra Longwear Concealer,Laura Mercier,33.0,Makeup
P500622,Ultra-Blur Talc-Free Translucent Loose Setting Powder,Laura Mercier,48.0,Makeup
P440268,Flawless Lumière Radiance-Perfecting Foundation,Laura Mercier,49.0,Makeup
P422082,Tinted Moisturizer Natural Skin Perfector Broad Spectrum SPF 30 Mini,Laura Mercier,29.0,Mini Size
P109931,Secret Camouflage Concealer,Laura Mercier,38.0,Makeup
P109906,Lip Glacé Lip Gloss,Laura Mercier,29.0,Makeup
P110012,Velour Puff,Laura Mercier,16.0,Makeup
P473319,Caviar Stick Eye Shadow - Roseglow Collection,Laura Mercier,32.0,Makeup
P109927,Eye Basics Primer,Laura Mercier,28.0,Makeup
P414034,Candleglow Sheer Perfecting Powder,Laura Mercier,39.0,Makeup
P427041,Velour Extreme Matte Lipstick,Laura Mercier,32.0,Makeup
P381714,Smooth Finish Foundation Powder,Laura Mercier,52.0,Makeup
P482286,Tinted Moisturizer Blush,Laura Mercier,30.0,Makeup
P466665,Mini Tinted Moisturizer Oil Free Natural Skin Perfector Broad Spectrum SPF 20,Laura Mercier,29.0,Mini Size
P467957,Secret Camouflage Correct and Brighten Concealer Duo Stick,Laura Mercier,36.0,Makeup
P443744,Rouge Essentiel Silky Cream Lipstick,Laura Mercier,38.0,Makeup
P454942,Pure Canvas Primer - Hydrating,Laura Mercier,47.0,Makeup
P480180,Jumbo Translucent Loose Setting Powder & Velour Puff,Laura Mercier,49.0,Makeup
P285323,Tightline Cake Eye Liner,Laura Mercier,28.0,Makeup
P433852,Translucent Loose Setting Powder - Glow Finish,Laura Mercier,24.0,Makeup
P435359,Mini Translucent Loose Setting Powder Glow,Laura Mercier,24.0,Mini Size
P475572,Translucent Loose Setting Powder Light Catcher,Laura Mercier,43.0,Makeup
P380667,Almond Coconut Soufflé Body Crème,Laura Mercier,72.0,Bath & Body
P433850,Translucent Pressed Setting Powder,Laura Mercier,42.0,Makeup
P501817,Mini RoseGlow Caviar Stick Eyeshadow Trio,Laura Mercier,29.0,Makeup
P454941,Pure Canvas Primer - Blurring,Laura Mercier,47.0,Makeup
P453906,Mini Pure Canvas Primer - Hydrating,Laura Mercier,25.0,Makeup
P501504,Petal Soft Lipstick Crayon,Laura Mercier,32.0,Makeup
P380682,Ambre Vanillé Soufflé Body Crème,Laura Mercier,72.0,Bath & Body
P500437,RoseGlow Blush Color Infusion,Laura Mercier,36.0,Makeup
P454943,Pure Canvas Primer - Illuminating,Laura Mercier,47.0,Makeup
P255110,Smooth Focus Pressed Setting Powder - Shine Control,Laura Mercier,39.0,Makeup
P109941,Kohl Eye Pencil,Laura Mercier,28.0,Makeup
P443743,Longwear Lip Liner,Laura Mercier,28.0,Makeup
P454946,Mini Pure Canvas Primer - Blurring,Laura Mercier,25.0,Makeup
P380664,Crème Brûlée Soufflé Body Crème,Laura Mercier,72.0,Bath & Body
P479972,Tinted Moisturizer Light Revealer Natural Skin Illuminator Broad Spectrum SPF 25,Laura Mercier,53.0,Makeup
P504012,Real Flawless Weightless Perfecting Foundation,Laura Mercier,48.0,Makeup
P109943,Eyebrow Pencil,Laura Mercier,28.0,Makeup
P444318,Artist Eyelash Curler,Laura Mercier,22.0,Makeup
P502987,Translucent Loose Setting Powder – Pink Tone-Up for Brightening,Laura Mercier,43.0,Makeup
P467956,Mini Pure Canvas Primer Illuminating,Laura Mercier,25.0,Makeup
P504190,Tinted Moisturizer Bronzer,Laura Mercier,30.0,Makeup
P500414,RoseGlow Highlighting Powder,Laura Mercier,36.0,Makeup
P483668,Translucent Pure Setting Spray 16HR,Laura Mercier,40.0,Makeup
P483669,Mini Translucent Pure Setting Spray 16HR,Laura Mercier,21.0,Makeup
P461182,Mini Translucent Loose Setting Powder - Honey,Laura Mercier,24.0,Mini Size
P468175,Forget The Filler Lip Plumper Line Smoothing Gloss,LAWLESS,26.0,Makeup
P480326,Forget The Filler Overnight Lip Plumping Mask,LAWLESS,22.0,Makeup
P504609,Forget the Filler Lip-Plumping Line-Smoothing Tinted Lip Balm,LAWLESS,26.0,Makeup
P450514,Mini The Little One Talc-Free Eyeshadow Palette,LAWLESS,27.0,Makeup
P460814,Make Me Blush Talc-Free Velvet Blush,LAWLESS,29.0,Makeup
P461463,Mini The Baby One Talc-Free Eyeshadow Palette,LAWLESS,25.0,Mini Size
P439204,The One Talc-Free Eyeshadow Palette,LAWLESS,64.0,Makeup
P483470,Mini Forget The Filler Lip Plumper Line Smoothing Gloss,LAWLESS,15.0,Mini Size
P454981,Satin Luxe Classic Cream Lipstick,LAWLESS,28.0,Makeup
P482699,Conseal The Deal Lightweight Full Coverage Concealer with Caffeine,LAWLESS,26.0,Makeup
P475128,Conseal The Deal Long-Wear Full-Coverage Foundation,LAWLESS,39.0,Makeup
P468455,Forget The Filler Definer Lip Liner,LAWLESS,21.0,Makeup
P435713,Seal The Deal Talc-Free Loose Setting Powder,LAWLESS,36.0,Makeup
P458546,Set The Stage Hydrating Primer Serum,LAWLESS,32.0,Skincare
P449098,Summer Skin Talc-Free Velvet Matte Bronzer,LAWLESS,38.0,Makeup
P478722,Mini The Glam One Talc-Free Eyeshadow Palette,LAWLESS,25.0,Mini Size
P448148,Mini Seal The Deal Talc-Free Loose Setting Powder,LAWLESS,23.0,Mini Size
P502170,Hold Up Soft Set Creamy Eyebrow Wax,LAWLESS,21.0,Makeup
P475127,Glam Guard Long-Wear Setting Spray,LAWLESS,20.0,Makeup
P472317,The One & Done Volumizing Mascara,LAWLESS,25.0,Makeup
P502178,Shape Up Soft Fill Eyebrow Pencil,LAWLESS,21.0,Makeup
P483670,Mini The One & Done Volumizing Mascara,LAWLESS,15.0,Mini Size
P464265,Satin Luxe Classic Cream Lipstick - Baby,LAWLESS,28.0,Makeup
P505251,The Lavender One Talc-Free Eyeshadow Palette,LAWLESS,27.0,Makeup
P450886,Mini Lovingly Lip Tinted Lip Oil Duo,lilah b.,22.0,Makeup
P444317,Lovingly Lip Tinted Lip Oil Gloss,lilah b.,30.0,Makeup
P474342,Mini Lovingly Lip Nourish + Shine Lip Oil Set,lilah b.,22.0,Mini Size
P421444,Divine Duo Lip & Cheek Blush,lilah b.,46.0,Makeup
P472318,Lovingly Lip Hyaluronic Treatment Oil,lilah b.,30.0,Makeup
P421441,Aglow Hydrating + Setting Face Mist,lilah b.,48.0,Makeup
P437317,Mini Aglow Hydrating + Setting Face Mist,lilah b.,16.0,Mini Size
P427722,Glisten + Glow Highlighting Skin Illuminator,lilah b.,32.0,Makeup
P421448,Virtuous Veil Concealer + Skin Perfector,lilah b.,38.0,Makeup
P421445,Flawless Finish Pressed Setting Powder,lilah b.,48.0,Makeup
P455190,Mini Aglow Priming Oil Serum,lilah b.,25.0,Makeup
P454771,Aglow Cleansing Butter,lilah b.,14.0,Skincare
P476514,Mini Aglow Golden Priming Oil,lilah b.,25.0,Mini Size
P434534,Marvelous Matte Crème Foundation,lilah b.,54.0,Makeup
P454770,Aglow Priming Oil Serum,lilah b.,68.0,Makeup
P476419,Aglow Golden Priming Oil,lilah b.,68.0,Makeup
P455191,Mini Aglow Cleansing Butter,lilah b.,14.0,Skincare
P451888,Glisten & Glow Skin Illuminator- Mini,lilah b.,32.0,Makeup
P471256,Lilly Lashes Lite Faux Mink Lashes,Lilly Lashes,20.0,Makeup
P439212,Lilly Lashes Lite Mink,Lilly Lashes,20.0,Makeup
P471255,Lilly Lashes 3D Faux Mink Lashes,Lilly Lashes,28.0,Makeup
P451195,Lilly Lashes Brush On Lash Adhesive,Lilly Lashes,13.0,Makeup
P460844,Welcome to Miami Collection,Lilly Lashes,20.0,Makeup
P483672,Everyday Faux Mink Lashes,Lilly Lashes,24.0,Makeup
P465812,Power Liner - Eyeliner and Lash Adhesive Hybrid,Lilly Lashes,20.0,Makeup
P456006,Lilly Lashes Lash Curler,Lilly Lashes,16.0,Makeup
P479331,Click Magnetic Faux Mink Eyelashes,Lilly Lashes,30.0,Makeup
P501299,Click Magnetic Faux Mink False Lash Collection,Lilly Lashes,30.0,Makeup
P456007,Lilly Lashes Brush On Lash Adhesive: Black,Lilly Lashes,13.0,Makeup
P504914,3D Faux Mink Butterfl'eye Half Eyelashes,Lilly Lashes,20.0,Makeup
P502057,Click Magnetic Collection Starter Kit—Bestie,Lilly Lashes,35.0,Makeup
P481826,Click Magnetic Value Set,Lilly Lashes,35.0,Makeup
P502413,Level Up Lash Serum Value Set,Lilly Lashes,48.0,Makeup
P501302,Lilly Lashes Click Magnetic Felt Tip Eyeliner,Lilly Lashes,26.0,Makeup
P479332,Click Magnetic Liquid Eyeliner,Lilly Lashes,34.0,Makeup
P501247,Level Up Lash Conditioning Serum,Lilly Lashes,48.0,Makeup
P399330,Perfect hair Day (PhD) Dry Shampoo,Living Proof,43.0,Hair
P384533,Perfect Hair Day Shampoo,Living Proof,32.0,Hair
P383223,Perfect Hair Day (PhD) 5-in-1 Styling Treatment,Living Proof,32.0,Hair
P415925,Restore Perfecting Spray,Living Proof,32.0,Hair
P270706,Full Shampoo,Living Proof,32.0,Hair
P437657,Scalp Care Dry Scalp Treatment,Living Proof,37.0,Hair
P384534,Perfect Hair Day Conditioner,Living Proof,32.0,Hair
P296439,Restore Shampoo,Living Proof,32.0,Hair
P244509,No Frizz Shampoo,Living Proof,65.0,Hair
P296440,Restore Conditioner,Living Proof,32.0,Hair
P254603,Full Thickening Cream,Living Proof,30.0,Hair
P501168,Triple Bond Complex Leave-in Hair Treatment,Living Proof,45.0,Hair
P244510,No Frizz Conditioner,Living Proof,32.0,Hair
P270707,Full Conditioner,Living Proof,32.0,Hair
P419620,Perfect Hair Day In-Shower Styler,Living Proof,30.0,Hair
P440977,Perfect hair Day (PhD) Triple Detox Shampoo,Living Proof,32.0,Hair
P426023,Mini Restore Perfecting Spray,Living Proof,17.0,Mini Size
P392308,Restore Repair Leave-In,Living Proof,31.0,Hair
P378142,Amp² Instant Texture Volumizer,Living Proof,30.0,Hair
P454059,Restore Repair Hair Mask,Living Proof,42.0,Hair
P467774,Curl Definer Conditioning Cream,Living Proof,37.0,Hair
P467773,Curl Enhancer Conditioning Cream,Living Proof,37.0,Hair
P426026,Mini Perfect Hair Day In-Shower Styler,Living Proof,14.0,Mini Size
P457231,Mini Perfect Hair Day (PhD) 5-in-1 Styling Treatment,Living Proof,18.0,Hair
P468832,Scalp Care Revitalizing Treatment,Living Proof,35.0,Hair
P501160,Mini Triple Bond Complex Leave-in Hair Treatment,Living Proof,20.0,Mini Size
P439091,Mini Full Thickening Cream,Living Proof,17.0,Hair
P467777,Curl Defining Gel,Living Proof,31.0,Hair
P411028,Full Root Lift,Living Proof,30.0,Hair
P501315,No Frizz Vanishing Oil,Living Proof,32.0,Hair
P467771,Curl Shampoo,Living Proof,35.0,Hair
P454057,No Frizz Intense Moisture Hair Mask,Living Proof,42.0,Hair
P467772,Curl Conditioner,Living Proof,35.0,Hair
P467776,Curl Moisturizing Shine Oil,Living Proof,33.0,Hair
P454058,Perfect Hair Day Weightless Mask,Living Proof,42.0,Hair
P480456,Mini Curl Definer Conditioning Cream,Living Proof,19.0,Hair
P425964,Mini Perfect Hair Day Conditioner,Living Proof,16.0,Mini Size
P467775,Curl Elongator Conditioning Cream,Living Proof,42.0,Hair
P503224,Perfect hair Day Healthy Hair Perfector,Living Proof,32.0,Hair
P422037,Mini Perfect Hair Day Shampoo,Living Proof,16.0,Hair
P503236,Mini Perfect hair Day Healthy Hair Perfector,Living Proof,18.0,Mini Size
P504311,No Frizz Smooth Styling Cream,Living Proof,42.0,Hair
P480454,Mini Curl Shampoo,Living Proof,17.0,Hair
P504338,No Frizz Smooth Styling Spray,Living Proof,40.0,Hair
P480455,Mini Curl Conditioner,Living Proof,17.0,Hair
P504450,No Frizz S/C and Mini Styling Cream Set,Living Proof,50.0,Hair
P504294,No Frizz Smooth Styling Serum,Living Proof,36.0,Hair
P504287,Mini No Frizz Smooth Styling Cream,Living Proof,18.0,Mini Size
P505050,Perfect Hair Day Jumbo Set,Living Proof,99.0,Hair
P468384,Higher Standard Satin Matte Cream Blush,LYS Beauty,18.0,Makeup
P468380,Triple Fix Serum Foundation,LYS Beauty,24.0,Makeup
P500123,No Limits Cream Bronzer and Contour Stick,LYS Beauty,20.0,Makeup
P480618,Triple Fix Brightening Concealer,LYS Beauty,19.0,Makeup
P468383,No Limits Matte Bronzer,LYS Beauty,19.0,Makeup
P468382,Triple Fix Setting Powder,LYS Beauty,19.0,Makeup
P468385,Speak Love Glossy Lip Treatment Oil,LYS Beauty,12.0,Makeup
P503938,Speak Love Moisture Matte Lipstick,LYS Beauty,20.0,Makeup
P477199,Aim High Pressed Highlighter Powder,LYS Beauty,19.0,Makeup
P468381,Secure Skin Gripping Serum Primer,LYS Beauty,20.0,Makeup
P503895,Speak Love Lip Liner Pencil,LYS Beauty,15.0,Makeup
P476884,Aim High Multi-Use Liquid Highlighter,LYS Beauty,19.0,Makeup
P505047,High Performance Face Serum with Vitamin C and Hyaluronic Acid,MACRENE actives,195.0,Skincare
P505140,Plumping High Performance Lip Filler with Hyaluronic Acid,MACRENE actives,95.0,Skincare
P505142,High Performance Eye Cream for Dark Circles with Hyaluronic Acid,MACRENE actives,135.0,Skincare
P505131,Moisturizing High Performance Face Cream with Peptides,MACRENE actives,225.0,Skincare
P505133,High Performance Face Cleanser for Clear Skin with Niacinamide,MACRENE actives,85.0,Skincare
P431161,No.04 Bois de Balincourt Perfume Oil,Maison Louis Marie,65.0,Fragrance
P431160,No.04 Bois de Balincourt Eau de Parfum,Maison Louis Marie,93.0,Fragrance
P431159,No.04 Bois de Balincourt Candle,Maison Louis Marie,38.0,Fragrance
P471051,Discovery Eau de Parfum Sampler Set,Maison Louis Marie,22.0,Fragrance
P443565,No.04 Bois de Balincourt Eau de Parfum Travel Spray,Maison Louis Marie,32.0,Fragrance
P472320,No.04 Bois de Balincourt Perfume Oil Rollerball,Maison Louis Marie,16.0,Fragrance
P451665,No. 04 Bois de Balincourt Luxury Perfume Gift Set,Maison Louis Marie,122.0,Fragrance
P464785,No.04 Bois de Balincourt Deodorant,Maison Louis Marie,20.0,Bath & Body
P431168,No.09 Vallée de Farney Eau de Parfum,Maison Louis Marie,93.0,Fragrance
P473846,No.03 L'Etang Noir Perfume Oil Rollerball,Maison Louis Marie,16.0,Bath & Body
P500316,Discovery Oil Sampler Set,Maison Louis Marie,54.0,Fragrance
P473847,No.09 Vallée de Farney Perfume Oil Rollerball,Maison Louis Marie,16.0,Bath & Body
P431164,No.02 Le Long Fond Perfume Oil,Maison Louis Marie,65.0,Bath & Body
P469491,No.12 Bousval Eau de Parfum,Maison Louis Marie,93.0,Fragrance
P473822,Antidris Cassis Perfume Oil Rollerball,Maison Louis Marie,16.0,Bath & Body
P431165,No.05 Kandilli Candle,Maison Louis Marie,38.0,Bath & Body
P431167,No.09 Vallée de Farney Perfume Oil,Maison Louis Marie,65.0,Bath & Body
P447751,Antidris Cassis Candle,Maison Louis Marie,38.0,Fragrance
P473845,No.02 Le Long Fond Perfume Oil Rollerball,Maison Louis Marie,16.0,Bath & Body
P447753,No.03 L'Etang Noir Perfume Oil,Maison Louis Marie,65.0,Bath & Body
P431166,No.05 Kandilli Perfume Oil,Maison Louis Marie,65.0,Bath & Body
P431158,Antidris Cassis Perfume Oil,Maison Louis Marie,65.0,Bath & Body
P467032,No.04 Bois de Balincourt Body and Hand Wash,Maison Louis Marie,29.0,Bath & Body
P431157,Antidris Cassis Eau de Parfum,Maison Louis Marie,93.0,Fragrance
P468387,No.04 Bois de Balincourt Diffuser,Maison Louis Marie,92.0,Fragrance
P447752,No. 09 Vallee de Farney Candle,Maison Louis Marie,38.0,Fragrance
P467256,No.12 Bousval Perfume Oil,Maison Louis Marie,65.0,Bath & Body
P447749,Antidris Lavender Candle,Maison Louis Marie,38.0,Fragrance
P431163,No.02 Le Long Fond Eau de Parfum,Maison Louis Marie,93.0,Fragrance
P469492,No.12 Bousval Candle,Maison Louis Marie,38.0,Fragrance
P404758,’REPLICA’ By the Fireplace,Maison Margiela,160.0,Fragrance
P385358,’REPLICA’ Beach Walk,Maison Margiela,160.0,Fragrance
P480182,REPLICA' Memory Box Perfume Set,Maison Margiela,39.0,Fragrance
P385350,’REPLICA’ Jazz Club,Maison Margiela,160.0,Fragrance
P385354,’REPLICA’ Lazy Sunday Morning,Maison Margiela,160.0,Fragrance
P466135,REPLICA' Bubble Bath,Maison Margiela,160.0,Fragrance
P440447,’REPLICA’ Beach Walk Travel Spray,Maison Margiela,35.0,Fragrance
P461184,REPLICA' Coffee Break Eau de Toilette,Maison Margiela,160.0,Fragrance
P432622,’REPLICA’ By The Fireplace Travel Spray,Maison Margiela,35.0,Fragrance
P408227,’REPLICA’ Jazz Club Travel Spray,Maison Margiela,35.0,Fragrance
P461185,REPLICA' Coffee Break Eau de Toilette Travel Spray,Maison Margiela,35.0,Fragrance
P427008,’REPLICA’ Sailing Day,Maison Margiela,160.0,Fragrance
P466136,REPLICA' Bubble Bath Travel Spray,Maison Margiela,35.0,Fragrance
P440634,REPLICA' Under the Lemon Trees,Maison Margiela,160.0,Fragrance
P479498,REPLICA' When the Rain Stops,Maison Margiela,160.0,Fragrance
P440635,REPLICA' Under the Lemon Trees Travel Spray,Maison Margiela,35.0,Fragrance
P440448,’REPLICA’ Lazy Sunday Morning Travel Spray,Maison Margiela,35.0,Fragrance
P473175,REPLICA' Autumn Vibes,Maison Margiela,160.0,Fragrance
P473176,REPLICA' Autumn Vibes Travel Spray,Maison Margiela,35.0,Fragrance
P472168,REPLICA' Matcha Meditation,Maison Margiela,160.0,Fragrance
P503905,’REPLICA’ On A Date,Maison Margiela,160.0,Fragrance
P419511,REPLICA' By The Fireplace Scented Candle,Maison Margiela,70.0,Fragrance
P443390,’REPLICA’ Sailing Day Travel Spray,Maison Margiela,35.0,Fragrance
P503924,’REPLICA’ On A Date Travel Spray,Maison Margiela,35.0,Fragrance
P479499,REPLICA' When the Rain Stops Travel Spray,Maison Margiela,35.0,Fragrance
P419513,REPLICA' Lazy Sunday Morning Scented Candle,Maison Margiela,70.0,Fragrance
P422045,’REPLICA’ Jazz Club Scented Candle,Maison Margiela,70.0,Fragrance
P503234,By the Fireplace and Beach Walk Perfume Duo Set,Maison Margiela,122.0,Fragrance
P467127,REPLICA' Bubble Bath Scented Candle,Maison Margiela,70.0,Fragrance
P466666,REPLICA' Beach Vibes Scented Candle,Maison Margiela,70.0,Fragrance
P468181,REPLICA' Springtime in a Park Scented Candle,Maison Margiela,65.0,Fragrance
P502313,REPLICA' By The Fireplace Diffuser,Maison Margiela,95.0,Fragrance
P503939,’REPLICA’ On a Date Scented Candle,Maison Margiela,70.0,Fragrance
P502411,REPLICA' Lazy Sunday Morning Diffuser,Maison Margiela,95.0,Fragrance
P503353,’REPLICA’ Jazz Club Refill Set,Maison Margiela,170.0,Fragrance
P502384,REPLICA' Jazz Club Diffuser,Maison Margiela,95.0,Fragrance
P430969,"Artist Color Pencil Brow, Eye & Lip Liner",MAKE UP FOR EVER,22.0,Makeup
P427647,Artist Color Eye Shadow,MAKE UP FOR EVER,19.0,Makeup
P479712,HD Skin Undetectable Longwear Foundation,MAKE UP FOR EVER,45.0,Makeup
P398775,Ultra HD Invisible Cover Stick Foundation,MAKE UP FOR EVER,43.0,Makeup
P183919,Aqua Lip Waterproof Lipliner Pencil,MAKE UP FOR EVER,22.0,Makeup
P151107,Full Cover Concealer,MAKE UP FOR EVER,34.0,Makeup
P421281,"Artist Face Color Highlight, Sculpt and Blush Powder",MAKE UP FOR EVER,25.0,Makeup
P439652,Ultra HD Self-Setting Medium Coverage Concealer,MAKE UP FOR EVER,30.0,Makeup
P415958,Star Lit Powder,MAKE UP FOR EVER,21.0,Makeup
P454035,Reboot Active Care Revitalizing Foundation,MAKE UP FOR EVER,42.0,Makeup
P434023,Matte Velvet Skin Full Coverage Foundation,MAKE UP FOR EVER,40.0,Makeup
P462883,Rouge Artist Lipstick,MAKE UP FOR EVER,25.0,Makeup
P421291,Artist Color Refillable Makeup Palette,MAKE UP FOR EVER,4.0,Makeup
P219411,Flash Color Palette Multi-use Cream Color Palette,MAKE UP FOR EVER,99.0,Makeup
P437364,Star Lit Diamond Powder,MAKE UP FOR EVER,26.0,Makeup
P460730,Aqua Resist Color Pencil Eyeliner,MAKE UP FOR EVER,24.0,Makeup
P417171,Ultra HD Microfinishing Pressed Powder,MAKE UP FOR EVER,39.0,Makeup
P379925,Smoky Extravagant Mascara,MAKE UP FOR EVER,25.0,Makeup
P460729,Matte Velvet Skin High Coverage Multi-Use Concealer,MAKE UP FOR EVER,30.0,Makeup
P417172,Ultra HD Microfinishing Loose Powder,MAKE UP FOR EVER,39.0,Makeup
P500323,Mini HD Skin Undetectable Longwear Foundation,MAKE UP FOR EVER,22.0,Makeup
P504432,HD Skin Matte Velvet Undetectable Longwear Blurring Powder Foundation,MAKE UP FOR EVER,43.0,Makeup
P382443,250 Extra Fine Eyeliner Brush,MAKE UP FOR EVER,18.0,Makeup
P171101,Sens’Eyes - Waterproof Sensitive Eye Cleanser,MAKE UP FOR EVER,25.0,Makeup
P460731,Aqua Resist Smoky Eyeshadow Stick,MAKE UP FOR EVER,27.0,Makeup
P404776,Pro Sculpting Face Palette,MAKE UP FOR EVER,45.0,Makeup
P169812,Aqua Seal,MAKE UP FOR EVER,21.0,Makeup
P476574,Ultra HD Matte Setting Powder,MAKE UP FOR EVER,39.0,Makeup
P428677,Ultra HD Underpainting Color Correction Palette,MAKE UP FOR EVER,42.0,Makeup
P440956,Ultra HD Invisible Cover Cream Foundation Palette,MAKE UP FOR EVER,110.0,Makeup
P425604,Mini Ultra HD Microfinishing Pressed Powder,MAKE UP FOR EVER,23.0,Mini Size
P468185,Step 1 Primer Color Corrector - Redness Corrector,MAKE UP FOR EVER,39.0,Makeup
P500992,Rouge Artist For Ever Matte 24HR Longwear Liquid Lipstick,MAKE UP FOR EVER,25.0,Makeup
P483474,Aqua Resist Color Ink 24HR Waterproof  Liquid Eyeliner,MAKE UP FOR EVER,26.0,Makeup
P382379,158 Double Ended Sculpting Brush,MAKE UP FOR EVER,53.0,Makeup
P422221,Mini Ultra HD Microfinishing Loose Powder,MAKE UP FOR EVER,20.0,Mini Size
P382378,130 Large Powder Brush,MAKE UP FOR EVER,55.0,Makeup
P468191,Mini Step 1 Primer Pore Minimizer,MAKE UP FOR EVER,20.0,Makeup
P382399,216 Medium Precision Eye Blender Brush,MAKE UP FOR EVER,25.0,Makeup
P387211,Professional Bag,MAKE UP FOR EVER,125.0,Tools & Brushes
P468186,Color Correcting Step 1 Primers,MAKE UP FOR EVER,39.0,Makeup
P417174,Ultra HD Skin Booster,MAKE UP FOR EVER,41.0,Makeup
P446310,MiniMist & Fix Hydrating Setting Spray,MAKE UP FOR EVER,15.0,Mini Size
P468182,Step 1 Primer Pore Minimizer,MAKE UP FOR EVER,39.0,Makeup
P476549,Rouge Artist Shine On Lipstick,MAKE UP FOR EVER,25.0,Makeup
P468193,Mini Step 1 Primer Hydra Booster,MAKE UP FOR EVER,20.0,Makeup
P422218,Mini Sens’Eyes - Waterproof Sensitive Eye Cleanser,MAKE UP FOR EVER,13.0,Mini Size
P382404,274 Double Ended Eyebrow Brush,MAKE UP FOR EVER,28.0,Makeup
P382377,126 Medium Powder Brush,MAKE UP FOR EVER,55.0,Makeup
P428676,Ultra HD Soft Light Liquid Highlighter,MAKE UP FOR EVER,29.0,Makeup
P382383,124 Powder Kabuki Brush,MAKE UP FOR EVER,52.0,Makeup
P454975,Buffing Foundation Brush 112,MAKE UP FOR EVER,43.0,Makeup
P382431,226 Medium Eye Shader Brush,MAKE UP FOR EVER,25.0,Makeup
P454728,Mini Light Velvet Air Shine-Control Refreshing Spray,MAKE UP FOR EVER,15.0,Makeup
P382409,160 Blush Brush,MAKE UP FOR EVER,45.0,Makeup
P468192,Mini Step 1 Primer Shine Control,MAKE UP FOR EVER,20.0,Makeup
P382438,156 Large Flat Blush Brush,MAKE UP FOR EVER,37.0,Makeup
P468184,Step 1 Primer Hydra Booster,MAKE UP FOR EVER,39.0,Makeup
P502974,Supreme Nude Lips Rouge Artist Lipstick Duo,MAKE UP FOR EVER,29.0,Makeup
P386652,Aqua Smoky Extravagant Waterproof Mascara,MAKE UP FOR EVER,25.0,Makeup
P454727,Light Velvet Air Shine-Control Refreshing Spray,MAKE UP FOR EVER,29.0,Makeup
P468183,Step 1 Primer Shine Control,MAKE UP FOR EVER,39.0,Makeup
P481719,#109 HD Skin Foundation Brush,MAKE UP FOR EVER,45.0,Makeup
P483473,Aqua Resist Graphic Pen 24HR Waterproof Intense Eyeliner,MAKE UP FOR EVER,24.0,Makeup
P472989,Aqua Resist Waterproof Tinted Eyebrow Gel,MAKE UP FOR EVER,25.0,Makeup
P501505,The Professionall 24HR Double-Ended Lifting & Volumizing Mascara,MAKE UP FOR EVER,28.0,Makeup
P472988,Aqua Resist Waterproof Eyebrow Definer Pencil,MAKE UP FOR EVER,25.0,Makeup
P504180,Mini Step 1 Primer Color Corrector – 24HR Redness Control & Hydrating Primer,MAKE UP FOR EVER,20.0,Mini Size
P472990,Aqua Resist Waterproof Eyebrow Filler Pencil,MAKE UP FOR EVER,25.0,Makeup
P504862,HD Skin Sponge,MAKE UP FOR EVER,18.0,Makeup
P504860,Mist & Fix 24HR Hydrating Setting Spray,MAKE UP FOR EVER,33.0,Makeup
P504863,Mini Mist & Fix 24HR Hydrating Setting Spray,MAKE UP FOR EVER,15.0,Makeup
P504859,Mini Gentle Eye Gel Waterproof Eye & Lip Makeup Remover,MAKE UP FOR EVER,15.0,Makeup
P504861,Gentle Eye Gel Waterproof Eye & Lip Makeup Remover,MAKE UP FOR EVER,29.0,Skincare
P481114,MoistureGlow Plumping Lip Serum,MAKEUP BY MARIO,24.0,Makeup
P472327,SoftSculpt Shaping Stick,MAKEUP BY MARIO,30.0,Makeup
P503679,SurrealSkin Liquid Foundation,MAKEUP BY MARIO,42.0,Makeup
P98364786,Master Mattes Eyeshadow Palette,MAKEUP BY MARIO,50.0,Makeup
P477838,Ultra Suede Sculpting Lip Pencil,MAKEUP BY MARIO,24.0,Makeup
P472324,Soft Pop Blush Stick,MAKEUP BY MARIO,30.0,Makeup
P500452,SoftSculpt Transforming Skin Enhancer,MAKEUP BY MARIO,30.0,Makeup
P477837,Ultra Suede Lipstick,MAKEUP BY MARIO,26.0,Makeup
P501527,Ethereal Eyes Eyeshadow Palette,MAKEUP BY MARIO,68.0,Makeup
P472325,Soft Pop Powder Blush,MAKEUP BY MARIO,26.0,Makeup
P472326,SoftSculpt Bronzer,MAKEUP BY MARIO,30.0,Makeup
P39853698,Master Pigment Pro Eyeliner Pencil,MAKEUP BY MARIO,24.0,Makeup
P33257988,Master Crystal Reflector,MAKEUP BY MARIO,26.0,Makeup
P500403,SoftSculpt Transforming Skin Perfector,MAKEUP BY MARIO,34.0,Makeup
P481720,Ultra Suede️ Cozy Lip Creme,MAKEUP BY MARIO,26.0,Makeup
P472328,Soft Glow Highlighter,MAKEUP BY MARIO,30.0,Makeup
P503698,Surreal Foundation F4 Brush,MAKEUP BY MARIO,30.0,Makeup
P04456664,Master Eye Prep & Set,MAKEUP BY MARIO,30.0,Makeup
P13211222,Master Secret Glow Highlighter,MAKEUP BY MARIO,24.0,Makeup
P64197382,Master Metals Eyeshadow Palette,MAKEUP BY MARIO,50.0,Makeup
P472322,F1 Makeup Brush,MAKEUP BY MARIO,30.0,Makeup
P02318798,Master Metallics Eyeshadow Palette,MAKEUP BY MARIO,50.0,Makeup
P472323,F2 Makeup Brush,MAKEUP BY MARIO,30.0,Makeup
P472321,F3 Makeup Brush,MAKEUP BY MARIO,30.0,Makeup
P465781,Pro Volume Lip Gloss,MAKEUP BY MARIO,22.0,Makeup
P475575,Master Hold Brow Gel,MAKEUP BY MARIO,22.0,Makeup
P46587789,EF 1 Makeup Brush,MAKEUP BY MARIO,24.0,Makeup
P01018539,Master Mattes Liquid Eyeliner,MAKEUP BY MARIO,24.0,Makeup
P475576,Master Blade Brow Pencil,MAKEUP BY MARIO,24.0,Makeup
P07778978,EF 2 Makeup Brush,MAKEUP BY MARIO,24.0,Makeup
P477805,Perfecting Lip Scrub,MAKEUP BY MARIO,24.0,Makeup
P64581325,E 3 Makeup Brush,MAKEUP BY MARIO,24.0,Makeup
P74789566,E 5 Makeup Brush,MAKEUP BY MARIO,24.0,Makeup
P97512348,E 4 Makeup Brush,MAKEUP BY MARIO,24.0,Makeup
P87788965,Gentle Makeup Remover Wipes,MAKEUP BY MARIO,15.0,Makeup
P503992,Chia + Moringa Algae Enzyme Cleansing Oil,MARA,58.0,Skincare
P503991,Algae + Moringa Universal Hydrating Face Oil,MARA,72.0,Skincare
P504026,Mini Algae + Moringa Universal Face Oil,MARA,40.0,Skincare
P504016,Mini Evening Primrose + Green Tea Algae Retinol Face Oil,MARA,66.0,Skincare
P504031,Evening Primrose + Green Tea Algae Retinol Face Oil,MARA,120.0,Skincare
P504059,Chlorella + Reishi Sea Vitamin C Sérum,MARA,96.0,Skincare
P504199,Plankton + PHAFlower Acid Algae Serum,MARA,74.0,Skincare
P504134,Sea Silk Lip Balm,MARA,26.0,Skincare
P504023,Algae + Zinc Sea Kale Mineral Sunscreen Sérum SPF 30,MARA,52.0,Skincare
P504040,Spirulina + Ashwagandha Volcanic Sea Clay Detox Masque,MARA,54.0,Skincare
P191858,Daisy,Marc Jacobs Fragrances,128.0,Fragrance
P442304,Mini Daisy Perfume Set,Marc Jacobs Fragrances,25.0,Fragrance
P281424,Daisy Eau so Fresh Eau de Toilette,Marc Jacobs Fragrances,139.0,Fragrance
P460871,Perfect Eau de Parfum,Marc Jacobs Fragrances,149.0,Fragrance
P431151,Daisy Love Eau de Toilette,Marc Jacobs Fragrances,128.0,Fragrance
P442513,Daisy Love Eau So Sweet,Marc Jacobs Fragrances,128.0,Fragrance
P387562,Daisy Dream,Marc Jacobs Fragrances,95.0,Fragrance
P377464,Daisy Rollerball,Marc Jacobs Fragrances,34.0,Fragrance
P460872,Perfect Eau de Parfum Travel Spray,Marc Jacobs Fragrances,34.0,Fragrance
P431153,Daisy Love Eau de Toilette Pen Spray,Marc Jacobs Fragrances,34.0,Fragrance
P387564,Daisy Dream Rollerball,Marc Jacobs Fragrances,34.0,Fragrance
P501021,Daisy Ever So Fresh Eau de Parfum,Marc Jacobs Fragrances,163.0,Fragrance
P474346,Perfect Intense Eau de Parfum,Marc Jacobs Fragrances,156.0,Fragrance
P471261,Daisy Eau So Intense Eau de Parfum,Marc Jacobs Fragrances,116.0,Fragrance
P501267,Mini Daisy Perfume Gift Set,Marc Jacobs Fragrances,69.0,Fragrance
P377465,Daisy Eau so Fresh Eau de Toilette Rollerball,Marc Jacobs Fragrances,34.0,Fragrance
P474347,Perfect Intense Eau de Parfum Travel Spray,Marc Jacobs Fragrances,34.0,Fragrance
P503831,Daisy Paradise Eau de Toilette,Marc Jacobs Fragrances,90.0,Fragrance
P504454,Mini Perfect Eau de Parfum Set,Marc Jacobs Fragrances,35.0,Fragrance
P503592,Daisy Penspray Trio Set,Marc Jacobs Fragrances,55.0,Fragrance
P501034,Daisy Ever So Fresh Eau de Parfum Penspray,Marc Jacobs Fragrances,34.0,Fragrance
P504279,Daisy Love Paradise Eau de Toilette,Marc Jacobs Fragrances,90.0,Fragrance
P453666,Daisy Dream Daze,Marc Jacobs Fragrances,86.0,Fragrance
P504682,Perfect Eau de Toilette,Marc Jacobs Fragrances,128.0,Fragrance
P459165,Daisy Dream Petals,Marc Jacobs Fragrances,50.0,Fragrance
P504168,Daisy Eau So Fresh Paradise Eau de Toilette,Marc Jacobs Fragrances,104.0,Fragrance
P505217,Mini Daisy Perfume Set,Marc Jacobs Fragrances,35.0,Fragrance
P504857,Daisy Perfume Set,Marc Jacobs Fragrances,75.0,Fragrance
P442514,Daisy Love Eau So Sweet Penspray,Marc Jacobs Fragrances,34.0,Fragrance
P440498,Drying Lotion,Mario Badescu,17.0,Skincare
P440482,"Facial Spray with Aloe, Herbs and Rosewater",Mario Badescu,7.0,Skincare
P440503,Lip Balm,Mario Badescu,8.0,Skincare
P440483,"Facial Spray with Aloe, Cucumber and Green Tea",Mario Badescu,7.0,Skincare
P444967,"Mini Facial Spray with Aloe, Herbs and Rosewater",Mario Badescu,5.0,Skincare
P440484,"Facial Spray with Aloe, Chamomile and Lavender",Mario Badescu,7.0,Skincare
P440490,Acne Facial Cleanser,Mario Badescu,15.0,Skincare
P440502,Hyaluronic Eye Cream,Mario Badescu,18.0,Skincare
P440486,Glycolic Acid Toner,Mario Badescu,18.0,Skincare
P440485,Enzyme Cleansing Gel,Mario Badescu,14.0,Skincare
P444968,"Mini Facial Spray with Aloe, Cucumber and Green Tea",Mario Badescu,5.0,Skincare
P440489,Glycolic Foaming Cleanser,Mario Badescu,16.0,Skincare
P440501,Seaweed Night Cream,Mario Badescu,22.0,Skincare
P440494,Vitamin C Serum,Mario Badescu,45.0,Skincare
P444969,"Mini Facial Spray with Aloe, Chamomile and Lavender",Mario Badescu,5.0,Skincare
P440496,Buffering Lotion,Mario Badescu,19.0,Skincare
P468690,Rose Body Soap,Mario Badescu,8.0,Bath & Body
P440491,Botanical Exfoliating Scrub,Mario Badescu,26.0,Skincare
P440492,Buttermilk Moisturizer,Mario Badescu,18.0,Skincare
P444615,Witch Hazel & Rosewater Toner,Mario Badescu,14.0,Skincare
P440499,Silver Powder,Mario Badescu,12.0,Skincare
P455909,Facial Spray with Aloe Sage & Orange Blossom,Mario Badescu,7.0,Skincare
P440493,Oil Free Moisturizer Broad Spectrum SPF 30,Mario Badescu,28.0,Skincare
P440500,Super Collagen Mask,Mario Badescu,18.0,Skincare
P460756,Hyaluronic Dew Cream,Mario Badescu,26.0,Skincare
P474964,"Facial Spray with Aloe Adaptogens, and Coconut Water",Mario Badescu,9.0,Skincare
P479973,"Mini Facial Spray with Aloe Adaptogens, and Coconut Water",Mario Badescu,7.0,Skincare
P462378,Anti-Aging Regimen Kit,Mario Badescu,30.0,Skincare
P462381,Glycolic Eye Cream,Mario Badescu,20.0,Skincare
P479974,Brightening Eye Serum,Mario Badescu,24.0,Skincare
P462379,Witch Hazel & Lavender Toner,Mario Badescu,14.0,Skincare
P462375,Hyaluronic Dew Drops Hydrating Serum,Mario Badescu,30.0,Skincare
P462384,Spritz. Mist. Glow. Facial Spray Trio,Mario Badescu,21.0,Skincare
P468196,The Glow Up,Mario Badescu,49.0,Skincare
P462383,Flower & Tonic Clay Mask,Mario Badescu,18.0,Skincare
P460757,Brightening Mask with Vitamin C,Mario Badescu,22.0,Skincare
P462386,Drying Cream,Mario Badescu,17.0,Skincare
P471784,Gentle Foaming Cleanser,Mario Badescu,14.0,Skincare
P502709,Mini Mist Collection,Mario Badescu,20.0,Skincare
P500256,Mineral Sunscreen SPF 30,Mario Badescu,28.0,Skincare
P462377,Acne Repair Kit,Mario Badescu,46.0,Skincare
P480330,Grab and Go Set,Mario Badescu,22.0,Skincare
P481123,burn - jojoba oil massage candle,maude,18.0,Bath & Body
P481118,Wash - pH-balanced body wash and bubble bath,maude,22.0,Bath & Body
P481117,"Shine - ultra-hydrating, organic aloe-based personal lubricant",maude,10.0,Bath & Body
P481115,Vibe - 3-speed flutter-tip vibrator,maude,49.0,Bath & Body
P481122,Soak - vitamin-rich mineral bath salts,maude,18.0,Bath & Body
P481119,"Oil - 100% organic, cold-pressed body and bath oil",maude,35.0,Bath & Body
P481120,"Wipe - water-activated, biodegradable wipes",maude,12.0,Bath & Body
P481126,Tub Kit - mineral bath salt soak and coconut milk bath set,maude,36.0,Bath & Body
P502859,"spot—5-speed, internal vibrator",maude,79.0,Bath & Body
P481121,Clean - hydrating hand sanitizing spray with coconut oil,maude,10.0,Bath & Body
P481116,Drop - 3-speed all-over vibrator,maude,49.0,Bath & Body
P503335,burn trio—massage candle gift set,maude,54.0,Fragrance
P477464,Multi-Use Softening Leave In Conditioner,Melanin Haircare,23.0,Hair
P477463,Multi-Use Pure Oil Blend,Melanin Haircare,22.0,Hair
P477384,African Black Soap Reviving Shampoo,Melanin Haircare,20.0,Hair
P477493,Twist-Elongating Style Cream,Melanin Haircare,20.0,Hair
P500477,Plumping Deep Conditioner,Melanin Haircare,32.0,Hair
P444444,Smoke Sessions Eyeshadow Palette,Melt Cosmetics,48.0,Makeup
P468389,Cream Blushlight,Melt Cosmetics,24.0,Makeup
P444548,Liquid Lipstick,Melt Cosmetics,19.0,Makeup
P452685,Ultra Matte Gel Eyeliner,Melt Cosmetics,22.0,Makeup
P444545,Digital Dust Highlight,Melt Cosmetics,39.0,Makeup
P472478,Ultra-Matte Lipstick,Melt Cosmetics,22.0,Makeup
P462718,Digital Dust Duo Blush,Melt Cosmetics,39.0,Makeup
P481127,Slick Waterline Eye Pencil,Melt Cosmetics,19.0,Makeup
P457824,Four Twenty Eyeshadow Palette,Melt Cosmetics,58.0,Makeup
P444446,Twenty-Seven Eyeshadow Palette,Melt Cosmetics,58.0,Makeup
P444547,Blushlight,Melt Cosmetics,22.0,Makeup
P459150,She's In Parties Eyeshadow Palette,Melt Cosmetics,48.0,Makeup
P501445,Mini Bad Side Zodiac Eyeshadow Palette,Melt Cosmetics,38.0,Makeup
P456964,Rust Eyeshadow Palette,Melt Cosmetics,58.0,Makeup
P471559,Mary Jane Eyeshadow Palette,Melt Cosmetics,58.0,Makeup
P455560,Millennial Pinx Eyeshadow Palette,Melt Cosmetics,58.0,Makeup
P444546,Blush,Melt Cosmetics,22.0,Makeup
P455561,Crushed Glitter Lip Gloss,Melt Cosmetics,16.0,Makeup
P483477,Gemini Eyeshadow Palette 1,Melt Cosmetics,58.0,Makeup
P476886,Monarca Blush Palette – Amor y Mariposas Collection,Melt Cosmetics,58.0,Makeup
P483478,Gemini Eyeshadow Palette 2,Melt Cosmetics,58.0,Makeup
P474348,SexFoil Liquid Highlighter,Melt Cosmetics,39.0,Makeup
P477201,Perfectionist Lip Pencil,Melt Cosmetics,19.0,Makeup
P473121,Brunet Eyeshadow Palette,Melt Cosmetics,48.0,Makeup
P462885,The Deep Cream Bronzer and Contour Sculpt Stack,Melt Cosmetics,48.0,Makeup
P478296,Supernatural Lash Mascara,Melt Cosmetics,24.0,Makeup
P502025,Ultra-Matte Bronzer,Melt Cosmetics,39.0,Makeup
P504916,Perfectionist Brow Gel,Melt Cosmetics,25.0,Makeup
P504920,Perfectionist Brow Ultra-Fine Pen,Melt Cosmetics,24.0,Makeup
P504891,Perfectionist Brow Pencil,Melt Cosmetics,22.0,Makeup
P468691,Shade Slick Tinted Lip Oil,MERIT,24.0,Makeup
P468693,Flush Balm Cream Blush,MERIT,28.0,Makeup
P468694,The Minimalist Perfecting Complexion Foundation and Concealer Stick,MERIT,38.0,Makeup
P481403,Signature Lip Lightweight Lipstick,MERIT,26.0,Makeup
P501766,Bronze Balm Sheer Sculpting Bronzer,MERIT,30.0,Makeup
P468696,Day Glow Dewy Highlighting Balm,MERIT,30.0,Makeup
P468697,Brush No. 1 Tapered Blending Brush,MERIT,30.0,Makeup
P502966,Great Skin Instant Glow Serum with Niacinamide and Hyaluronic Acid,MERIT,38.0,Skincare
P468692,Clean Lash Lengthening Tubing Mascara,MERIT,26.0,Makeup
P468695,Brow 1980 Volumizing Eyebrow Pomade Gel,MERIT,24.0,Makeup
P441813,Hydro Grip Hydrating Makeup Primer,MILK MAKEUP,38.0,Makeup
P441814,Mini Hydro Grip Hydrating Makeup Primer,MILK MAKEUP,20.0,Makeup
P437097,Lip + Cheek Cream Blush Stick,MILK MAKEUP,24.0,Makeup
P404797,Matte Cream Bronzer Stick,MILK MAKEUP,24.0,Makeup
P429903,KUSH High Volumizing Mascara,MILK MAKEUP,28.0,Makeup
P463071,Hydro Grip Setting + Refreshing Spray,MILK MAKEUP,38.0,Makeup
P463072,Mini Hydro Grip Setting + Refreshing Spray,MILK MAKEUP,22.0,Makeup
P410176,Sunshine Skin Tint Clean SPF 30 Foundation,MILK MAKEUP,42.0,Makeup
P411508,Holographic Stick,MILK MAKEUP,24.0,Makeup
P453253,Vegan Milk Moisturizer,MILK MAKEUP,38.0,Skincare
P433125,KUSH Fiber Eyebrow Gel,MILK MAKEUP,22.0,Makeup
P404795,Cooling Water,MILK MAKEUP,28.0,Skincare
P404798,Cream Highlighter Stick,MILK MAKEUP,24.0,Makeup
P500448,Future Fluid All Over Medium Coverage Hydrating Concealer,MILK MAKEUP,29.0,Makeup
P432232,Mini KUSH High Volumizing Mascara,MILK MAKEUP,15.0,Mini Size
P425737,Mini Holographic Stick,MILK MAKEUP,24.0,Mini Size
P448151,Flex Foundation Stick,MILK MAKEUP,36.0,Makeup
P483675,Mini Pore Eclipse Mattifying + Blurring Makeup Primer,MILK MAKEUP,20.0,Makeup
P404793,Sunshine Vitamin C + Squalane Face Oil,MILK MAKEUP,39.0,Skincare
P446824,KUSH Lash + Brow Enhancing Serum,MILK MAKEUP,52.0,Makeup
P476713,Hydro Grip Eyeshadow and Concealer Primer,MILK MAKEUP,25.0,Makeup
P503903,Sculpt Cream Contour Stick,MILK MAKEUP,24.0,Makeup
P456126,Vegan Milk Cleanser,MILK MAKEUP,30.0,Skincare
P475966,Sunshine Under Eye Brightening Light Coverage Concealer,MILK MAKEUP,28.0,Makeup
P483674,Pore Eclipse Mattifying + Blurring Makeup Primer,MILK MAKEUP,38.0,Makeup
P428235,Luminous Blur Stick Primer,MILK MAKEUP,36.0,Makeup
P476712,Bionic Liquid Blush with Hyaluronic Acid,MILK MAKEUP,24.0,Makeup
P468863,Electric Glossy Lip Plumper,MILK MAKEUP,25.0,Makeup
P481128,Bionic Sunkissed Liquid Bronzer with Hyaluronic Acid,MILK MAKEUP,30.0,Makeup
P433124,KUSH Clear Brow Gel,MILK MAKEUP,22.0,Makeup
P468864,Color Chalk Multi-Use Powder Pigment,MILK MAKEUP,18.0,Makeup
P443308,KUSH Lash Primer,MILK MAKEUP,28.0,Makeup
P501572,Infinity Long Lasting Waterproof Eyeliner Pencil,MILK MAKEUP,22.0,Makeup
P444400,Mini KUSH Waterproof Mascara,MILK MAKEUP,15.0,Makeup
P430903,Watermelon Brightening Serum,MILK MAKEUP,36.0,Skincare
P404794,Hydrating Oil Stick,MILK MAKEUP,32.0,Skincare
P481384,Mini RISE Lifting + Lengthening Mascara,MILK MAKEUP,15.0,Mini Size
P447742,Mini KUSH Lash Primer,MILK MAKEUP,15.0,Mini Size
P443307,KUSH Waterproof Mascara,MILK MAKEUP,15.0,Makeup
P437098,Mini Luminous Blur Stick Primer,MILK MAKEUP,20.0,Mini Size
P479643,RISE Lifting + Lengthening Mascara,MILK MAKEUP,28.0,Makeup
P481129,Bionic Glow Illuminating Liquid Highlighter with Hyaluronic Acid,MILK MAKEUP,36.0,Makeup
P500102,Hydro Ungrip Makeup Removing Cleansing Balm,MILK MAKEUP,36.0,Skincare
P500101,Hydro Ungrip Makeup Remover + Cleansing Water,MILK MAKEUP,32.0,Skincare
P461472,KUSH Liquid Eyeliner,MILK MAKEUP,22.0,Makeup
P500131,Hydro Ungrip Reusable Makeup Remover Pads,MILK MAKEUP,25.0,Makeup
P471786,Sunshine Skin Tint Clean SPF 30 Foundation Refill,MILK MAKEUP,32.0,Makeup
P504886,Pore Eclipse Mattifying + Blurring Setting Spray,MILK MAKEUP,38.0,Makeup
P505005,The Travel Stash Makeup Set,MILK MAKEUP,32.0,Makeup
P455850,25 Miracle Milk Heat Protectant Leave-In Conditioner,Mizani,40.0,Hair
P468843,Wonder Crown Scalp Clarifying Foaming Pre-Cleanse,Mizani,25.0,Hair
P455842,25 Miracle Nourishing Hair Oil,Mizani,25.0,Hair
P468841,Coco Dew Curl Pre-Styling & Restyling Refresher Spray,Mizani,25.0,Hair
P455843,Scalp Care Soothing Scalp Lotion,Mizani,24.0,Hair
P455846,Scalp Care Anti-Dandruff Shampoo,Mizani,30.0,Hair
P455839,True Textures Moroccan Clay Steam Hair Mask,Mizani,40.0,Hair
P467960,Moisture Fusion Intense Moisturizing Hair Mask,Mizani,36.0,Hair
P455835,25 Miracle Leave-In Cream,Mizani,25.0,Hair
P455838,Styling Foam Hair Mousse,Mizani,25.0,Hair
P468842,Heat Screen Hair Protectant Spray,Mizani,25.0,Hair
P455841,Scalp Care Anti-Dandruff Conditioner,Mizani,32.0,Hair
P474352,"Press Agent Smoothing, Frizz Control Blow Dry Styling Serum",Mizani,25.0,Hair
P455844,True Textures Perfect Coil Oil Gel,Mizani,25.0,Hair
P468844,Mini 25 Miracle Cream,Mizani,13.5,Hair
P455849,True Textures Moisture Replenish Shampoo,Mizani,20.0,Hair
P467961,Moisture Fusion Gentle Clarifying Shampoo,Mizani,30.0,Hair
P467958,Moisture Fusion Moisture Rich Shampoo,Mizani,46.0,Hair
P455840,True Textures Cream Cleansing Conditioner,Mizani,32.0,Hair
P474351,"Press Agent Smoothing, Frizz Control Blow Dry Styling Cream",Mizani,25.0,Hair
P474349,Press Agent Smoothing Sulfate-Free Shampoo,Mizani,22.0,Hair
P474350,Press Agent Smoothing Sulfate-Free Conditioner,Mizani,25.0,Hair
P504204,True Textures Curl Enhancing Cream,Mizani,25.0,Hair
P503818,True Textures Sleek Holding Hair Gel,Mizani,25.0,Hair
P504209,True Textures Curl Define Styling Cream,Mizani,25.0,Hair
P503826,Mini True Textures Sleek Holding Hair Gel,Mizani,13.5,Mini Size
P504611,Texture Love Hair Kit,Mizani,28.0,Hair
P503822,Mini True Textures Coil Stretching & Styling Curl Cream,Mizani,13.5,Mini Size
P503811,True Textures Coil Stretching & Styling Curl Cream,Mizani,25.0,Hair
P504217,Artful Edges Edge Tamer,Mizani,19.0,Hair
P504224,True Textures Twist and Coil Jelly,Mizani,25.0,Hair
P505029,True Textures Moisture Replenish Shampoo,Mizani,32.0,Hair
P505046,True Textures Moisture Replenish Conditioner,Mizani,35.0,Hair
P468845,Mini 25 Miracle Milk Leave-In Conditioner,Mizani,13.5,Hair
P375713,Legend Eau de Toilette,Montblanc,98.0,Fragrance
P450810,Explorer Eau de Parfum,Montblanc,115.0,Fragrance
P401768,Legend Travel Spray,Montblanc,35.0,Fragrance
P405416,Legend Spirit Eau de Toilette,Montblanc,80.0,Fragrance
P464268,Legend Eau de Parfum,Montblanc,115.0,Fragrance
P390708,Legend Body Spray,Montblanc,25.0,Bath & Body
P428446,Legend Night,Montblanc,78.0,Fragrance
P481130,Legend Red Eau de Parfum,Montblanc,85.0,Fragrance
P432049,SuperYou Daily Stress Management,Moon Juice,49.0,Skincare
P454799,Mini SuperYou Daily Stress Management,Moon Juice,25.0,Skincare
P435800,Acid Potion AHA + BHA Resurfacing Exfoliator,Moon Juice,42.0,Skincare
P444047,SuperHair  Daily Hair Nutrition Supplement,Moon Juice,60.0,Hair
P432831,Plump Jelly Hyaluronic Serum,Moon Juice,58.0,Skincare
P423157,Sex Dust   Adaptogens For Fire*,Moon Juice,38.0,Skincare
P454090,Cosmic Cream Collagen Protecting Moisturizer,Moon Juice,58.0,Skincare
P457002,SuperBeauty Daily Antioxidant SkinSupplement,Moon Juice,60.0,Skincare
P477202,Ting Energy + Metabolism Non-Stim Supplement With Ginseng,Moon Juice,42.0,Skincare
P452009,Magnesi-Om,Moon Juice,42.0,Bath & Body
P423159,Brain Dust,Moon Juice,38.0,Skincare
P454315,Milk Cleanse Gentle Foaming Cleanser,Moon Juice,32.0,Skincare
P454798,"Collagen Protect Vegan Creamer for Hair, Skin & Nails",Moon Juice,58.0,Hair
P503944,Mini Acid Potion AHA + BHA Resurfacing Exfoliator,Moon Juice,15.0,Skincare
P469193,Supers Set,Moon Juice,75.0,Skincare
P468390,Ashwagandha Organic Root Extract,Moon Juice,38.0,Skincare
P470538,SuperPower Immune Support Supplement,Moon Juice,38.0,Skincare
P412090,Moroccanoil Treatment Hair Oil,Moroccanoil,48.0,Hair
P426011,Mini Moroccanoil Treatment,Moroccanoil,16.0,Mini Size
P412097,Intense Hydrating Mask,Moroccanoil,42.0,Hair
P412096,Hydrating Styling Cream,Moroccanoil,36.0,Hair
P412095,Curl Defining Cream,Moroccanoil,36.0,Hair
P462387,All in One Leave-In Conditioner,Moroccanoil,30.0,Hair
P412087,Hydrating Shampoo,Moroccanoil,26.0,Hair
P412091,Moroccanoil Treatment Light Hair Oil,Moroccanoil,34.0,Hair
P412086,Hydrating Conditioner,Moroccanoil,26.0,Hair
P425242,Perfect Defense Heat Protectant,Moroccanoil,30.0,Hair
P412085,Moisture Repair Shampoo,Moroccanoil,26.0,Hair
P427311,Restorative Hair Mask,Moroccanoil,42.0,Hair
P412098,Dry Shampoo Dark Tones,Moroccanoil,12.0,Hair
P425008,Mending Infusion Styling Hair Serum,Moroccanoil,30.0,Hair
P447378,Mini Color Depositing Mask,Moroccanoil,8.0,Hair
P447377,Color Depositing Mask,Moroccanoil,30.0,Hair
P412084,Moisture Repair Conditioner,Moroccanoil,26.0,Hair
P463074,Mini All in One Leave-In Conditioner,Moroccanoil,14.0,Hair
P412093,Dry Texture Spray,Moroccanoil,30.0,Hair
P412099,Dry Shampoo Light Tones,Moroccanoil,12.0,Hair
P412115,Dry Body Oil,Moroccanoil,48.0,Bath & Body
P427317,Dry Scalp Treatment,Moroccanoil,40.0,Hair
P432032,Protect & Prevent Spray,Moroccanoil,30.0,Hair
P412092,Luminous Hairspray Strong Finish,Moroccanoil,26.0,Hair
P435939,Night Body Serum,Moroccanoil,62.0,Bath & Body
P458508,Blonde Perfecting Purple Shampoo,Moroccanoil,26.0,Hair
P426012,Mini Moroccanoil Treatment Light,Moroccanoil,16.0,Mini Size
P474353,Hair & Body Fragrance Mist,Moroccanoil,32.0,Fragrance
P426013,Mini Dry Shampoo Dark Tones,Moroccanoil,12.0,Mini Size
P481721,Body Lotion Moisturizer,Moroccanoil,28.0,Bath & Body
P412107,Glimmer Shine,Moroccanoil,30.0,Hair
P425007,Intense Hydrating Mask Packette,Moroccanoil,8.0,Hair
P474354,Mini Hair & Body Fragrance Mist,Moroccanoil,18.0,Fragrance
P427316,Intense Curl Cream,Moroccanoil,36.0,Hair
P427319,Blow-Dry Concentrate,Moroccanoil,30.0,Hair
P432283,Mini Protect & Prevent Spray,Moroccanoil,14.0,Mini Size
P452428,Mini Intense Hydrating Mask,Moroccanoil,18.0,Hair
P427320,Luminous Hairspray Medium Hold,Moroccanoil,26.0,Hair
P427313,Weightless Hydrating Mask,Moroccanoil,42.0,Hair
P427307,Clarifying Shampoo,Moroccanoil,26.0,Hair
P477823,Shower Gel Cleanser,Moroccanoil,20.0,Bath & Body
P426014,Mini Dry Shampoo Light Tones,Moroccanoil,12.0,Mini Size
P425012,Smoothing Lotion,Moroccanoil,36.0,Hair
P427331,Mini Hydrating Shampoo,Moroccanoil,12.0,Mini Size
P427332,Mini Hydrating Conditioner,Moroccanoil,12.0,Mini Size
P427336,Mini Luminous Hairspray Strong Hold,Moroccanoil,12.0,Mini Size
P412089,Extra Volume Shampoo,Moroccanoil,26.0,Hair
P427321,Root Boost,Moroccanoil,30.0,Hair
P426711,Mini Moisture Repair Shampoo,Moroccanoil,12.0,Mini Size
P412108,Shimmering Body Oil,Moroccanoil,48.0,Bath & Body
P458509,Mini Blonde Perfecting Purple Shampoo,Moroccanoil,12.0,Hair
P426712,Mini Moisture Repair Conditioner,Moroccanoil,12.0,Mini Size
P412114,Pure Argan Oil,Moroccanoil,52.0,Bath & Body
P412088,Extra Volume Conditioner,Moroccanoil,26.0,Hair
P427338,Mini Smoothing Lotion,Moroccanoil,16.0,Mini Size
P438602,Moroccanoil Body Soap,Moroccanoil,14.0,Bath & Body
P429254,Mini Dry Body Oil,Moroccanoil,29.0,Bath & Body
P427318,Oily Scalp Treatment,Moroccanoil,40.0,Hair
P477717,Body Butter Moisturizer,Moroccanoil,38.0,Bath & Body
P427324,Volumizing Mousse,Moroccanoil,30.0,Hair
P463075,Ceramic Paddle Brush,Moroccanoil,30.0,Hair
P427314,Curl Control Mousse,Moroccanoil,30.0,Hair
P502746,Hand Cream,Moroccanoil,22.0,Bath & Body
P477718,Body Souffle Moisturizer,Moroccanoil,38.0,Bath & Body
P481722,Hand Wash,Moroccanoil,20.0,Bath & Body
P427328,"Ionic Ceramic Thermal Brush - 55mm / 2-1/8""",Moroccanoil,30.0,Hair
P504321,Hydrating Shampoo & Conditioner Half-Liter Duo,Moroccanoil,80.0,Hair
P427312,Smoothing Mask,Moroccanoil,42.0,Hair
P427323,Thickening Lotion,Moroccanoil,30.0,Hair
P477204,Blonde Perfecting Purple Conditioner,Moroccanoil,26.0,Hair
P463073,Volumizing Mist,Moroccanoil,30.0,Hair
P427310,Curl Enhancing Conditioner,Moroccanoil,26.0,Hair
P455868,Perfectly Polished Titanium Flat Iron,Moroccanoil,160.0,Hair
P427322,Texture Clay,Moroccanoil,30.0,Hair
P467967,Mini Color Depositing Mask Copper,Moroccanoil,8.0,Hair
P504305,Moisture Repair Shampoo & Conditioner Half-Liter Duo,Moroccanoil,80.0,Hair
P455866,Smart Styling Infrared Hair Dryer,Moroccanoil,190.0,Hair
P481723,Mediterranean Escape: Volume Hair Set,Moroccanoil,58.0,Hair
P502662,Body Polishing Scrub,Moroccanoil,32.0,Bath & Body
P460738,Ceramic Brush 45mm,Moroccanoil,30.0,Hair
P455869,Everlasting Curl Titanium Curling Iron,Moroccanoil,160.0,Hair
P467966,Mini Lilac Hair Color Depositing Mask,Moroccanoil,8.0,Hair
P460737,Ceramic Brush 25mm,Moroccanoil,30.0,Hair
P504816,Dive Into Hydration Head-to-Toe Set,Moroccanoil,44.0,Hair
P473827,Ceramic Brush 35 mm,Moroccanoil,30.0,Hair
P504812,Volume Travel Hair Set,Moroccanoil,52.0,Hair
P504827,Hydration Travel Hair Set,Moroccanoil,52.0,Hair
P504835,Color Care Shampoo,Moroccanoil,26.0,Hair
P504792,Mini Color Care Shampoo,Moroccanoil,12.0,Mini Size
P504824,Color Care Conditioner,Moroccanoil,26.0,Hair
P504797,Mini Color Care Conditioner,Moroccanoil,12.0,Mini Size
P432823,Gua Sha Facial Lifting Tool,Mount Lai,30.0,Skincare
P432824,De-Puffing Jade Facial Roller,Mount Lai,36.0,Skincare
P501518,Calming Herbal Repair Overnight Recovery Balm for Skin Barrier Support,Mount Lai,60.0,Skincare
P434340,De-Puffing Rose Quartz Facial Roller,Mount Lai,40.0,Skincare
P440309,Amethyst Roller,Mount Lai,46.0,Skincare
P444470,De-Puffing Rose Quartz Eye Treatment Tool,Mount Lai,30.0,Skincare
P446639,Massaging Jade Textured Facial Roller,Mount Lai,36.0,Skincare
P467635,Jade Tension Melting Massager for Face & Neck,Mount Lai,72.0,Skincare
P447604,De-Puffing Jade Eye Treatment Tool,Mount Lai,30.0,Skincare
P196516,Alien Eau de Parfum,Mugler,150.0,Fragrance
P475134,Alien Goddess Eau de Parfum Travel Spray,Mugler,35.0,Fragrance
P475133,Alien Goddess Eau de Parfum,Mugler,180.0,Fragrance
P9864,Angel Eau de Parfum,Mugler,95.0,Fragrance
P433658,Alien Eau de Parfum Travel Spray,Mugler,35.0,Fragrance
P500768,Alien Goddess Eau de Parfum Intense,Mugler,180.0,Fragrance
P433659,Angel Eau de Parfum Travel Spray,Mugler,35.0,Fragrance
P502069,Mini Alien Perfume Gift Set,Mugler,30.0,Fragrance
P468699,Angel Nova Eau de Parfum Travel Spray,Mugler,32.0,Fragrance
P468698,Angel Nova Eau de Parfum,Mugler,120.0,Fragrance
P481135,Angel Nova Eau de Toilette,Mugler,115.0,Fragrance
P502467,Alien Goddess Eau De Parfum Solar Floral Fragrance Set,Mugler,125.0,Fragrance
P504299,Alien Goddess Eau de Parfum Perfume Set,Mugler,125.0,Fragrance
P4016,Acne Control Clarifying Cleanser,Murad,36.0,Skincare
P440651,Mini Acne Control Clarifying Cleanser,Murad,14.0,Skincare
P411365,Retinol Youth Renewal Serum,Murad,92.0,Skincare
P440650,Mini Retinol Youth Renewal Serum,Murad,32.0,Skincare
P254720,Acne Control Clarifying Cream Cleanser,Murad,39.0,Skincare
P4015,Clarifying Toner,Murad,30.0,Skincare
P9940,Essential-C Day Moisture Broad Spectrum SPF 30 PA+++,Murad,68.0,Skincare
P4010,AHA/BHA Exfoliating Cleanser,Murad,46.0,Skincare
P394397,Invisiblur Perfecting Shield Broad Spectrum SPF 30 PA+++,Murad,71.0,Skincare
P471788,Mini AHA/BHA Exfoliating Cleanser,Murad,17.0,Skincare
P446423,InvisiScar Post-Acne Resurfacing Treatment,Murad,38.0,Skincare
P466673,Rapid Dark Spot Correcting Serum,Murad,83.0,Skincare
P34402,Acne Control Clarifying Body Spray,Murad,48.0,Skincare
P427638,Nutrient-Charged Water Gel,Murad,71.0,Skincare
P421432,Rapid Relief Acne Spot Treatment,Murad,26.0,Skincare
P446934,Oil and Pore Control Mattifier Broad Spectrum SPF 45 PA++++,Murad,49.0,Skincare
P500857,Deep Relief Acne Treatment with Salicylic Acid,Murad,45.0,Skincare
P7365,Pure Skin Clarifying Dietary Supplement,Murad,50.0,Skincare
P479645,Targeted Wrinkle Corrector,Murad,79.0,Skincare
P482540,Correct & Protect Broad Spectrum SPF 45| PA++++,Murad,69.0,Skincare
P268700,Hydro-Dynamic Ultimate Moisture,Murad,83.0,Skincare
P47517,Acne Body Wash,Murad,48.0,Bath & Body
P9941,Essential-C Cleanser,Murad,44.0,Skincare
P480461,Retinol Youth Renewal Eye Masks,Murad,42.0,Skincare
P453928,Retinol Youth Renewal Eye Serum,Murad,89.0,Skincare
P470227,Vitamin C Triple Exfoliating Facial,Murad,85.0,Skincare
P444970,Replenishing Multi-Acid Peel,Murad,79.0,Skincare
P456571,Vitamin C Glycolic Brightening Serum,Murad,88.0,Skincare
P417980,City Skin Age Defense Broad Spectrum SPF 50 PA++++,Murad,69.0,Skincare
P475135,Mini Vitamin C Glycolic Brightening Serum,Murad,30.0,Skincare
P474075,AHA/BHA/Retinoid Daily Clarifying Peel,Murad,44.0,Skincare
P453929,Retinol Youth Renewal Night Cream,Murad,88.0,Skincare
P4032,Hydrating Toner,Murad,42.0,Skincare
P434550,Revitalixir Recovery Serum,Murad,97.0,Skincare
P456572,Vitamin C Dark Circle Correcting Eye Serum,Murad,67.0,Skincare
P9939,Essential-C Toner,Murad,42.0,Skincare
P433143,Outsmart Acne Clarifying Treatment,Murad,49.0,Skincare
P38217,Renewing Cleansing Cream,Murad,45.0,Skincare
P107306,Renewing Eye Cream,Murad,89.0,Skincare
P4039,Perfecting Day Cream Broad Spectrum SPF 30 PA+++,Murad,65.0,Skincare
P476526,Mini Rapid Dark Spot Correcting Serum,Murad,27.0,Mini Size
P377178,Rapid Collagen Infusion,Murad,89.0,Skincare
P429526,Multi-Vitamin Infusion Oil,Murad,85.0,Skincare
P454514,"Youth Renewal Retinol Trial Kit for Smoother, Younger-Looking Skin",Murad,59.0,Skincare
P467129,Acne Control 30-Day Trial Kit for Clearer Skin,Murad,36.0,Skincare
P501003,Clarifying Water Gel Moisturizer with Hyaluronic Acid,Murad,49.0,Skincare
P479646,Mini City Skin Age Defense Broad Spectrum SPF 50 PA++++,Murad,25.0,Skincare
P479696,Brighten Trial Kit,Murad,52.0,Skincare
P504438,Retinal Rescuplt Overnight Treatment,Murad,105.0,Skincare
P505343,Retinol Youth Renewal Value Duo,Murad,126.0,Skincare
P388615,Nail Polish,NAILS INC.,15.0,Makeup
P394851,Gel Nail Polish,NAILS INC.,15.0,Makeup
P419467,Unicorn Nail Polish Duo,NAILS INC.,15.0,Makeup
P460419,73% Plant Power Nail Polish,NAILS INC.,10.0,Makeup
P388616,NAILKALE - Superfood Base Coat,NAILS INC.,15.0,Makeup
P457823,Naked In Neon Nail Polish set,NAILS INC.,22.0,Makeup
P454979,Retinol 45 Second Top Coat,NAILS INC.,15.0,Makeup
P460629,Manicure & Pedicure Must Haves Set,NAILS INC.,37.5,Makeup
P482049,Glow Naturale Nail Polish Duo,NAILS INC.,15.0,Makeup
P458940,Peachy and Perky Lip Gloss and Nail Polish Set,NAILS INC.,15.0,Makeup
P501802,Artificial Press-On Nails,NAILS INC.,8.99,Makeup
P458939,Freshly Juiced Nail Polish Duo,NAILS INC.,15.0,Makeup
P471789,Choose Plant Nail Polish Duo,NAILS INC.,15.0,Makeup
P482047,Feeling So Fly Duo and Sticker Nail Polish Set,NAILS INC.,16.0,Makeup
P500441,On The Horizon Nail Set,NAILS INC.,22.0,Makeup
P500418,Made in Mykonos Nail Set With Stickers,NAILS INC.,16.0,Makeup
P406503,NAILPURE- Base Coat,NAILS INC.,15.0,Makeup
P421252,NailPure Top Coat,NAILS INC.,15.0,Makeup
P423310,Gel-less Gel Nail Polish Remover Kit,NAILS INC.,19.0,Makeup
P501815,Caught in Camo Nail Polish Quad Set,NAILS INC.,22.0,Makeup
P461187,NailKale Superfood Nail Oil Capsules,NAILS INC.,20.0,Makeup
P502857,French Mani Hack Nail Polish Set,NAILS INC.,16.0,Makeup
P505041,Glazing Over Nail Polish Duo Set,NAILS INC.,15.0,Makeup
P505011,Serving Swirls Nail Polish Quad Set,NAILS INC.,22.0,Makeup
P505010,Maniplex Nail Treatment,NAILS INC.,15.0,Makeup
P441206,Pure Musc Eau de Parfum,Narciso Rodriguez,70.0,Fragrance
P377873,Radiant Creamy Concealer,NARS,32.0,Makeup
P2855,Blush,NARS,32.0,Makeup
P422077,Mini Radiant Creamy Concealer,NARS,15.0,Mini Size
P78834,Velvet Matte Lipstick Pencil,NARS,27.0,Makeup
P416200,Soft Matte Complete Concealer,NARS,32.0,Makeup
P387906,Audacious Lipstick,NARS,34.0,Makeup
P427301,Natural Radiant Longwear Foundation,NARS,50.0,Makeup
P479338,Light Reflecting Advanced Skincare Foundation,NARS,50.0,Makeup
P247355,Sheer Glow Foundation,NARS,47.0,Makeup
P421485,Powermatte Lip Pigment,NARS,30.0,Makeup
P302923,Pure Radiant Tinted Moisturizer Broad Spectrum SPF 30,NARS,46.0,Makeup
P419506,Liquid Blush,NARS,30.0,Makeup
P13046537,Afterglow Lip Balm,NARS,28.0,Makeup
P448502,Lipstick,NARS,26.0,Makeup
P12790,Bronzer Powder,NARS,38.0,Makeup
P462720,Soft Matte Complete Foundation,NARS,42.0,Makeup
P2866,"The Multiple Cream Blush, Lip and Eye Stick",NARS,39.0,Makeup
P261211,Pro-Prime Smudge Proof Eyeshadow Base,NARS,26.0,Makeup
P377757,Light Reflecting Pressed Setting Powder,NARS,40.0,Makeup
P441810,Mini Voyageur Eyeshadow Palette,NARS,32.0,Makeup
P471270,Laguna Bronzing Cream,NARS,38.0,Makeup
P479337,Afterglow Lip Shine Gloss,NARS,26.0,Makeup
P462721,Mini Afterglow Lip Balm Duo,NARS,22.0,Mini Size
P501583,Powermatte Long-Lasting Lipstick,NARS,34.0,Makeup
P104006,Blush/Bronzer Duo,NARS,42.0,Makeup
P474358,Air Matte Liquid Lipstick,NARS,28.0,Makeup
P468392,Soft Matte Tinted Lip Balm,NARS,28.0,Makeup
P465783,Mini Orgasm Blush,NARS,17.0,Mini Size
P84818,Pencil Sharpener,NARS,7.0,Tools & Brushes
P377756,Light Reflecting Loose Setting Powder,NARS,40.0,Makeup
P465784,Mini Orgasm X Blush,NARS,17.0,Mini Size
P422078,Mini Blush/Bronzer Duo,NARS,24.0,Mini Size
P468700,Air Matte Sheer Cream Blush,NARS,30.0,Makeup
P457302,Afterglow Lip Balm - Laguna Collection,NARS,28.0,Makeup
P457632,Mini Laguna Getaway Bronzer Powder,NARS,18.0,Makeup
P482702,Mini Afterglow Lip Shine Gloss Set,NARS,25.0,Makeup
P422073,Precision Lip Liner,NARS,24.0,Makeup
P457304,Matte Bronzer Powder,NARS,38.0,Makeup
P473173,Radiant Creamy Liquid Color Corrector,NARS,30.0,Makeup
P504202,Soft Matte Advanced Perfecting Powder,NARS,36.0,Makeup
P2856,Monoi Body Glow I,NARS,59.0,Makeup
P448503,High-Pigment Longwear Eyeliner,NARS,24.0,Makeup
P503582,Mini Shine On Dolce Vita Lip Duo Set,NARS,25.0,Mini Size
P434385,Climax Mascara,NARS,13.0,Makeup
P422079,Mini Blush Duo,NARS,24.0,Makeup
P480462,Mini Light Reflecting Setting Powder,NARS,20.0,Makeup
P415965,Radiance Primer Broad Spectrum SPF 35 Sunscreen,NARS,36.0,Makeup
P440527,Mini Climax Mascara,NARS,13.0,Mini Size
P433123,Sheer Glow Foundation Pump,NARS,6.0,Makeup
P504808,Mini Orgasm Blush and Lip Gloss Duo Set,NARS,27.0,Makeup
P504836,"Orgasm The Multiple Cream Blush, Lip and Eye Stick",NARS,39.0,Makeup
P504821,Orgasm Rising Eyeshadow Palette,NARS,49.0,Makeup
P463090,#11 Soft Matte Complete Concealer Brush,NARS,26.0,Makeup
P504832,"Orgasm Four Play Blush, Contour, and Highlighter Palette",NARS,45.0,Makeup
P475138,Soft Matte Face Primer,NARS,36.0,Makeup
P475139,Climax Waterproof Liquid Eyeliner,NARS,24.0,Makeup
P463092,Yachiyo Kabuki Brush,NARS,40.0,Makeup
P504830,Orgasm Thrills Lip Balm and Blush Set,NARS,49.0,Makeup
P463091,ITA Kabuki Brush,NARS,40.0,Makeup
P504081,Lunar New Year Light Reflecting Pressed Setting Powder and Puff,NARS,42.0,Makeup
P505043,Mini Radiant Creamy Concealer and Afterglow Lip Shine Gloss Customizable Set,NARS,25.0,Makeup
P467033,#10 Radiant Creamy Concealer Brush,NARS,26.0,Makeup
P504068,#15 Precision Powder Brush,NARS,34.0,Makeup
P504066,#16 Blush Brush,NARS,36.0,Makeup
P505364,Afterglow Sensual Shine Hydrating Lipstick,NARS,32.0,Makeup
P504061,#22 Blending Brush,NARS,28.0,Makeup
P504039,#20 Allover Eyeshadow Brush,NARS,28.0,Makeup
P461188,Glam Eyeshadow Palette,Natasha Denona,69.0,Makeup
P411826,Eyeshadow Palette 5,Natasha Denona,48.0,Makeup
P440313,Mini Nude Eyeshadow Palette,Natasha Denona,27.0,Makeup
P459829,Bronze Eyeshadow Palette,Natasha Denona,69.0,Makeup
P475969,Retro Eyeshadow Palette,Natasha Denona,69.0,Makeup
P436273,Mini Star Eyeshadow Palette,Natasha Denona,25.0,Makeup
P453218,Mini Glam Eyeshadow Palette,Natasha Denona,27.0,Makeup
P478018,Glam Face & Eye Palette,Natasha Denona,62.0,Makeup
P457653,Mini Retro Eyeshadow Palette,Natasha Denona,27.0,Makeup
P413523,Star Eyeshadow Palette,Natasha Denona,25.0,Makeup
P450057,Mini Gold Eyeshadow Palette,Natasha Denona,27.0,Makeup
P502079,My Dream Eyeshadow Palette,Natasha Denona,69.0,Makeup
P444024,Mini Bronze & Glow Cheek Duo,Natasha Denona,20.0,Makeup
P482292,Pastel Eyeshadow Palette,Natasha Denona,69.0,Makeup
P479976,Mini Biba Eyeshadow Palette,Natasha Denona,27.0,Mini Size
P471790,Zendo Eyeshadow Palette,Natasha Denona,69.0,Makeup
P468701,Mini Love Eyeshadow Palette,Natasha Denona,27.0,Makeup
P441872,Bloom Cheek Palette,Natasha Denona,59.0,Makeup
P501473,Retro Glam Eyeshadow Palette,Natasha Denona,69.0,Makeup
P464791,Mini Zendo Eyeshadow Palette,Natasha Denona,27.0,Makeup
P444921,Tan Bronze & Glow Palette,Natasha Denona,59.0,Makeup
P500627,Mini Bronze Eyeshadow Palette,Natasha Denona,27.0,Mini Size
P500263,Hy-Gen Skinglass Energizing & Hydrating Primer Serum,Natasha Denona,48.0,Makeup
P434566,Transformatte Pore Vanishing Matte Foundation,Natasha Denona,45.0,Makeup
P472992,Puff Paint Liquid Blush,Natasha Denona,24.0,Makeup
P481728,I Need A Rose Cream Lipstick,Natasha Denona,27.0,Makeup
P442957,Foundation X+,Natasha Denona,45.0,Makeup
P502073,"My Dream Cheek Trio - Cream Blush, Glow Cream Base and Glow Powder Highlighter",Natasha Denona,48.0,Makeup
P482051,I Need A Rose Long Lasting Easy Glide Lip Pencil,Natasha Denona,24.0,Makeup
P444034,Transfix Matte Concealer,Natasha Denona,28.0,Makeup
P503993,Mini Pastel Eyeshadow Palette,Natasha Denona,27.0,Makeup
P482052,I Need A Rose Lipgloss,Natasha Denona,27.0,Makeup
P502442,My Dream Lipstick - Creamy Lip Color,Natasha Denona,27.0,Makeup
P502303,My Dream Lip Crayon - Long Lasting Easy Glide Lip Liner,Natasha Denona,24.0,Makeup
P502353,My Dream Lip Gloss - Soft & Hydrating Lip Shine,Natasha Denona,27.0,Makeup
P475142,Work & Set Gel Eyeliner,Natasha Denona,26.0,Makeup
P475141,Macro Tech Eyeliner Crayon,Natasha Denona,24.0,Makeup
P474359,Macro Blade Liquid Eyeliner,Natasha Denona,27.0,Makeup
P505250,Love Face Eyeshadow & Cheek Essential Palette,Natasha Denona,62.0,Makeup
P502350,Travel Brush Set & Makeup Pouch,Natasha Denona,139.0,Makeup
P433973,Get Even Cold-Pressed Peel Pads,Naturally Serious,32.0,Skincare
P473133,Fruit-Tox Resurfacing Facial Remedy,Naturally Serious,27.0,Skincare
P444216,After-Dark Natural Peptide Sleeping Cream,Naturally Serious,37.0,Skincare
P433971,Skin Warrior Moisture Rescue Cream,Naturally Serious,35.0,Skincare
P473148,Mask-imum Revival Hydra-Plumping Mask,Naturally Serious,27.0,Skincare
P433975,Zero Baggage Anti-Dark Circle Eye Cream,Naturally Serious,26.0,Skincare
P433974,Supercharge Anti-Oxidant Moisture Serum,Naturally Serious,39.0,Skincare
P450587,Illumi-nation Anti-Fatigue Power Serum,Naturally Serious,39.0,Skincare
P500160,Mineral Sun Defense Moisturizer Broad Spectrum SPF 30,Naturally Serious,36.0,Skincare
P478020,Lemon-Aid Makeup-Removing Cleansing Gel,Naturally Serious,19.0,Skincare
P478021,Sleepover Retin-Oil Nighttime Treatment,Naturally Serious,39.0,Skincare
P459727,"The Body Wash - With Niacinamide, Vitamins + Plant Surfactants",Nécessaire,25.0,Bath & Body
P459138,"The Body Lotion - With Niacinamide, Vitamins + Peptides",Nécessaire,28.0,Bath & Body
P474847,"The Body Serum - With Hyaluronic Acid, Niacinamide + Ceramide",Nécessaire,45.0,Bath & Body
P459728,The Body Exfoliator - With Bamboo Charcoal,Nécessaire,30.0,Bath & Body
P480463,The Deodorant Gel - With 5% Alpha Hydroxy Acid (AHA) and Niacinamide,Nécessaire,15.0,Bath & Body
P474360,The Body Ritual,Nécessaire,45.0,Bath & Body
P460570,The Hand Cream - With Peptide,Nécessaire,20.0,Bath & Body
P500993,"The Sunscreen - 100% Mineral, Broad Spectrum SPF 30 with 20% Non-Nano Zinc, Hyaluronic Acid and Niacinamide",Nécessaire,25.0,Skincare
P503143,The Scalp Serum - With 5% Biomimetic Peptide Blend For Hair Growth,Nécessaire,58.0,Hair
P502707,"The Shampoo- Balancing Cleanse With Hyaluronic Acid, Niacinamide + Panthenol",Nécessaire,28.0,Hair
P474076,The Body Oil - 100% Organic. 100% Cold-Pressed.,Nécessaire,40.0,Bath & Body
P502757,"The Conditioner- Hydrating Cream with Hyaluronic Acid, Niacinamide + Panthenol",Nécessaire,28.0,Hair
P500039,The Neck Serum - With 5 Peptides | 9% Peptide Blend,Nécessaire,60.0,Skincare
P504029,"The Body Cream - With 5 Ceramides, Colloidal Oatmeal + Niacinamide",Nécessaire,45.0,Bath & Body
P503875,"The Body Bar - With 2% Physical Exfoliant, 5 Ceramides + Niacinamide",Nécessaire,12.0,Bath & Body
P504054,"Mini The Body Lotion - With Niacinamide, Vitamins + Peptides",Nécessaire,15.0,Bath & Body
P504074,"The Body Wash - With Niacinamide, Vitamins + Plant Surfactants Refill",Nécessaire,40.0,Bath & Body
P385317,Indigo Eau de Parfum,NEST New York,86.0,Fragrance
P470232,Madagascar Vanilla Perfume Oil,NEST New York,98.0,Fragrance
P470233,Madagascar Vanilla Perfume Oil Rollerball,NEST New York,35.0,Fragrance
P480334,Mini Fragrance Discovery Set,NEST New York,40.0,Fragrance
P385319,Indigo Eau de Parfum Travel Spray,NEST New York,30.0,Fragrance
P415763,Black Tulip Eau de Parfum,NEST New York,86.0,Fragrance
P440637,Wild Poppy Eau de Parfum,NEST New York,86.0,Fragrance
P454827,Sunkissed Hibiscus Eau de Parfum,NEST New York,86.0,Fragrance
P480332,Golden Nectar Eau de Parfum,NEST New York,86.0,Fragrance
P470045,Mini Perfume Oil Set,NEST New York,48.0,Fragrance
P469170,Seville Orange Perfume Oil Rollerball,NEST New York,35.0,Fragrance
P454828,Sunkissed Hibiscus Eau de Parfum Travel Spray,NEST New York,30.0,Fragrance
P503925,Balinese Coconut Perfume Oil,NEST New York,98.0,Fragrance
P470236,Turkish Rose Perfume Oil,NEST New York,98.0,Fragrance
P406775,Citrine Eau de Parfum,NEST New York,86.0,Fragrance
P480331,Golden Nectar Eau de Parfum Travel Spray,NEST New York,30.0,Fragrance
P480335,Perfume Rollerball Set,NEST New York,23.0,Fragrance
P440638,Wild Poppy Eau de Parfum Travel Spray,NEST New York,30.0,Fragrance
P470237,Turkish Rose Perfume Oil Rollerball,NEST New York,35.0,Fragrance
P467037,Seville Orange Perfume Oil,NEST New York,98.0,Fragrance
P470231,Indian Jasmine Perfume Oil Rollerball,NEST New York,35.0,Fragrance
P427608,Wisteria Blue Eau de Parfum,NEST New York,86.0,Fragrance
P470230,Indian Jasmine Perfume Oil,NEST New York,98.0,Fragrance
P415765,Black Tulip Eau de Parfum Travel Spray,NEST New York,30.0,Fragrance
P406776,Citrine Eau de Parfum Travel Spray,NEST New York,30.0,Fragrance
P381768,Grapefruit Candle,NEST New York,46.0,Fragrance
P503898,Balinese Coconut Perfume Oil Rollerball,NEST New York,35.0,Fragrance
P502931,Madagascar Vanilla Perfume Oil Set,NEST New York,100.0,Fragrance
P470229,Mini Perfume Oil Set,NEST New York,25.0,Fragrance
P427607,Wisteria Blue Eau de Parfum Travel Spray,NEST New York,30.0,Fragrance
P463480,Mini Ornament Holiday Candle,NEST New York,18.0,Fragrance
P461189,Mini Festive Candle Set,NEST New York,48.0,Fragrance
P440639,Rose Noir & Oud Candle,NEST New York,46.0,Fragrance
P381767,Grapefruit Reed Diffuser,NEST New York,58.0,Fragrance
P463474,Holiday Candle,NEST New York,46.0,Fragrance
P382348,Moroccan Amber Candle,NEST New York,46.0,Fragrance
P440640,Rose Noir & Oud Reed Diffuser,NEST New York,58.0,Fragrance
P470234,South Pacific Sandalwood Perfume Oil,NEST New York,98.0,Fragrance
P470235,South Pacific Sandalwood Perfume Oil Rollerball,NEST New York,35.0,Fragrance
P396423,Moroccan Amber Reed Diffuser,NEST New York,58.0,Fragrance
P381777,Bamboo Candle,NEST New York,46.0,Fragrance
P454966,Amalfi Lemon & Mint Candle,NEST New York,18.0,Fragrance
P469882,Wild Mint & Eucalyptus Candle,NEST New York,46.0,Fragrance
P381776,Bamboo Reed Diffuser,NEST New York,58.0,Fragrance
P502899,Sunkissed Hibiscus Fine Fragrance Set,NEST New York,86.0,Fragrance
P474362,Pumpkin Chai Candle,NEST New York,46.0,Fragrance
P474361,Mini Pumpkin Chai Candle,NEST New York,18.0,Fragrance
P469883,Wild Mint & Eucalyptus Reed Diffuser,NEST New York,58.0,Fragrance
P456973,Pura Smart Home Fragrance Diffuser Set,NEST New York,85.0,Fragrance
P463479,Festive Petite Diffuser Trio Set,NEST New York,58.0,Fragrance
P504319,Golden Nectar Perfume Set,NEST New York,86.0,Fragrance
P416384,Ocean Mist & Sea Salt Reed Diffuser,NEST New York,58.0,Fragrance
P463476,Birchwood Pine Candle,NEST New York,78.0,Fragrance
P467034,Grapefruit Votive Candle,NEST New York,18.0,Fragrance
P408726,Apricot Tea Scented Candle,NEST New York,46.0,Fragrance
P468393,Wild Poppy Perfume Set,NEST New York,84.0,Fragrance
P483676,Himalayan Salt & Rosewater Candle,NEST New York,46.0,Fragrance
P472484,Smart Home Pura Diffuser Refills,NEST New York,36.0,Fragrance
P463481,Mini Birchwood Pine Candle,NEST New York,18.0,Fragrance
P409732,Sicilian Tangerine Scented Candle,NEST New York,46.0,Fragrance
P483677,Mini Himalayan Salt & Rosewater Candle,NEST New York,18.0,Fragrance
P505138,Mini Perfume Oil Discovery Sampler Set,NEST New York,25.0,Fragrance
P416574,Cedar Leaf & Lavender Reed Diffuser,NEST New York,58.0,Fragrance
P441635,Velvet Pear Candle,NEST New York,18.0,Fragrance
P454967,Amalfi Lemon & Mint Reed Diffuser,NEST New York,58.0,Fragrance
P428070,Linen Scented Candle,NEST New York,18.0,Fragrance
P409733,Ocean Mist & Sea Salt Scented Candle,NEST New York,46.0,Fragrance
P408727,Apricot Tea Reed Diffuser,NEST New York,58.0,Fragrance
P483678,Himalayan Salt & Rosewater Diffuser,NEST New York,58.0,Fragrance
P463475,Holiday Reed Diffuser,NEST New York,58.0,Fragrance
P450838,Holiday & Birchwood Pine Candle Duo Set,NEST New York,76.0,Fragrance
P480623,Driftwood & Chamomile Candle,NEST New York,46.0,Fragrance
P460869,Grapefruit Hand Soap,NEST New York,22.0,Bath & Body
P500462,Mini Wild Mint & Eucalyptus Candle,NEST New York,18.0,Fragrance
P505122,Mini Perfume Oil Set,NEST New York,48.0,Fragrance
P502276,Wellness Votive Trio Set,NEST New York,48.0,Fragrance
P463477,Birchwood Pine Reed Diffuser,NEST New York,58.0,Fragrance
P381775,Bamboo Liquid Hand Soap,NEST New York,22.0,Bath & Body
P467035,Mini Moroccan Amber Candle,NEST New York,18.0,Fragrance
P502676,Crystallized Ginger & Vanilla Bean Candle,NEST New York,46.0,Fragrance
P500463,Mini Driftwood & Chamomile Candle,NEST New York,18.0,Fragrance
P482293,Wild Mint & Eucalyptus Misting Diffuser Set,NEST New York,98.0,Fragrance
P480333,Mini Wellness Candle Duo,NEST New York,54.0,Fragrance
P503596,Wall Diffuser Festive Set,NEST New York,38.0,Fragrance
P442310,Mini Velvet Pear Candle,NEST New York,18.0,Fragrance
P419419,Citrine Body Cream,NEST New York,55.0,Bath & Body
P504703,Lime Zest & Matcha Votive Candle,NEST New York,18.0,Fragrance
P482294,Wild Mint & Eucalyptus Misting Diffuser Oil,NEST New York,32.0,Fragrance
P448841,Pumpkin Chai Reed Diffuser,NEST New York,58.0,Fragrance
P500267,Charcoal Woods Candle,NEST New York,46.0,Fragrance
P500258,Mini Charcoal Woods Candle,NEST New York,18.0,Fragrance
P482706,Driftwood & Chamomile Misting Diffuser Oil,NEST New York,32.0,Fragrance
P480624,Driftwood & Chamomile Diffuser,NEST New York,58.0,Fragrance
P501007,Pumpkin Chai Liquid Soap,NEST New York,22.0,Bath & Body
P484062,Gray Malin Ocean Mist & Sea Salt Candle,NEST New York,48.0,Fragrance
P503632,Holiday Wall Diffuser Refill,NEST New York,28.0,Fragrance
P467036,Mini Linen Scented Candle,NEST New York,18.0,Fragrance
P504685,Lime Zest & Matcha Candle,NEST New York,78.0,Fragrance
P505155,Lime Zest & Matcha Diffuser,NEST New York,58.0,Fragrance
P504705,Lime Zest & Matcha Misting Diffuser Oil,NEST New York,32.0,Fragrance
P484061,Gray Malin Ocean Mist & Sea Salt Reed Diffuser,NEST New York,46.0,Fragrance
P503233,Himalayan Salt & Rosewater Luxury Candle,NEST New York,180.0,Fragrance
P500242,Charcoal Woods Reed Diffuser,NEST New York,58.0,Fragrance
P502897,Birchwood Pine PURA Refill,NEST New York,36.0,Fragrance
P503235,Driftwood & Chamomile Wall Diffuser Refill,NEST New York,28.0,Fragrance
P503228,Driftwood & Chamomile  Luxury Candle,NEST New York,180.0,Fragrance
P504691,Lime Zest & Matcha Pura Refill,NEST New York,36.0,Fragrance
P505432,Wilderness Midnight Moss & Vetiver Reed Diffuser,NEST New York,58.0,Fragrance
P502893,Birchwood Pine Reed Diffuser,NEST New York,58.0,Fragrance
P504038,Smart Home Wall Diffuser Refills,NEST New York,28.0,Fragrance
P500335,Driftwood & Chamomile Misting Diffuser Oil,NEST New York,32.0,Fragrance
P500324,Wild Mint & Eucalyptus Misting Diffuser Oil,NEST New York,32.0,Fragrance
P441634,Rose Noir & Oud Votive Candle,NEST New York,18.0,Fragrance
P455878,Amalfi Lemon & Mint Votive Candle,NEST New York,18.0,Fragrance
P500337,Misting Diffuser Set with Wild Mint & Eucalyptus,NEST New York,98.0,Fragrance
P419107,Nudies Matte Cream Blush,NUDESTIX,35.0,Makeup
P388953,Magnetic Eye Color,NUDESTIX,27.0,Makeup
P428673,Nude Metallics For Eyes,NUDESTIX,30.0,Makeup
P444609,Nudies Bloom All Over Dewy Color,NUDESTIX,35.0,Makeup
P478523,Mini NUDIES Roses 'N Honey Nudes 3pc Kit,NUDESTIX,29.0,Mini Size
P405290,Intense Matte Lip + Cheek Pencil,NUDESTIX,27.0,Makeup
P431758,Tinted Blur Foundation Stick,NUDESTIX,32.0,Makeup
P417912,Nudies All Over Face Color Bronze + Glow,NUDESTIX,35.0,Makeup
P457828,Sunset Nudes 3-piece Set,NUDESTIX,27.0,Makeup
P416774,Magnetic Matte Lip Color,NUDESTIX,27.0,Makeup
P408286,Gel Color Lip + Cheek Balm,NUDESTIX,27.0,Makeup
P444920,Nude Plumping Lip Glace,NUDESTIX,28.0,Makeup
P448152,Tinted Cover Skin Tint Foundation,NUDESTIX,36.0,Makeup
P482056,Mini Nudefix Cream Concealer,NUDESTIX,9.0,Mini Size
P501811,Mini Soft & Warm Nudes 3-Piece Kit,NUDESTIX,29.0,Makeup
P400017,Eyebrow Stylus Pencil & Gel,NUDESTIX,27.0,Makeup
P500480,Nudies Matte Cream Bronzer,NUDESTIX,35.0,Makeup
P501183,Nudies Matte Lux All-Over Face Blush,NUDESTIX,35.0,Makeup
P463098,Nudefix Cream Concealer,NUDESTIX,28.0,Makeup
P481828,Nudescreen Daily Mineral Veil SPF 30,NUDESTIX,36.0,Skincare
P448856,Blend & Buff Brush,NUDESTIX,26.0,Makeup
P501155,Tinted Blur Contour Sculpting Stick,NUDESTIX,32.0,Makeup
P463096,Glowy Nude Skin 2pcs,NUDESTIX,47.0,Makeup
P501177,Blot & Blur Matte Stick,NUDESTIX,34.0,Makeup
P501780,Mini 90's Nude Lips 3-Piece Kit,NUDESTIX,29.0,Makeup
P463099,Pretty Nude Skin 2pcs,NUDESTIX,47.0,Makeup
P476894,NUDESKIN Lemon-Aid Detox & Glow Micro-Peel,NUDESTIX,35.0,Skincare
P476893,NUDESKIN Citrus-C Mask & Daily Moisturizer,NUDESTIX,39.0,Skincare
P475143,NUDESKIN 3-Step: Citrus Renew Set For Makeup,NUDESTIX,29.0,Skincare
P502770,"No Edit, No Filter, Just Glam 3-Piece Glamzilla Set",NUDESTIX,69.0,Makeup
P482054,Euphoric Nudes 7pc Festival Palette,NUDESTIX,79.0,Makeup
P472178,Brow Set Gel XL,NUDESTIX,28.0,Makeup
P388950,Lash Lengthening Mascara,NUDESTIX,28.0,Makeup
P482055,Hydra-Peptide Lip Butter with Mini Intense Matte Lip + Cheek Pencil,NUDESTIX,18.0,Makeup
P501789,Mini Trendy Blush 3-Piece Kit,NUDESTIX,29.0,Makeup
P478511,Brows & Lashes 3pc Kit,NUDESTIX,32.0,Makeup
P504874,Nudescreen Lip Primer SPF 30 Natural,NUDESTIX,18.0,Makeup
P504873,Nude Earth Eye Palette 6 Pc Kit,NUDESTIX,69.0,Makeup
P472179,Vegan Splashproof Mascara,NUDESTIX,28.0,Makeup
P476892,NUDESKIN Citrus Clean Balm & Make-Up Melt,NUDESTIX,35.0,Makeup
P504322,Gentle Hydra-Gel Face Cleanser,NUDESTIX,19.0,Skincare
P504330,5% Citrus Fruit & Glycolic Glow Toner,NUDESTIX,29.0,Skincare
P504306,Citrus Clean Balm & Makeup Melt,NUDESTIX,35.0,Makeup
P407080,Love is Louder Lip + Cheek Pencil,NUDESTIX,27.0,Makeup
P504286,Nudestix Lemon-Aid Detox & Glow Micro-Peel,NUDESTIX,35.0,Skincare
P502852,NuFACE Mini+ Petite Facial Toning Device,NuFACE,245.0,Skincare
P385320,Trinity + Eye and Lip Enhancer Attachment Bundle,NuFACE,449.0,Skincare
P402992,Trinity + Eye and Lip Enhancer Attachment Bundle,NuFACE,429.0,Skincare
P474968,NuFACE Hydrating Aqua Gel,NuFACE,39.0,Skincare
P428005,NuBODY Skin Toning Device,NuFACE,399.0,Skincare
P474967,NuFACE Firming and Brightening Silk Crème,NuFACE,69.0,Skincare
P383182,Wrinkle Reducer Trinity Attachment,NuFACE,159.0,Skincare
P393600,Trinity Facial Toning Device + Wrinkle Reducer Attachment Bundle,NuFACE,449.0,Skincare
P481138,FIX  Line Smoothing Device,NuFACE,159.0,Skincare
P402993,Trinity Facial Toning Device + Wrinkle Reducer Attachment Bundle,NuFACE,429.0,Skincare
P500464,NuBODY - Body Toning Device,NuFACE,399.0,Skincare
P504221,Trinity+ Starter Kit,NuFACE,395.0,Skincare
P504676,NuFACE Trinity+ & Effective Lip and Eye Attachment,NuFACE,495.0,Skincare
P481137,FIX Line Smoothing Serum,NuFACE,49.0,Skincare
P504706,NuFACE Effective Lip & Eye Attachment,NuFACE,160.0,Skincare
P504148,WOMEN Clinically Proven Hair Growth Supplement for Thinning,Nutrafol,88.0,Hair
P504161,Women’s Lightweight Thickening-Hair Serum for Thinning Hair,Nutrafol,69.0,Hair
P504173,WOMEN’S BALANCE 45+ Clinically Proven Hair Growth Supplement for Thinning,Nutrafol,88.0,Hair
P504186,Root Purifier Scalp Shampoo for Thinning Hair,Nutrafol,44.0,Hair
P504184,Strand Defender Lightweight Strengthening Conditioner for Thinning Hair,Nutrafol,44.0,Hair
P504155,Build-Up Blocker Scalp Exfoliating Hair Mask with AHAs and Jojoba Esters,Nutrafol,49.0,Hair
P504130,WOMEN’S VEGAN Clinically Proven Hair Growth Supplement for Thinning,Nutrafol,88.0,Hair
P504157,Stress Reliever Soothing Serum for Dry & Sensitive Scalps,Nutrafol,59.0,Hair
P504172,MEN Clinically Proven Hair Growth Supplement for Thinning,Nutrafol,88.0,Hair
P504165,POSTPARTUM OBGYN-Formulated Hair Growth Supplement for Thinning & Full-Body Recovery Support,Nutrafol,88.0,Hair
P428224,No. 3 Hair Repair Perfector,Olaplex,30.0,Hair
P447376,No. 7 Bonding Hair Oil,Olaplex,30.0,Hair
P433172,No. 4 Bond Maintenance Shampoo,Olaplex,30.0,Hair
P441831,No. 6 Bond Smoother Reparative Styling Creme,Olaplex,30.0,Hair
P433173,No. 5 Bond Maintenance Conditioner,Olaplex,30.0,Hair
P461483,No. 0 Intensive Bond Building Hair Treatment,Olaplex,30.0,Hair
P469856,No. 8 Bond Intense Moisture Hair Mask,Olaplex,30.0,Hair
P443331,Mini No. 5 Bond Maintenance Conditioner,Olaplex,15.0,Hair
P443332,Mini No. 4 Bond Maintenance Shampoo,Olaplex,15.0,Hair
P482541,No. 9 Bond Protector Nourishing Hair Serum,Olaplex,30.0,Hair
P476895,No.4P Blonde Enhancer Toning Purple Shampoo,Olaplex,30.0,Hair
P500624,No. 4C Bond Maintenance Clarifying Shampoo,Olaplex,30.0,Hair
P480336,No. 3 & No. 8 Hair Repair Remedies Set,Olaplex,56.0,Hair
P504622,No.4D Clean Volume Detox Dry Shampoo,Olaplex,30.0,Hair
P430337,C-Rush Vitamin C Gel Moisturizer,OLEHENRIKSEN,51.0,Skincare
P439061,Glow2OH Dark Spot Toner,OLEHENRIKSEN,35.0,Skincare
P448207,PHAT Glow Facial Mask,OLEHENRIKSEN,52.0,Skincare
P416816,Balancing Force Oil Control Toner,OLEHENRIKSEN,35.0,Skincare
P431848,Cold Plunge Pore Mask,OLEHENRIKSEN,41.0,Skincare
P473322,Dewtopia 20% Acid Night Treatment,OLEHENRIKSEN,60.0,Skincare
P416815,Find Your Balance Oil Control Cleanser,OLEHENRIKSEN,33.0,Skincare
P466142,Lemonade Smoothing Scrub,OLEHENRIKSEN,35.0,Skincare
P434545,Glow Cycle Retin-ALT Power Serum,OLEHENRIKSEN,60.0,Skincare
P456566,Banana Bright 15% Vitamin C Serum,OLEHENRIKSEN,71.0,Skincare
P472050,Cold Plunge Pore Remedy Moisturizer with BHA/LHA,OLEHENRIKSEN,51.0,Skincare
P442012,Banana Bright Face Primer,OLEHENRIKSEN,40.0,Makeup
P469213,Wrinkle Blur Bakuchiol Eye Gel Crème,OLEHENRIKSEN,52.0,Skincare
P418872,Pore-Balance Facial Sauna Scrub,OLEHENRIKSEN,35.0,Skincare
P479339,Strength Trainer Peptide Boost Moisturizer,OLEHENRIKSEN,51.0,Skincare
P483679,Truth Barrier Booster Orange Ferment Vitamin C Essence,OLEHENRIKSEN,48.0,Skincare
P500613,Banana Bright+ Vitamin C Eye Crème,OLEHENRIKSEN,42.0,Skincare
P453227,Truth Juice Daily Cleanser,OLEHENRIKSEN,33.0,Skincare
P459133,Mini Truth Juice Daily Cleanser,OLEHENRIKSEN,16.0,Skincare
P434546,Goodnight Glow Bakuchiol Sleeping Crème,OLEHENRIKSEN,60.0,Skincare
P503651,Dewtopia 5% AHA Firming Night Crème,OLEHENRIKSEN,60.0,Skincare
P504639,Banana Bright+ Vitamin CC Eye Sticks,OLEHENRIKSEN,34.0,Skincare
P504043,Hydrabarrier Nourishing Face Oil,OLEHENRIKSEN,58.0,Skincare
P500033,Firmly Yours Dry Body Oil with Peptides,OLEHENRIKSEN,45.0,Bath & Body
P470240,Truth Serum Vitamin C Serum,OLEHENRIKSEN,56.0,Skincare
P503878,Pout Preserve Peptide Lip Treatment,OLEHENRIKSEN,22.0,Skincare
P501586,Mini Strength Trainer Peptide Boost Moisturizer,OLEHENRIKSEN,20.0,Mini Size
P459131,3 Mega Wonders,OLEHENRIKSEN,65.0,Skincare
P500047,BeamCream Smoothing Body Moisturizer with AHAs,OLEHENRIKSEN,38.0,Bath & Body
P471566,Mini Lemonade Smoothing Scrub,OLEHENRIKSEN,18.0,Skincare
P473323,Acids Done Bright Smoothing Skincare Set,OLEHENRIKSEN,44.0,Men
P502976,Stay in Touch Restorative Hand Crème,OLEHENRIKSEN,22.0,Bath & Body
P472180,Balance It All Oil Control & Pore-Refining Set,OLEHENRIKSEN,40.0,Skincare
P503572,Let's Get Luminous Brightening Essentials Set,OLEHENRIKSEN,46.0,Skincare
P454800,Mini Glow2OH Dark Spot Toner,OLEHENRIKSEN,19.0,Skincare
P503933,The Night Time Edit- Jenna Rennert X OLEHENRIKSEN,OLEHENRIKSEN,65.0,Skincare
P503876,OLE Glow Icons Skincare Set,OLEHENRIKSEN,62.0,Skincare
P504035,Mini BeamCream Smoothing Body Moisturizer with AHAs,OLEHENRIKSEN,20.0,Bath & Body
P504032,Glow Strong Mini Moisturizer + Eye Cream Duo,OLEHENRIKSEN,25.0,Skincare
P469953,Turn Up The Base Versatile Powder Foundation,ONE/SIZE by Patrick Starrr,38.0,Makeup
P482709,Cheek Clapper 3D Blush Trio Palette,ONE/SIZE by Patrick Starrr,38.0,Makeup
P466143,Mini Ultimate Blurring Setting Powder,ONE/SIZE by Patrick Starrr,18.0,Makeup
P466144,Ultimate Blurring Setting Powder,ONE/SIZE by Patrick Starrr,34.0,Makeup
P478536,Turn Up the Base Blurring Foundation,ONE/SIZE by Patrick Starrr,35.0,Makeup
P476719,On 'Til Dawn Mattifying Waterproof Setting Spray,ONE/SIZE by Patrick Starrr,32.0,Makeup
P473741,Turn Up the Base Butter Silk Concealer,ONE/SIZE by Patrick Starrr,28.0,Makeup
P476718,Mini On 'Til Dawn Mattifying Waterproof Setting Spray,ONE/SIZE by Patrick Starrr,17.0,Makeup
P461665,Point Made Waterproof Liquid Eyeliner Pen,ONE/SIZE by Patrick Starrr,19.0,Makeup
P468394,Secure the Blur Makeup Magnet Primer,ONE/SIZE by Patrick Starrr,34.0,Makeup
P461664,PATRICK STARRR Visionary Eyeshadow Palette,ONE/SIZE by Patrick Starrr,42.0,Makeup
P482710,Made for Shade Bronze & Sculpt Trio Palette,ONE/SIZE by Patrick Starrr,38.0,Makeup
P461666,Eye Popper Sparkle Vision Liquid Eyeshadow,ONE/SIZE by Patrick Starrr,24.0,Makeup
P504363,Lip Snatcher Hydrating Liquid Lipstick and Lip Gloss Duo,ONE/SIZE by Patrick Starrr,28.0,Makeup
P466145,Ultimate Setting & Baking Puff,ONE/SIZE by Patrick Starrr,14.0,Makeup
P461923,Point Made 24-Hour Gel Eyeliner Pencil,ONE/SIZE by Patrick Starrr,19.0,Makeup
P504605,Lip Snatcher Waterproof Precision Lip Liner,ONE/SIZE by Patrick Starrr,14.0,Makeup
P461667,Mini GO OFF Makeup Dissolving Mist,ONE/SIZE by Patrick Starrr,18.0,Skincare
P91627362,GO OFF Makeup Dissolving Mist,ONE/SIZE by Patrick Starrr,24.0,Skincare
P500481,Fantasize Lifting & Lengthening Mascara,ONE/SIZE by Patrick Starrr,25.0,Makeup
P502866,Disney Fantasia and ONE/SIZE Ultimate Mickey Puff,ONE/SIZE by Patrick Starrr,16.0,Makeup
P466146,Full-On Faux Lashes,ONE/SIZE by Patrick Starrr,20.0,Makeup
P500501,Mini Fantasize Lifting & Lengthening Mascara,ONE/SIZE by Patrick Starrr,15.0,Makeup
P472993,BrowKiki Nourishing Tinted Brow Gel,ONE/SIZE by Patrick Starrr,21.0,Makeup
P472995,BrowKiki Micro Brow Defining Pencil,ONE/SIZE by Patrick Starrr,19.0,Makeup
P501749,Disney Fantasia and ONE/SIZE Face and Eye Palette,ONE/SIZE by Patrick Starrr,49.0,Makeup
P502819,Disney Fantasia and ONE/SIZE Versatile Complexion Brush,ONE/SIZE by Patrick Starrr,34.0,Makeup
P500733,Eye Popper Creamy Matte Liquid Eyeshadow,ONE/SIZE by Patrick Starrr,24.0,Makeup
P472994,BrowKiki Nourishing Clear Brow Gel,ONE/SIZE by Patrick Starrr,21.0,Makeup
P469097,Gold Lust Repair & Restore Shampoo,Oribe,53.0,Hair
P469094,Mini Gold Lust Nourishing Hair Oil,Oribe,39.0,Hair
P469076,Dry Texturizing Spray,Oribe,49.0,Hair
P469093,Gold Lust Nourishing Hair Oil,Oribe,57.0,Hair
P469096,Gold Lust Repair & Restore Conditioner,Oribe,56.0,Hair
P469140,#OribeObsessed Hair Set,Oribe,54.0,Hair
P469195,Supershine Moisturizing Hair Cream,Oribe,52.0,Hair
P469156,Mini Royal Blowout Heat Styling Spray,Oribe,24.0,Hair
P469155,Royal Blowout Heat Styling Spray,Oribe,69.0,Hair
P469122,Mini Dry Texturizing Spray,Oribe,24.0,Hair
P469099,Gold Lust Transformative Hair Mask,Oribe,69.0,Hair
P479978,Hair Alchemy Strengthening Treatment Serum,Oribe,66.0,Hair
P469169,Serene Scalp Thickening Hair Treatment Spray,Oribe,76.0,Hair
P481140,Hair Alchemy Strengthening Shampoo,Oribe,52.0,Hair
P469098,Mini Gold Lust Repair & Restore Shampoo,Oribe,21.0,Hair
P469163,Serene Scalp Anti-Dandruff Shampoo,Oribe,52.0,Hair
P469091,Mini Gold Lust Repair & Restore Conditioner,Oribe,22.0,Hair
P469115,Maximista Hair Thickening Spray,Oribe,39.0,Hair
P469186,Straight Away Smoothing Blowout Hair Cream,Oribe,44.0,Hair
P469157,Run-Through Detangling Hair Primer,Oribe,39.0,Hair
P481141,Hair Alchemy Strengthening Conditioner,Oribe,55.0,Hair
P481139,Mini Supershine Moisturizing Hair Cream,Oribe,19.5,Hair
P469092,Gold Lust Dry Shampoo,Oribe,48.0,Hair
P469130,Moisture & Control Deep Treatment Hair Mask,Oribe,66.0,Hair
P469180,Signature Shampoo,Oribe,49.0,Hair
P469173,Shampoo for Magnificent Volume,Oribe,49.0,Hair
P469105,Imperial Blowout Transformative Styling Hair Cream,Oribe,68.0,Hair
P469185,Split End Seal Beautiful Color Hair Treatment,Oribe,48.0,Hair
P469174,Shampoo for Moisture & Control,Oribe,49.0,Hair
P469164,Serene Scalp Balancing Conditioner,Oribe,55.0,Hair
P500038,Mini Gold Lust Transformative mask,Oribe,26.0,Hair
P469124,Mini Impermeable Anti-Humidity Hair Spray,Oribe,23.0,Hair
P469144,Hair Priming Lotion Leave-In Conditioning Detangler,Oribe,38.0,Hair
P469033,Aprés Beach Wave and Shine Spray,Oribe,44.0,Hair
P469101,Grandiose Hair Plumping Mousse,Oribe,39.0,Hair
P469168,Serene Scalp Soothing Leave-On Hair Treatment,Oribe,48.0,Hair
P469191,Superfine Hair Spray,Oribe,44.0,Hair
P469194,Supershine Light Moisturizing Hair Cream,Oribe,52.0,Hair
P501251,Signature Blowout Hair Set,Oribe,79.0,Hair
P469171,Shampoo for Beautiful Color,Oribe,49.0,Hair
P469106,Impermeable Anti-Humidity Hair Spray,Oribe,42.0,Hair
P500638,Replenishing Body Wash,Oribe,48.0,Bath & Body
P469108,Intense Conditioner for Moisture & Control,Oribe,52.0,Hair
P469095,Gold Lust Power Drops Damage Hair Repair Booster,Oribe,58.0,Hair
P504151,Lunar New Year Gold Lust Travel Hair Set,Oribe,25.0,Hair
P469123,Mini Gold Lust Dry Shampoo,Oribe,23.0,Hair
P469199,The Cleanse Clarifying Shampoo,Oribe,49.0,Hair
P500641,Restorative Body Crème,Oribe,65.0,Bath & Body
P469037,Bright Blonde Sun Lightening Hair Mist,Oribe,38.0,Hair
P469126,Mini Superfine Hair Spray,Oribe,23.0,Hair
P469061,Curl Gloss,Oribe,42.0,Hair
P469042,Mini Bright Blonde Shampoo for Beautiful Color,Oribe,19.0,Hair
P469114,Matte Waves Texture Hair Lotion,Oribe,42.0,Hair
P469172,Shampoo for Brilliance & Shine,Oribe,49.0,Hair
P469041,Bright Blonde Shampoo for Beautiful Color,Oribe,49.0,Hair
P469046,Cleansing Cream for Moisture & Control,Oribe,49.0,Hair
P469167,Serene Scalp Exfoliating Scrub,Oribe,52.0,Hair
P469057,Conditioner for Brilliance & Shine,Oribe,52.0,Hair
P469059,Curl Control Silkening Cream,Oribe,42.0,Hair
P469040,Bright Blonde Essential Priming Hair Serum,Oribe,42.0,Hair
P469179,Signature Moisture Hair Mask,Oribe,66.0,Hair
P469178,Signature Conditioner,Oribe,52.0,Hair
P469060,Curl Gelée for Shine and Definition,Oribe,44.0,Hair
P469109,Invisible Defense Universal Protection Hair Spray,Oribe,44.0,Hair
P500863,Mini Maximista Hair Thickening Spray,Oribe,19.0,Hair
P469039,Mini Bright Blonde Conditioner for Beautiful Color,Oribe,20.0,Hair
P469056,Conditioner for Beautiful Color,Oribe,52.0,Hair
P469090,Gold Lust All Over Oil,Oribe,62.0,Hair
P469188,Styling Butter Curl Enhancing Cream,Oribe,46.0,Hair
P469192,Superfine Strong Hair Spray,Oribe,44.0,Hair
P469104,Conditioner for Magnificent Volume,Oribe,52.0,Hair
P469038,Bright Blonde Conditioner for Beautiful Color,Oribe,52.0,Hair
P469031,Airbrush Root Touch-Up Spray,Oribe,34.0,Hair
P474368,Run Through Detangling Shampoo,Oribe,49.0,Hair
P469205,Tres Set Structure Spray,Oribe,46.0,Hair
P469103,Hair Mask for Beautiful Color,Oribe,66.0,Hair
P469062,Curl Shaping Mousse,Oribe,39.0,Hair
P504624,Hair Alchemy Strengthening Mask,Oribe,68.0,Hair
P504434,Flat Brush,Oribe,100.0,Hair
P469102,Hair Cream for Style,Oribe,42.0,Hair
P504619,Mini Hair Alchemy Strengthening Shampoo,Oribe,20.0,Hair
P471274,Bright Blonde Radiance & Repair Treatment,Oribe,58.0,Hair
P469182,Silverati Conditioner,Oribe,52.0,Hair
P504598,Mini Hair Alchemy Strengthening Conditioner,Oribe,21.0,Hair
P501779,Dry Texturizing Spray,Oribe,49.0,Hair
P504436,Large Round Brush,Oribe,125.0,Hair
P504457,Medium Round Brush,Oribe,125.0,Hair
P500871,Mini Straight Away Smoothing Blowout Hair Cream,Oribe,18.0,Hair
P500843,Mini Run-Through Detangling Hair Primer,Oribe,19.0,Mini Size
P500902,Mini Shampoo for Beautiful Color,Oribe,19.0,Mini Size
P500850,Mini Conditioner for Beautiful Color,Oribe,20.0,Mini Size
P500859,Mini Signature Shampoo,Oribe,19.0,Mini Size
P500893,Mini Masque for Beautiful Color,Oribe,22.0,Hair
P500896,Mini Signature Conditioner,Oribe,20.0,Mini Size
P297524,Clear Improvement Active Charcoal Mask to Clear Pores,Origins,17.0,Skincare
P297516,Checks and Balances Frothy Face Wash,Origins,27.0,Skincare
P378852,GinZing Ultra-Hydrating Energy-Boosting Cream,Origins,36.0,Skincare
P422536,Original Skin Matte Moisturizer with Willowherb,Origins,40.0,Skincare
P397890,Original Skin Retexturizing Mask with Rose Clay,Origins,32.0,Skincare
P297517,Super Spot Remover Acne Treatment Gel,Origins,20.0,Skincare
P440925,Drink Up Intensive Overnight Hydrating Mask with Avocado & Swiss Glacier Water,Origins,32.0,Skincare
P386197,GinZing Refreshing Scrub Cleanser,Origins,27.0,Skincare
P434360,High-Potency Night-a-Mins Resurfacing Cream with Fruit-Derived AHAs,Origins,52.0,Skincare
P446421,Clear Improvement Pore Clearing Moisturizer with Salicylic Acid,Origins,40.0,Skincare
P433444,Clear Improvement Charcoal Honey Mask to Purify and Nourish,Origins,37.0,Skincare
P297551,Out of Trouble 10 Minute Mask to Rescue Problem Skin,Origins,32.0,Skincare
P475589,Ginzing Vitamin C Eye Cream to Brighten and Depuff,Origins,37.0,Skincare
P482298,Dr. Andrew Weil for Origins Mega-Mushroom Relief & Resilience Soothing Treatment Lotion,Origins,40.0,Skincare
P297531,Eye Doctor Moisture Care For Skin Around Eyes,Origins,49.0,Skincare
P434361,High-Potency Night-A-Mins Oil-Free Resurfacing Cream with Fruit Derived AHAs,Origins,52.0,Skincare
P462891,GinZing Into the Glow Brightening Serum,Origins,46.0,Skincare
P468396,PLANTSCRIPTION Multi-powered Anti-Aging Peptide Serum,Origins,61.0,Skincare
P385253,Dr. Andrew Weil For Origins Mega-Bright SPF 30 Skin Tone Correcting Oil-Free Moisturizer,Origins,63.0,Skincare
P375831,Ginger Souffle Whipped Body Cream,Origins,41.0,Bath & Body
P394702,Plantscription Anti-Aging Power Eye Cream,Origins,58.0,Skincare
P440933,Mini Clear Improvement Active Charcoal Mask to Clear Pore,Origins,17.0,Skincare
P502046,GinZing Energizing Gel Cream with Caffeine & Niacinamide,Origins,36.0,Skincare
P440929,Mini Original Skin Retexturizing Mask with Rose Clay,Origins,17.0,Skincare
P440926,Mini Drink Up Intensive Overnight Hydrating Mask with Avocado & Swiss Glacier Water,Origins,17.0,Skincare
P377919,Plantscription Anti-Aging Cleanser,Origins,36.0,Skincare
P471567,Checks and Balances Polishing Exfoliator,Origins,27.0,Skincare
P401570,Mega-Mushroom Skin Relief Micellar Cleanser,Origins,37.0,Skincare
P408241,Plantscription Youth-Renewing Power Night Cream,Origins,73.0,Skincare
P455004,Pretty in Bloom SPF 20 Flower-Infused Long-Wear Foundation,Origins,38.0,Makeup
P409834,Plantscription SPF 25 Power Anti-Aging Cream,Origins,73.0,Skincare
P409816,Plantscription SPF 25 Power Anti-Aging Oil-Free Cream,Origins,73.0,Skincare
P470048,Bestsellers Recruitment Set,Origins,29.0,Skincare
P475590,MINI GINZING VITAMIN C EYE CREAM TO BRIGHTEN AND DEPUFF,Origins,29.0,Skincare
P442745,Plantscription Retinol Night Moisturizer,Origins,73.0,Skincare
P443550,Dr. Andrew Weil for Origins Mega-Mushroom Relief & Resilience Hydra Burst Gel Lotion,Origins,71.0,Skincare
P443549,Dr. Andrew Weil for Origins Mega-Mushroom Relief & Resilience Soothing Cream,Origins,71.0,Skincare
P433446,Mini Original Skin Matte Moisturizer with Willowherb,Origins,24.0,Skincare
P482058,Dr. Andrew Weil for Origins Mega-Mushroom Weightless Hydrating Moisturizer,Origins,40.0,Skincare
P474369,Clear Improvement Zero Oil Cleanser With Charcoal,Origins,27.0,Skincare
P465794,Rattan Sandalwood Vegan Candle,OTHERLAND,36.0,Fragrance
P465786,Fallen Fir Vegan Candle,OTHERLAND,36.0,Fragrance
P465785,Black Velvet Jasmine Vegan Candle,OTHERLAND,36.0,Fragrance
P465790,Canopy Fig Vegan Candle,OTHERLAND,36.0,Fragrance
P465792,Daybed Rose Vegan Candle,OTHERLAND,36.0,Fragrance
P471570,Extra Hour Shiso and Mint Vegan Candle,OTHERLAND,36.0,Fragrance
P477467,Old Fashioned Vegan Candle,OTHERLAND,36.0,Fragrance
P475594,Dappled Wood Vegan Candle,OTHERLAND,36.0,Fragrance
P475595,Mountain Lace Vegan Candle,OTHERLAND,36.0,Fragrance
P483479,Coco Blossom Vegan Candle,OTHERLAND,36.0,Fragrance
P503720,Discovery Set,OTHERLAND,36.0,Fragrance
P475592,Sun Suede Vegan Candle,OTHERLAND,36.0,Fragrance
P471568,Ruby Root Ginger Vegan Candle,OTHERLAND,36.0,Fragrance
P475596,Tapestry Vegan Candle,OTHERLAND,36.0,Fragrance
P475593,Crisp Cornflower Vegan Candle,OTHERLAND,36.0,Fragrance
P457223,Detox Shampoo,OUAI,32.0,Hair
P428222,Detangling and Frizz Fighting Leave In Conditioner,OUAI,30.0,Hair
P406922,Hair Oil,OUAI,30.0,Hair
P434221,Cleansing Scalp & Body Sugar Scrub,OUAI,40.0,Hair
P406665,Wave Spray,OUAI,28.0,Hair
P466430,Treatment Mask for Fine and Medium Hair,OUAI,38.0,Hair
P419005,Rose Hair & Body Oil,OUAI,32.0,Hair
P483508,"Hydrating Scalp Serum for Healthy, Fuller Looking Hair",OUAI,52.0,Hair
P472330,St. Barts Cleansing Scalp & Body Sugar Scrub,OUAI,40.0,Hair
P420948,Heat Protection Spray,OUAI,28.0,Hair
P455865,Fine Hair Shampoo,OUAI,32.0,Hair
P425999,Mini Wave Spray,OUAI,14.0,Mini Size
P457420,Mini Detangling and Frizz Fighting Leave in Conditioner,OUAI,16.0,Hair
P479723,Mini Detox Shampoo,OUAI,14.0,Hair
P406666,Texturizing Hair Spray,OUAI,28.0,Hair
P455864,Fine Hair Conditioner,OUAI,32.0,Hair
P458951,Mini Hair Oil,OUAI,16.0,Hair
P436715,Melrose Place Eau De Parfum,OUAI,64.0,Fragrance
P411727,Matte Pomade,OUAI,26.0,Hair
P452730,Chill Pills,OUAI,30.0,Bath & Body
P427703,Volume Spray,OUAI,26.0,Hair
P430851,Air Dry Foam,OUAI,28.0,Hair
P449136,Super Dry Shampoo,OUAI,26.0,Hair
P466429,Treatment Mask for Thick Hair,OUAI,38.0,Hair
P503707,Anti-Dandruff Shampoo,OUAI,36.0,Hair
P462725,Mini Melrose Place Eau De Parfum,OUAI,26.0,Fragrance
P407610,Finishing Crème,OUAI,26.0,Hair
P449774,Shibuya Moisturizing Body Cream,OUAI,38.0,Bath & Body
P479853,Melrose Place Gentle Body Wash,OUAI,28.0,Bath & Body
P479852,Melrose Place Moisturizing Body Cream,OUAI,38.0,Bath & Body
P455862,Medium Hair Conditioner,OUAI,32.0,Hair
P455863,Medium Hair Shampoo,OUAI,32.0,Hair
P455860,Thick Hair Conditioner,OUAI,32.0,Hair
P436716,North Bondi Eau De Parfum,OUAI,64.0,Fragrance
P449773,Dean Street Gentle Body Wash,OUAI,28.0,Bath & Body
P455861,Thick Hair Shampoo,OUAI,32.0,Hair
P426000,Mini Texturizing Hair Spray,OUAI,14.0,Mini Size
P462726,Mini North Bondi Eau De Parfum,OUAI,26.0,Fragrance
P483509,Thick and Full Hair Supplements,OUAI,42.0,Hair
P466426,Hand Wash,OUAI,32.0,Bath & Body
P473129,Dean Street Eau De Parfum,OUAI,64.0,Fragrance
P471057,Pet Shampoo,OUAI,32.0,Hair
P469822,Curl Cream with North Bondi Fragrance,OUAI,32.0,Hair
P458952,Mini Super Dry Shampoo,OUAI,14.0,Hair
P466427,Hand Lotion,OUAI,32.0,Bath & Body
P473179,Rue St. Honoré Eau De Parfum,OUAI,64.0,Fragrance
P501195,"Hydrating Scalp Serum & Supplements Set for Healthy, Fuller Looking Hair",OUAI,75.0,Hair
P501256,Scalp Scrub St. Barts & Hair Oil Set,OUAI,52.0,Hair
P504188,Mini St. Barts Cleansing Scalp & Body Sugar Scrub,OUAI,18.0,Mini Size
P466428,Hand Cream,OUAI,24.0,Bath & Body
P469823,Curl Cream Fragrance Free,OUAI,32.0,Hair
P505016,St. Barts Moisturizing Body Cream,OUAI,38.0,Bath & Body
P505045,St. Barts Gentle Body Wash,OUAI,28.0,Bath & Body
P505012,Detox Shampoo & Refill Hair Set,OUAI,72.0,Hair
P466674,Detox Shampoo,OUAI,64.0,Hair
P455383,Valkiria Pink Candle,Overose,58.0,Fragrance
P455392,Auraflowne Purple Candle,Overose,58.0,Fragrance
P269120,1 Million Eau de Toilette,Paco Rabanne,106.0,Fragrance
P389110,Invictus Eau de Toilette,Paco Rabanne,106.0,Fragrance
P475147,Phantom Eau de Toilette,Paco Rabanne,133.0,Fragrance
P458631,1 Million Parfum,Paco Rabanne,120.0,Fragrance
P502064,FAME Eau de Parfum,Paco Rabanne,132.0,Fragrance
P431565,1 Million Lucky Eau de Toilette,Paco Rabanne,106.0,Fragrance
P472051,Invictus Victory,Paco Rabanne,120.0,Fragrance
P504300,Mini Fame Perfume Set,Paco Rabanne,35.0,Fragrance
P445811,Invictus Legend,Paco Rabanne,106.0,Fragrance
P482059,1 Million Elixir,Paco Rabanne,126.0,Fragrance
P483097,Invictus Platinum Eau de Parfum,Paco Rabanne,120.0,Fragrance
P504336,Fame Eau de Parfum,Paco Rabanne,132.0,Fragrance
P503558,Deluxe Mini Gift Set,Paco Rabanne,35.0,Fragrance
P504285,1 Million Eau de Toilette Cologne Set,Paco Rabanne,86.0,Fragrance
P504679,1 Million Eau de Toilette Travel Spray,Paco Rabanne,35.0,Fragrance
P421813,MatteTrance Lipstick,PAT McGRATH LABS,39.0,Makeup
P431852,LUST: Lip Gloss,PAT McGRATH LABS,29.0,Makeup
P447519,Sublime Perfection Foundation,PAT McGRATH LABS,68.0,Makeup
P86825294,Mothership V Eyeshadow Palette - Bronze Seduction,PAT McGRATH LABS,128.0,Makeup
P472489,Skin Fetish: Divine Powder Blush,PAT McGRATH LABS,39.0,Makeup
P456106,Sublime Perfection Concealer,PAT McGRATH LABS,34.0,Makeup
P423696,Permagel Ultra Lip Pencil,PAT McGRATH LABS,29.0,Makeup
P433500,Lip Fetish Noir Lip Balm,PAT McGRATH LABS,38.0,Makeup
P439070,BlitzTrance Lipstick,PAT McGRATH LABS,40.0,Makeup
P456107,Sublime Perfection Blurring Under-Eye Setting Powder,PAT McGRATH LABS,32.0,Makeup
P423646,Mothership II Eyeshadow Palette – Sublime,PAT McGRATH LABS,128.0,Makeup
P476899,Major Mini Lip Trios,PAT McGRATH LABS,25.0,Makeup
P458276,Mothership VII Eyeshadow Palette - Divine Rose Collection,PAT McGRATH LABS,128.0,Makeup
P440967,FetishEyes Lengthening Mascara,PAT McGRATH LABS,32.0,Makeup
P423647,Mothership I Eyeshadow Palette - Subliminal,PAT McGRATH LABS,128.0,Makeup
P423644,PermaGel Eyeliner Pencil,PAT McGRATH LABS,29.0,Makeup
P475598,Mothership IX Eyeshadow Palette: Huetopian Dream,PAT McGRATH LABS,128.0,Makeup
P432863,Sublime Skin Highlighting Trio,PAT McGRATH LABS,53.0,Makeup
P461956,Lip Fetish Divinyl Lip Shine,PAT McGRATH LABS,38.0,Makeup
P433003,Skin Fetish Highlighter & Balm Duo,PAT McGRATH LABS,50.0,Makeup
P458774,Mothership VIII Artistry Eyeshadow Palette - Divine Rose II Collection,PAT McGRATH LABS,128.0,Makeup
P484065,Mini Eye Shadow Palette: Midnight Voyage,PAT McGRATH LABS,29.0,Makeup
P462783,Lip Fetish Sheer Colour Balm,PAT McGRATH LABS,38.0,Makeup
P501355,Mini Lip Shine Trio: Nude Venus,PAT McGRATH LABS,25.0,Mini Size
P449790,Mothership VI Eyeshadow Palette - Midnight Sun,PAT McGRATH LABS,128.0,Makeup
P468398,LiquiLUST: Legendary Wear Matte Lipstick,PAT McGRATH LABS,32.0,Makeup
P429405,PERMA PRECISION Liquid Eyeliner,PAT McGRATH LABS,34.0,Makeup
P500887,Mothership X Eyeshadow Palette:  Moonlit Seduction,PAT McGRATH LABS,128.0,Makeup
P460745,Dark Star Volumizing Mascara,PAT McGRATH LABS,32.0,Makeup
P447770,Sublime Perfection Setting Powder,PAT McGRATH LABS,39.0,Makeup
P501350,Divine Blush + Glow Face Palette: Nude Venus,PAT McGRATH LABS,62.0,Makeup
P468706,Divine Rose Luxe Eyeshadow Palette: Eternal Eden - Divine Rose II Collection,PAT McGRATH LABS,58.0,Makeup
P463924,Celestial Divinity Eyeshadow Palette,PAT McGRATH LABS,58.0,Makeup
P456108,Skin Fetish: Sublime Perfection Concealer Brush,PAT McGRATH LABS,35.0,Makeup
P458775,MatteTrance Lipstick - Divine Rose Collection,PAT McGRATH LABS,39.0,Makeup
P472486,Venus in Fleurs Luxe Eyeshadow Palette: Voyeuristic Vixen,PAT McGRATH LABS,58.0,Makeup
P475597,IntensifEYES Artistry Wand,PAT McGRATH LABS,34.0,Makeup
P447764,Sublime Perfection Hydrating Primer,PAT McGRATH LABS,45.0,Makeup
P468849,PermaGel Ultra Lip Pencil - Divine Rose II Collection,PAT McGRATH LABS,29.0,Makeup
P484064,Skin Fetish: Divine Blush Brush,PAT McGRATH LABS,39.0,Makeup
P500311,Skin Fetish: Divine Glow Highlighter,PAT McGRATH LABS,48.0,Makeup
P504181,ChromaLuxe Artistry Pigment Star Wars Edition,PAT McGRATH LABS,32.0,Makeup
P504164,The Golden One Eye Shadow Palette Star Wars Edition,PAT McGRATH LABS,36.0,Makeup
P504187,Mothership VI: Midnight Sun Star Wars Edition,PAT McGRATH LABS,128.0,Makeup
P503717,Lunar New Year Collection: Venus in Fleurs Luxe Eyeshadow Quad: Voyeuristic Vixen,PAT McGRATH LABS,58.0,Makeup
P504908,The Love Collection MTHRSHP: Iconic Infatuation,PAT McGRATH LABS,65.0,Makeup
P504179,LUST: Gloss Star Wars Edition,PAT McGRATH LABS,29.0,Makeup
P504909,The Love Collection MTHRSHP: Velvet Liaison,PAT McGRATH LABS,65.0,Makeup
P504077,Lunar New Year Collection: Skin Fetish: Sublime Perfection Blurring Under-Eye Powder,PAT McGRATH LABS,32.0,Makeup
P504063,Lunar New Year Collection:  MatteTrance Lipstick,PAT McGRATH LABS,39.0,Makeup
P458747,Major Beauty Headlines - Double-Take Crème & Powder Blush,PATRICK TA,36.0,Makeup
P471059,Major Sculpt Creme Contour & Powder Bronzer Duo,PATRICK TA,40.0,Makeup
P473145,Major Dimension Eyeshadow Palette,PATRICK TA,70.0,Makeup
P502039,Major Skin Crème Foundation and Finishing Powder Duo,PATRICK TA,52.0,Makeup
P443623,Major Glow Lip Shine,PATRICK TA,26.0,Makeup
P443626,Major Glow Body Oil,PATRICK TA,58.0,Bath & Body
P451937,Monochrome Moment - Precision Lip Crayon,PATRICK TA,26.0,Makeup
P481729,Major Volume Plumping Lip Gloss,PATRICK TA,26.0,Makeup
P483484,Major Dimension II Rose Eyeshadow Palette,PATRICK TA,70.0,Makeup
P456592,Major Brow Shaping Wax,PATRICK TA,24.0,Makeup
P451938,Monochrome Moment - Silky Lip Crème,PATRICK TA,26.0,Makeup
P474848,Major Brow Lamination Gel,PATRICK TA,27.0,Makeup
P454050,Mini Major Glow Body Oil,PATRICK TA,24.0,Bath & Body
P471060,Major Sculpt Contour Brush,PATRICK TA,35.0,Makeup
P473146,Major Dimension Precision Gel Eyeliner,PATRICK TA,27.0,Makeup
P458748,Major Beauty Headlines - Matte Suede Lipstick,PATRICK TA,32.0,Makeup
P461223,Major Glow Balm,PATRICK TA,50.0,Bath & Body
P458749,Major Beauty Headlines - Precision Lip Crayon,PATRICK TA,26.0,Makeup
P461222,Major Glow Dewy Milk Mist,PATRICK TA,38.0,Makeup
P461224,Major Glow Softening Lip Masque,PATRICK TA,24.0,Makeup
P456593,Major Brow Dual Ended Brow Brush,PATRICK TA,18.0,Makeup
P451939,Monochrome Moment - Blush Brush #1,PATRICK TA,35.0,Makeup
P502051,Dual-Ended Complexion Brush,PATRICK TA,45.0,Makeup
P504918,Precision Dual Ended Sculpting Brush,PATRICK TA,45.0,Makeup
P446604,Body Brush,PATRICK TA,35.0,Makeup
P501193,Major Brow Defining Pencil,PATRICK TA,27.0,Makeup
P501156,Mini Major Brow Lamination Gel,PATRICK TA,15.0,Makeup
P454062,Lip Brush,PATRICK TA,18.0,Makeup
P454061,Eyeshadow Brush,PATRICK TA,22.0,Makeup
P476724,Major Volume Mascara,PATRICK TA,29.0,Makeup
P504897,Precision Dual Ended Nose Brush,PATRICK TA,26.0,Makeup
P475981,Mist Spray Bottle,PATTERN by Tracee Ellis Ross,13.0,Hair
P475993,Mini Shower Detangling Brush,PATTERN by Tracee Ellis Ross,9.0,Hair
P474849,Leave- In Conditioner for Curly & Coily Hair,PATTERN by Tracee Ellis Ross,25.0,Hair
P475982,Shower Detangling Brush,PATTERN by Tracee Ellis Ross,17.0,Hair
P474851,Styling Cream for Curly &Coily Hair,PATTERN by Tracee Ellis Ross,25.0,Hair
P475992,Hair Clip,PATTERN by Tracee Ellis Ross,10.0,Hair
P475150,Hydration Shampoo,PATTERN by Tracee Ellis Ross,20.0,Hair
P475978,Edge Tool,PATTERN by Tracee Ellis Ross,12.0,Tools & Brushes
P475986,Treatment Mask,PATTERN by Tracee Ellis Ross,25.0,Hair
P475994,Mini Wide Tooth Comb,PATTERN by Tracee Ellis Ross,8.0,Hair
P474852,Curl Gel,PATTERN by Tracee Ellis Ross,25.0,Hair
P475974,Jojoba Hair & Scalp Oil Blend,PATTERN by Tracee Ellis Ross,25.0,Hair
P475996,Mini Hydrating Hair Mist,PATTERN by Tracee Ellis Ross,7.0,Hair
P475980,Microfiber Hair Towel,PATTERN by Tracee Ellis Ross,19.0,Hair
P501812,Curl Mousse,PATTERN by Tracee Ellis Ross,20.0,Hair
P475999,Mini Leave-In Conditioner,PATTERN by Tracee Ellis Ross,9.0,Hair
P501810,Leave-In Conditioner & Mini Hydration Shampoo Hair Set,PATTERN by Tracee Ellis Ross,25.0,Hair
P475987,Scalp Serum for Dry Hair & Scalp,PATTERN by Tracee Ellis Ross,25.0,Hair
P475976,Hydrating Hair Mist,PATTERN by Tracee Ellis Ross,18.0,Hair
P475971,Cleansing Shampoo,PATTERN by Tracee Ellis Ross,20.0,Hair
P477001,Mini Styling Cream for Curly &Coily Hair,PATTERN by Tracee Ellis Ross,9.0,Hair
P501798,Curl Cocktail Hair Set,PATTERN by Tracee Ellis Ross,27.0,Hair
P500996,Detangling Nectar,PATTERN by Tracee Ellis Ross,25.0,Hair
P475983,Wide Tooth Comb,PATTERN by Tracee Ellis Ross,15.0,Hair
P475997,Mini Curl Gel,PATTERN by Tracee Ellis Ross,9.0,Hair
P475988,Hair Tools Kit,PATTERN by Tracee Ellis Ross,35.0,Hair
P475149,Medium Conditioner,PATTERN by Tracee Ellis Ross,25.0,Hair
P475995,Mini Strong Hold Hair Gel,PATTERN by Tracee Ellis Ross,9.0,Hair
P475970,Argan Hair & Scalp Oil Blend,PATTERN by Tracee Ellis Ross,25.0,Hair
P475979,Hair Pick,PATTERN by Tracee Ellis Ross,9.0,Hair
P474850,Edge Control,PATTERN by Tracee Ellis Ross,12.0,Hair
P480338,Styling Custard Hair Gel,PATTERN by Tracee Ellis Ross,25.0,Hair
P475990,Heavy Conditioner,PATTERN by Tracee Ellis Ross,25.0,Hair
P475977,Strong Hold Hair Gel,PATTERN by Tracee Ellis Ross,25.0,Hair
P475985,Lightweight Conditioner,PATTERN by Tracee Ellis Ross,25.0,Hair
P475973,Intensive Conditioner,PATTERN by Tracee Ellis Ross,25.0,Hair
P481410,Transition Mask,PATTERN by Tracee Ellis Ross,25.0,Hair
P475975,Jojoba Oil Hair Serum Self-Heating Packs,PATTERN by Tracee Ellis Ross,15.0,Hair
P504846,Double-Sided Bristle Brush,PATTERN by Tracee Ellis Ross,20.0,Hair
P475998,Mini Hydration Shampoo,PATTERN by Tracee Ellis Ross,9.0,Hair
P475989,Mini Conditioners Kit,PATTERN by Tracee Ellis Ross,24.0,Hair
P476000,Mini Medium Conditioner,PATTERN by Tracee Ellis Ross,9.0,Hair
P475972,Mini Intensive Conditioner,PATTERN by Tracee Ellis Ross,9.0,Hair
P475991,Mini Heavy Conditioner,PATTERN by Tracee Ellis Ross,9.0,Hair
P504842,Heat Protectant,PATTERN by Tracee Ellis Ross,20.0,Hair
P504843,Shine Spray,PATTERN by Tracee Ellis Ross,20.0,Hair
P504841,Paddle Brush,PATTERN by Tracee Ellis Ross,20.0,Hair
P475984,Mini Lightweight Conditioner,PATTERN by Tracee Ellis Ross,9.0,Hair
P469502,Skin Perfecting 2% BHA Liquid Exfoliant,Paula's Choice,34.0,Skincare
P469506,C15 Vitamin C Super Booster,Paula's Choice,55.0,Skincare
P469503,Mini Skin Perfecting 2% BHA Liquid Exfoliant,Paula's Choice,13.0,Skincare
P469522,RESIST Youth-Extending Daily Hydrating Fluid SPF 50,Paula's Choice,37.0,Skincare
P501288,C5 Super Boost Vitamin C Eye Cream,Paula's Choice,39.0,Skincare
P501282,C5 Super Boost Vitamin C Moisturizer,Paula's Choice,45.0,Skincare
P482060,Mini RESIST Youth-Extending Daily Hydrating Fluid SPF 50,Paula's Choice,12.0,Mini Size
P504433,Pro Collagen Multi-Peptide Booster,Paula's Choice,58.0,Skincare
P469510,CLINICAL 1% Retinol Treatment,Paula's Choice,62.0,Skincare
P469519,RESIST Advanced Replenishing Toner with Hyaluronic Acid,Paula's Choice,26.0,Skincare
P480627,Weightless Body Treatment 2% BHA,Paula's Choice,29.0,Bath & Body
P469511,CLINICAL Niacinamide 20% Treatment,Paula's Choice,52.0,Skincare
P469507,10% Azelaic Acid Booster,Paula's Choice,39.0,Skincare
P469520,RESIST Perfectly Balanced Foaming Cleanser,Paula's Choice,22.0,Skincare
P480628,10% Niacinamide Booster,Paula's Choice,49.0,Skincare
P481348,Clinical 0.3% Retinol + 2% Bakuchiol Treatment,Paula's Choice,62.0,Skincare
P471793,Omega + Complex Cleansing Balm,Paula's Choice,29.0,Skincare
P469505,Skin Perfecting BHA 9 Treatment,Paula's Choice,46.0,Skincare
P473126,CLINICAL Discoloration Repair Serum,Paula's Choice,52.0,Skincare
P469528,Skin Perfecting 25% AHA + 2% BHA Exfoliant Peel,Paula's Choice,42.0,Skincare
P469524,RESIST Super-Light Daily Wrinkle Defense SPF 30,Paula's Choice,37.0,Skincare
P469517,CLEAR Oil-Free Moisturizer,Paula's Choice,29.0,Skincare
P469513,CLEAR Pore Normalizing Acne Cleanser,Paula's Choice,15.0,Skincare
P469515,CLEAR Daily Skin Clearing Treatment with 2.5% Benzoyl Peroxide,Paula's Choice,22.0,Skincare
P481390,Omega+ Complex Moisturizer,Paula's Choice,37.0,Skincare
P469527,The UnScrub Gentle Cleansing Scrub,Paula's Choice,35.0,Skincare
P469516,CLEAR Ultra-Light Daily Hydrating Fluid SPF 30+,Paula's Choice,37.0,Skincare
P469525,Omega+ Complex Serum,Paula's Choice,42.0,Skincare
P469514,CLEAR Anti-Redness Exfoliating Solution with 2% Salicylic Acid,Paula's Choice,34.0,Skincare
P474970,Hyaluronic Acid + Peptide Lip Treatment Booster,Paula's Choice,32.0,Skincare
P469504,Skin Perfecting 8% AHA Gel Exfoliant,Paula's Choice,34.0,Skincare
P469508,Hyaluronic Acid Booster,Paula's Choice,39.0,Skincare
P469526,Water-Infusing Electrolyte Moisturizer,Paula's Choice,37.0,Skincare
P469512,CLINICAL Ceramide-Enriched Firming Eye Cream,Paula's Choice,49.0,Skincare
P469518,RESIST Barrier Repair Moisturizer with Retinol,Paula's Choice,37.0,Skincare
P469521,RESIST Weightless Advanced Repairing Toner,Paula's Choice,26.0,Skincare
P469523,RESIST Anti-Aging Clear Skin Hydrator,Paula's Choice,37.0,Skincare
P481347,Clear Skin Kit Acne Treatment Kit,Paula's Choice,75.0,Skincare
P481350,Complexion Clarity Kit,Paula's Choice,64.0,Skincare
P421275,Salicylic Acid Acne Healing Dots,Peace Out,19.0,Skincare
P428250,Oil-Absorbing Pore Treatment Strips,Peace Out,19.0,Skincare
P467038,Retinol Eye Stick,Peace Out,28.0,Skincare
P500757,Microneedling Anti-Wrinkle Retinol Patches,Peace Out,24.0,Skincare
P503721,Salicylic Acid Acne Day Dots,Peace Out,19.0,Skincare
P472052,Microneedling Dark Spot Brightening Dots,Peace Out,28.0,Skincare
P479340,Retinol Face Stick,Peace Out,34.0,Skincare
P501781,Instant Pore Perfector,Peace Out,28.0,Skincare
P480629,Dark Spots Serum,Peace Out,29.0,Skincare
P469530,Blemish Balm Cleanser,Peace Out,22.0,Skincare
P474971,Daily Blemish Repairing Moisturizer,Peace Out,28.0,Skincare
P465365,Puffy Under-Eye Patches,Peace Out,25.0,Skincare
P502997,Salicylic Acid Acne Treatment Serum,Peace Out,34.0,Skincare
P503683,Acne Salicylic Acid Day & Night Duo,Peace Out,19.0,Skincare
P500856,Retinol Anti-Aging Power Duo,Peace Out,48.0,Skincare
P415701,Water Drench Hyaluronic Acid Moisturizer,Peter Thomas Roth,54.0,Skincare
P377561,FIRMx Exfoliating Peel Gel,Peter Thomas Roth,49.0,Skincare
P450917,Mini FIRMx Exfoliating Peel Gel,Peter Thomas Roth,16.0,Skincare
P39274,Anti-Aging Cleansing Gel,Peter Thomas Roth,39.0,Skincare
P449599,Mini Anti-Aging Cleansing Gel,Peter Thomas Roth,12.0,Skincare
P114902,Goodbye Acne  Max Complexion Correction Pads,Peter Thomas Roth,48.0,Skincare
P3617,Therapeutic Sulfur Acne Treatment Mask,Peter Thomas Roth,52.0,Skincare
P458576,Water Drench Hyaluronic Hydrating Moisturizer SPF 45,Peter Thomas Roth,55.0,Skincare
P471065,Mini Water Drench  Hyaluronic Hydrating Moisturizer SPF 45,Peter Thomas Roth,23.0,Skincare
P428100,Potent-C Vitamin C Power Serum,Peter Thomas Roth,105.0,Skincare
P387261,Pumpkin Enzyme Mask Enzymatic Dermal Resurfacer,Peter Thomas Roth,60.0,Skincare
P453824,Vital-E Antioxidant Recovery Cream,Peter Thomas Roth,75.0,Skincare
P283106,Instant FIRMx Eye Temporary Eye Tightener,Peter Thomas Roth,38.0,Skincare
P3550,Goodbye Acne AHA/BHA Acne Clearing Gel Face Body Spot Treatment,Peter Thomas Roth,48.0,Skincare
P474078,Mini Goodbye Acne  AHA/BHA Acne Clearing Gel Face Body Spot Treatment,Peter Thomas Roth,20.0,Skincare
P453823,Vital-E Antioxidant Recovery Eye Cream,Peter Thomas Roth,55.0,Skincare
P426312,Mini Water Drench Hyaluronic Acid Moisturizer,Peter Thomas Roth,23.0,Mini Size
P251529,Retinol Fusion PM Night Serum,Peter Thomas Roth,65.0,Skincare
P442741,Peptide 21 Wrinkle Resist Serum,Peter Thomas Roth,125.0,Skincare
P399932,Acne-Clear Invisible Dots,Peter Thomas Roth,32.0,Skincare
P442742,Peptide 21 Amino Acid Exfoliating Peel Pads,Peter Thomas Roth,55.0,Skincare
P392608,Irish Moor Mud Purifying Black Mask,Peter Thomas Roth,60.0,Skincare
P382204,Cucumber Gel Mask Extreme Detoxifying Hydrator,Peter Thomas Roth,55.0,Skincare
P442743,Peptide 21 Wrinkle Resist Moisturizer,Peter Thomas Roth,95.0,Skincare
P467137,Water Drench Hyaluronic Glow Serum,Peter Thomas Roth,72.0,Skincare
P271682,Instant FIRMx Temporary Face Tightener,Peter Thomas Roth,49.0,Skincare
P479706,Even Smoother Glycolic Retinol Resurfacing Serum,Peter Thomas Roth,65.0,Skincare
P470243,PRO Strength Microdermabrasion Blackhead Eliminator,Peter Thomas Roth,68.0,Skincare
P474079,Goodbye Acne   Complete Acne Treatment Gel,Peter Thomas Roth,44.0,Skincare
P448719,PRO Strength Lactic Pore Treatment,Peter Thomas Roth,88.0,Skincare
P479705,Even Smoother Glycolic Retinol Resurfacing Peel Pads,Peter Thomas Roth,52.0,Skincare
P462390,PRO Strength 10% PHA Exfoliating Clarifying Liquid,Peter Thomas Roth,58.0,Skincare
P412025,Cucumber De-Tox Hydra-Gel Eye Patches,Peter Thomas Roth,55.0,Skincare
P454102,PRO Strength Niacinamide Discoloration Treatment,Peter Thomas Roth,88.0,Skincare
P433456,Potent-C Vitamin C Power Eye Cream,Peter Thomas Roth,68.0,Skincare
P406104,24K Gold Pure Luxury Lift & Firm Hydra-Gel Eye Patches,Peter Thomas Roth,75.0,Skincare
P433457,Potent-C Vitamin C Targeted Spot Brightener,Peter Thomas Roth,62.0,Skincare
P423254,Water Drench Hyaluronic Cloud Hydra-Gel Eye Patches,Peter Thomas Roth,55.0,Skincare
P482061,Max Clear Invisible Priming Sunscreen Broad Spectrum SPF 45,Peter Thomas Roth,38.0,Skincare
P503690,Water Drench Hyaluronic Cloud Rich Barrier Moisturizer,Peter Thomas Roth,58.0,Skincare
P500244,FIRMx Collagen Face & Eye Hydra-Gel Patches,Peter Thomas Roth,65.0,Skincare
P503702,Instant FIRMx No-Filter Primer,Peter Thomas Roth,42.0,Makeup
P392607,24K Gold Mask Pure Luxury Lift & Firm,Peter Thomas Roth,85.0,Skincare
P481142,PRO Strength Vitamin A/C/E Retinoid Treatment,Peter Thomas Roth,65.0,Skincare
P430812,Max Mineral Tinted Sunscreen Broad Spectrum SPF 45,Peter Thomas Roth,38.0,Skincare
P481731,PRO Strength Stretch Mark Cream,Peter Thomas Roth,58.0,Bath & Body
P505158,Max Vitamin D-Fense Sunscreen Serum Broad Spectrum SPF 50,Peter Thomas Roth,42.0,Skincare
P410883,Acne Clearing Wash,Peter Thomas Roth,39.0,Skincare
P440317,Potent-C Vitamin C Bright & Plump Moisturizer,Peter Thomas Roth,72.0,Skincare
P471062,Full-Size Water Drench Hydra-Pair 2-Piece Kit,Peter Thomas Roth,58.0,Skincare
P457519,Water Drench Hyaluronic Cloud Hydrating Eye Gel,Peter Thomas Roth,43.0,Skincare
P446101,Lashes to Die For Turbo Conditioning Lash Enhancer,Peter Thomas Roth,85.0,Makeup
P471064,Max Matte Shine Control Sunscreen Broad Spectrum SPF 45,Peter Thomas Roth,38.0,Skincare
P457520,FIRMx Collagen Moisturizer,Peter Thomas Roth,88.0,Skincare
P464799,Potent-C Power Brightening Hydra-Gels,Peter Thomas Roth,65.0,Skincare
P500127,Water Drench Hyaluronic Cloud Hydrating Body Cream,Peter Thomas Roth,40.0,Bath & Body
P473185,Water Drench Hyaluronic Cloud Makeup Removing Gel Cleanser,Peter Thomas Roth,32.0,Skincare
P474080,Water Drench Hyaluronic Cloud Mask Hydrating Gel,Peter Thomas Roth,55.0,Skincare
P502740,Masking Minis 5-Piece Mask Kit,Peter Thomas Roth,19.0,Skincare
P502725,Multi-Masker 4-Piece Mask Kit,Peter Thomas Roth,58.0,Skincare
P501550,Acne-Clear Essentials 4-Piece Acne Kit,Peter Thomas Roth,35.0,Skincare
P505380,Patch & Protect Summer Essentials 2-Piece Kit,Peter Thomas Roth,55.0,Skincare
P505383,Full-Size FIRMx Face & Eye Firmers 2-Piece Kit,Peter Thomas Roth,65.0,Skincare
P502690,"Snow Angel Shampoo, Shower Gel & Bubble Bath",philosophy,24.0,Bath & Body
P482716,Missing Person Eau de Parfum,PHLUR,96.0,Fragrance
P482717,Missing Person Eau de Parfum Travel Spray,PHLUR,26.0,Fragrance
P503600,Discovery Sampler Set,PHLUR,35.0,Fragrance
P501353,Missing Person Perfume Set,PHLUR,98.0,Fragrance
P482715,Perfume Sampler Set,PHLUR,25.0,Fragrance
P502693,Somebody Wood Eau de Parfum Travel Spray,PHLUR,26.0,Fragrance
P503911,Tangerine Boy Eau de Parfum,PHLUR,96.0,Fragrance
P482726,Not Your Baby Eau de Parfum,PHLUR,96.0,Fragrance
P482724,Apricot Privée Eau de Parfum,PHLUR,96.0,Fragrance
P502652,Somebody Wood Eau de Parfum,PHLUR,96.0,Fragrance
P482725,Apricot Privée Eau de Parfum Travel Spray,PHLUR,26.0,Fragrance
P482727,Not Your Baby Eau de Parfum Travel Spray,PHLUR,26.0,Fragrance
P440207,Ameline Eau de Parfum,PHLUR,96.0,Fragrance
P482720,Lost Cause Eau de Parfum,PHLUR,96.0,Fragrance
P482718,Phloria Eau de Parfum,PHLUR,96.0,Fragrance
P447761,Ameline Eau de Parfum Travel Spray,PHLUR,26.0,Fragrance
P482721,Lost Cause Eau de Parfum Travel Spray,PHLUR,26.0,Fragrance
P482719,Phloria Eau de Parfum Travel Spray,PHLUR,26.0,Fragrance
P502647,Sweet Smoke Candle,PHLUR,45.0,Fragrance
P504992,Solar Power Eau de Parfum Travel Spray,PHLUR,26.0,Fragrance
P503665,Missing Person Body Lotion,PHLUR,36.0,Bath & Body
P504990,Solar Power Eau de Parfum,PHLUR,96.0,Fragrance
P432818,Clean Smart Facial Cleansing Device,PMD,99.0,Skincare
P446630,Clean Pro Rose Quartz,PMD,179.0,Skincare
P398502,Personal Microderm Pro,PMD,199.0,Skincare
P401158,PMD Personal Microderm with Hand & Foot Kit,PMD,159.0,Skincare
P446629,Clean Pro,PMD,149.0,Skincare
P467969,Personal Microderm Elite Pro,PMD,299.0,Skincare
P398500,Personal Microderm,PMD,159.0,Skincare
P467970,Clean Pro Obsidian,PMD,179.0,Skincare
P476436,Clean Pro Jade,PMD,179.0,Skincare
P376127,CANDY Eau de Parfum,Prada,135.0,Fragrance
P501198,Paradoxe Eau de Parfum,Prada,32.0,Fragrance
P387903,Candy Eau de Parfum Travel Spray,Prada,30.0,Fragrance
P501173,Paradoxe Eau de Parfum Travel Spray,Prada,32.0,Fragrance
P502053,Mini Paradoxe Perfume Giftset,Prada,32.0,Fragrance
P76001,Prada Amber,Prada,145.0,Fragrance
P503187,Candy Eau de Parfum Giftset,Prada,30.0,Fragrance
P475152,Luna Rossa Ocean Eau de Toilette,Prada,115.0,Fragrance
P417974,Luna Rossa Carbon,Prada,115.0,Fragrance
P433656,Luna Rossa Black Eau de Parfum,Prada,107.0,Fragrance
P378660,Luna Rossa,Prada,95.0,Fragrance
P398365,Luna Rossa Sport Eau de Toilette,Prada,115.0,Fragrance
P478314,Luna Rossa Ocean Eau de Toilette Travel Spray,Prada,25.0,Fragrance
P163102,Prada Amber Pour Homme,Prada,115.0,Fragrance
P503241,Luna Rossa Carbon Eau de Toilette Set,Prada,114.0,Fragrance
P456192,Night Magic Restorative Face Oil with Firming Botanicals,Prima,68.0,Skincare
P456193,The Afterglow Deep Moisturizing Cream with Hyaluronic Acid & Vegan Collagen,Prima,68.0,Skincare
P456216,Unwind Bath Gem Relaxing Bath Soak with Epsom Salt + Moisturizing Oils,Prima,15.0,Bath & Body
P474854,"Beyond Body Oil Lightweight, Anti-Aging & Nourishing Oil",Prima,56.0,Bath & Body
P456215,R+R Cream Cooling Recovery Rub for Soothing Comfort with Menthol + Hemp,Prima,38.0,Bath & Body
P456217,Skin Therapy Rich Ultra-Hydrating Body Butter for Dry Skin,Prima,32.0,Bath & Body
P483684,Recover Bath Gem Body-Soothing Bath Soak with Arnica + Magnesium,Prima,18.0,Bath & Body
P504310,Arousal Bath Gem Sensual Bath Soak with Natural Aphrodisiacs,Prima,16.0,Bath & Body
P504644,"Personalized Cleanser, SPF Day Moisturizer, Night Cream Set",PROVEN Skincare,169.99,Skincare
P461633,Color Fanatic Heat Protectant Leave-In Conditioner,Pureology,34.0,Hair
P461601,"Hydrate Shampoo for Dry, Color-Treated Hair",Pureology,36.0,Hair
P461603,"Hydrate Conditioner for Dry, Color-Treated Hair",Pureology,36.0,Hair
P461610,Strength Cure Strengthening Shampoo for Damaged Color-Treated Hair,Pureology,36.0,Hair
P461960,Mini Hydrating + Color Protecting Hair Kit,Pureology,24.0,Hair
P461611,Strength Cure Strengthening Conditioner for Damaged Color-Treated Hair,Pureology,36.0,Hair
P461615,Strength Cure Miracle Filler Heat Protectant Spray,Pureology,31.0,Hair
P461605,Hydrate Nourishing Superfoods Treatment Hair Mask,Pureology,41.5,Hair
P461606,"Hydrate Sheer Shampoo for Fine, Dry, Color-Treated Hair",Pureology,36.0,Hair
P461616,Strength Cure Blonde Purple Shampoo,Pureology,36.0,Hair
P461602,Mini Hydrate Shampoo,Pureology,11.0,Hair
P461614,Strength Cure Superfoods Treatment Hair Mask,Pureology,41.5,Hair
P461634,Color Fanatic Multi-Tasking Deep-Conditioning Hair Mask,Pureology,41.5,Hair
P461604,Mini Hydrate Conditioner,Pureology,11.0,Hair
P461608,"Hydrate Sheer Conditioner for Fine, Dry, Color-Treated Hair",Pureology,36.0,Hair
P461629,Nanoworks Gold Hydrating Shampoo,Pureology,50.0,Hair
P474855,Color Fanatic Top Coat + Tone Hair Gloss,Pureology,36.0,Hair
P461618,Strength Cure Blonde Purple Conditioner,Pureology,36.0,Hair
P461613,Strength Cure Split-End Salve Leave-In Treatment,Pureology,31.0,Hair
P461620,Pure Volume Shampoo,Pureology,36.0,Hair
P461631,Nanoworks Gold Strengthening Hydrating Conditioner,Pureology,50.0,Hair
P461607,"Mini Hydrate Sheer Shampoo for Fine, Dry, Color-Treated Hair",Pureology,11.0,Hair
P461642,Smooth Perfection Smoothing Hair Serum,Pureology,31.0,Hair
P474856,Color Fanatic Top Coat + Clear Hair Gloss,Pureology,36.0,Hair
P461624,Smooth Perfection Shampoo,Pureology,36.0,Hair
P461641,Hydrate Soft Softening Treatment Hair Mask,Pureology,41.5,Hair
P461635,Style + Protect Refresh & Go Dry Shampoo,Pureology,31.0,Hair
P461617,Mini Strength Cure Blonde Shampoo,Pureology,11.0,Hair
P461628,Smooth Perfection Smoothing Hair Lotion,Pureology,31.0,Hair
P461626,Smooth Perfection Conditioner,Pureology,36.0,Hair
P461622,Pure Volume Conditioner,Pureology,36.0,Hair
P461609,"Mini Hydrate Sheer Conditioner for Fine, Dry, Color-Treated Hair",Pureology,11.0,Hair
P503824,Hydrate Shampoo & Conditioner Jumbo Value Set,Pureology,145.0,Hair
P461636,Mini Style + Protect Refresh & Go Dry Shampoo,Pureology,11.0,Hair
P461619,Mini Strength Cure Blonde Conditioner,Pureology,11.0,Hair
P461637,Style + Protect Soft Finish Hairspray,Pureology,31.0,Hair
P461643,Style + Protect Weightless Hair Mousse,Pureology,31.0,Hair
P461639,Style + Protect Volumizing Texture Finishing Hairspray,Pureology,31.0,Hair
P474082,Mini Nanoworks Gold Conditioner,Pureology,17.0,Hair
P503823,Strength Cure Shampoo & Conditioner Jumbo Value Set,Pureology,145.0,Hair
P474081,Mini Nanoworks Gold Shampoo,Pureology,17.0,Hair
P505014,Hydrate & Color Fanatic Kit,Pureology,72.0,Hair
P505035,Strength Cure & Color Fanatic Kit,Pureology,72.0,Hair
P505034,"Color Fanatic Spray, Clear Topcoat Kit",Pureology,45.0,Hair
P448446,Hydration Detangler + UV Barrier,Rahua,32.0,Hair
P407493,Omega 9 Hair Mask,Rahua,58.0,Hair
P6463,Romance,Ralph Lauren,63.0,Fragrance
P9009,Ralph,Ralph Lauren,90.0,Fragrance
P380994,Polo Red Eau de Toilette,Ralph Lauren,88.0,Fragrance
P474083,Ralph's Club Eau de Parfum,Ralph Lauren,129.0,Fragrance
P36740,Polo Blue Eau de Toilette,Ralph Lauren,88.0,Fragrance
P408252,Polo Blue Eau de Parfum,Ralph Lauren,74.0,Fragrance
P474084,Ralph's Club Eau de Parfum Travel Spray,Ralph Lauren,34.0,Fragrance
P460784,Polo Red Eau de Parfum,Ralph Lauren,128.0,Fragrance
P500911,Ralph's Club Parfum,Ralph Lauren,140.0,Fragrance
P481335,Brightening Saffron Serum - Radiant Rani,RANAVAT,135.0,Skincare
P481354,Renewing Bakuchi Crème - Eternal Reign,RANAVAT,95.0,Skincare
P481336,Resurfacing Saffron AHA Masque - Radiant Rani,RANAVAT,75.0,Skincare
P481363,Smoothing Facial Polish - Imperial Glow,RANAVAT,45.0,Skincare
P481371,Balancing Crème Cleanser - Luminous Ceremony,RANAVAT,45.0,Skincare
P504446,Restoring Moonseed Treatment - L’Immortale Empress,RANAVAT,125.0,Skincare
P481374,Fortifying Hair Serum - Mighty Majesty,RANAVAT,70.0,Hair
P481401,Hydrating Jasmine Mist - Royal Refresh,RANAVAT,45.0,Skincare
P502191,Mini Brightening Saffron Serum - Radiant Rani,RANAVAT,35.0,Mini Size
P481368,Detoxifying Facial Massage Tool - Kansa Wand,RANAVAT,70.0,Skincare
P503881,Regenerative Veda⁴ Bond Repair Shampoo - Mighty Majesty,RANAVAT,48.0,Hair
P503863,Regenerative Veda⁴ Bond Repair Conditioner- Mighty Majesty,RANAVAT,48.0,Hair
P502183,Sacred Rose Restoring Hand Crème with Antioxidants,RANAVAT,32.0,Bath & Body
P97989778,Soft Pinch Liquid Blush,Rare Beauty by Selena Gomez,23.0,Makeup
P38855877,Positive Light Liquid Luminizer Highlight,Rare Beauty by Selena Gomez,25.0,Makeup
P479343,Warm Wishes Effortless Bronzer Sticks,Rare Beauty by Selena Gomez,26.0,Makeup
P49848448,Liquid Touch Weightless Foundation,Rare Beauty by Selena Gomez,30.0,Makeup
P64546856,Liquid Touch Brightening Concealer,Rare Beauty by Selena Gomez,22.0,Makeup
P467451,Stay Vulnerable Melting Cream Blush,Rare Beauty by Selena Gomez,22.0,Makeup
P503711,Positive Light Silky Touch Highlighter,Rare Beauty by Selena Gomez,25.0,Makeup
P87987897,Lip Soufflé Matte Cream Lipstick,Rare Beauty by Selena Gomez,20.0,Makeup
P500636,Kind Words Lip Liner,Rare Beauty by Selena Gomez,15.0,Makeup
P503714,Positive Light Under Eye Brightener,Rare Beauty by Selena Gomez,24.0,Makeup
P11487778,With Gratitude Dewy Lip Balm,Rare Beauty by Selena Gomez,16.0,Makeup
P500637,Kind Words Matte Lipstick,Rare Beauty by Selena Gomez,20.0,Makeup
P467449,Stay Vulnerable Glossy Lip Balm,Rare Beauty by Selena Gomez,20.0,Makeup
P17484987,Liquid Touch Concealer Brush,Rare Beauty by Selena Gomez,18.0,Makeup
P475599,Perfect Strokes Universal Volumizing Mascara,Rare Beauty by Selena Gomez,20.0,Makeup
P55849781,Always An Optimist 4-in-1 Prime & Set Mist,Rare Beauty by Selena Gomez,27.0,Makeup
P479345,Always an Optimist Soft Radiance Setting Powder,Rare Beauty by Selena Gomez,25.0,Makeup
P04141879,Liquid Touch Foundation Brush,Rare Beauty by Selena Gomez,29.0,Makeup
P471074,Pore Diffusing Primer - Always an Optimist Collection,Rare Beauty by Selena Gomez,28.0,Makeup
P77484859,Perfect Strokes Matte Liquid Liner,Rare Beauty by Selena Gomez,21.0,Makeup
P471075,Mini Pore Diffusing Primer- Always An Optimist Collection,Rare Beauty by Selena Gomez,15.0,Mini Size
P479342,Soft Pinch Blush Brush,Rare Beauty by Selena Gomez,23.0,Makeup
P467450,Stay Vulnerable Liquid Eyeshadow,Rare Beauty by Selena Gomez,20.0,Makeup
P82858582,Blot & Glow Touch-Up Kit,Rare Beauty by Selena Gomez,26.0,Makeup
P475600,Mini Perfect Strokes Universal Volumizing Mascara,Rare Beauty by Selena Gomez,11.0,Mini Size
P47478987,Illuminating Primer- Always An Optimist Collection,Rare Beauty by Selena Gomez,28.0,Makeup
P501035,Mini Always an Optimist 4-in-1 Mist,Rare Beauty by Selena Gomez,14.0,Mini Size
P64888798,Mini Illuminating Primer- Always An Optimist Collection,Rare Beauty by Selena Gomez,15.0,Mini Size
P05048798,Brow Harmony Pencil & Gel,Rare Beauty by Selena Gomez,22.0,Makeup
P475604,Brow Harmony Shape & Fill Duo,Rare Beauty by Selena Gomez,27.0,Makeup
P479344,Always An Optimist Powder Brush,Rare Beauty by Selena Gomez,28.0,Makeup
P471077,Weightless Eyeshadow Primer- Always An Optimist Collection,Rare Beauty by Selena Gomez,21.0,Makeup
P504015,Positive Light Precision Highlighter Brush,Rare Beauty by Selena Gomez,18.0,Makeup
P467448,Stay Vulnerable All - Over Eyeshadow Brush,Rare Beauty by Selena Gomez,15.0,Makeup
P79797874,Magnetic Spirit Eyeshadow Palette,Rare Beauty by Selena Gomez,25.0,Makeup
P471076,Discovery Eyeshadow Palette,Rare Beauty by Selena Gomez,29.0,Makeup
P64648789,Blot & Glow Blotting Paper Refill,Rare Beauty by Selena Gomez,5.0,Makeup
P504643,Mini Sincerely Me Eye Essentials,Rare Beauty by Selena Gomez,25.0,Mini Size
P39693963,Blot & Glow Powder Puff Refill,Rare Beauty by Selena Gomez,15.0,Makeup
P505369,Discovery Eyeshadow Palette - Give Yourself Grace,Rare Beauty by Selena Gomez,29.0,Makeup
P473120,Brow Sculpt Shape and Hold Gel with Lamination Effect,REFY,24.0,Makeup
P483125,Lip Sculpt Lip Liner and Setter,REFY,26.0,Makeup
P475605,Duo Face Brush,REFY,24.0,Makeup
P500449,Glow and Sculpt Face Serum Primer with Niacinamide,REFY,34.0,Makeup
P483124,Lip Gloss,REFY,20.0,Makeup
P475156,Cream Blush,REFY,20.0,Makeup
P475158,Gloss Highlighter,REFY,26.0,Makeup
P501560,"Universal Collection - Brow Sculpt, Lip Gloss, and Gloss Highlighter",REFY,38.0,Makeup
P483123,"Lip Collection: Lip Liner, Setter, and Lip Gloss",REFY,40.0,Makeup
P475157,Cream Bronzer,REFY,26.0,Makeup
P473174,"REFY 3.0 Stage Brow Collection- Sculpt, Pomade & Pencil",REFY,55.0,Makeup
P473118,Brow Pencil,REFY,20.0,Makeup
P500494,Body Glow Highlighting Serum,REFY,40.0,Bath & Body
P473119,Brow Pomade,REFY,20.0,Makeup
P500162,Skin Finish Water Based Loose Setting Powder,REFY,32.0,Makeup
P505347,Brow Tint Eyebrow Gel,REFY,24.0,Makeup
P203616,Glycol Lactic Radiance Renewal Mask,REN Clean Skincare,58.0,Skincare
P428095,Ready Steady Glow Daily AHA Tonic,REN Clean Skincare,40.0,Skincare
P465368,Mini Ready Steady Glow Daily AHA Tonic,REN Clean Skincare,22.0,Skincare
P214002,Evercalm Barrier Support Antioxidant Moisturizer,REN Clean Skincare,52.0,Skincare
P436094,Evercalm Overnight Recovery Balm,REN Clean Skincare,55.0,Skincare
P415620,Evercalm Ultra Comforting Rescue Mask,REN Clean Skincare,52.0,Skincare
P423666,Perfect Canvas Clean Primer,REN Clean Skincare,49.0,Makeup
P457512,Overnight Glow Dark Spot Sleeping Cream,REN Clean Skincare,55.0,Skincare
P431845,AHA Smart Renewal Body Serum,REN Clean Skincare,46.0,Bath & Body
P442990,Clean Screen Mineral SPF 30 Mattifying Face Sunscreen,REN Clean Skincare,40.0,Skincare
P481732,Radiance Vitamin C Glow Serum,REN Clean Skincare,69.0,Skincare
P467971,Brightening Dark Circle Eye Cream,REN Clean Skincare,51.0,Skincare
P475159,Evercalm Redness Relief Serum,REN Clean Skincare,60.0,Skincare
P454095,Perfect Canvas Clean Jelly Oil Cleanser,REN Clean Skincare,37.0,Skincare
P484067,Evercalm Barrier Support Face Oil,REN Clean Skincare,60.0,Skincare
P436089,Atlantic Kelp and Magnesium Anti-Fatigue Body Wash - 100% Recycled Plastic,REN Clean Skincare,30.0,Bath & Body
P473172,Glow Daily Vitamin C Gel Cream,REN Clean Skincare,54.0,Skincare
P474371,Evercalm Gentle Cleansing Milk,REN Clean Skincare,38.0,Skincare
P504056,"Perfect Canvas Smooth, Prep & Plump Essence",REN Clean Skincare,55.0,Skincare
P476726,Evercalm Gentle Cleansing Gel,REN Clean Skincare,38.0,Skincare
P437477,Stop Being So Sensitive Evercalm Kit,REN Clean Skincare,34.0,Skincare
P470049,Clearcalm Clarifying Clay Cleanser,REN Clean Skincare,38.0,Skincare
P455227,Glow One Step Further Radiance Kit,REN Clean Skincare,28.0,Skincare
P502047,Evercalm Skin Zen Trio,REN Clean Skincare,66.0,Skincare
P503345,Evercalm Skin Zen Trio,REN Clean Skincare,66.0,Skincare
P501801,The Essential Refillable Travel Container,RIES,18.0,Hair
P504046,The Essential Refillable Travel Container - Blue,RIES,18.0,Tools & Brushes
P408972,UnCoverup Natural Finish Concealer,rms beauty,38.0,Makeup
P408973,Living Luminizer Highlighter,rms beauty,40.0,Makeup
P500051,ReDimension Hydra Powder Blush,rms beauty,35.0,Makeup
P457458,Hydrating Tinted Daily Lip Balm,rms beauty,24.0,Makeup
P479707,Eyelights Cream Eyeshadow,rms beauty,28.0,Makeup
P450899,UnCoverup Natural Finish Cream Foundation,rms beauty,58.0,Makeup
P454033,Mini Living Luminizer Highlighter Glow Quad,rms beauty,32.0,Makeup
P475606,ReEvolve Radiance Locking Hydrating Primer,rms beauty,42.0,Makeup
P501548,ReEvolve Medium Coverage Liquid Foundation,rms beauty,52.0,Makeup
P472053,Straight Up Volumizing Peptide Mascara,rms beauty,28.0,Makeup
P472054,Mini Straight Up Volumizing Peptide Mascara,rms beauty,15.0,Makeup
P476005,Cream Blush Refillable Cheek & Lip Color,ROSE INC,32.0,Makeup
P480345,Skin Enhance Luminous Skin Tint Serum Foundation,ROSE INC,49.0,Makeup
P476011,Softlight Clean Dewy Hydrating Concealer,ROSE INC,30.0,Makeup
P482730,Satin Lip Color Refillable Hydrating Lipstick,ROSE INC,28.0,Makeup
P476008,Lip Sculpt Clean Moisturizing Pigmented Lipstick,ROSE INC,26.0,Makeup
P504309,Solar Power Luminous SPF 30 Brightening Serum,ROSE INC,46.0,Skincare
P500294,Solar Infusion Moisturizing Cream Bronzer,ROSE INC,36.0,Makeup
P481145,Hydration Replenish Microencapsulated Plumping Gel Moisturizer,ROSE INC,70.0,Skincare
P500696,Eye Revival Brightening Eye Cream,ROSE INC,55.0,Skincare
P476010,Skin Resolution Clean Exfoliating Acid Toner,ROSE INC,32.0,Skincare
P504315,Mini Skin Resolution Clarifying Acid Toner,ROSE INC,15.0,Skincare
P481146,Skin Enhancing Duo: Luminous Skin Tint Serum Foundation & Foundation Brush,ROSE INC,59.0,Makeup
P500425,Solar Radiance Hydrating Cream Highlighter,ROSE INC,30.0,Makeup
P476009,Radiant Reveal Clean Brightening Vitamin C Serum,ROSE INC,74.0,Skincare
P481160,Number 3 Foundation Brush,ROSE INC,32.0,Makeup
P481144,Mini Hydration Replenish Microencapsulated Plumping Gel Moisturizer,ROSE INC,20.0,Mini Size
P476014,Number 1 Concealer Brush,ROSE INC,26.0,Makeup
P502071,Ultra-Black Lash Lifting & Lengthening Serum Mascara,ROSE INC,28.0,Makeup
P476007,Brow Renew Clean Tinted Eyebrow-Growth Gel,ROSE INC,26.0,Makeup
P476006,Brow Renew Clean Clear Eyebrow-Growth Gel,ROSE INC,26.0,Makeup
P502066,Satin & Shimmer Duet Powder & Cream Eyeshadow,ROSE INC,30.0,Makeup
P476013,Number 2 Blush Brush,ROSE INC,28.0,Makeup
P503331,Mini Ultra-Black Lash Lifting & Lengthening Serum Mascara,ROSE INC,15.0,Mini Size
P476012,Cream Blush Refillable Cheek & Lip Color Refill,ROSE INC,18.0,Makeup
P502081,Number 8 Dual-Ended Eyehadow Brush,ROSE INC,28.0,Makeup
P482731,Satin Lip Color Hydrating Lipstick Refill,ROSE INC,18.0,Makeup
P500325,No. 5 Bronzer Brush,ROSE INC,28.0,Makeup
P504594,The Brightening Essentials Skincare Gift Set,ROSE INC,66.0,Skincare
P504283,Mini Solar Power Luminous SPF 30 Serum,ROSE INC,18.0,Skincare
P500333,No. 6 Highlighter Brush,ROSE INC,26.0,Makeup
P500426,Solar Radiance Hydrating Cream Highlighter Refill,ROSE INC,18.0,Makeup
P468850,Signature Moisturizer,ROSE Ingleton MD,85.0,Skincare
P470245,Complexion Brightening Booster Serum,ROSE Ingleton MD,70.0,Skincare
P470247,Blemish Control Booster Serum,ROSE Ingleton MD,70.0,Skincare
P470246,Calming Hydration Booster Serum,ROSE Ingleton MD,70.0,Skincare
P470248,Retexturizing Retinol Booster Serum,ROSE Ingleton MD,70.0,Skincare
P480346,SuperFruit Gentle Brightening Cleanser,ROSE Ingleton MD,38.0,Skincare
P500502,SuperFruit Exfoliating Tonic 8% AHA Solution,ROSE Ingleton MD,48.0,Skincare
P501778,Mini SuperFruit Gentle Brightening Cleanser,ROSE Ingleton MD,14.0,Mini Size
P42204,Rosebud Salve,Rosebud Perfume Co.,7.0,Skincare
P42205,Strawberry Lip Balm,Rosebud Perfume Co.,8.0,Skincare
P266126,Rosebud Salve in a Tube,Rosebud Perfume Co.,7.0,Skincare
P164932,Minted Rose Lip Balm,Rosebud Perfume Co.,8.0,Skincare
P392239,Menthol And Eucalyptus Lip Balm,Rosebud Perfume Co.,7.0,Skincare
P397465,Strawberry Lip Balm,Rosebud Perfume Co.,8.0,Skincare
P409407,Grandioso Volumizing Spray,Rossano Ferretti Parma,48.0,Hair
P453274,Grandioso Extra Volume Shampoo,Rossano Ferretti Parma,39.0,Hair
P409419,Brillante Protect & Shine Hair Oil,Rossano Ferretti Parma,56.0,Hair
P409416,Dolce 16 Protective and Detangling Spray,Rossano Ferretti Parma,46.0,Hair
P409413,Prodigio Regenerating Hair Treatment Oil,Rossano Ferretti Parma,64.0,Hair
P409412,Intenso Smoothing Mask for Thick Hair,Rossano Ferretti Parma,64.0,Hair
P409418,Velluto Anti-Frizz Straightening Serum,Rossano Ferretti Parma,50.0,Hair
P453275,Mini Grandioso Extra Volume Shampoo,Rossano Ferretti Parma,16.0,Hair
P409403,Mini Grandioso Extra Volumizing Hair Set,Rossano Ferretti Parma,59.0,Hair
P409404,Mini Intenso Smoothing Hair Set for Thick Hair,Rossano Ferretti Parma,59.0,Hair
P453280,Dry Shampoo Cream,Rossano Ferretti Parma,20.0,Hair
P428062,Favoloso Volumizing Mousse,Rossano Ferretti Parma,50.0,Hair
P453276,Intenso Smoothing Shampoo for Thick Hair,Rossano Ferretti Parma,39.0,Hair
P428061,Vita Rejuvenating Anti-Aging Hair Mask,Rossano Ferretti Parma,72.0,Hair
P428063,Vita Rejuvenating Anti-Aging Shampoo,Rossano Ferretti Parma,52.0,Hair
P453279,Mini Intenso Smoothing Mask for Thick Hair,Rossano Ferretti Parma,18.0,Hair
P409417,Favoloso Hair Movement Spray,Rossano Ferretti Parma,50.0,Hair
P483122,Prodigio Regenerating Pre-Wash Hair Mask Treatment,Rossano Ferretti Parma,105.0,Hair
P483084,Dolce Satin Glow Booster,Rossano Ferretti Parma,50.0,Hair
P453277,Mini Grandioso Extra Volumizing Conditioner,Rossano Ferretti Parma,17.0,Hair
P502055,Dolce Nourishing Shampoo,Rossano Ferretti Parma,16.0,Hair
P409406,Grandioso 02 Volumising Conditioner,Rossano Ferretti Parma,17.0,Hair
P483094,Grandioso Volumising Conditioner,Rossano Ferretti Parma,46.0,Hair
P502065,Dolce Nourishing Hair Mask,Rossano Ferretti Parma,54.0,Hair
P502059,Mini Dolce Nourishing Hair Mask,Rossano Ferretti Parma,18.0,Hair
P502078,Mini Dolce Nourishing Shampoo,Rossano Ferretti Parma,16.0,Hair
P469825,Dew Blush Liquid Cheek Blush,Saie,25.0,Makeup
P468210,Slip Tint Dewy Tinted Moisturizer SPF 35 Sunscreen,Saie,36.0,Makeup
P468206,Glowy Super Gel Lightweight Dewy Highlighter,Saie,28.0,Makeup
P472997,Sun Melt Natural Cream Bronzer,Saie,32.0,Makeup
P468207,Mini Glowy Super Gel Lightweight Dewy Highlighter,Saie,16.0,Makeup
P483685,Hydrabeam Brightening + Hydrating Creamy Under Eye Concealer,Saie,26.0,Makeup
P473327,The Big Buffing Bronzer Brush,Saie,26.0,Makeup
P480188,Airset Radiant Loose Setting Powder,Saie,30.0,Makeup
P501451,Lip Blur Soft-Matte Hydrating Lipstick with Hyaluronic Acid,Saie,24.0,Makeup
P468204,Mascara 101 Lengthening and Lifting,Saie,26.0,Makeup
P480189,The Fluffy Setting Powder Brush,Saie,26.0,Makeup
P468211,Sunvisor Radiant Moisturizing Face Sunscreen SPF 35,Saie,38.0,Skincare
P468208,Brow Butter Styling and Volumizing Eyebrow Gel,Saie,20.0,Makeup
P478730,Mini Mascara 101 Lengthening and Lifting,Saie,16.0,Mini Size
P503324,Mini Sunvisor Radiant Moisturizing Face Sunscreen SPF 35,Saie,16.0,Mini Size
P504907,Glowy Super Skin Lightweight Hydrobounce  Serum Foundation,Saie,40.0,Makeup
P504884,The Base Foundation Brush,Saie,26.0,Makeup
P444222,Luxury Beauty Serum Calming Treatment,Saint Jane Beauty,125.0,Skincare
P501321,Luxury Sun Ritual Pore Smoothing Sunscreen SPF 30,Saint Jane Beauty,38.0,Skincare
P461491,Bright Repair Eye Cream – 10% Vitamin C,Saint Jane Beauty,65.0,Skincare
P467972,The C Drops – 20% Vitamin C Blend Brightening Serum,Saint Jane Beauty,90.0,Skincare
P473723,Hydrating Petal Cream – 1% Pure Hyaluronic Acid Moisturizer,Saint Jane Beauty,68.0,Skincare
P451503,Luxury Body Nourishing Serum,Saint Jane Beauty,58.0,Bath & Body
P482068,Sacred Sleep Overnight Repair with Retinol,Saint Jane Beauty,70.0,Skincare
P501185,Luxury Lip Shine – Longwear Hydration Lip Oil with Vitamin C,Saint Jane Beauty,28.0,Skincare
P504159,Hydrabloom Body Silk With Hyaluronic Acid,Saint Jane Beauty,48.0,Bath & Body
P477785,Mini Luxury Beauty Serum Calming Treatment,Saint Jane Beauty,38.0,Skincare
P281411,Cream Lip Stain Liquid Lipstick,SEPHORA COLLECTION,15.0,Makeup
P430932,Sephora Colorful Eyeshadow,SEPHORA COLLECTION,10.0,Makeup
P424915,#LIPSTORIES Lipstick,SEPHORA COLLECTION,10.0,Makeup
P230234,Retractable Waterproof Eyeliner,SEPHORA COLLECTION,13.0,Makeup
P377784,12 Hour Contour Pencil Eyeliner,SEPHORA COLLECTION,11.0,Makeup
P409800,Cleansing & Exfoliating Wipes,SEPHORA COLLECTION,3.0,Skincare
P284507,Sephora Colorful Waterproof Eyeshadow & Eyeliner Multi-Stick,SEPHORA COLLECTION,14.0,Makeup
P415438,Lip Balm & Scrub,SEPHORA COLLECTION,7.0,Makeup
P401715,Retractable Rouge Gel Lip Liner,SEPHORA COLLECTION,13.0,Makeup
P266811,Ultra Shine Lip Gloss,SEPHORA COLLECTION,12.0,Makeup
P395532,Lip Liner To Go,SEPHORA COLLECTION,6.0,Makeup
P286513,Retractable Brow Pencil - Waterproof,SEPHORA COLLECTION,12.0,Makeup
P417985,Outrageous Plumping Lip Gloss,SEPHORA COLLECTION,13.0,Makeup
P398009,Bright Future Gel Serum Under Eye Concealer,SEPHORA COLLECTION,15.0,Makeup
P403322,Sephora Colorful Lip Gloss Balm,SEPHORA COLLECTION,10.0,Makeup
P379509,10 Hour Wear Perfection Foundation,SEPHORA COLLECTION,20.0,Makeup
P433005,"Sephora Colorful Face Powders – Blush, Bronze, Highlight, & Contour",SEPHORA COLLECTION,14.0,Makeup
P467140,Best Skin Ever Liquid Foundation,SEPHORA COLLECTION,20.0,Makeup
P457430,Glossed Lip Gloss,SEPHORA COLLECTION,12.0,Makeup
P398001,Sephora Colorful Wink-It Felt Tip Liquid Waterproof Eyeliner,SEPHORA COLLECTION,14.0,Makeup
P381155,Perfection Mist Airbrush Foundation,SEPHORA COLLECTION,20.0,Makeup
P435832,Color Hit Mini Nail Polish,SEPHORA COLLECTION,5.0,Makeup
P408017,Daily Brush Cleaner,SEPHORA COLLECTION,16.0,Makeup
P389120,Solid Brush and Sponge Cleaner with Pad,SEPHORA COLLECTION,16.0,Makeup
P313020,PRO Concealer Brush #57,SEPHORA COLLECTION,22.0,Makeup
P408606,Matte Perfection Powder Foundation,SEPHORA COLLECTION,20.0,Makeup
P276319,Waterproof Eye Makeup Remover,SEPHORA COLLECTION,11.0,Makeup
P313012,PRO Foundation Brush #56,SEPHORA COLLECTION,30.0,Makeup
P420019,PRO Foundation Brush #70,SEPHORA COLLECTION,30.0,Makeup
P310719,MicroSmooth Baked Powder Foundation,SEPHORA COLLECTION,20.0,Makeup
P467139,Astrology Lip Stories Lipstick,SEPHORA COLLECTION,9.0,Makeup
P456014,Vegan False Eyelashes,SEPHORA COLLECTION,10.0,Makeup
P443336,Rouge Lacquer Long-Lasting Lipstick,SEPHORA COLLECTION,15.0,Makeup
P442594,Ultra Glow Serum: Glow + Strengthen Vitamin C Serum,SEPHORA COLLECTION,20.0,Skincare
P472069,Silicone Scalp Massager,SEPHORA COLLECTION,12.0,Hair
P417913,PRO Concealer Brush #71,SEPHORA COLLECTION,22.0,Makeup
P432080,Melting Lip Clicks Lip Balm,SEPHORA COLLECTION,14.0,Makeup
P420440,Make No Mistake Foundation & Concealer Stick,SEPHORA COLLECTION,20.0,Makeup
P420016,PRO Powder Brush #50,SEPHORA COLLECTION,34.0,Makeup
P439401,Sheer Liquid Eyeshadow,SEPHORA COLLECTION,10.0,Makeup
P448496,Matte Perfection Lightweight Tinted Moisturizer,SEPHORA COLLECTION,18.0,Makeup
P474388,Microsmooth Multi-Tasking Baked Face Powder Foundation,SEPHORA COLLECTION,20.0,Makeup
P500453,Best Skin Ever Full Coverage Multi-Use Concealer,SEPHORA COLLECTION,15.0,Makeup
P417916,PRO Blush Brush #99,SEPHORA COLLECTION,30.0,Makeup
P443317,Cream Lip Shine Liquid Lipstick,SEPHORA COLLECTION,15.0,Makeup
P420607,Golden Hour Luminizing Powder,SEPHORA COLLECTION,17.0,Makeup
P428809,Pack It All Organizer,SEPHORA COLLECTION,45.0,Makeup
P479854,Ultimate Gel Waterproof Eyeliner Pencil,SEPHORA COLLECTION,13.0,Makeup
P474100,All Day Makeup Setting Spray,SEPHORA COLLECTION,13.0,Makeup
P443321,Eyeliner Pencil To Go,SEPHORA COLLECTION,6.0,Makeup
P455648,PRO Bronzer Brush #80,SEPHORA COLLECTION,34.0,Makeup
P303302,Long Lasting Eyeliner High Precision Brush,SEPHORA COLLECTION,12.0,Makeup
P429978,Lilly Lashes for Sephora Collection,SEPHORA COLLECTION,30.0,Makeup
P446621,Organic Cotton Pads,SEPHORA COLLECTION,4.5,Makeup
P455996,Makeup Match Brow Brush,SEPHORA COLLECTION,8.0,Makeup
P404041,PRO Foundation Brush #47,SEPHORA COLLECTION,30.0,Makeup
P469079,Essential Eye Brush Set,SEPHORA COLLECTION,29.0,Makeup
P313034,PRO Eye Liner Brush #22,SEPHORA COLLECTION,16.0,Makeup
P455653,PRO Contour Brush #78,SEPHORA COLLECTION,30.0,Makeup
P502975,Velour Makeup Face Puff,SEPHORA COLLECTION,5.0,Makeup
P421234,Make No Mistake Full Coverage Concealer,SEPHORA COLLECTION,14.0,Makeup
P313009,PRO Foundation Brush #55,SEPHORA COLLECTION,30.0,Makeup
P405521,PRO Blush Brush #93,SEPHORA COLLECTION,30.0,Makeup
P469055,Complete Brush Set,SEPHORA COLLECTION,49.0,Makeup
P465813,House of Lashes x Sephora Collection False Lash,SEPHORA COLLECTION,15.0,Makeup
P377785,Long Lasting Kohl Pencil,SEPHORA COLLECTION,10.0,Makeup
P460855,Clean Lip Balm & Scrub,SEPHORA COLLECTION,7.0,Skincare
P467142,Translucent Loose Setting Powder,SEPHORA COLLECTION,15.0,Makeup
P473328,Apple Cider Vinegar Cleansing Scalp Scrub,SEPHORA COLLECTION,12.0,Hair
P455650,PRO Blush Brush #96,SEPHORA COLLECTION,30.0,Makeup
P427017,Deep-Cleaning Brush and Sponge Shampoo,SEPHORA COLLECTION,16.0,Makeup
P474101,Lip Blush Blotted Matte Lipstick,SEPHORA COLLECTION,12.0,Makeup
P472065,Makeup Tape,SEPHORA COLLECTION,8.0,Makeup
P467144,Mini Pocket Palette Eyeshadow Palette,SEPHORA COLLECTION,10.0,Makeup
P438619,Brightening Eye Cream with Caffeine and Hyaluronic Acid,SEPHORA COLLECTION,18.0,Skincare
P461515,Clean Glossy Lip Oil,SEPHORA COLLECTION,12.0,Makeup
P473329,Strengthening Hair Serum with Biotin and Phytoprotiens,SEPHORA COLLECTION,18.0,Hair
P479855,Outrageous Plump Intense Hydrating Lip Gloss,SEPHORA COLLECTION,13.0,Makeup
P427367,Spice Market Contour Powder & Blush Palette,SEPHORA COLLECTION,20.0,Makeup
P439601,Soft Matte Perfection Blush Duos,SEPHORA COLLECTION,16.0,Makeup
P460723,Clean Cleansing & Gentle Exfoliating Wipes,SEPHORA COLLECTION,6.0,Skincare
P501339,Ready to Roll Brush Set,SEPHORA COLLECTION,72.0,Makeup
P474372,Microsmooth Multi-Tasking Baked Face Palette,SEPHORA COLLECTION,20.0,Makeup
P406569,Dry Shampoo Brush Cleaner,SEPHORA COLLECTION,16.0,Makeup
P457433,Soft Matte Bronzer Powder,SEPHORA COLLECTION,18.0,Makeup
P429283,Brush-tip Lash Adhesive,SEPHORA COLLECTION,9.0,Makeup
P409080,PRO Lip Brush #85,SEPHORA COLLECTION,16.0,Makeup
P471089,Moisturizing Body Lotion,SEPHORA COLLECTION,6.0,Bath & Body
P408602,Lashcraft Lengthening & Volumizing Mascara,SEPHORA COLLECTION,12.0,Makeup
P403632,PRO Brow Brush #20,SEPHORA COLLECTION,18.0,Makeup
P479856,Charged Up Liquid Eyeshadow,SEPHORA COLLECTION,12.0,Makeup
P455661,PRO Crease Brush #19,SEPHORA COLLECTION,20.0,Makeup
P460716,Lip Last Matte Lipstick,SEPHORA COLLECTION,15.0,Makeup
P460719,Intense Felt-Tip Liquid Waterproof Eyeliner,SEPHORA COLLECTION,12.0,Makeup
P500744,Clean Lip Balm & Scrub,SEPHORA COLLECTION,7.0,Skincare
P438620,Nourishing Moisturizer with Prebiotics,SEPHORA COLLECTION,18.0,Skincare
P480190,Clean Vegan Hydrating Satin Lipstick,SEPHORA COLLECTION,12.0,Makeup
P457431,#LIPSTORIES Natural Wonders Lipstick,SEPHORA COLLECTION,10.0,Makeup
P379324,Beauty Amplifier Clear Universal Waterproof Lip Liner,SEPHORA COLLECTION,10.0,Makeup
P471081,Flushed Cream Blush,SEPHORA COLLECTION,10.0,Makeup
P442589,Instant Masks,SEPHORA COLLECTION,8.0,Skincare
P442535,Glow Peel Pads,SEPHORA COLLECTION,15.0,Skincare
P460843,Makeup Match Foundation Brush,SEPHORA COLLECTION,16.0,Makeup
P503921,Color Shifter Mini Eyeshadow Palette,SEPHORA COLLECTION,10.0,Makeup
P471088,Bubble Bath & Shower Gel,SEPHORA COLLECTION,6.0,Bath & Body
P472055,3-in-1 Pencil Sharpener,SEPHORA COLLECTION,6.0,Tools & Brushes
P455652,PRO Contour Brush #79,SEPHORA COLLECTION,30.0,Makeup
P471080,Eye Love Bloom Eyeshadow Palette,SEPHORA COLLECTION,14.0,Makeup
P438617,All Day Hyaluronic Acid Hydrator Moisturizer,SEPHORA COLLECTION,18.0,Skincare
P438618,Clean Skin Gel Cleanser with Prebiotics,SEPHORA COLLECTION,12.0,Skincare
P457429,Clear and Cover Acne Treatment Cream Concealer with 2% Salicylic Acid,SEPHORA COLLECTION,14.0,Makeup
P466443,Size Up Volumizing Mascara,SEPHORA COLLECTION,12.0,Makeup
P474085,Season to Sparkle 8 Piece Makeup Brush Set,SEPHORA COLLECTION,45.0,Makeup
P443328,Hot Line Brush Tip Waterproof Liquid Eyeliner,SEPHORA COLLECTION,14.0,Makeup
P420612,LashCraft Big Volume Volumizing Mascara,SEPHORA COLLECTION,14.0,Makeup
P479511,Weightless False Eyelashes,SEPHORA COLLECTION,16.0,Makeup
P460703,Organic Cotton Swabs,SEPHORA COLLECTION,3.0,Makeup
P467141,Vegan Hydrating Lip Balm,SEPHORA COLLECTION,5.0,Makeup
P460701,Clean Face Mask,SEPHORA COLLECTION,5.5,Skincare
P461523,Clean Hair Sleeping Mask,SEPHORA COLLECTION,5.0,Hair
P454320,Brow Shaper Pencil - Waterproof,SEPHORA COLLECTION,12.0,Makeup
P432077,Beauty Amplifier Pore Primer,SEPHORA COLLECTION,14.0,Makeup
P460856,Clean Eye Mask,SEPHORA COLLECTION,3.5,Skincare
P469081,Essential Mini Brush Set,SEPHORA COLLECTION,20.0,Mini Size
P454322,Clear Long-Lasting Brow Gel,SEPHORA COLLECTION,12.0,Makeup
P471079,Sephora Colorful Gloss Balm Super Fruits,SEPHORA COLLECTION,10.0,Makeup
P444610,Charcoal Brush Set,SEPHORA COLLECTION,55.0,Makeup
P482301,Total Coverage Angled Sponge,SEPHORA COLLECTION,12.0,Tools & Brushes
P469152,Reusable Makeup Sponge Case,SEPHORA COLLECTION,8.0,Makeup
P483138,Targeted Pores Serum with BHA + PHA,SEPHORA COLLECTION,20.0,Skincare
P482303,Total Coverage Blending Sponge Set,SEPHORA COLLECTION,10.0,Tools & Brushes
P484071,Insta-Brow Waxy Brow Pencil,SEPHORA COLLECTION,12.0,Makeup
P467647,Melting Cleansing Balm Cleanse + Balance,SEPHORA COLLECTION,12.0,Skincare
P483137,Targeted Dark Spots Serum with Enzymes,SEPHORA COLLECTION,20.0,Skincare
P478524,Mini PRO Foundation Brush #56.5,SEPHORA COLLECTION,20.0,Mini Size
P472060,Eyebrow Tool Set,SEPHORA COLLECTION,20.0,Makeup
P467652,Lip Sleeping Mask,SEPHORA COLLECTION,5.0,Skincare
P454325,Trio Face Palette,SEPHORA COLLECTION,15.0,Makeup
P471278,Lilly Lashes x Sephora Collection Faux 3D Lashes,SEPHORA COLLECTION,28.0,Makeup
P455646,PRO Powder Brush #59,SEPHORA COLLECTION,34.0,Makeup
P474102,Smooth + Blur Primer,SEPHORA COLLECTION,16.0,Makeup
P445724,Triple Action Cleansing Water - Cleanse + Purify,SEPHORA COLLECTION,12.0,Makeup
P420012,Retractable Face Brush,SEPHORA COLLECTION,24.0,Makeup
P455639,PRO Foundation Brush #64,SEPHORA COLLECTION,30.0,Makeup
P501341,Wishing You Outrageous Plump Intense Set,SEPHORA COLLECTION,13.0,Makeup
P467138,Beauty on the Fly Reusable Bag,SEPHORA COLLECTION,4.95,Tools & Brushes
P455999,Makeup Match Smudge Eyeshadow Brush,SEPHORA COLLECTION,8.0,Makeup
P439036,One Two Lash Magnetic Lashes,SEPHORA COLLECTION,69.0,Makeup
P469077,Dual Ended Lip Exfoliator and Applicator Tool,SEPHORA COLLECTION,10.0,Makeup
P437092,Mini Gloss: Dual Boar Bristle Brush,SEPHORA COLLECTION,15.0,Hair
P455662,PRO Crease Brush #26,SEPHORA COLLECTION,20.0,Makeup
P503929,Sheer Matte Lip Balm,SEPHORA COLLECTION,10.0,Makeup
P451198,Mini Daily Brush Cleaner,SEPHORA COLLECTION,10.0,Makeup
P455660,PRO Shadow Brush #18,SEPHORA COLLECTION,20.0,Makeup
P455643,PRO Concealer Brush #45,SEPHORA COLLECTION,22.0,Makeup
P501346,Wishing You Cream Lip Stain Set,SEPHORA COLLECTION,30.0,Makeup
P455664,PRO Crease Brush #24,SEPHORA COLLECTION,20.0,Makeup
P444023,Makeup Match Crease Eyeshadow Brush,SEPHORA COLLECTION,8.0,Makeup
P479649,Big By Definition Defining & Volumizing Mascara,SEPHORA COLLECTION,12.0,Makeup
P501496,Satin Hydrating Lipstick,SEPHORA COLLECTION,15.0,Makeup
P473725,Resurfacing Peel Mask,SEPHORA COLLECTION,18.0,Skincare
P472057,Vegan Makeup Remover and Cleansing Brush,SEPHORA COLLECTION,14.0,Skincare
P465809,Dry Body Brush,SEPHORA COLLECTION,16.0,Tools & Brushes
P457442,Face Serum,SEPHORA COLLECTION,9.0,Skincare
P504429,Hydrating Serum,SEPHORA COLLECTION,20.0,Skincare
P501571,Trio Contour Face Palette,SEPHORA COLLECTION,15.0,Makeup
P458724,Metal Facial Razor,SEPHORA COLLECTION,18.0,Skincare
P504421,Overnight Hydrating Mask,SEPHORA COLLECTION,16.0,Skincare
P455654,PRO Highlight Brush #98,SEPHORA COLLECTION,30.0,Makeup
P474087,Mini Holiday Vibes Makeup Brush Set,SEPHORA COLLECTION,15.0,Makeup
P469035,Total Coverage Blending Sponge Set,SEPHORA COLLECTION,10.0,Makeup
P501365,Wishing You Blockbuster Multi-Use Makeup Palette,SEPHORA COLLECTION,36.0,Makeup
P472062,False Eyelash Applicator,SEPHORA COLLECTION,12.0,Tools & Brushes
P479711,Hand Balm with Shea Butter,SEPHORA COLLECTION,6.0,Bath & Body
P432079,Golden Hour Liquid Highlighter,SEPHORA COLLECTION,14.0,Makeup
P483136,Targeted Anti-Aging Bakuchiol Serum,SEPHORA COLLECTION,20.0,Skincare
P455657,PRO Shadow Brush #15,SEPHORA COLLECTION,20.0,Makeup
P455219,All Day Body Hydrator,SEPHORA COLLECTION,17.0,Bath & Body
P473729,Vitamin Mask,SEPHORA COLLECTION,10.0,Skincare
P479857,Golden Hour Highlighter Duo,SEPHORA COLLECTION,18.0,Makeup
P461514,Clean Liquid Lip Mousse,SEPHORA COLLECTION,15.0,Makeup
P479459,Makeup Match Blush Brush,SEPHORA COLLECTION,12.0,Tools & Brushes
P457432,Weekend Warrior Tone Up Cream,SEPHORA COLLECTION,16.0,Makeup
P461522,Clean Charcoal Nose Strip,SEPHORA COLLECTION,3.0,Skincare
P502459,Wishing You 8 Pan Eyeshadow Palette,SEPHORA COLLECTION,8.0,Makeup
P444020,Makeup Match Powder Brush,SEPHORA COLLECTION,18.0,Makeup
P455655,PRO Highlight Brush #87,SEPHORA COLLECTION,30.0,Makeup
P471090,Hand Wash,SEPHORA COLLECTION,5.0,Bath & Body
P502401,Mini Wishing You Blockbuster Palette,SEPHORA COLLECTION,20.0,Mini Size
P443322,Fine Line Waterproof Felt Tip Liquid Eyeliner,SEPHORA COLLECTION,14.0,Makeup
P473726,Smoothing Cleanser,SEPHORA COLLECTION,12.0,Skincare
P465804,Mini Blue Aventurine De-Puffing Facial Roller,SEPHORA COLLECTION,12.0,Mini Size
P471084,Clean Solid Deodorants,SEPHORA COLLECTION,8.0,Bath & Body
P461520,Clean Foot Mask,SEPHORA COLLECTION,5.0,Skincare
P502419,PRO Powder Brush #50 + #50.5 Brush Duo Set,SEPHORA COLLECTION,36.0,Makeup
P500626,Melting Cleansing Balm Cleanse + Balance,SEPHORA COLLECTION,12.0,Skincare
P455656,PRO Shadow Brush #10,SEPHORA COLLECTION,20.0,Makeup
P465803,Blue Aventurine De-Puffing Facial Roller,SEPHORA COLLECTION,20.0,Skincare
P464804,Hand Sanitizer,SEPHORA COLLECTION,3.5,Bath & Body
P458732,Break Apart Brush Set,SEPHORA COLLECTION,40.0,Makeup
P477748,False Eyelash Fuser,SEPHORA COLLECTION,12.0,Makeup
P454321,Volumizing Fiber Brow Gel,SEPHORA COLLECTION,12.0,Makeup
P473331,Sephora Collection x Wet Brush Luxe Quick Dry,SEPHORA COLLECTION,19.0,Hair
P439672,Rose Quartz Facial Roller,SEPHORA COLLECTION,22.0,Skincare
P441524,Hold It Together: No-Slip Bobby Pins,SEPHORA COLLECTION,5.0,Hair
P477742,Eyelash Curler,SEPHORA COLLECTION,15.0,Tools & Brushes
P504431,Body Oil Shower Body Oil,SEPHORA COLLECTION,9.0,Bath & Body
P432076,LashCraft Eyelash Primer,SEPHORA COLLECTION,12.0,Makeup
P502487,Winter Wonderland Eye Brush Set,SEPHORA COLLECTION,25.0,Makeup
P500791,Mini Happy Hollydays Eye Brush Set,SEPHORA COLLECTION,15.0,Mini Size
P502986,Jade Facial Roller,SEPHORA COLLECTION,22.0,Skincare
P455659,PRO Shadow Brush #14,SEPHORA COLLECTION,20.0,Makeup
P455212,1 Minute Face Masks,SEPHORA COLLECTION,12.0,Skincare
P460554,Clarifying Peel Pads,SEPHORA COLLECTION,17.0,Skincare
P470542,B.Y.O.B. Build Your Own Brow Customizable Set,SEPHORA COLLECTION,16.0,Makeup
P469196,Supplement Case,SEPHORA COLLECTION,10.0,Skincare
P482302,Total Coverage Original Sponge,SEPHORA COLLECTION,12.0,Tools & Brushes
P502967,Feeling Groovy Mini Eye Brush Set,SEPHORA COLLECTION,15.0,Makeup
P472066,Manicure Nail Tool Kit,SEPHORA COLLECTION,24.0,Tools & Brushes
P428275,Tame: Infrared Flat Iron,SEPHORA COLLECTION,85.0,Hair
P500897,Repairing Hair Mask,SEPHORA COLLECTION,12.0,Hair
P502417,Wishing You 12 Pan Eyeshadow Palette,SEPHORA COLLECTION,15.0,Makeup
P479497,Makeup Match Powder Brush,SEPHORA COLLECTION,18.0,Makeup
P432078,LashCraft Have It All Mascara,SEPHORA COLLECTION,12.0,Makeup
P458283,Total Coverage Original Sponge,SEPHORA COLLECTION,14.0,Makeup
P455663,PRO Crease Brush #27,SEPHORA COLLECTION,20.0,Makeup
P483146,Ultra Glow Toner with Vitamins C + E,SEPHORA COLLECTION,14.0,Skincare
P445725,Mini Triple Action Cleansing Water - Cleanse + Purify,SEPHORA COLLECTION,7.0,Mini Size
P469086,Facial Cleansing Tool,SEPHORA COLLECTION,8.0,Skincare
P502512,Mini Wishing You Glossed Lip Gloss Set,SEPHORA COLLECTION,15.0,Mini Size
P503900,Destinations Eye Palette,SEPHORA COLLECTION,15.0,Makeup
P479453,4-IN-1 Interchangeable Brush Set,SEPHORA COLLECTION,20.0,Tools & Brushes
P502954,Feeling Groovy Sponge Set,SEPHORA COLLECTION,12.0,Makeup
P432421,SUPERMASK - The Charcoal Mask,SEPHORA COLLECTION,5.5,Skincare
P500890,Hydrating Leave In Conditioner,SEPHORA COLLECTION,12.0,Hair
P444013,Crystal Facial Roller Set,SEPHORA COLLECTION,35.0,Skincare
P465808,4 Piece Facial Razor Set,SEPHORA COLLECTION,12.0,Skincare
P479460,Makeup Match Body Makeup Brush,SEPHORA COLLECTION,18.0,Makeup
P460724,Mini Clean Cleansing & Gentle Exfoliating Wipes,SEPHORA COLLECTION,3.0,Mini Size
P455658,PRO Shadow Brush #13,SEPHORA COLLECTION,20.0,Makeup
P471082,Golden Hour All Over Illuminator,SEPHORA COLLECTION,15.0,Makeup
P503570,Hanging Makeup Organizer Bag,SEPHORA COLLECTION,35.0,Makeup
P482734,Protective Hair Oil with Moringa Oil,SEPHORA COLLECTION,15.0,Hair
P461521,Clean Hand Mask,SEPHORA COLLECTION,5.0,Skincare
P455217,Gradual Self-Tanning Face Gel,SEPHORA COLLECTION,17.0,Skincare
P456957,Clarifying Serum,SEPHORA COLLECTION,20.0,Skincare
P473728,Reusable Cotton Pads,SEPHORA COLLECTION,10.0,Skincare
P467651,Pores Target Serum,SEPHORA COLLECTION,20.0,Skincare
P484068,Boost + Lock Eyeshadow Primer,SEPHORA COLLECTION,12.0,Makeup
P500907,SC X Wetbrush Mini Detangler Hair Brush,SEPHORA COLLECTION,7.0,Tools & Brushes
P500787,All Day Body Hydrator with Shea Butter,SEPHORA COLLECTION,18.0,Bath & Body
P473724,Vitamin Tonic,SEPHORA COLLECTION,6.0,Skincare
P445726,Firming Night Cream with Peptides,SEPHORA COLLECTION,18.0,Skincare
P502504,Holiday Surprise Makeup Gift Set,SEPHORA COLLECTION,10.0,Makeup
P502473,#Lipstories Set,SEPHORA COLLECTION,18.0,Makeup
P455215,Illuminating Hydrator - Radiance + Smoothing,SEPHORA COLLECTION,17.0,Skincare
P480986,Firming Eye Cream with Peptides,SEPHORA COLLECTION,18.0,Skincare
P482312,Facial Razor Set,SEPHORA COLLECTION,12.0,Skincare
P458733,Mini Rose Quartz Facial Roller,SEPHORA COLLECTION,12.0,Skincare
P477714,Black Obsidian Face and Body Gua Sha,SEPHORA COLLECTION,14.0,Skincare
P479688,AHA Peeling Masks,SEPHORA COLLECTION,10.0,Skincare
P480347,2-in-1 Brush-on Lash Adhesive,SEPHORA COLLECTION,8.0,Makeup
P465807,Eyebrow Razor Set,SEPHORA COLLECTION,10.0,Makeup
P469085,Face Mask Applicator,SEPHORA COLLECTION,10.0,Skincare
P502333,Mini Color Hit Nail Polish Set,SEPHORA COLLECTION,15.0,Mini Size
P455220,Glow Body Cream,SEPHORA COLLECTION,17.0,Bath & Body
P461195,Clean Hemp Mask,SEPHORA COLLECTION,5.5,Skincare
P471085,Targeted Dark Spots Serum,SEPHORA COLLECTION,20.0,Skincare
P503574,3-Piece Travel Pouch Set,SEPHORA COLLECTION,12.0,Makeup
P446820,Grapefruit Peeling Mask - Skin Perfection,SEPHORA COLLECTION,8.0,Skincare
P483151,Vitamin Eye Masks,SEPHORA COLLECTION,3.5,Skincare
P456548,Air Dry Styling Cream,SEPHORA COLLECTION,12.0,Hair
P457441,The Clarifying Kit,SEPHORA COLLECTION,20.0,Skincare
P455993,Total Coverage Angled Sponge,SEPHORA COLLECTION,14.0,Makeup
P503907,Colorful Gloss Balm Feeling Groovy,SEPHORA COLLECTION,10.0,Makeup
P502509,Cozy Vibes Mini Candle Set,SEPHORA COLLECTION,18.0,Mini Size
P467650,Self-Tanning Body Mousse,SEPHORA COLLECTION,18.0,Skincare
P477798,Nail Prep Set,SEPHORA COLLECTION,20.0,Makeup
P502515,Fringe False Eyelash & Glue Set,SEPHORA COLLECTION,12.0,Makeup
P473330,Sephora Collection x Wet Brush Luxe Detangler,SEPHORA COLLECTION,19.0,Hair
P483092,Glow Peel Pads with AHA + PHA,SEPHORA COLLECTION,17.0,Skincare
P457439,Clarifying Lotion,SEPHORA COLLECTION,16.0,Skincare
P448880,Rose Gold Romance Brow & Lash Set,SEPHORA COLLECTION,38.0,Makeup
P500910,SC x Wetbrush Detangling Shower Hair Comb,SEPHORA COLLECTION,9.0,Tools & Brushes
P471086,Targeted Wrinkle Serum,SEPHORA COLLECTION,20.0,Skincare
P502481,Lip Gloss Ornament,SEPHORA COLLECTION,5.0,Makeup
P461200,Clean Watermelon After Sun Mask,SEPHORA COLLECTION,5.0,Skincare
P502386,Wishing You Eye Makeup Set,SEPHORA COLLECTION,22.0,Makeup
P503580,Everyday Cosmetic Bag,SEPHORA COLLECTION,25.0,Makeup
P446822,Hemp Mousse Mask - Anti-Blemish,SEPHORA COLLECTION,8.0,Skincare
P500909,SC X Wetbrush Treatment Hair Brush,SEPHORA COLLECTION,19.0,Tools & Brushes
P437089,BOUNCE: Round Thermal Brush,SEPHORA COLLECTION,18.0,Hair
P479465,Makeup Match Concealer Brush,SEPHORA COLLECTION,10.0,Tools & Brushes
P502513,Lilly Lashes x Sephora Collection–The Bestsellers 3D Faux Mink Lash Set,SEPHORA COLLECTION,35.0,Makeup
P483075,Brightening Dual Facial Enzyme Exfoliator,SEPHORA COLLECTION,14.0,Skincare
P479456,Angled False Eyelash Applicator,SEPHORA COLLECTION,14.0,Tools & Brushes
P461199,Clean Peeling Mask,SEPHORA COLLECTION,5.5,Skincare
P474103,Mattify + Refine Primer,SEPHORA COLLECTION,16.0,Makeup
P469028,3-in-1 Extractor Tool,SEPHORA COLLECTION,20.0,Skincare
P472067,Metal Facial Razor Refills,SEPHORA COLLECTION,10.0,Skincare
P500774,Clarifying Toner with Niacinamide and Zinc,SEPHORA COLLECTION,14.0,Skincare
P460704,The Hydrating Kit,SEPHORA COLLECTION,20.0,Skincare
P504437,Resurfacing Sugar Body Scrub,SEPHORA COLLECTION,18.0,Bath & Body
P504459,Moisturizing Body Lotion Body Care,SEPHORA COLLECTION,7.0,Bath & Body
P464288,Sephora City Reusable Water Bottle,SEPHORA COLLECTION,8.0,Skincare
P502453,Flirty Flash Eyelash & Glue Set,SEPHORA COLLECTION,12.0,Makeup
P460556,Hair Primer,SEPHORA COLLECTION,12.0,Hair
P483090,Firming Day Moisturizer with Peptides,SEPHORA COLLECTION,18.0,Skincare
P503904,Big By Definition Defining & Volumizing Waterproof Mascara,SEPHORA COLLECTION,12.0,Makeup
P455994,Total Coverage Charcoal Sponge,SEPHORA COLLECTION,14.0,Makeup
P500743,Vitamin Face Masks,SEPHORA COLLECTION,5.5,Skincare
P458730,Refresh Scented Candle,SEPHORA COLLECTION,18.0,Fragrance
P482314,Mattifying Blotting Papers,SEPHORA COLLECTION,4.0,Skincare
P500905,Strengthening Shampoo with Biotin,SEPHORA COLLECTION,12.0,Hair
P458728,Pop Fizz Scented Candle,SEPHORA COLLECTION,18.0,Fragrance
P479502,Makeup Match All-over Eyeshadow Brush,SEPHORA COLLECTION,8.0,Makeup
P458729,Bloom Scented Candle,SEPHORA COLLECTION,18.0,Fragrance
P472068,Reusable 3-Piece Grey Face Mask Set,SEPHORA COLLECTION,15.0,Skincare
P500785,Vitamin C Skincare Set,SEPHORA COLLECTION,15.0,Skincare
P471083,Dry Shampoo,SEPHORA COLLECTION,12.0,Hair
P500847,Strengthening Conditioner with Biotin,SEPHORA COLLECTION,12.0,Hair
P482311,Large Supplement Case,SEPHORA COLLECTION,15.0,Skincare
P504441,Prebiotic Smoothie Mask,SEPHORA COLLECTION,8.0,Skincare
P477734,Double-Ended Textured Facial Roller,SEPHORA COLLECTION,24.0,Skincare
P444237,Mini Cleansing Wipes - Coconut Water,SEPHORA COLLECTION,3.0,Skincare
P482304,Sigma x Sephora Brush Cleanser,SEPHORA COLLECTION,19.0,Makeup
P504447,Gradual Tanning Drops Face & Body,SEPHORA COLLECTION,16.0,Skincare
P502996,Rose Quartz Gua Sha,SEPHORA COLLECTION,14.0,Skincare
P479478,Germanium Stone Facial Massager,SEPHORA COLLECTION,28.0,Skincare
P482313,Eyebrow Razor Set,SEPHORA COLLECTION,8.0,Skincare
P467649,Clean 1 Minute Face Masks,SEPHORA COLLECTION,12.0,Skincare
P483145,Ultra Glow Mask with Vitamins C + E,SEPHORA COLLECTION,16.0,Skincare
P454604,Sulfate-free Shampoo,SEPHORA COLLECTION,12.0,Hair
P500729,Best Sellers Set,SEPHORA COLLECTION,20.0,Skincare
P502984,Face Dry Brush,SEPHORA COLLECTION,14.0,Tools & Brushes
P469064,Depart Scented Candle,SEPHORA COLLECTION,18.0,Fragrance
P482309,Facial Cooling Wands,SEPHORA COLLECTION,28.0,Skincare
P504514,Bath Bomb Bath Fizzy,SEPHORA COLLECTION,3.0,Bath & Body
P502989,Total Coverage Body Makeup Sponge,SEPHORA COLLECTION,14.0,Makeup
P502842,Wishing You Essentials Skincare Kit,SEPHORA COLLECTION,20.0,Skincare
P454605,Color Safe Conditioner,SEPHORA COLLECTION,12.0,Hair
P500763,Lip Sleeping Mask,SEPHORA COLLECTION,5.0,Skincare
P474090,Deluxe Facial Roller Set,SEPHORA COLLECTION,40.0,Skincare
P472058,Crystal Facial Roller Set,SEPHORA COLLECTION,35.0,Skincare
P503000,Feeling Groovy Yellow Jade Eye Massager Set,SEPHORA COLLECTION,18.0,Skincare
P504424,Clarifying Peel Pads Purify + Exfoliate,SEPHORA COLLECTION,17.0,Skincare
P504417,Acne Treatment Gel,SEPHORA COLLECTION,20.0,Skincare
P427616,Heart Gift Card,SEPHORA COLLECTION,50.0,Gifts
P422052,Lips Gift Card,SEPHORA COLLECTION,50.0,Gifts
P444016,Makeup Match Brush,SEPHORA COLLECTION,12.0,Makeup
P370325,Gift Card,SEPHORA COLLECTION,50.0,Gifts
P411049,Happy Birthday Gift Card,SEPHORA COLLECTION,50.0,Gifts
P500484,Sephora Favorites Hello!— Beauty Game Changers,Sephora Favorites,10.0,Fragrance
P504422,Mini Luxury Perfume Sampler,Sephora Favorites,80.0,Fragrance
P501159,Luxe Vibes Luxury Beauty Sampler Set,Sephora Favorites,65.0,Makeup
P503819,Hottest in Haircare,Sephora Favorites,35.0,Hair
P504323,Perfume Sampler Gift Set,Sephora Favorites,28.0,Fragrance
P501286,Mini Perfume Sampler Set,Sephora Favorites,72.0,Fragrance
P479652,Bestsellers Perfume Discovery Set,Sephora Favorites,25.0,Fragrance
P455926,Retinol Reform Treatment Serum,Shani Darden Skin Care,88.0,Skincare
P455927,Mini Retinol Reform,Shani Darden Skin Care,30.0,Skincare
P455929,Cleansing Serum,Shani Darden Skin Care,38.0,Skincare
P467973,Intensive Eye Renewal Cream with Firming Peptides,Shani Darden Skin Care,68.0,Skincare
P478731,Lactic Acid AHA Exfoliating Serum,Shani Darden Skin Care,88.0,Skincare
P455930,Weightless Oil-Free Moisturizer,Shani Darden Skin Care,48.0,Skincare
P471097,Facial Sculpting Wand,Shani Darden Skin Care,399.0,Skincare
P503920,Triple Acid Signature Peel,Shani Darden Skin Care,125.0,Skincare
P455931,Sake Toning Essence,Shani Darden Skin Care,52.0,Skincare
P502216,Shani Darden by Déesse PRO LED Light Mask,Shani Darden Skin Care,1900.0,Skincare
P474858,Hydra Prep Soothing & Hydrating Gel,Shani Darden Skin Care,38.0,Skincare
P456398,Ultimate Sun Protector Lotion SPF 50+ Sunscreen,Shiseido,50.0,Skincare
P173726,Facial Cotton,Shiseido,13.0,Skincare
P244437,Eyelash Curler,Shiseido,24.0,Tools & Brushes
P429242,Clear Sunscreen Stick SPF 50+,Shiseido,30.0,Skincare
P448203,Benefiance Wrinkle Smoothing Eye Cream,Shiseido,64.0,Skincare
P482739,Urban Environment Oil-Free Sunscreen Broad-Spectrum SPF 42,Shiseido,50.0,Skincare
P449106,Synchro Skin Self-Refreshing Foundation SPF 30,Shiseido,47.0,Makeup
P482742,Urban Environment Fresh-Moisture Sunscreen Broad-Spectrum SPF 42,Shiseido,38.0,Skincare
P448202,Benefiance Wrinkle Smoothing Cream Enriched,Shiseido,75.0,Skincare
P463105,Benefiance Wrinkle Smoothing Retinol Serum,Shiseido,75.0,Skincare
P481164,Essential Energy Hydrating Day Cream Broad Spectrum SPF 20,Shiseido,50.0,Skincare
P481161,Ultimune Power Infusing Anti-Aging Serum,Shiseido,75.0,Skincare
P398736,Full Lash and Brow Serum,Shiseido,36.0,Makeup
P449107,Synchro Skin Self-Refreshing Concealer,Shiseido,31.0,Makeup
P456399,Ultimate Sun Protector Cream SPF 50+ Face Sunscreen,Shiseido,40.0,Skincare
P435415,MicroLiner Ink Eyeliner,Shiseido,22.0,Makeup
P468401,Synchro Skin Radiant Lifting Foundation SPF 30,Shiseido,47.0,Makeup
P504986,Urban Environment Vita-Clear Sunscreen SPF 42,Shiseido,38.0,Skincare
P435416,VisionAiry Gel Lipstick,Shiseido,26.0,Makeup
P173619,Benefiance WrinkleResist24 Pure Retinol Express Smoothing Eye Mask,Shiseido,70.0,Skincare
P482741,Urban Environment Oil-Free Mineral Sunscreen Broad-Spectrum SPF 42,Shiseido,38.0,Skincare
P481162,Essential Energy Hydrating Cream,Shiseido,50.0,Skincare
P435412,"Kajal Ink Artist Shadow, Liner, Brow",Shiseido,25.0,Makeup
P205614,White Lucent Anti-Dark Circles Eye Cream,Shiseido,65.0,Skincare
P480353,Synchro Skin Self-Refreshing Tint SPF 20,Shiseido,43.0,Makeup
P173652,Bio-Performance Advanced Super Revitalizing Cream,Shiseido,85.0,Skincare
P449105,Hanatsubaki Hake Polishing Face Brush,Shiseido,49.0,Makeup
P443795,Color Gel Lip Balm,Shiseido,26.0,Makeup
P468402,Synchro Skin Soft Blurring Primer,Shiseido,36.0,Makeup
P405944,Ultra Sun Protection Lotion Broad Spectrum SPF 50+ WetForce for Sensitive Skin & Children,Shiseido,42.0,Skincare
P435417,Daiya Fude Face Brush Duo,Shiseido,40.0,Makeup
P448201,Benefiance Wrinkle Smoothing Day Cream SPF 23,Shiseido,75.0,Skincare
P454978,Synchro Skin Self-Refreshing Custom Finish Powder Foundation,Shiseido,45.0,Makeup
P448200,Benefiance Wrinkle Smoothing Cream,Shiseido,75.0,Skincare
P388545,Perfect Cleansing Oil,Shiseido,35.0,Skincare
P385262,Ultimate Sun Protection Spray Broad Spectrum SPF 50+ For Face/Body,Shiseido,40.0,Skincare
P433618,Clarifying Cleansing Foam,Shiseido,36.0,Skincare
P378219,White Lucent Power Brightening Mask,Shiseido,72.0,Skincare
P173622,Benefiance Pure Retinol Intensive Revitalizing Face Mask,Shiseido,70.0,Skincare
P482740,Mini Urban Environment Oil-Free Sunscreen Broad-Spectrum SPF 42,Shiseido,35.0,Skincare
P433617,Deep Cleansing Foam,Shiseido,36.0,Skincare
P423165,Future Solution LX Eye and Lip Contour Regenerating Cream,Shiseido,155.0,Skincare
P202935,Benefiance NutriPerfect Night Cream,Shiseido,97.0,Skincare
P428423,Refreshing Cleansing Sheets,Shiseido,20.0,Skincare
P443375,White Lucent Brightening Gel Cream,Shiseido,75.0,Skincare
P428422,Oil Control Blotting Paper,Shiseido,20.0,Skincare
P433621,Treatment Softener Enriched,Shiseido,50.0,Skincare
P423164,Future Solution LX Extra Rich Cleansing Foam,Shiseido,65.0,Skincare
P455421,Complete Cleansing Microfoam,Shiseido,36.0,Skincare
P443376,White Lucent Overnight Cream & Mask,Shiseido,110.0,Skincare
P433619,Extra Rich Cleansing Milk,Shiseido,36.0,Skincare
P457854,Vital Perfection Uplifting and Firming Cream Day Cream,Shiseido,140.0,Skincare
P423163,Future Solution LX Concentrated Balancing Softener,Shiseido,110.0,Skincare
P443377,White Lucent Day Emulsion Broad Spectrum SPF 23,Shiseido,75.0,Skincare
P423169,Future Solution LX Total Regenerating Cream,Shiseido,290.0,Skincare
P433620,Treatment Softener,Shiseido,50.0,Skincare
P484076,Ultimate Sun Protector SPF 50+ Sunscreen Duo,Shiseido,66.0,Skincare
P463951,Mini Benefiance Wrinkle Smoothing Cream Enriched,Shiseido,30.0,Skincare
P463106,Vital Perfection Uplifting and Firming Eye Cream,Shiseido,85.0,Skincare
P423166,Future Solution LX Intensive Firming Contour Serum,Shiseido,310.0,Skincare
P455229,White Lucent Illuminating Micro-Spot Serum,Shiseido,185.0,Skincare
P423167,Future Solution LX Total Protective Cream Broad Spectrum SPF 20 Sunscreen,Shiseido,270.0,Skincare
P423168,Future Solution LX Total Protective Emulsion Broad Spectrum SPF 20 Sunscreen,Shiseido,270.0,Skincare
P468406,Vital Perfection Intensive WrinkleSpot Treatment,Shiseido,100.0,Skincare
P504302,Wrinkle Correcting Skincare Set,Shiseido,64.0,Skincare
P504291,Daily Hydrating Sun Protection Set,Shiseido,52.0,Skincare
P505280,Wrinkle Smoothing Starter Set,Shiseido,39.0,Skincare
P505265,Eudermine Activating Essence,Shiseido,90.0,Skincare
P481163,Mini Essential Energy Hydrating Cream,Shiseido,30.0,Mini Size
P504324,Ultimune Eye Power Infusing Eye Concentrate,Shiseido,70.0,Skincare
P468407,Vital Perfection Uplifting and Firming Day Cream SPF 30,Shiseido,140.0,Skincare
P403913,Essence Absolue Nourishing Protective Hair Oil,shu uemura,69.0,Hair
P453923,Mini Essence Absolue Nourishing Protective Oil,shu uemura,28.0,Hair
P434206,Ultimate Reset Hair Mask for Very Damaged Hair,shu uemura,72.0,Hair
P430127,Essence Absolue Overnight Nourishing Hair Treatment,shu uemura,69.0,Hair
P475613,Izumi Tonic Strengthening Rice Water Treatment,shu uemura,58.0,Hair
P414027,Urban Moisture Deep Hydration Treatment Mask for Dry Hair,shu uemura,72.0,Hair
P414029,Urban Moisture Deep Hydration Shampoo for Dry Hair,shu uemura,52.0,Hair
P434207,Ultimate Reset Shampoo for Very Damaged Hair,shu uemura,52.0,Hair
P403930,Silk Bloom Treatment Hair Mask for Damaged Hair,shu uemura,72.0,Hair
P403936,Color Lustre Sulfate-Free Shampoo for Color-Treated Hair,shu uemura,52.0,Hair
P442287,Ultimate Reset Serum for Damaged Hair,shu uemura,42.0,Hair
P414030,Urban Moisture Hydro-Nourishing Conditioner,shu uemura,62.0,Hair
P434205,Ultimate Reset Conditioner for Very Damaged Hair,shu uemura,62.0,Hair
P475614,Mini Izumi Tonic Strengthening Rice Water Treatment,shu uemura,28.0,Hair
P461985,Netsu Design Blow Dry Cream,shu uemura,42.0,Hair
P461986,Tsuki Shape Heat-Activated Blow Dry Spray,shu uemura,42.0,Hair
P469216,Yūbi Blonde Anti-Brass Purple Shampoo for Blonde Hair,shu uemura,52.0,Hair
P469215,Yūbi Blonde Anti-Brass Purple Mask for Blonde Hair,shu uemura,72.0,Hair
P403914,Essence Absolue Nourishing Oil-In-Cream Camellia Hair Oil,shu uemura,48.0,Hair
P403928,Color Lustre Treatment Hair Mask for Color-Treated Hair,shu uemura,72.0,Hair
P461981,Wata Wave Dry Texturizing Hair Spray,shu uemura,42.0,Hair
P449373,Muroto Volume Lightweight Care Shampoo For Fine Hair,shu uemura,52.0,Hair
P461982,Awa Volume Volumizing Mousse,shu uemura,42.0,Hair
P461987,Shiki Worker Multi-Benefit Hair Primer,shu uemura,42.0,Hair
P449376,Muroto Volume Hydro-Texturizing Mist For Fine Hair,shu uemura,42.0,Hair
P461983,Kaze Wave Curl and Wave Defining Hair Mousse,shu uemura,42.0,Hair
P403934,Silk Bloom Shampoo for Damaged Hair,shu uemura,52.0,Hair
P481733,Ashita Supreme Strengthening Leave-In Treatment for Damaged Hair,shu uemura,69.0,Hair
P403926,Color Lustre Conditioner for Color-Treated Hair,shu uemura,62.0,Hair
P461988,Ishi Sculpt Texturizing & Sculpting Hair Paste,shu uemura,45.0,Hair
P481734,Ashita Supreme Purifying Sea Salt Scalp Scrub,shu uemura,69.0,Hair
P403924,Silk Bloom Conditioner for Damaged Hair,shu uemura,62.0,Hair
P461984,Tsuyu Sleek Blow Dry Hair Oil,shu uemura,42.0,Hair
P461979,Moya Hold Finishing Hair Spray,shu uemura,42.0,Hair
P469217,Yūbi Blonde Nourishing Conditioner for Blonde Hair,shu uemura,62.0,Hair
P502665,Gentle Radiance Clarifying Shampoo for All Scalp & Hair Types,shu uemura,59.0,Hair
P449375,Muroto Volume Lightweight Care Treatment For Fine Hair,shu uemura,72.0,Hair
P469218,Yūbi Blonde Nourishing Shampoo for Blonde Hair,shu uemura,52.0,Hair
P454742,Essence Absolue Multi-Purpose All-in-Oil Hair Milk,shu uemura,46.0,Hair
P481737,Ashita Supreme Strengthening Mask for Damaged Hair,shu uemura,72.0,Hair
P449374,Muroto Volume Lightweight Care Conditioner For Fine Hair,shu uemura,62.0,Hair
P481735,Ashita Supreme Strengthening Shampoo for Damaged Hair,shu uemura,52.0,Hair
P481736,Ashita Supreme Strengthening Conditioner for Damaged Hair,shu uemura,62.0,Hair
P503349,Velvet Blur Matte Lipstick Balm,SIMIHAZE BEAUTY,36.0,Makeup
P503333,Sun Flush All-Over Face Tint Liquid Blush,SIMIHAZE BEAUTY,35.0,Makeup
P503350,Mini Super Slick Tinted Lip Balm,SIMIHAZE BEAUTY,24.0,Makeup
P503342,Solar Tint Cream Blush Duo,SIMIHAZE BEAUTY,42.0,Makeup
P503304,Lunar Lip Gel Lip Gloss,SIMIHAZE BEAUTY,30.0,Makeup
P503300,Easy Lash Clean Lift Tubing Mascara,SIMIHAZE BEAUTY,30.0,Makeup
P503310,Eye Play Gem Sticker Pack,SIMIHAZE BEAUTY,38.0,Makeup
P375849,Facial Treatment Essence (Pitera Essence),SK-II,245.0,Skincare
P426183,Mini Facial Treatment Essence (Pitera Essence),SK-II,99.0,Skincare
P375853,Facial Treatment Clear Lotion Toner,SK-II,80.0,Skincare
P375850,Facial Treatment Cleanser,SK-II,75.0,Skincare
P468409,SKINPOWER Airy Milky Lotion,SK-II,170.0,Skincare
P468408,SKINPOWER Eye Cream,SK-II,145.0,Skincare
P468411,SKINPOWER Cream,SK-II,255.0,Skincare
P375852,Pitera Facial Treatment Mask,SK-II,145.0,Skincare
P410756,GenOptics Aura Essence Serum,SK-II,245.0,Skincare
P410755,GenOptics Spot Essence Serum,SK-II,225.0,Skincare
P447773,PITERA First Experience Kit,SK-II,99.0,Skincare
P375864,Brightening Derm Revival Mask,SK-II,170.0,Skincare
P375854,Ultimate Revival Cream,SK-II,400.0,Skincare
P468412,Pitera Power Kit,SK-II,110.0,Skincare
P428103,Ultimate Revival Essence,SK-II,315.0,Skincare
P468410,SKINPOWER Essence Serum,SK-II,205.0,Skincare
P416312,Gentle Foaming Face Wash,Skin Laundry,20.0,Skincare
P416589,Wrinkle Release Facial Sheet Mask,Skin Laundry,12.0,Skincare
P416588,Wrinkle Release Neck & Chest Sheet Mask,Skin Laundry,15.0,Skincare
P442840,Barrier+ Triple Lipid-Peptide Face Cream,Skinfix,54.0,Skincare
P479860,Mini Barrier+ Triple Lipid-Peptide Face Cream,Skinfix,20.0,Skincare
P442844,Resurface+ Glycolic and Lactic Acid Renewing Body Scrub,Skinfix,32.0,Bath & Body
P442845,Resurface+ AHA Renewing Body Cream,Skinfix,48.0,Bath & Body
P442836,Barrier+ Foaming Oil Hydrating Cleanser,Skinfix,30.0,Skincare
P442838,Barrier+ Triple Lipid-Boost 360° Brightening Eye Cream,Skinfix,44.0,Skincare
P481739,Barrier+ Skin Barrier Niacinamide Restoring Gel Cream,Skinfix,48.0,Skincare
P442839,Barrier+ Triple Lipid-Peptide Lotion Moisturizer,Skinfix,42.0,Skincare
P471101,Resurface+ AHA/BHA Niacinamide Exfoliating Pads for Face and Targeted Body,Skinfix,50.0,Skincare
P442842,Eczema+ Hand Repair Cream,Skinfix,20.0,Bath & Body
P442843,Eczema+ Dermatitis Face Balm,Skinfix,29.0,Skincare
P503668,Barrier+ Triple Lipid + Collagen + Niacinamide Activating Serum,Skinfix,69.0,Skincare
P476415,Acne+ 2% BHA + Azelaic Acid + Niacinamide + AHA Cleanser,Skinfix,35.0,Skincare
P479348,Acne+ 2% BHA and Azelaic Acid Acne Spot Treatment,Skinfix,30.0,Skincare
P442837,Barrier+ Triple Lipid-Hyaluronate Serum,Skinfix,50.0,Skincare
P505049,barrier+ Triple Lipid + Collagen Brightening Eye Treatment,Skinfix,54.0,Skincare
P442847,Eczema+ Foaming Oil Body Wash,Skinfix,27.0,Bath & Body
P450599,Barrier+ Lipid-Boost Body Cream,Skinfix,48.0,Bath & Body
P442850,Redness Recovery+ Antioxidant Redness Treatment Overnight Mask,Skinfix,52.0,Skincare
P442846,Eczema+ Extra Strength Body Cream,Skinfix,39.0,Bath & Body
P446916,Eczema+ Care Kit,Skinfix,35.0,Skincare
P502169,Barrier+ Besties Hydrating and Nourishing Kit,Skinfix,40.0,Skincare
P448562,Barrier+ Foaming Clay Cleanser,Skinfix,32.0,Skincare
P442848,Eczema+ Targeted Body Balm,Skinfix,27.0,Bath & Body
P442841,Barrier+ Lip Repair Balm,Skinfix,15.0,Skincare
P442851,Remedy+ 911 Ointment,Skinfix,28.0,Bath & Body
P502192,Acne Away Kit + Salicylic Acid + Azelaic Acid + Niacinamide,Skinfix,35.0,Skincare
P467146,Vanilla Sky Eau de Parfum,SKYLAR,90.0,Fragrance
P467147,Vanilla Sky Eau de Parfum Rollerball,SKYLAR,30.0,Fragrance
P477240,Eau De Parfum Discovery Set,SKYLAR,25.0,Fragrance
P479350,Coconut Cove Eau de Parfum Rollerball,SKYLAR,30.0,Fragrance
P479349,Coconut Cove Eau de Parfum,SKYLAR,90.0,Fragrance
P502052,Peach Fields Eau de Parfum Rollerball,SKYLAR,30.0,Fragrance
P502076,Peach Fields Eau de Parfum,SKYLAR,90.0,Fragrance
P456975,Salt Air Eau De Parfum,SKYLAR,90.0,Fragrance
P476020,Fall Cashmere Eau de Parfum Rollerball,SKYLAR,30.0,Fragrance
P476022,Pink Canyon Eau de Parfum Rollerball,SKYLAR,30.0,Fragrance
P447529,Capri Summer Eau De Parfum Rollerball,SKYLAR,30.0,Fragrance
P476021,Pink Canyon Eau De Parfum,SKYLAR,90.0,Fragrance
P476019,Fall Cashmere Eau De Parfum,SKYLAR,90.0,Fragrance
P483690,Honeysuckle Dream Eau de Parfum Travel Spray,SKYLAR,30.0,Fragrance
P447530,Capri Summer Eau De Parfum,SKYLAR,90.0,Fragrance
P456976,Salt Air Eau De Parfum Rollerball,SKYLAR,30.0,Mini Size
P483689,Honeysuckle Dream Eau de Parfum,SKYLAR,90.0,Fragrance
P447536,Isle Escape Eau De Parfum,SKYLAR,90.0,Fragrance
P501787,Fall Cashmere Set,SKYLAR,90.0,Fragrance
P470544,Vanilla Sky Candle,SKYLAR,45.0,Fragrance
P447535,Isle Escape Eau De Parfum Rollerball,SKYLAR,30.0,Fragrance
P477239,Sun Shower Eau De Parfum Rollerball,SKYLAR,30.0,Fragrance
P477238,Sun Shower Eau De Parfum,SKYLAR,90.0,Fragrance
P481741,Coconut Cove Perfume Set,SKYLAR,90.0,Fragrance
P431718,Small Slipsilk Scrunchies,Slip,39.0,Hair
P430325,Large Slipsilk Scrunchies,Slip,39.0,Hair
P402944,Silk Pillowcase - Standard/Queen,Slip,89.0,Skincare
P454754,Pure Silk Turban,Slip,85.0,Hair
P441823,Pure Silk Headband,Slip,69.0,Hair
P402942,Silk Sleepmask,Slip,50.0,Skincare
P446864,Sleep Mist,Slip,32.0,Fragrance
P454753,Pure Silk Glam Band,Slip,55.0,Hair
P402943,Silk Pillowcase - King,Slip,110.0,Skincare
P467264,Reusable Face Mask,Slip,39.0,Hair
P446866,Medium Slipsilk Scrunchies,Slip,45.0,Hair
P503168,Pure Silk Scrunchies Pixie Super Set,Slip,55.0,Hair
P477242,Starlet Crystal Scrunchie Set,Slip,45.0,Hair
P503205,Mini Scrunchie Set,Slip,39.0,Hair
P477761,Lovely Lashes Contour Sleep Mask,Slip,55.0,Skincare
P505038,Silk Pillowcase + Small Slipsilk Scrunchies,Slip,99.0,Hair
P409317,Always On Longwear Matte Liquid Lipstick,Smashbox,27.0,Makeup
P9889,Photo Finish Smooth & Blur Oil-Free Foundation Primer,Smashbox,42.0,Makeup
P19267373,Cover Shot Eye Shadow Palette,Smashbox,32.0,Makeup
P387426,Step-By-Step Contour Kit,Smashbox,40.0,Makeup
P292403,Studio Skin 24 Hour Oil-Free Hydra Foundation,Smashbox,43.0,Makeup
P429909,Cali Contour Face Palette,Smashbox,43.0,Makeup
P422463,Mini Photo Finish Smooth & Blur Oil-Free Foundation Primer,Smashbox,16.0,Mini Size
P477826,Smashbox X Becca Under Eye Brightening Corrector,Smashbox,33.0,Makeup
P447363,Studio Skin 24 Hour Full Coverage Waterproof Foundation,Smashbox,38.0,Makeup
P460019,Halo Healthy Glow Tinted Moisturizer Broad Spectrum SPF 25 with Hyaluronic Acid,Smashbox,41.0,Makeup
P380998,Always Sharp Longwear Waterproof Kôhl Eyeliner Pencil,Smashbox,27.0,Makeup
P427042,Photo Edit Eye Shadow Trio,Smashbox,23.0,Makeup
P375100,Photo Finish Hydrating Under Eye Primer,Smashbox,29.0,Makeup
P454512,Always On Cream to Matte Lipstick,Smashbox,27.0,Makeup
P440044,Studio Skin Flawless Oil-Free 24 Hour Concealer,Smashbox,29.0,Makeup
P467974,Always On Cream Shadow,Smashbox,28.0,Makeup
P439936,Gloss Angeles Lip Gloss,Smashbox,25.0,Makeup
P477825,Smashbox X BECCA Shimmering Skin Perfector Pressed Highlighter,Smashbox,40.0,Makeup
P284701,Full Exposure Lash Volumizing Mascara,Smashbox,28.0,Makeup
P429021,Super Fan Lash Lengthening Mascara,Smashbox,28.0,Makeup
P477824,Smashbox X BECCA Mini Shimmering Skin Perfector Pressed Highlighter,Smashbox,23.0,Mini Size
P260311,Waterproof Brow Tech To Go Pencil & Gel Brush,Smashbox,28.0,Makeup
P479989,Mini Photo Finish Primerizer+ Hydrating Face Primer with Hyaluronic Acid,Smashbox,16.0,Mini Size
P479985,Photo Finish Primerizer+ Hydrating Face Primer with Hyaluronic Acid,Smashbox,42.0,Makeup
P454358,Jumbo Photo Finish Smooth & Blur Oil-Free Foundation Primer,Smashbox,60.0,Makeup
P453267,Mindful 5 Nourishing Lip Oil,Smashbox,18.0,Makeup
P417882,Always On Waterproof Gel Eye Liner,Smashbox,23.0,Makeup
P456374,Halo Fresh Setting & Perfecting Powder,Smashbox,43.0,Makeup
P479988,Mini Photo Finish Control Mattifying Face Primer with Salicylic Acid,Smashbox,16.0,Mini Size
P439937,Gloss Angeles Extra Shine Clear Lip Gloss,Smashbox,25.0,Makeup
P479982,Photo Finish Control Mattifying Face Primer with Salicylic Acid,Smashbox,42.0,Makeup
P500297,Mini Halo Healthy Glow Tinted Moisturizer Broad Spectrum SPF 25 with Hyaluronic Acid,Smashbox,16.0,Mini Size
P429910,Always On Liquid Eyeliner,Smashbox,23.0,Makeup
P479983,Photo Finish Correct Anti-Redness Face Primer,Smashbox,42.0,Makeup
P398372,Brow Tech Matte Pencil & Brush,Smashbox,21.0,Makeup
P479986,Mini Photo Finish Correct Anti-Redness Face Primer,Smashbox,16.0,Mini Size
P501284,Halo Sheer To Stay Cream Cheek + Lip Tint,Smashbox,28.0,Makeup
P479987,Mini Photo Finish Illuminate Glow Face Primer,Smashbox,16.0,Mini Size
P479984,Photo Finish Illuminate Glow Face Primer,Smashbox,42.0,Makeup
P501511,Photo Finish Intensify 24 Hour Eyeshadow Primer,Smashbox,26.0,Makeup
P482744,Mini Photo Finish Revitalize 8-in-1 Primer Essence,Smashbox,17.0,Makeup
P502061,Photo Finish Endurance Breathable Setting Spray,Smashbox,32.0,Makeup
P502009,Mini Photo Finish Endurance Breathable Setting Spray,Smashbox,17.0,Mini Size
P482743,Photo Finish Revitalize 8-in-1 Primer Essence,Smashbox,31.0,Makeup
P503218,Skin Obsessed Color-Correcting Primer Set,Smashbox,42.0,Makeup
P504170,On-Set Essentials: Primer + Setting Spray Trio Set,Smashbox,34.0,Makeup
P447213,4.5% Retinol Serum,SOBEL SKIN Rx,105.0,Skincare
P451748,15% Niacinamide Gel Serum,SOBEL SKIN Rx,75.0,Skincare
P451745,30% Glycolic Acid Peel Concentrate,SOBEL SKIN Rx,46.0,Skincare
P451750,Oligo Peptide Eye Cream,SOBEL SKIN Rx,65.0,Skincare
P477706,35% Vitamin C Fusion Serum,SOBEL SKIN Rx,105.0,Skincare
P504698,Bio Hyaluronic Moisturizer Cream,SOBEL SKIN Rx,95.0,Skincare
P406080,Brazilian Bum Bum Body Cream,Sol de Janeiro,48.0,Bath & Body
P444048,Bum Bum Jet Set,Sol de Janeiro,30.0,Bath & Body
P421481,Mini Brazilian Crush Body Fragrance Mist,Sol de Janeiro,24.0,Mini Size
P417312,Brazilian Crush Cheirosa ’62 Bum Bum Hair & Body Fragrance Mist,Sol de Janeiro,24.0,Fragrance
P425318,Mini Brazilian Bum Bum Cream,Sol de Janeiro,22.0,Mini Size
P472072,Brazilian Crush Cheirosa ’40 Bom Dia Hair & Body Fragrance Mist,Sol de Janeiro,24.0,Fragrance
P442821,Glowmotions Glow Body Oil,Sol de Janeiro,35.0,Bath & Body
P411862,Brazilian 4 Play Moisturizing Shower Cream-Gel,Sol de Janeiro,26.0,Bath & Body
P483156,Brazilian Crush Cheirosa ’68 Beija Flor Hair & Body Fragrance Mist,Sol de Janeiro,38.0,Fragrance
P482745,Mini Brazilian Crush Cheirosa ’68 Beija Flor Hair & Body Fragrance Mist,Sol de Janeiro,24.0,Mini Size
P482316,Beija Flor Elasti-Cream with Collagen and Squalane,Sol de Janeiro,48.0,Bath & Body
P463959,Brazilian Crush Cheirosa ’71 Hair & Body Fragrance Mist,Sol de Janeiro,24.0,Fragrance
P470125,Bom Dia Bright Body Cream with Vitamin C,Sol de Janeiro,48.0,Bath & Body
P503931,Bum Bum Firmeza Firming & Debloating Body Oil,Sol de Janeiro,52.0,Bath & Body
P459306,Bum Bum Body Scrub,Sol de Janeiro,42.0,Bath & Body
P415747,Brazilian Kiss Cupuaçu Lip Butter,Sol de Janeiro,18.0,Skincare
P449169,Brazilian Crush Cheirosa ’39 Coco Cabana Hair & Body Fragrance Mist,Sol de Janeiro,24.0,Fragrance
P500027,Brazilian Joia  Milky Leave-In Conditioner,Sol de Janeiro,28.0,Hair
P479990,Brazilian Glossy Nourishing Anti-Frizz Hair Oil,Sol de Janeiro,34.0,Hair
P482317,Mini Beija Flor Elasti-Cream with Collagen and Squalane,Sol de Janeiro,22.0,Bath & Body
P472187,Rio Deo Aluminum-Free Refillable Deodorant Cheirosa '62,Sol de Janeiro,16.0,Bath & Body
P448211,Coco Cabana Intense Hydration Body Cream,Sol de Janeiro,48.0,Bath & Body
P470126,Mini Bom Dia Bright Body Cream,Sol de Janeiro,22.0,Bath & Body
P457858,Coco Cabana Jet Set,Sol de Janeiro,30.0,Bath & Body
P406081,Samba 2-Step Foot Fetish Care,Sol de Janeiro,27.0,Bath & Body
P467265,Triple Brazilian Butter Hair Repair Treatment Mask,Sol de Janeiro,36.0,Hair
P501775,Bom Dia Bright Clarifying AHA BHA Body Wash,Sol de Janeiro,26.0,Bath & Body
P476427,Brazilian Touch Hand Cream,Sol de Janeiro,16.0,Bath & Body
P501809,Bom Dia Body Scrub 10% AHA BHA Resurfacing Complex + Crushed Maracujá Seeds,Sol de Janeiro,42.0,Bath & Body
P449168,Coco Cabana Body Cream - With New Coconut Scent and Plush Moisture Mini,Sol de Janeiro,22.0,Bath & Body
P447775,Brazilian 4 Play Moisturizing Shower Cream-Gel Mini,Sol de Janeiro,10.0,Bath & Body
P503113,SOL Cheirosa '62 Eau de Parfum,Sol de Janeiro,78.0,Fragrance
P457275,Coco Cabana Moisturizing Body Cream-Cleanser,Sol de Janeiro,26.0,Bath & Body
P504143,Rio Deo Aluminum-Free Deodorant Cheirosa '40,Sol de Janeiro,16.0,Bath & Body
P503096,Mini SOL Cheirosa 62 Eau de Parfum,Sol de Janeiro,26.0,Mini Size
P457276,Mini Coco Cabana Moisturizing Body Cream-Cleanser,Sol de Janeiro,10.0,Bath & Body
P504332,Body Firmeza Massage Tool,Sol de Janeiro,20.0,Bath & Body
P505159,Mini Rio Radiance Perfume Mist,Sol de Janeiro,24.0,Mini Size
P505154,Rio Radiance Perfume Mist,Sol de Janeiro,38.0,Fragrance
P505355,Brazilian Joia Strengthening + Smoothing Shampoo,Sol de Janeiro,26.0,Hair
P505372,Brazilian Joia Strengthening + Smoothing Conditioner,Sol de Janeiro,26.0,Hair
P505341,Mini Brazilian Joia Strengthening + Smoothing Shampoo,Sol de Janeiro,12.0,Hair
P505352,Mini Brazilian Joia Strengthening + Smoothing Conditioner,Sol de Janeiro,12.0,Hair
P504508,Set + Protect Makeup Setting Spray SPF 30 with Hyaluronic Acid,Soleil Toujours,42.0,Makeup
P504517,Brightening Eye Cream Mineral SPF 15 with Peptides,Soleil Toujours,68.0,Skincare
P504509,Hydra Lip Masque Mineral SPF 15 with Peptides,Soleil Toujours,26.0,Skincare
P504513,Tinted Glow Lotion Mineral SPF 50,Soleil Toujours,58.0,Bath & Body
P504515,Daily Defense Moisturizer Mineral SPF 60 with Vitamin C,Soleil Toujours,58.0,Skincare
P504510,Clean Conscious Body Sunscreen Mist with Vitamin C,Soleil Toujours,36.0,Bath & Body
P504519,Daily Defense Mineral Body Lotion SPF 30,Soleil Toujours,58.0,Bath & Body
P481831,Tan Tonic Glow Drops,St. Tropez,42.0,Skincare
P407450,Self Tan Classic Bronzing Mousse,St. Tropez,34.0,Skincare
P481830,Self-Tan Luxe Whipped Crème Mousse,St. Tropez,48.0,Skincare
P407448,Self Tan Express Bronzing Mousse,St. Tropez,46.0,Skincare
P456206,Self Tan Purity Vitamins Bronzing Water Body Mist,St. Tropez,45.0,Skincare
P432262,Self Tan Purity Bronzing Water Face Mist,St. Tropez,33.0,Skincare
P481832,Gradual Tan Watermelon Daily Firming Lotion,St. Tropez,29.0,Skincare
P456400,Double Sided Luxe Tan Applicator Mitt,St. Tropez,9.0,Skincare
P429683,Self Tan Purity Bronzing Water Mousse,St. Tropez,44.0,Skincare
P407452,Self Tan Dark Bronzing Mousse,St. Tropez,45.0,Bath & Body
P419466,Tan Build Up Remover Mitt,St. Tropez,9.0,Skincare
P442747,Self Tan Purity Water Gel,St. Tropez,44.0,Skincare
P456204,Purity Tanning Waters Mini Kit,St. Tropez,25.0,Skincare
P456401,Self Tan Express Bronzing Gel,St. Tropez,46.0,Skincare
P456203,Self Tan Express Starter Kit,St. Tropez,20.0,Skincare
P482318,Gradual Tan Tinted Daily Firming Lotion,St. Tropez,29.0,Skincare
P409602,Self Tan Classic Bronzing Mist,St. Tropez,44.0,Bath & Body
P407201,Self Tan Classic Bronzing Lotion,St. Tropez,44.0,Bath & Body
P504785,Luxe Body Serum,St. Tropez,48.0,Bath & Body
P471796,Self Tan Kit,St. Tropez,20.0,Bath & Body
P483691,Gradual Tan Classic Daily Youth Boosting Cream,St. Tropez,29.0,Skincare
P63087293,Glitter & Glow Liquid Eye Shadow,stila,25.0,Makeup
P253818,Stay All Day Waterproof Liquid Eye Liner,stila,24.0,Makeup
P427385,Shimmer & Glow Liquid Eye Shadow,stila,25.0,Makeup
P261621,Smudge Stick Waterproof Eye Liner,stila,22.0,Makeup
P269019,One Step Correct,stila,36.0,Makeup
P406281,Correct & Perfect All-In-One Color Correcting Palette,stila,45.0,Makeup
P429008,Stay All Day Waterproof Liquid Eye Liner - Micro Tip,stila,24.0,Makeup
P397901,Huge Extreme Lash Mascara,stila,26.0,Makeup
P466152,Stay All Day Dual-Ended Waterproof Liquid Eye Liner,stila,32.0,Makeup
P482319,Mini Stay All Day Waterproof Liquid Eye Liner,stila,12.0,Mini Size
P504316,Glisten & Glow Liquid Eye Shadow,stila,25.0,Makeup
P474113,TL Advanced  Tightening Neck Cream PLUS for Firming & Brightening,StriVectin,95.0,Skincare
P474117,Mini TL Advanced  Tightening Neck Cream PLUS for Firming & Brightening,StriVectin,15.0,Skincare
P474110,Super-C Retinol Brighten & Correct Vitamin C Serum,StriVectin,72.0,Skincare
P474121,SD Advanced  PLUS Intensive Moisturizer For Wrinkles & Stretch Marks,StriVectin,82.0,Skincare
P474109,Daily Reveal  Exfoliating Face Pads with AHA + BHA + PHA + TXA,StriVectin,45.0,Skincare
P474122,Advanced Retinol Nightly Renewal Face Moisturizer with Retinol,StriVectin,119.0,Skincare
P474119,Line BlurFector  Instant Wrinkle Blurring Face Primer,StriVectin,39.0,Makeup
P474111,Super-C SPF 30 Vitamin C Face Moisturizer,StriVectin,69.0,Skincare
P480191,Contour Restore Tightening & Sculpting Moisturizing Face Cream,StriVectin,99.0,Skincare
P474116,Peptight  360˚ Tightening Eye Serum,StriVectin,72.0,Skincare
P474115,Peptight  Tightening & Brightening Face Serum,StriVectin,99.0,Skincare
P474107,Hyaluronic Tripeptide Gel-Cream for Eyes,StriVectin,65.0,Skincare
P481743,Peptight Tightening Neck Serum Roller,StriVectin,79.0,Skincare
P481742,Advanced Retinol Daily Repair Face Moisturizer Broad Spectrum SPF 30,StriVectin,99.0,Skincare
P504050,Advanced Retinol Nightly Multi Correct Serum,StriVectin,99.0,Skincare
P474118,Intensive Eye Cream Concentrate for Wrinkles PLUS,StriVectin,72.0,Skincare
P502758,Super-C Dark Circle Brightening Eye Serum,StriVectin,65.0,Skincare
P474124,Crepe Control  Tightening Body Cream,StriVectin,59.0,Bath & Body
P474125,The Gamechangers,StriVectin,79.0,Skincare
P474123,Crepe Control  Exfoliating Body Scrub,StriVectin,35.0,Bath & Body
P474114,Power Starters Tightening Trio,StriVectin,89.0,Skincare
P505378,Multi Action Clear Acne Control 30-Day Trial Kit,StriVectin,39.0,Skincare
P505381,Multi Action Clear Gentle Daily Brightening & Retexturizing Toner for Acne and Breakouts,StriVectin,39.0,Skincare
P505392,Multi Action Clear Acne Clearing Treatment Lotion for Breakouts,StriVectin,49.0,Skincare
P505379,Multi Action Clear Gentle Daily Clarifying Cleanser for Acne and Breakouts,StriVectin,29.0,Skincare
P469538,Anti-Aging First Care Activating Serum,Sulwhasoo,89.0,Skincare
P476729,Mini First Care Activating Serum,Sulwhasoo,25.0,Skincare
P505346,First Care Activating Serum 25th Anniversary Limited Edition,Sulwhasoo,110.0,Skincare
P450633,Gentle Cleansing Oil Makeup Remover,Sulwhasoo,40.0,Skincare
P476730,Mini Gentle Cleansing Oil Makeup Remover,Sulwhasoo,13.0,Skincare
P481833,Concentrated Ginseng Renewing Cream,Sulwhasoo,260.0,Skincare
P469537,Bestsellers Trial Kit,Sulwhasoo,58.0,Skincare
P450632,Gentle Cleansing Foam Hydrating Makeup Remover,Sulwhasoo,38.0,Skincare
P476731,Mini Gentle Cleansing Foam Hydrating Makeup Remover,Sulwhasoo,12.0,Skincare
P483708,Mini Essential Comfort Firming Cream,Sulwhasoo,28.0,Skincare
P483692,Essential Comfort Firming Cream,Sulwhasoo,120.0,Skincare
P502395,Concentrated Ginseng Renewing Serum,Sulwhasoo,210.0,Skincare
P475172,Overnight Vitalizing Mask,Sulwhasoo,54.0,Skincare
P481834,Concentrated Ginseng Renewing Cream Classic,Sulwhasoo,260.0,Skincare
P481835,Mini Concentrated Ginseng Renewing Cream,Sulwhasoo,52.0,Mini Size
P463110,Clarifying Peel Off Mask,Sulwhasoo,45.0,Skincare
P502393,Mini Concentrated Ginseng Renewing Serum,Sulwhasoo,65.0,Mini Size
P483694,Essential Comfort Balancing Water,Sulwhasoo,68.0,Skincare
P463109,Overnight Vitalizing Sleeping Mask,Sulwhasoo,54.0,Skincare
P502448,Concentrated Ginseng Renewing Eye Cream,Sulwhasoo,140.0,Skincare
P483693,Essential Comfort Moisture Cream,Sulwhasoo,80.0,Skincare
P501175,White Ginseng Radiance Refining Mask,Sulwhasoo,68.0,Skincare
P483086,Essential Comfort Balancing Emulsion,Sulwhasoo,72.0,Skincare
P502474,Concentrated Ginseng Renewing Rescue Ampoule,Sulwhasoo,130.0,Skincare
P502381,Concentrated Ginseng Renewing Sheet Masks,Sulwhasoo,120.0,Skincare
P505270,First Care Radiance Set,Sulwhasoo,95.0,Skincare
P505358,Concentrated Ginseng Renewing Cream Set,Sulwhasoo,260.0,Skincare
P429952,Jet Lag Mask,Summer Fridays,49.0,Skincare
P480630,Mini Jet Lag Mask,Summer Fridays,26.0,Skincare
P501777,Sheer Skin Tint with Hyaluronic Acid + Squalane,Summer Fridays,42.0,Makeup
P455936,Lip Butter Balm,Summer Fridays,24.0,Skincare
P449180,CC Me Vitamin C + Niacinamide Serum,Summer Fridays,68.0,Skincare
P466153,Cloud Dew Gel Cream Moisturizer,Summer Fridays,45.0,Skincare
P479125,Mini Cloud Dew Oil-Free Gel Cream,Summer Fridays,17.0,Skincare
P436387,Overtime Mask,Summer Fridays,49.0,Skincare
P469189,Summer Silk Nourishing Body Lotion,Summer Fridays,28.0,Bath & Body
P440504,R + R Mask,Summer Fridays,54.0,Skincare
P482074,Dream Oasis Deep Hydration Serum,Summer Fridays,44.0,Skincare
P480192,Light Aura Vitamin C + Peptide Eye Cream,Summer Fridays,42.0,Skincare
P455242,Super Amino Gel Cleanser,Summer Fridays,35.0,Skincare
P471283,Babymoon Belly Balm,Summer Fridays,29.0,Bath & Body
P503827,Midnight Ritual Retinol Renewal Serum,Summer Fridays,69.0,Skincare
P476028,Heavenly Sixteen All-In-One Face Oil,Summer Fridays,55.0,Skincare
P472333,ROOT REFRESH Micellar Rinse with Apple Cider Vinegar,SUNDAY II SUNDAY,31.0,Hair
P472335,REVIVE ME Daily Moisturizing Spray,SUNDAY II SUNDAY,31.0,Hair
P472334,SOOTHE ME Daily Scalp Serum for Dry Scalp Relief,SUNDAY II SUNDAY,28.0,Hair
P472337,HAIR FLOURISH Vegan Biotin Gummies,SUNDAY II SUNDAY,30.0,Hair
P472336,"Hair Flourish, Biotin Infused Scalp Serum",SUNDAY II SUNDAY,28.0,Hair
P472340,Tea Tree Essential Oil,SUNDAY II SUNDAY,15.0,Hair
P472339,Peppermint Essential Oil,SUNDAY II SUNDAY,15.0,Hair
P502217,"Minis, Post Gym Hair Kit for Travel and Workout Bags",SUNDAY II SUNDAY,40.0,Hair
P472338,Argan Essential Oil,SUNDAY II SUNDAY,15.0,Hair
P483695,Signature Scalp Balancing Shampoo,SUNDAY II SUNDAY,20.0,Hair
P500999,Signature Scalp Balancing Scrub,SUNDAY II SUNDAY,31.0,Hair
P500331,Signature Scalp Balancing Conditioner,SUNDAY II SUNDAY,20.0,Hair
P309308,Good Genes All-In-One AHA Lactic Acid Treatment,Sunday Riley,122.0,Skincare
P393718,Luna Sleeping Retinoid Night Oil,Sunday Riley,105.0,Skincare
P410400,U.F.O. Salicylic Acid BHA Acne Treatment Face Oil,Sunday Riley,80.0,Skincare
P418346,C.E.O. 15% Vitamin C Brightening Serum,Sunday Riley,85.0,Skincare
P476414,5 Stars Retinol + Niacinamide Eye Serum,Sunday Riley,65.0,Skincare
P424948,Auto Correct Brightening + Depuffing Eye Cream for Dark Circles,Sunday Riley,65.0,Skincare
P402718,Power Couple Advanced Retinol and Lactic Acid Duo,Sunday Riley,72.0,Skincare
P448937,ICE Ceramide Moisturizer with Vitamin F,Sunday Riley,65.0,Skincare
P418629,C.E.O. Vitamin C Brightening Rich Hydration Moisturizer,Sunday Riley,22.0,Skincare
P416139,Mini C.E.O. Vitamin C Brightening Rich Hydration Moisturizer,Sunday Riley,65.0,Skincare
P309310,Ceramic Slip French Green Clay Cleanser,Sunday Riley,35.0,Skincare
P442761,C.E.O Glow Vitamin C + Turmeric Face Oil,Sunday Riley,80.0,Skincare
P503726,B3 Nice 10% Niacinamide Serum,Sunday Riley,65.0,Skincare
P309306,Juno Antioxidant + Superfood Face Oil,Sunday Riley,72.0,Skincare
P482551,C.E.O. Afterglow Brightening Vitamin C Moisturizer,Sunday Riley,65.0,Skincare
P483076,C.E.O. Afterglow Brightening Vitamin C Moisturizer,Sunday Riley,22.0,Skincare
P440075,A+ High-Dose Retinol Serum,Sunday Riley,85.0,Skincare
P459499,Clean Rinse Clarifying Scalp Serum with Niacinamide,Sunday Riley,48.0,Hair
P402014,Blue Moon Clean-Rinse Cleansing Balm,Sunday Riley,50.0,Skincare
P432053,Multivitamins 15% Vitamin C + Retinol Mini Set,Sunday Riley,28.0,Skincare
P460627,Saturn Sulfur + Niacinamide Spot Treatment Mask,Sunday Riley,20.0,Skincare
P463964,Pink Drink Firming Resurfacing Peptide Face Mist,Sunday Riley,48.0,Skincare
P503909,Mini C.E.O. Afterglow Brightening Vitamin C Moisturizer,Sunday Riley,22.0,Mini Size
P504223,Mini Good Genes All-In-One AHA Lactic Acid Treatment,Sunday Riley,43.0,Mini Size
P455235,Superstars Anti-Aging Serum and Eye Kit,Sunday Riley,130.0,Skincare
P461535,All About Acne Breakout + Blackhead Set,Sunday Riley,95.0,Skincare
P504219,Mini C.E.O. 15% Vitamin C Brightening Serum,Sunday Riley,43.0,Mini Size
P483495,Wake Up With Me Morning Routine Kit,Sunday Riley,95.0,Skincare
P483494,Go To Bed With Me Anti-Aging Night Routine,Sunday Riley,93.0,Skincare
P504207,Mini A+ High-Dose Retinol Serum,Sunday Riley,43.0,Mini Size
P454380,Unseen Sunscreen SPF 40 PA+++,Supergoop!,48.0,Skincare
P470255,Mini Unseen Sunscreen SPF 40 PA+++,Supergoop!,22.0,Skincare
P456218,Glowscreen Sunscreen SPF 40 PA+++ with Hyaluronic Acid + Niacinamide,Supergoop!,38.0,Skincare
P482320,Mini Glowscreen Sunscreen SPF 40 PA+++ with Hyaluronic Acid + Niacinamide,Supergoop!,22.0,Skincare
P454383,PLAY Everyday Sunscreen Lotion SPF 50 PA++++,Supergoop!,34.0,Skincare
P454384,Mini PLAY Everyday Lotion SPF 50 with Sunflower Extract,Supergoop!,22.0,Skincare
P442701,Shimmershade Illuminating Cream Eyeshadow SPF 30,Supergoop!,24.0,Makeup
P439928,Superscreen Daily Moisturizer Sunscreen SPF 40 PA+++,Supergoop!,44.0,Skincare
P466154,Daily Dose Vitamin C + SPF 40 Sunscreen Serum PA+++,Supergoop!,46.0,Skincare
P463353,CC Screen 100% Mineral CC Cream SPF 50 PA++++,Supergoop!,44.0,Skincare
P429953,Glow Stick Sunscreen SPF 50 PA++++,Supergoop!,26.0,Skincare
P482324,Mini (Re) Setting Refreshing Mist SPF 40,Supergoop!,20.0,Mini Size
P470057,Mineral Sheerscreen Sunscreen SPF 30 PA+++,Supergoop!,38.0,Skincare
P482321,Mini Mineral Sheerscreen Sunscreen SPF 30 PA+++,Supergoop!,22.0,Skincare
P453226,Bright-Eyed 100% Mineral Eye Cream SPF 40 PA+++,Supergoop!,40.0,Skincare
P454387,Glow Oil Body Sunscreen SPF 50 PA++++,Supergoop!,38.0,Skincare
P454388,Mini Glow Oil SPF 50 PA++++,Supergoop!,15.0,Skincare
P482323,(Re) Setting Refreshing Mist SPF 40,Supergoop!,34.0,Skincare
P467976,(Re)setting 100% Mineral Powder Sunscreen SPF 35 PA+++,Supergoop!,35.0,Skincare
P504045,Daily Dose Bioretinol + Mineral SPF 40 with Bakuchiol,Supergoop!,46.0,Skincare
P454392,Handscreen Sunscreen SPF 40,Supergoop!,38.0,Bath & Body
P446909,Zincscreen 100% Mineral Sunscreen Lotion SPF 40 PA+++,Supergoop!,44.0,Skincare
P482325,Every. Single. Face. Watery Lotion SPF 50,Supergoop!,34.0,Skincare
P454389,PLAY Antioxidant Body Sunscreen Mist SPF 50 PA++++,Supergoop!,21.0,Skincare
P479351,Daily Dose Hydra-Ceramide Boost + SPF 40 Sunscreen Oil PA+++,Supergoop!,46.0,Skincare
P470058,Glowscreen Body Sunscreen SPF 40 PA+++,Supergoop!,42.0,Skincare
P454393,Mini Handscreen SPF 40,Supergoop!,14.0,Bath & Body
P476733,Mineral Mattescreen Sunscreen SPF 40 PA+++,Supergoop!,38.0,Skincare
P505211,(Glow)Setting 100% Mineral Powder SPF 35,Supergoop!,36.0,Skincare
P454385,Mini PLAY Everyday Sunscreen Lotion SPF 30 PA++++,Supergoop!,34.0,Skincare
P482322,Mini Mineral Mattescreen Sunscreen SPF 40 PA+++,Supergoop!,22.0,Skincare
P456407,PLAY Body Sunscreen Mousse SPF 50,Supergoop!,34.0,Skincare
P454391,PLAY Antioxidant Body Sunscreen Mist SPF 30 PA++++,Supergoop!,21.0,Skincare
P482746,PLAY 100% Mineral Lotion SPF 30 with Green Algae,Supergoop!,36.0,Skincare
P504320,SPF Bestsellers Kit,Supergoop!,30.0,Skincare
P500782,100% Mineral SPF Starter Kit,Supergoop!,29.0,Skincare
P500060,Play! Mineral SPF Stick,Supergoop!,24.0,Skincare
P482747,PLAY Mineral Mist SPF 30 with Marigold Extract,Supergoop!,34.0,Skincare
P505208,100% Mineral Sunscreen Starter Kit,Supergoop!,30.0,Skincare
P504911,Everyday SPF Faves,Supergoop!,60.0,Skincare
P471577,Moondust Hair Wash,Susteau,29.0,Hair
P471580,Moondust Hair Wash Fragrance Free,Susteau,29.0,Hair
P471578,Moondust Conditioner,Susteau,29.0,Hair
P471581,Moondust Conditioner Fragrance Free,Susteau,29.0,Hair
P415212,"Volumizing Hot Rollers LUXE for Volume, Body, and Shine",T3,139.99,Hair
P282405,SinglePass Compact Travel Styling Flat Iron with Cap (White & Rose Gold),T3,89.0,Tools & Brushes
P428229,SinglePass Curl 1.25” Professional Ceramic Curling Iron,T3,169.99,Hair
P477244,AireBrush Duo Interchangeable Hot Air Blow Dry Brush,T3,189.99,Hair
P445425,"SinglePass Curl 1"" Professional Curling Iron",T3,169.99,Hair
P428228,SinglePass Wave Professional Tapered Ceramic Styling Wand,T3,169.99,Hair
P422239,BodyWaver 1.75” Professional Ceramic Styling Iron for Waves and Volume (White & Rose Gold),T3,169.99,Hair
P424208,Source Hand-Held Mineral Water Filter,T3,150.0,Hair
P469539,Fit Hair Dryer,T3,149.99,Hair
P445441,Smooth Paddle Brush,T3,35.0,Hair
P445439,Volume Round Brush,T3,35.0,Hair
P463355,Curl ID 1.25” Smart Curling Iron with Interactive Touch Interface,T3,249.0,Hair
P500153,AireLuxe Hair Dryer,T3,199.99,Hair
P500152,Edge Heated Smoothing & Styling Brush,T3,149.99,Hair
P502211,SinglePass Curl 1 ½” Professional Curling Iron,T3,169.99,Hair
P502161,Lucea 1 ½” Professional Straightening and Styling Iron,T3,189.99,Hair
P445440,Dry Vent Brush,T3,35.0,Hair
P481501,Afar - Lightweight Travel Size Hair Dryer,T3,179.99,Hair
P469540,Fit Diffuser,T3,25.0,Hair
P502204,SinglePass Curl ½” Professional Curling Iron,T3,169.99,Hair
P502212,SinglePass Curl ¾” Professional Curling Iron,T3,169.99,Hair
P500164,Soft Touch 3 Diffuser,T3,30.0,Hair
P504176,Smooth ID 1” Digital Ceramic Flat Iron with Smart Heat Setting Personalization,T3,249.0,Hair
P500157,Smoothing Comb Blow Dryer Attachment,T3,30.0,Hair
P503810,AireBrush Duo 2.5” Round Brush Attachment,T3,45.0,Hair
P503812,AireBrush Duo 3.0” Paddle Brush Attachment,T3,45.0,Hair
P424988,THE FACE Illuminating Self-Tan Drops,TAN-LUXE,50.0,Skincare
P424989,THE BODY Illuminating Self-Tan Drops,TAN-LUXE,60.0,Skincare
P424986,THE BUTTER Illuminating Tanning Butter,TAN-LUXE,38.0,Skincare
P424990,THE GRADUAL Illuminating Gradual Tan Lotion,TAN-LUXE,34.0,Skincare
P447199,Super Glow Hyaluronic Self-Tan Serum,TAN-LUXE,49.0,Skincare
P424985,THE WATER Hydrating Self-Tan Water,TAN-LUXE,48.0,Skincare
P424984,HYDRA MOUSSE Hydrating Self-Tan Mousse,TAN-LUXE,49.0,Skincare
P456989,Super Glow Body Hyaluronic Self-Tan Serum,TAN-LUXE,49.0,Skincare
P474376,Mini THE FACE Illuminating Self-Tan Drops,TAN-LUXE,25.0,Skincare
P433440,Wonder Oil Illuminating Self-Tan Oil,TAN-LUXE,69.0,Skincare
P424987,SLEEP OIL Rejuvenating Miracle Tanning Oil,TAN-LUXE,52.0,Skincare
P470545,Super Gloss Instant Bronzing Face Drops with SPF 30,TAN-LUXE,49.0,Skincare
P432664,Instant Hero Skin Perfector,TAN-LUXE,36.0,Bath & Body
P481837,The Crème Gradual Self-Tanning Face Moisturizer,TAN-LUXE,49.0,Skincare
P432665,Glyco Water Self-Tan Eraser,TAN-LUXE,35.0,Bath & Body
P278610,Amazonian Clay 12-Hour Blush,tarte,30.0,Makeup
P403812,Tartelette In Bloom Clay Eyeshadow Palette,tarte,45.0,Makeup
P482750,Maracuja Juicy Lip Plump,tarte,24.0,Makeup
P391759,Tartelette Amazonian Clay Matte Eyeshadow Palette,tarte,45.0,Makeup
P405601,SEA Quench Lip Rescue Balm,tarte,19.0,Makeup
P423935,Tartelette Toasted Eyeshadow Palette,tarte,45.0,Makeup
P467977,Maracuja Juicy Lip Balm,tarte,24.0,Makeup
P433206,Maracuja Creaseless Concealer,tarte,29.0,Makeup
P376726,Maracuja Oil,tarte,48.0,Skincare
P377542,BB blur tinted moisturizer Broad Spectrum SPF 30 Sunscreen,tarte,40.0,Makeup
P111902,"Lights, Camera, Lashes 4-in-1 Mascara",tarte,25.0,Makeup
P447364,Mini Maracuja Creaseless Concealer,tarte,14.0,Mini Size
P427600,Chrome Paint Shadow Pot,tarte,22.0,Makeup
P405599,SEA drink of H2O hydrating boost moisturizer,tarte,39.0,Skincare
P429612,SEA H2O Lip Gloss,tarte,19.0,Makeup
P290629,Amazonian Clay Waterproof 12-Hour Concealer,tarte,25.0,Makeup
P67617,Amazonian Clay BB Tinted Moisturizer Broad Spectrum SPF 20 Sunscreen,tarte,39.0,Makeup
P262113,Amazonian Clay Matte Waterproof Bronzer,tarte,32.0,Makeup
P408432,Double Take Eyeliner,tarte,26.0,Makeup
P413181,Tarteist Pro Cruelty-Free Lashes,tarte,15.0,Makeup
P275309,Picture Perfect Duo,tarte,21.0,Mini Size
P405096,SEA Deep Dive Cleansing Gel,tarte,12.0,Skincare
P387228,Timeless Smoothing Primer,tarte,39.0,Makeup
P392636,Tarteist Clay Paint Liner,tarte,24.0,Makeup
P409631,SEA FRXXXTION Stick Exfoliating Cleanser,tarte,22.0,Skincare
P377545,Maracuja C-Brighter Eye Treatment,tarte,39.0,Skincare
P415984,Fake Awake Eye Highlighter,tarte,22.0,Makeup
P310018,Poreless Mattifying Primer,tarte,32.0,Makeup
P456371,Maracuja Hydrating Tinted Moisturizer,tarte,30.0,Makeup
P442792,babassu foundcealer skincare foundation SPF 20,tarte,40.0,Makeup
P473000,SEA Hydroflex Serum Foundation,tarte,39.0,Makeup
P286101,Gifted Amazonian Clay Smart Mascara,tarte,25.0,Makeup
P408285,Lippie Lingerie Matte Lip Tint,tarte,24.0,Makeup
P405597,SEA The Airbrusher Double-Ended Concealer Brush,tarte,27.0,Makeup
P450535,Mini Amazonian Clay 12-Hour Blush,tarte,16.0,Makeup
P427525,Clay Play Face Shaping Palette II,tarte,49.0,Makeup
P387175,Colored Clay CC Undereye Corrector,tarte,28.0,Makeup
P504200,maracuja juicy lip crème,tarte,24.0,Makeup
P179924,"Lights, Camera, Splashes Waterproof Mascara",tarte,25.0,Makeup
P99809,Amazonian Clay Waterproof Bronzer,tarte,32.0,Makeup
P456586,SEA Jelly Glaze Anytime Lip Mask,tarte,16.0,Makeup
P420231,Sex Kitten Liquid Liner,tarte,22.0,Makeup
P397383,Opening Act Lash Primer,tarte,25.0,Makeup
P456601,SEA Breezy Cream Bronzer,tarte,29.0,Makeup
P407637,Lash Paint Mascara,tarte,25.0,Makeup
P481746,SEA Power Flex Full Coverage Vegan Concealer,tarte,28.0,Makeup
P481744,Mini SEA Power Flex Full Coverage Vegan Concealer,tarte,12.0,Makeup
P152703,Smooth Operator Amazonian Clay Tinted Pressed Finishing Powder,tarte,35.0,Makeup
P453271,SEA Surfer Curl Volumizing Mascara,tarte,24.0,Makeup
P456602,SEA Mini Breezy Cream Bronzer,tarte,14.0,Makeup
P414737,Pearly Girl Vegan Teeth Whitening Pen,tarte,25.0,Skincare
P413182,Tarteist Pro Lash Adhesive,tarte,15.0,Makeup
P500780,Maracuja Juicy Glow Highlighting Stick,tarte,29.0,Makeup
P500620,Mini Clay Play To-Go Cheek Palette,tarte,25.0,Makeup
P472191,SEA Mini Breezy Cream Blush,tarte,14.0,Makeup
P473001,Mini SEA Hydroflex Serum Foundation,tarte,15.0,Makeup
P440260,Tarteist Double Take Eyeliner- Travel Size,tarte,15.0,Makeup
P500182,tartelette tubing mascara,tarte,25.0,Makeup
P456587,SEA Breezy Blender Cream Bronzer Brush,tarte,29.0,Makeup
P469864,SEA Breezy Cream Blush,tarte,27.0,Makeup
P242810,Amazonian Clay Waterproof Brow Pencil,tarte,22.0,Makeup
P472190,SEA H2O Balm Lip Tint,tarte,21.0,Makeup
P470550,Quick Stick Waterproof Shadow & Liner,tarte,26.0,Makeup
P473840,Tartelette Juicy Amazonian Clay Eyeshadow Palette,tarte,45.0,Makeup
P456604,Mini Maracuja Hydrating Tinted Moisturizer,tarte,16.0,Makeup
P441841,Micellar Magic Makeup Remover & Cleanser,tarte,18.0,Makeup
P430818,SEA Mermaid Skin Hyaluronic H2O Serum,tarte,15.0,Skincare
P409630,SEA Pack Your Bags Undereye Patches,tarte,22.0,Skincare
P385760,Smooth Operator Amazonian Clay Finishing Setting Powder,tarte,35.0,Makeup
P441843,Foundcealer Foundation Brush,tarte,30.0,Makeup
P453920,Mini SEA Surfer Curl Volumizing Mascara,tarte,15.0,Makeup
P450537,Mini Timeless Smoothing Primer,tarte,19.0,Makeup
P450536,Mini Amazonian Clay Waterproof Bronzer,tarte,16.0,Makeup
P504210,maracuja juicy lip liner,tarte,20.0,Makeup
P473821,Amazonian Clay 16-Hour Full Coverage Foundation,tarte,40.0,Makeup
P439932,"Mini Lights, Camera, Lashes 4-in-1 Mascara",tarte,15.0,Makeup
P469802,SEA Hydrocealer Concealer Brush,tarte,22.0,Makeup
P468224,Cheeky Claymate Face Palette,tarte,25.0,Makeup
P473856,The Buffer Airbrush Finish Foundation Brush,tarte,34.0,Makeup
P468223,Mini BB Blur Tinted Moisturizer Broad Spectrum SPF 30,tarte,16.0,Makeup
P450534,Mini Opening Act Lash Primer,tarte,15.0,Makeup
P415990,Sex Kitten Eyeliner,tarte,22.0,Makeup
P420230,Pout Prep Lip Exfoliant,tarte,16.0,Skincare
P432866,SEA Quench Hydrating Primer,tarte,32.0,Makeup
P505244,tint & plump maracuja juicy lip duo,tarte,29.0,Makeup
P469865,SEA Surfer Curl Waterproof Gel Eyeliner,tarte,20.0,Makeup
P501022,mini tartelette  tubing mascara,tarte,15.0,Mini Size
P481745,SEA Power Flex Concealer Brush,tarte,22.0,Makeup
P505127,Maracuja Juicy Glow Skin Tint,tarte,40.0,Makeup
P442989,Youth or Dare Multi-Acid & C-Serum,tarte,42.0,Skincare
P444433,Big Ego Mascara,tarte,25.0,Makeup
P447200,Baba Bomb Moisturizer,tarte,39.0,Skincare
P454990,Mini babassu foundcealer skincare foundation SPF 20,tarte,16.0,Makeup
P452909,Frameworker Brow Pomade,tarte,20.0,Makeup
P453918,Sketch & Set Brow Pencil and Tinted Gel,tarte,25.0,Makeup
P504215,Amazonian clay blurring powder foundation,tarte,39.0,Makeup
P441842,Foundcealer Multi-Tasking Sponge,tarte,16.0,Makeup
P479994,Shimmering Light Highlighter,tarte,32.0,Makeup
P440306,SEA Mini Drink of H2O Hydrating Boost Moisturizer,tarte,14.0,Skincare
P473335,SEA Hydro-Smoother Brush,tarte,30.0,Makeup
P469800,SEA Glowtion Skin Perfector Primer,tarte,32.0,Makeup
P473843,Mini Amazonian Clay 16-Hour Full Coverage Foundation,tarte,16.0,Mini Size
P420232,Tarteist Brow Gel,tarte,19.0,Makeup
P474862,Best of SEA Must-Haves Hydroflex Foundation Customizable Set,tarte,39.0,Makeup
P446871,Mini Big Ego Mascara,tarte,15.0,Makeup
P454376,knockout daily exfoliating cleanser,tarte,12.0,Skincare
P450538,Travel Size Gifted Amazonian Clay Smart Mascara,tarte,15.0,Mini Size
P449835,Mini Maracuja Oil,tarte,16.0,Skincare
P443762,Mini Lash Paint Mascara,tarte,15.0,Makeup
P454989,Mini Sketch & Set Brow Pencil and Tinted Gel,tarte,14.0,Makeup
P449836,Mini SEA Deep Dive Cleansing Gel,tarte,12.0,Skincare
P452910,Fill Service Brow Brush and Spoolie,tarte,20.0,Makeup
P479998,Amazonian Clay 16-Hour Full Coverage Foundation Custom Value Set,tarte,39.0,Makeup
P463968,Big Ego DIY Brow Detailing Pen,tarte,21.0,Makeup
P447409,Mini Baba Bomb Moisturizer,tarte,14.0,Skincare
P468415,SEA Hydrocealer Sponge,tarte,16.0,Makeup
P504220,tartelette energy Amazonian clay palette,tarte,25.0,Makeup
P457468,Brazilliance 2HR Express Deep Foaming Self-Tanner,tarte,39.0,Skincare
P504573,tartelette spark Amazonian clay palette,tarte,25.0,Makeup
P454822,Mini SEA Mermaid Skin Hyaluronic H2O Serum,tarte,15.0,Skincare
P505137,Mini Maracuja Juicy Glow Skin Tint,tarte,16.0,Mini Size
P454377,Mini knockout daily exfoliating cleanser,tarte,12.0,Skincare
P502375,Brighter Smile Value Set,tarte,29.0,Makeup
P449411,Mini Micellar Magic Makeup Remover & Cleanser,tarte,9.0,Skincare
P456434,knockout brightening gel moisturizer,tarte,14.0,Skincare
P502844,Mini Amazonian Clay Finishing Powder,tarte,16.0,Mini Size
P457279,Moisturizer Mini knockout brightening gel,tarte,14.0,Skincare
P502885,Amazonian Clay Finishing Powder,tarte,35.0,Makeup
P470548,Knockout 10% Acid Complex Serum,tarte,39.0,Skincare
P470547,Brazilliance Overnight Mask Gradual Self-Tanner,tarte,29.0,Bath & Body
P505256,lashes & splashes mascara duo,tarte,32.0,Makeup
P379707,Resurfacing BHA Glow Mask,Tata Harper,68.0,Skincare
P379710,Regenerating Exfoliating Cleanser,Tata Harper,88.0,Skincare
P458917,Water-Lock Moisturizer with Skin-Smoothing Peptides,Tata Harper,68.0,Skincare
P432048,Resurfacing AHA + BHA Serum,Tata Harper,92.0,Skincare
P429954,Clarifying Blemish & Oil Control Cleanser,Tata Harper,88.0,Skincare
P462747,Mini Clarifying Blemish & Oil Control Cleanser,Tata Harper,46.0,Skincare
P420143,Clarifying AHA + BHA Mask,Tata Harper,75.0,Skincare
P379711,Rejuvenating Anti-Aging Serum,Tata Harper,146.0,Skincare
P386739,Restorative Plumping + Brightening Eye Cream,Tata Harper,130.0,Skincare
P392144,Purifying Pore Detox Cleanser,Tata Harper,88.0,Skincare
P462748,Mini Purifying Pore Detox Cleanser,Tata Harper,46.0,Skincare
P379709,Repairative Anti-Aging Moisturizer,Tata Harper,130.0,Skincare
P408301,Purifying Pore & Blackhead Detox Mask,Tata Harper,75.0,Skincare
P392143,Tata's Daily Essentials Kit,Tata Harper,75.0,Skincare
P392142,Nourishing Makeup Removing Oil Cleanser,Tata Harper,88.0,Skincare
P379705,Hydrating Hyaluronic Acid Floral Essence,Tata Harper,76.0,Skincare
P392001,Revitalizing Anti-Aging Body Oil,Tata Harper,120.0,Bath & Body
P412407,Clarifying Moisturizer,Tata Harper,130.0,Skincare
P379704,Retinoic Nutrient Face Oil With Vitamin A,Tata Harper,165.0,Skincare
P472341,Superkind Fragrance-Free Fortifying Moisturizer,Tata Harper,130.0,Skincare
P472343,Superkind Fragrance-Free Softening Cleanser,Tata Harper,88.0,Skincare
P476736,Superkind Fragrance-Free Bio-Barrier Serum,Tata Harper,146.0,Skincare
P442748,Hydrating Floral Mask,Tata Harper,95.0,Skincare
P422848,Crème Riche Anti-Aging Peptide Night Cream,Tata Harper,230.0,Skincare
P500781,Resurfacing + Smoothing Body Serum with AHAs,Tata Harper,155.0,Bath & Body
P449410,Boosted Contouring Retinol Eye Balm,Tata Harper,260.0,Skincare
P472342,Superkind Fragrance-Free Radiance Mask,Tata Harper,68.0,Skincare
P500482,The Clean Dream Team Set,Tata Harper,75.0,Skincare
P480354,Glow Facial Set,Tata Harper,98.0,Skincare
P503877,Superkind Refining Cleanser,Tata Harper,88.0,Skincare
P476737,Bio-Barrier Eye Crème,Tata Harper,130.0,Skincare
P502434,Deep Clean Kit,Tata Harper,85.0,Skincare
P418218,The Water Cream Oil-Free Pore Minimizing Moisturizer,Tatcha,70.0,Skincare
P454794,Mini The Water Cream,Tatcha,22.0,Skincare
P441101,The Dewy Skin Cream Plumping & Hydrating Moisturizer,Tatcha,70.0,Skincare
P428661,The Silk Canvas Protective Primer,Tatcha,54.0,Makeup
P415771,The Essence Skincare Boosting Treatment,Tatcha,110.0,Skincare
P473160,Mini The Essence  Skincare Boosting Treatment,Tatcha,65.0,Skincare
P461537,The Rice Wash Skin-Softening Cleanser,Tatcha,40.0,Skincare
P504595,Mini Rice Wash Skin-Softening Cleanser,Tatcha,18.0,Skincare
P456446,The Liquid Silk Canvas: Featherweight Protective Primer,Tatcha,54.0,Makeup
P427536,The Deep Cleanse Gentle Exfoliating Cleanser,Tatcha,40.0,Skincare
P504615,Mini Deep Cleanse Gentle Exfoliating Cleanser,Tatcha,18.0,Skincare
P399623,Luminous Dewy Skin Mist,Tatcha,49.0,Skincare
P392235,The Camellia Oil 2-in-1 Makeup Remover & Cleanser,Tatcha,50.0,Skincare
P460512,Mini Liquid Silk Canvas: Featherweight Protective Primer,Tatcha,24.0,Skincare
P426340,The Rice Polish Foaming Enzyme Powder,Tatcha,68.0,Skincare
P439058,Violet-C Brightening Serum 20% Vitamin C + 10% AHA,Tatcha,89.0,Skincare
P447780,The Silk Peony Melting Eye Cream,Tatcha,62.0,Skincare
P466155,The Dewy Serum Resurfacing and Plumping Treatment,Tatcha,89.0,Skincare
P454018,The Serum Stick: Treatment & Touch Up Balm,Tatcha,49.0,Skincare
P453225,The Kissu Lip Mask,Tatcha,29.0,Skincare
P474377,Indigo Overnight Repair Serum in Cream Treatment,Tatcha,92.0,Skincare
P503191,Mini Indigo Overnight Repair Serum in Cream Treatment,Tatcha,22.0,Skincare
P422069,Mini Dewy Skin Mist,Tatcha,22.0,Mini Size
P469546,The Silk Powder Protective Setting Powder,Tatcha,49.0,Makeup
P440934,The Silk Canvas Protective Primer Mini,Tatcha,24.0,Skincare
P413326,Camellia Gold Spun Lip Balm,Tatcha,30.0,Skincare
P420699,Violet-C Radiance Mask,Tatcha,70.0,Skincare
P481169,The Silk Sunscreen Mineral Broad Spectrum SPF 50 PA++++ with Hyaluronic Acid and Niacinamide,Tatcha,62.0,Skincare
P500640,Mini The Silk Sunscreen Mineral Broad Spectrum SPF 50 PA++++ with Hyaluronic Acid and Niacinamide,Tatcha,25.0,Mini Size
P417867,The Silk Cream,Tatcha,125.0,Skincare
P479352,The Texture Tonic AHA Liquid Exfoliating Treatment,Tatcha,62.0,Skincare
P482552,The Clarifying Clay Mask Exfoliating Pore Treatment,Tatcha,70.0,Skincare
P403315,Gold Camellia Beauty Oil,Tatcha,98.0,Skincare
P502469,Hinoki Gentle Exfoliating Body Wash,Tatcha,34.0,Bath & Body
P502491,Hinoki Hydrating Body Oil,Tatcha,58.0,Bath & Body
P502455,Hinoki Body Milk Lotion,Tatcha,48.0,Bath & Body
P504506,The Silk Serum Wrinkle-Smoothing Retinol Alternative,Tatcha,98.0,Skincare
P399622,Luminous Deep Hydration Lifting Mask,Tatcha,95.0,Skincare
P460746,Aburatorigami Japanese Blotting Papers,Tatcha,14.0,Skincare
P504218,Dewy Cleanse + Hydrate Duo,Tatcha,27.0,Skincare
P474128,Mini The Silk Powder,Tatcha,24.0,Mini Size
P468229,Ageless Revitalizing Neck Cream,Tatcha,112.0,Skincare
P504327,Mini Favorites Set,Tatcha,68.0,Skincare
P471582,The Powder Brush,Tatcha,88.0,Makeup
P504203,Clarifying Cleanse + Hydrate Duo,Tatcha,27.0,Skincare
P501323,Overnight Recovery Duo,Tatcha,88.0,Skincare
P504303,Strengthening Nighttime Ritual Set,Tatcha,95.0,Skincare
P502365,Clarifying Cleanse + Hydrate Duo,Tatcha,27.0,Skincare
P454795,Mini The Dewy Skin Cream,Tatcha,22.0,Skincare
P480355,The Essence Skincare Boosting Treatment – Lunar New Year Edition,Tatcha,110.0,Skincare
P503716,The Essence Skincare Boosting Treatment – Lunar New Year Edition,Tatcha,110.0,Skincare
P481168,Mini The Dewy Skin Cream Plumping & Hydrating Moisturizer,Tatcha,22.0,Skincare
P428713,Vanilla Woods Eau de Parfum,The 7 Virtues,88.0,Fragrance
P428714,Vanilla Woods Eau de Parfum Rollerball,The 7 Virtues,32.0,Fragrance
P480464,Peace Perfume Discovery Set,The 7 Virtues,29.0,Fragrance
P468853,Santal Vanille Eau de Parfum,The 7 Virtues,88.0,Fragrance
P468854,Santal Vanille Eau de Parfum Rollerball,The 7 Virtues,32.0,Fragrance
P468852,Vanilla Woods Gemstone Perfume Oil,The 7 Virtues,69.0,Bath & Body
P480633,Lotus Pear Eau de Parfum,The 7 Virtues,88.0,Fragrance
P455880,Blackberry Lily Eau de Parfum,The 7 Virtues,88.0,Fragrance
P480632,Lotus Pear Eau de Parfum Rollerball,The 7 Virtues,32.0,Fragrance
P428707,Orange Blossom Eau de Parfum Rollerball,The 7 Virtues,32.0,Fragrance
P468851,Blackberry Lily Gemstone Perfume Oil,The 7 Virtues,69.0,Bath & Body
P428705,Jasmine Neroli Eau de Parfum Rollerball,The 7 Virtues,32.0,Fragrance
P428711,Rose Amber Eau de Parfum,The 7 Virtues,88.0,Fragrance
P428704,Jasmine Neroli Eau de Parfum,The 7 Virtues,88.0,Fragrance
P504855,Coconut Sun Eau de Parfum,The 7 Virtues,88.0,Fragrance
P428706,Orange Blossom Eau de Parfum,The 7 Virtues,88.0,Fragrance
P468855,Santal Vanille Gemstone Perfume Oil,The 7 Virtues,69.0,Bath & Body
P428712,Rose Amber Eau de Parfum Rollerball,The 7 Virtues,32.0,Fragrance
P504991,Coconut Sun Eau de Parfum Travel Spray,The 7 Virtues,32.0,Fragrance
P428709,Patchouli Citrus Eau de Parfum Rollerball,The 7 Virtues,32.0,Fragrance
P428708,Patchouli Citrus Eau de Parfum,The 7 Virtues,88.0,Fragrance
P428715,Vetiver Elemi Eau de Parfum,The 7 Virtues,88.0,Fragrance
P482076,Lotus Pear Perfume Oil,The 7 Virtues,69.0,Fragrance
P504673,Peace Perfume Discovery Set,The 7 Virtues,25.0,Fragrance
P455364,Oat Cleansing Balm,The INKEY List,11.99,Skincare
P478030,Mini Oat Cleansing Balm,The INKEY List,5.99,Skincare
P443845,Hyaluronic Acid Hydrating Serum,The INKEY List,9.99,Skincare
P443840,Caffeine Eye Cream,The INKEY List,10.99,Skincare
P443833,Salicylic Acid Acne + Pore Cleanser,The INKEY List,11.99,Skincare
P443842,Retinol Anti-Aging Serum,The INKEY List,12.99,Skincare
P448802,Brighten-i Eye Cream,The INKEY List,12.99,Skincare
P480636,Salicylic Acid Exfoliating Scalp Treatment,The INKEY List,15.99,Hair
P446942,Niacinamide Oil Control Serum,The INKEY List,9.99,Skincare
P443830,Polyglutamic Acid Hydrating Serum,The INKEY List,14.99,Skincare
P467655,Succinic Acid Acne Treatment,The INKEY List,9.99,Skincare
P455369,Peptide Moisturizer,The INKEY List,15.99,Skincare
P455368,15% Vitamin C and EGF Brightening Serum,The INKEY List,15.99,Skincare
P455366,Retinol Eye Cream,The INKEY List,12.99,Skincare
P443843,Q10 Antioxidant Serum,The INKEY List,9.99,Skincare
P443846,Collagen Booster Firming Peptide Serum,The INKEY List,12.99,Skincare
P479354,Omega Water Cream Moisturizer,The INKEY List,10.99,Skincare
P443841,Vitamin C Brightening Cream,The INKEY List,10.99,Skincare
P450614,Tranexamic Acid Hyperpigmentation Treatment,The INKEY List,15.99,Skincare
P480634,Hyaluronic Acid Hydrating Hair Treatment,The INKEY List,10.99,Hair
P450262,Polyhydroxy Acid (PHA) Gentle Exfoliating Toner,The INKEY List,12.99,Skincare
P442871,Beta Hydroxy Acid (BHA) Blemish + Blackhead Serum,The INKEY List,12.99,Skincare
P447778,Bakuchiol Retinol Alternative Moisturizer,The INKEY List,12.99,Skincare
P469088,Fulvic Acid Brightening Cleanser,The INKEY List,11.99,Skincare
P478029,Mini Fulvic Acid Brightening Cleanser,The INKEY List,5.99,Skincare
P480637,Caffeine Stimulating Scalp Treatment,The INKEY List,15.99,Hair
P450244,Ceramide Hydrating Night Treatment,The INKEY List,15.99,Skincare
P455365,"Vitamin B, C, and E Moisturizer",The INKEY List,7.99,Skincare
P443838,Glycolic Acid Exfoliating Toner,The INKEY List,12.99,Skincare
P501010,Glycolic Acid Exfoliating Scalp Scrub,The INKEY List,14.99,Hair
P480635,Peptide Volumizing Hair Treatment,The INKEY List,13.99,Hair
P443837,Kaolin Mask,The INKEY List,7.49,Skincare
P479353,Hyaluronic Acid Cleanser,The INKEY List,10.99,Skincare
P479722,Mandelic Acid Treatment,The INKEY List,11.99,Skincare
P443834,Rosehip Nourishing Night Oil,The INKEY List,11.99,Skincare
P480638,PCA Bond Repair Hair Treatment,The INKEY List,13.99,Hair
P443839,Squalane Oil,The INKEY List,12.99,Skincare
P448537,Alpha Arbutin Brightening Serum,The INKEY List,12.99,Skincare
P502749,SuperSolutions 5% Benzoyl Peroxide Cleanser Acne Solution,The INKEY List,17.99,Skincare
P502691,SuperSolutions 1% Retinol Serum,The INKEY List,24.99,Skincare
P474972,Symbright Brightening Moisturizer,The INKEY List,13.99,Skincare
P502741,SuperSolutions 10% Azelaic Serum Redness Relief Solution,The INKEY List,17.99,Skincare
P502710,SuperSolutions 20% Niacinamide Serum,The INKEY List,17.99,Skincare
P502756,SuperSolutions 10% Urea Moisturizer Textured Skin Solution,The INKEY List,19.99,Skincare
P469544,C-50 Blemish Night Treatment,The INKEY List,15.99,Skincare
P505711,Polyglutamic Acid Dewy Sunscreen SPF 30,The INKEY List,14.99,Skincare
P500775,Back to Basics: Hydration Heroes Skincare Set,The INKEY List,27.0,Skincare
P505471,Maker Perfume Discovery Kit,The Maker,35.0,Fragrance
P505453,Naked Eau de Parfum,The Maker,175.0,Fragrance
P505459,Fire Eau de Parfum,The Maker,175.0,Fragrance
P505466,Wild Eau de Parfum,The Maker,175.0,Fragrance
P505467,Libertine Eau de Parfum,The Maker,175.0,Fragrance
P505443,Paradiso Eau de Parfum,The Maker,175.0,Fragrance
P505465,Stag Eau de Parfum,The Maker,175.0,Fragrance
P505436,Spiritus Candle,The Maker,80.0,Fragrance
P505463,Artist Candle,The Maker,80.0,Fragrance
P505472,Gardener Candle,The Maker,80.0,Fragrance
P476459,Forest Lungs Anti-Stress Fragrance Travel Spray,The Nue Co.,30.0,Skincare
P476447,Debloat+ Anti-Bloat Supplement with Digestive Enzymes,The Nue Co.,45.0,Skincare
P476538,Prebiotic + Probiotic Vegan Gut Microbiome Supplement,The Nue Co.,55.0,Skincare
P480466,Supa Thick Scalp Serum,The Nue Co.,45.0,Hair
P476554,Skin Hydrator Ceramide and Hyaluronic Acid Supplement,The Nue Co.,45.0,Skincare
P476553,Skin Filter Vitamin A and Zinc Blemish + Brightening Supplement,The Nue Co.,45.0,Skincare
P480465,Growth Phase Hair Supplement,The Nue Co.,65.0,Hair
P480358,Mini Debloat+ Anti-Bloat Supplement with Digestive Enzymes,The Nue Co.,18.0,Skincare
P504049,Skin Filter Daily Brightening Phyto-Retinol + AHA Serum,The Nue Co.,65.0,Skincare
P505209,Barrier Culture Moisturizer with Niacinamide & Squalane,The Nue Co.,65.0,Skincare
P503564,The Hair Growth Collection,The Nue Co.,88.0,Hair
P505210,"Barrier Culture Cleanser Pre-, Pro- & Postbiotic Face Wash",The Nue Co.,42.0,Skincare
P427417,Niacinamide 10% + Zinc 1% Oil Control Serum,The Ordinary,6.0,Skincare
P500423,Multi-Peptide Lash and Brow Serum,The Ordinary,14.5,Makeup
P442831,Multi-Peptide Serum for Hair Density,The Ordinary,21.7,Hair
P427419,Hyaluronic Acid 2% + B5 Hydrating Serum,The Ordinary,15.7,Skincare
P442563,AHA 30% + BHA 2% Exfoliating Peeling Solution,The Ordinary,9.5,Skincare
P427406,Glycolic Acid 7% Exfoliating Toning Solution,The Ordinary,13.0,Skincare
P427416,Caffeine 5% + EGCG Depuffing Eye Serum,The Ordinary,8.9,Skincare
P427414,Natural Moisturizing Factors + HA,The Ordinary,6.5,Skincare
P427408,High-Adherence Silicone Primer,The Ordinary,6.7,Makeup
P427415,100% Organic Cold-Pressed Rose Hip Seed Oil,The Ordinary,10.9,Skincare
P427420,Multi-Peptide + HA Serum,The Ordinary,30.8,Skincare
P427413,Lactic Acid 10% + HA 2% Exfoliating Serum,The Ordinary,8.9,Skincare
P427410,Vitamin C Suspension 23% + HA Spheres 2%,The Ordinary,7.8,Skincare
P427411,Azelaic Acid 10% Suspension Brightening Cream,The Ordinary,11.1,Skincare
P502999,"The Hair, Lash & Brow Density Set",The Ordinary,24.3,Hair
P481170,Natural Moisturizing Factors + Hyaluronic Acid Scalp Serum,The Ordinary,14.2,Hair
P444718,Squalane Cleanser,The Ordinary,9.0,Skincare
P447598,High-Spreadability Fluid Primer,The Ordinary,10.0,Makeup
P427412,Alpha Arbutin 2% + HA Hyperpigmentation Serum,The Ordinary,11.1,Skincare
P427418,Granactive Retinoid* 2% Emulsion,The Ordinary,11.7,Skincare
P442830,100% Plant-Derived Squalane,The Ordinary,10.0,Skincare
P448530,Salicylic Acid 2% Masque,The Ordinary,13.3,Skincare
P442754,Ascorbic Acid 8% + Alpha Arbutin 2%,The Ordinary,12.2,Skincare
P442758,Mandelic Acid 10% + HA,The Ordinary,7.5,Skincare
P427409,Vitamin C Suspension 30% in Silicone,The Ordinary,8.3,Skincare
P481171,Sulphate 4% Shampoo Cleanser for Body & Hair,The Ordinary,8.9,Hair
P447596,100% Organic Cold-Pressed Moroccan Argan Oil,The Ordinary,7.5,Skincare
P479732,Salicylic Acid 2% Anhydrous Solution Pore Clearing Serum,The Ordinary,7.2,Skincare
P455900,100% Plant-Derived Hemi-Squalane,The Ordinary,5.0,Skincare
P481172,Behentrimonium Chloride 2% Conditioner,The Ordinary,8.9,Hair
P442752,"""Buffet"" + Copper Peptides 1%",The Ordinary,30.9,Skincare
P442753,Argireline Solution 10%,The Ordinary,9.4,Skincare
P442757,"""B"" Oil",The Ordinary,11.1,Skincare
P455899,Marine Hyaluronics,The Ordinary,8.9,Skincare
P427405,Matrixyl* 10% + HA,The Ordinary,10.5,Skincare
P442759,Amino Acids + B5,The Ordinary,8.9,Skincare
P504028,Multi-Peptide Eye Serum,The Ordinary,25.0,Skincare
P455898,Pycnogenol 5%,The Ordinary,11.1,Skincare
P455338,100% L-Ascorbic Acid Powder,The Ordinary,6.4,Skincare
P455339,Lactic Acid 5% + HA,The Ordinary,7.8,Skincare
P427404,Ascorbyl Tetraisopalmitate Solution 20% in Vitamin F,The Ordinary,19.8,Skincare
P503209,Mini Multi Peptide Hair Density Serum,The Ordinary,13.0,Mini Size
P442755,Resveratrol 3% + Ferulic Acid 3%,The Ordinary,10.0,Skincare
P442756,Ascorbyl Glucoside Solution 12%,The Ordinary,14.3,Skincare
P442833,EUK 134 0.1%,The Ordinary,11.1,Skincare
P482327,Mini Squalane Cleanser,The Ordinary,9.0,Skincare
P468709,100% Niacinamide Powder,The Ordinary,6.4,Skincare
P482328,Mini Natural Moisturizing Factors + HA,The Ordinary,6.5,Skincare
P447597,100% Organic Virgin Chia Seed Oil,The Ordinary,8.5,Skincare
P483496,Salicylic Acid 2% Exfoliating Blemish Solution,The Ordinary,6.5,Skincare
P455897,Ethylated Ascorbic Acid 15% Solution,The Ordinary,20.0,Skincare
P479861,The Bright Set,The Ordinary,40.7,Skincare
P500139,The Skinimalist Set,The Ordinary,22.0,Skincare
P505274,Glucoside Foaming Cleanser,The Ordinary,12.5,Skincare
P396033,The Original MakeUp Eraser Makeup Remover Cloth,The Original MakeUp Eraser,20.0,Makeup
P474845,THE PUFF 5 Piece Set: Tone & Deeply Exfoliate,The Original MakeUp Eraser,15.0,Tools & Brushes
P461466,THE SPONGE,The Original MakeUp Eraser,18.0,Makeup
P504702,Juicy Optimism 7 Piece MakeUp Eraser Set,The Original MakeUp Eraser,25.0,Makeup
P483475,Earth Day Set,The Original MakeUp Eraser,25.0,Makeup
P500018,Smiley MakeUp Eraser 7-Day Set,The Original MakeUp Eraser,25.0,Makeup
P504898,Mini Pink Reusable MakeUp Eraser,The Original MakeUp Eraser,10.0,Makeup
P504073,Ultralight Moisture-Boosting Botanical Oil,The Outset,44.0,Skincare
P483697,Firming Vegan Collagen Prep Serum,The Outset,46.0,Skincare
P504076,Exfoliating Revitalizing & Energizing Caffeine Micro Polish,The Outset,34.0,Skincare
P483699,Restorative Niacinamide Night Cream,The Outset,54.0,Skincare
P483700,Smoothing Vitamin C Eye + Expression Lines Cream,The Outset,42.0,Skincare
P483698,Nourishing Squalane Daily Moisturizer,The Outset,44.0,Skincare
P483696,Gentle Micellar Antioxidant Cleanser,The Outset,32.0,Skincare
P483701,Daily Essentials Travel Set,The Outset,50.0,Skincare
P500417,Phluid Sampler Set,The Phluid Project,20.0,Fragrance
P500434,Transcend Eau de Parfum,The Phluid Project,55.0,Fragrance
P500422,Transcend Eau de Parfum Travel Spray,The Phluid Project,20.0,Fragrance
P500451,Balance Eau de Parfum Travel Spray,The Phluid Project,20.0,Fragrance
P500446,Intention Eau de Parfum,The Phluid Project,20.0,Fragrance
P500431,Humanity Eau de Parfum Travel Spray,The Phluid Project,20.0,Fragrance
P500409,Intention Eau de Parfum Travel Spray,The Phluid Project,20.0,Fragrance
P500447,Balance Eau de Parfum,The Phluid Project,20.0,Fragrance
P500443,Humanity Eau de Parfum,The Phluid Project,20.0,Fragrance
P38221,Florence,TOCCA,80.0,Fragrance
P54900,Cleopatra,TOCCA,80.0,Fragrance
P234438,Giulietta,TOCCA,80.0,Fragrance
P38220,Stella,TOCCA,80.0,Fragrance
P440917,Gia,TOCCA,27.0,Fragrance
P258057,Bianca,TOCCA,46.0,Fragrance
P377472,Giulietta Rollerball,TOCCA,27.0,Fragrance
P392941,Stella Travel Spray,TOCCA,46.0,Fragrance
P442943,Mini Replica Wardrobe Set,TOCCA,48.0,Fragrance
P428443,Maya,TOCCA,27.0,Fragrance
P428442,Maya Rollerball,TOCCA,27.0,Fragrance
P442598,Maya Hair Fragrance,TOCCA,34.0,Fragrance
P404752,Emelia,TOCCA,76.0,Fragrance
P440918,Gia Rollerball,TOCCA,27.0,Fragrance
P392937,Giulietta Travel Spray,TOCCA,46.0,Fragrance
P392935,Florence Travel Spray,TOCCA,46.0,Fragrance
P392931,Cleopatra Travel Spray,TOCCA,46.0,Fragrance
P422568,Eye Color Quad Eyeshadow Palette,TOM FORD,90.0,Makeup
P416057,Lip Color Lipstick,TOM FORD,59.0,Makeup
P436489,Lost Cherry,TOM FORD,395.0,Fragrance
P416222,Lip Color Matte Lipstick,TOM FORD,59.0,Makeup
P393151,Tobacco Vanille,TOM FORD,295.0,Fragrance
P456175,Mini Soleil Blanc Shimmering Body Oil,TOM FORD,34.0,Fragrance
P449372,Gloss Luxe Lip Gloss,TOM FORD,59.0,Makeup
P183301,Black Orchid Eau de Parfum,TOM FORD,150.0,Fragrance
P406527,Soleil Blanc Shimmering Body Oil,TOM FORD,100.0,Fragrance
P464308,Lost Cherry Travel Spray,TOM FORD,80.0,Fragrance
P459506,Traceless Soft Matte Foundation,TOM FORD,90.0,Makeup
P422453,Traceless Foundation Stick,TOM FORD,90.0,Makeup
P406526,Soleil Blanc,TOM FORD,295.0,Fragrance
P433672,Tobacco Vanille Travel Spray,TOM FORD,70.0,Fragrance
P422574,Shade And Illuminate Cream Contour Duo,TOM FORD,90.0,Makeup
P464304,Bitter Peach Eau De Parfum,TOM FORD,395.0,Fragrance
P464313,Soleil Balm Frost Lip Balm,TOM FORD,58.0,Makeup
P429291,Fucking Fabulous,TOM FORD,395.0,Fragrance
P429018,Ultra Shine Lip Color,TOM FORD,59.0,Makeup
P393167,Oud Wood,TOM FORD,295.0,Fragrance
P387250,Velvet Orchid,TOM FORD,150.0,Fragrance
P433669,Soleil Blanc Travel Spray,TOM FORD,70.0,Fragrance
P433663,Ombré Leather Eau de Parfum,TOM FORD,150.0,Fragrance
P448464,Fucking Fabulous Travel Spray,TOM FORD,80.0,Fragrance
P428452,Eau de Soleil Blanc,TOM FORD,150.0,Fragrance
P422571,Eye Defining Pen Liquid Eyeliner Duo,TOM FORD,62.0,Makeup
P455598,Rose Prick,TOM FORD,395.0,Fragrance
P378133,Neroli Portofino,TOM FORD,295.0,Fragrance
P430909,Black Orchid Eau de Parfum Travel Spray,TOM FORD,50.0,Fragrance
P477712,Bitter Peach Eau de Parfum Travel Spray,TOM FORD,80.0,Fragrance
P450194,Soleil Neige,TOM FORD,295.0,Fragrance
P443930,Soleil Glow Bronzer,TOM FORD,70.0,Makeup
P481356,Eye Color Crème Eyeshadow Quad,TOM FORD,90.0,Makeup
P430910,Velvet Orchid Travel Spray,TOM FORD,50.0,Fragrance
P433671,Oud Wood Travel Spray,TOM FORD,70.0,Fragrance
P393141,Jasmin Rouge,TOM FORD,295.0,Fragrance
P422552,Shade and Illuminate Highlighting Duo,TOM FORD,89.0,Makeup
P476743,Lip Blush Lip Balm,TOM FORD,58.0,Makeup
P446023,Eau de Soleil Blanc Travel Spray,TOM FORD,50.0,Fragrance
P393159,Santal Blush,TOM FORD,180.0,Fragrance
P476744,Shade & Illuminate Blush Duo,TOM FORD,95.0,Makeup
P468419,Rose Prick Travel Spray,TOM FORD,80.0,Fragrance
P464305,Soleil Neige Eau De Parfum Travel Spray,TOM FORD,70.0,Fragrance
P393137,White Suede,TOM FORD,295.0,Fragrance
P395693,Noir Extreme,TOM FORD,215.0,Fragrance
P393163,Noir de Noir,TOM FORD,295.0,Fragrance
P393153,Tuscan Leather,TOM FORD,295.0,Fragrance
P459414,Ombré Leather Eau de Parfum Travel Spray,TOM FORD,50.0,Fragrance
P392229,Mandarino Di Amalfi,TOM FORD,295.0,Fragrance
P460873,Black Orchid Parfum,TOM FORD,235.0,Fragrance
P477827,Mini Soleil Neige Shimmering Body Oil,TOM FORD,34.0,Fragrance
P478734,Ébène Fumé Eau de Parfum,TOM FORD,295.0,Fragrance
P428696,Vanille Fatale,TOM FORD,295.0,Fragrance
P504169,Cherry Smoke,TOM FORD,395.0,Fragrance
P443932,Lip Blush,TOM FORD,58.0,Makeup
P481174,Bitter Peach Lip Color Matte Lipstick,TOM FORD,58.0,Makeup
P428908,Brow Sculptor,TOM FORD,56.0,Makeup
P504167,Electric Cherry,TOM FORD,395.0,Fragrance
P438529,Fucking Fabulous Candle,TOM FORD,135.0,Fragrance
P448155,MÉTALLIQUE,TOM FORD,235.0,Fragrance
P501561,Lost Cherry Perfume Set,TOM FORD,390.0,Fragrance
P451871,White Suede Travel Spray,TOM FORD,70.0,Fragrance
P451872,Noir de Noir Travel Spray,TOM FORD,65.0,Fragrance
P450195,Soleil Neige Shimmering Body Oil,TOM FORD,100.0,Bath & Body
P445433,Emotionproof Mascara,TOM FORD,50.0,Makeup
P470554,Soleil Brulant,TOM FORD,395.0,Fragrance
P464307,Lost Cherry Candle,TOM FORD,135.0,Fragrance
P467979,Costa Azzurra Eau de Parfum,TOM FORD,150.0,Fragrance
P468710,Tubéreuse Nue,TOM FORD,395.0,Fragrance
P503100,Soleil Neige Eye Color Quad,TOM FORD,90.0,Makeup
P474863,Ombré Leather Parfum,TOM FORD,235.0,Fragrance
P479655,Rose D'Amalfi Eau De Parfum,TOM FORD,295.0,Fragrance
P422546,Extreme Mascara,TOM FORD,50.0,Makeup
P411714,Conditioning Beard Oil,TOM FORD,57.0,Men
P468711,Rose Prick Candle,TOM FORD,135.0,Fragrance
P473735,Soleil Brulant Eau de Parfum Travel Spray,TOM FORD,80.0,Fragrance
P483499,Sheer Cheek Duo,TOM FORD,84.0,Makeup
P481173,Bitter Peach Eye Colour Eyeshadow Palette,TOM FORD,89.0,Makeup
P501479,Bitter Peach Perfume Set,TOM FORD,390.0,Fragrance
P474864,Ombré Leather Parfum Travel Spray,TOM FORD,65.0,Fragrance
P481398,Rose De Chine Eau De Parfum,TOM FORD,295.0,Fragrance
P481747,Traceless Soft Matte Primer,TOM FORD,90.0,Makeup
P481351,Costa Azzurra Parfum,TOM FORD,235.0,Fragrance
P448466,Tuscan Leather Travel Spray,TOM FORD,70.0,Fragrance
P433910,Fougère d'Argent,TOM FORD,295.0,Fragrance
P430912,Noir Extreme Travel Spray,TOM FORD,49.0,Fragrance
P477832,Tubéreuse Nue Travel Spray,TOM FORD,80.0,Fragrance
P411725,Brow Gel Comb,TOM FORD,54.0,Makeup
P502494,Bois Marocain Eau de Parfum,TOM FORD,295.0,Fragrance
P501540,Oud Wood Perfume Set,TOM FORD,285.0,Fragrance
P502337,Ebene Fume Eau de Parfum Travel Spray,TOM FORD,75.0,Fragrance
P480194,Bitter Peach Candle,TOM FORD,135.0,Fragrance
P501520,Noir Extreme Parfum,TOM FORD,235.0,Fragrance
P454404,Beau de Jour,TOM FORD,150.0,Fragrance
P505166,Rose Prick Eye Color Crème Eyeshadow Quad,TOM FORD,90.0,Makeup
P505165,Rose Prick Lip Color Satin Matte,TOM FORD,60.0,Makeup
P458271,Most Wanted Lip Color Lipstick Collection,TOM FORD,59.0,Makeup
P505387,Traceless Soft Matte Concealer,TOM FORD,60.0,Makeup
P501516,Eyebrow Laminator,TOM FORD,55.0,Makeup
P505393,Eye Color Quad - Cherry Collection,TOM FORD,90.0,Makeup
P381000,Better Than Sex Volumizing & Lengthening Mascara,Too Faced,28.0,Makeup
P432298,Born This Way Super Coverage Multi-Use Longwear Concealer,Too Faced,34.0,Makeup
P397517,Born This Way Natural Finish Longwear Liquid Foundation,Too Faced,45.0,Makeup
P407636,Melted Matte Liquid Lipstick,Too Faced,26.0,Makeup
P229406,Chocolate Soleil Matte Bronzer,Too Faced,35.0,Makeup
P378111,Lip Injection Extreme Hydrating Lip Plumper,Too Faced,29.0,Makeup
P407907,Sweet Peach Eyeshadow Palette,Too Faced,49.0,Makeup
P387589,Hangover Replenishing Face Primer,Too Faced,37.0,Makeup
P420166,Hangover 3-in-1 Replenishing Primer & Setting Spray,Too Faced,36.0,Makeup
P425608,Mini Better Than Sex Volumizing & Lengthening Mascara,Too Faced,16.0,Mini Size
P425607,Mini Lip Injection Extreme Hydrating Lip Plumper,Too Faced,16.0,Mini Size
P426850,Diamond Light Highlighter,Too Faced,39.0,Makeup
P202625,Shadow Insurance 24-Hour Eyeshadow Primer,Too Faced,26.0,Makeup
P407908,Better Than Sex Volumizing & Lengthening Waterproof Mascara,Too Faced,28.0,Makeup
P455201,Born This Way The Natural Nudes Eyeshadow Palette,Too Faced,52.0,Makeup
P429602,Natural Eyes Eyeshadow Palette,Too Faced,44.0,Makeup
P74520,Lip Injection Hydrating & Plumping Lip Gloss,Too Faced,26.0,Makeup
P467795,Lip Injection Power Plumping Hydrating Lip Gloss,Too Faced,26.0,Makeup
P504072,Cloud Crush Blurring Blush,Too Faced,29.0,Makeup
P429604,Natural Face Palette,Too Faced,44.0,Makeup
P467794,Lip Injection Maximum Plump Extra Strength Hydrating Lip Plumper,Too Faced,33.0,Makeup
P442803,Peach Puff Long-Wearing Diffused Matte Lip Color,Too Faced,19.0,Makeup
P460018,Hangover Pillow Balm Ultra-Hydrating Lip Balm,Too Faced,26.0,Makeup
P48406,Sun Bunny Natural Bronzer,Too Faced,35.0,Makeup
P425855,Mini Better Than Sex Waterproof Mascara,Too Faced,16.0,Mini Size
P458586,Born This Way Matte Longwear Liquid Foundation,Too Faced,45.0,Makeup
P425602,Mini Hangover Replenishing Face Primer,Too Faced,18.0,Mini Size
P471584,Mini Lip Injection Maximum Plump Extra Strength Hydrating Lip Plumper,Too Faced,18.0,Makeup
P444600,Damn Girl! 24-Hour Mascara,Too Faced,29.0,Makeup
P439069,Pretty Rich Diamond Light Eyeshadow Palette,Too Faced,49.0,Makeup
P447123,Born This Way Pressed Powder Foundation,Too Faced,39.0,Makeup
P467151,Killer Liner 36 Hour Waterproof Gel Eyeliner,Too Faced,23.0,Makeup
P441854,Better Than Sex Easy Glide Waterproof Liquid Eyeliner,Too Faced,24.0,Makeup
P484079,Born This Way Ethereal Light Smoothing Concealer,Too Faced,26.0,Makeup
P502382,Mini Lip Injection Plumping Mobile Lip Plumper Set,Too Faced,36.0,Makeup
P456594,Peach Perfect Instant Coverage Concealer - Peaches and Cream Collection,Too Faced,22.0,Makeup
P480363,Too Femme Heart Core Lipstick,Too Faced,26.0,Makeup
P476747,Lady Bold Cream Lipstick,Too Faced,28.0,Makeup
P483500,Born This Way Sunset Stripped Eyeshadow Palette,Too Faced,52.0,Makeup
P475179,Lip Injection Power Plumping Cream Liquid Lipstick,Too Faced,28.0,Makeup
P476746,Lady Bold Waterproof Longwear Lip Liner,Too Faced,20.0,Makeup
P501036,Cocoa Bold Cream Lipstick,Too Faced,28.0,Makeup
P447768,Mini Damn Girl! 24-Hour Mascara,Too Faced,17.0,Mini Size
P484078,Fluff & Hold Laminating Brow Wax,Too Faced,25.0,Makeup
P502503,Mini Secret Santa Eyeshadow Palette,Too Faced,29.0,Mini Size
P467266,Kitty Likes to Scratch Mini Eyeshadow Palette,Too Faced,29.0,Mini Size
P467267,Let’s Play Mini Eyeshadow Palette,Too Faced,29.0,Mini Size
P467981,Plump & Prime Face Plumping Primer Serum,Too Faced,45.0,Makeup
P475178,Lip Injection Power Plumping Hydrating Liquid Lip Balm,Too Faced,26.0,Makeup
P428037,Mini Hangover 3-in-1 Replenishing Primer & Setting Spray,Too Faced,18.0,Mini Size
P501013,Born This Way Ethereal Setting Powder,Too Faced,38.0,Makeup
P501033,Better Than Chocolate Eyeshadow Palette,Too Faced,54.0,Makeup
P502499,Melted Matte PSL Liquid Lipstick,Too Faced,26.0,Makeup
P501027,Chocolate Soleil Natural Bronzer,Too Faced,35.0,Makeup
P504178,Cheek Popper Blushing Highlighter,Too Faced,27.0,Makeup
P473825,Brow Wig Brush on Eyebrow Gel,Too Faced,25.0,Makeup
P473851,Pomade In A Pencil Eyebrow Shaper & Filler,Too Faced,25.0,Makeup
P473854,Super Fine Brow Detailer Eyebrow Pencil,Too Faced,25.0,Makeup
P504182,Pinker Times Ahead Eyeshadow Palette,Too Faced,39.0,Makeup
P504037,Makeup Insurance Longwear Setting Spray + Blue Light Defense,Too Faced,34.0,Makeup
P505390,Lip Injection Extreme Lip Shaper Plumping Lip Liner,Too Faced,24.0,Makeup
P505386,Born This Way Healthy Glow Spf 30 Moisturizing Skin Tint,Too Faced,42.0,Makeup
P479355,High Roller Ingrown Hair Tonic with AHA and BHA,Topicals,26.0,Bath & Body
P470259,Faded Serum for Dark Spots & Discoloration,Topicals,38.0,Skincare
P484080,Mini Faded Serum for Dark Spots & Discoloration,Topicals,18.0,Skincare
P481500,Slather Exfoliating Body Serum with Retinol and AHAs,Topicals,30.0,Bath & Body
P474378,Faded Brightening & Clearing Mist,Topicals,32.0,Bath & Body
P474379,"Like Butter Body Hydrating and Soothing Mist for Dry, Sensitive & Eczema-Prone Skin",Topicals,30.0,Bath & Body
P480529,Power Mist Hydrating Hand Sanitizer,Touchland,10.0,Bath & Body
P480530,Glow Mist Rejuvenating Hand Sanitizer,Touchland,16.0,Bath & Body
P448854,ShineOn Lip Jelly Non-Sticky Gloss,Tower 28 Beauty,16.0,Makeup
P449342,BeachPlease Lip + Cheek Cream Blush,Tower 28 Beauty,20.0,Makeup
P477829,SunnyDays SPF 30 Tinted Sunscreen Foundation,Tower 28 Beauty,32.0,Makeup
P502484,MakeWaves Lengthening + Volumizing Mascara,Tower 28 Beauty,20.0,Makeup
P458281,Bronzino Illuminating Cream Bronzer,Tower 28 Beauty,20.0,Makeup
P448852,SOS Daily Rescue Facial Spray,Tower 28 Beauty,12.0,Skincare
P504183,JuiceBalm Vegan Tinted Lip Balm,Tower 28 Beauty,16.0,Makeup
P448855,SuperDew Shimmer-Free Highlight Balm,Tower 28 Beauty,18.0,Makeup
P501332,Dreamy Gleamy Holiday Lip Gloss Duo Set,Tower 28 Beauty,22.0,Makeup
P504041,OneLiner Lip Liner + Eyeliner + Cheek Pencil,Tower 28 Beauty,15.0,Makeup
P503943,Sculptino Soft Matte Cream Contour + Bronzer,Tower 28 Beauty,20.0,Makeup
P448853,Mini SOS Daily Rescue Facial Spray,Tower 28 Beauty,12.0,Skincare
P500121,SOS Intensive Redness Relief Serum,Tower 28 Beauty,34.0,Skincare
P475182,The Cult Classic Purifying Face Cleanser,TULA Skincare,34.0,Skincare
P482757,Mini The Cult Classic Purifying Face Cleanser,TULA Skincare,12.0,Skincare
P475185,24-7 Moisture Hydrating Day & Night Cream,TULA Skincare,54.0,Skincare
P475203,Mini 24-7 Moisture Hydrating Day & Night Cream,TULA Skincare,26.0,Skincare
P475190,Rose Glow + Get It Cooling & Brightening Eye Balm,TULA Skincare,32.0,Skincare
P475181,Glow + Get It Cooling & Brightening Eye Balm,TULA Skincare,30.0,Skincare
P475194,Brightening Treatment Drops Triple Vitamin C Serum,TULA Skincare,56.0,Skincare
P481748,Bright Start Vitamin C Antioxidant Brightening Moisturizer,TULA Skincare,56.0,Skincare
P482753,Protect + Glow Daily Sunscreen Gel Broad Spectrum SPF 30,TULA Skincare,38.0,Skincare
P475201,24-7 Power Swipe Hydrating Day & Night Treatment Eye Balm,TULA Skincare,38.0,Skincare
P484081,Eye Recharge + Replenish Pro-Ferm Overnight Eye Cream with Bakuchiol and Peptides,TULA Skincare,56.0,Skincare
P503652,24-7 Moisture Intense Ultra Hydrating Day & Night Cream with Hyaluronic Acid + Squalane,TULA Skincare,58.0,Skincare
P475180,On The Go Best Sellers Travel Kit,TULA Skincare,49.0,Skincare
P475188,Instant De-Puff Eye Renewal Serum,TULA Skincare,58.0,Skincare
P501316,Beauty Sleep Overnight Repair Treatment Cream with AHA's and Vitamin C,TULA Skincare,68.0,Skincare
P475189,Secret Solutions Pro-Glycolic 10% Resurfacing Toner,TULA Skincare,46.0,Skincare
P482754,Mineral Magic Oil-Free Mineral Sunscreen Fluid Broad Spectrum SPF 30,TULA Skincare,38.0,Skincare
P475197,Balancing Act Purifying & pH Balancing Biodegradable Toner Pads,TULA Skincare,36.0,Skincare
P475184,Hello Radiance Illuminating Serum,TULA Skincare,68.0,Skincare
P475195,Protect + Plump Firming & Hydrating Face Moisturizer,TULA Skincare,64.0,Skincare
P475192,So Poreless Deep Exfoliating Blackhead Scrub,TULA Skincare,34.0,Skincare
P475183,So Polished Exfoliating Sugar Scrub,TULA Skincare,34.0,Skincare
P475204,Sensitive Skin Treatment Drops Calming Vitamin B Serum,TULA Skincare,48.0,Skincare
P475193,Wrinkle Treatment Drops Retinol Alternative Serum,TULA Skincare,68.0,Skincare
P475186,Revive + Rewind Revitalizing Eye Cream,TULA Skincare,52.0,Skincare
P475196,So Smooth Resurfacing & Brightening Fruit Enzyme Mask,TULA Skincare,36.0,Skincare
P475200,Your Best Skin at Every Age Firming & Smoothing Discovery Kit,TULA Skincare,66.0,Skincare
P475187,Firm Up Deep Wrinkle Serum,TULA Skincare,84.0,Skincare
P482755,Claydate Detoxifying & Toning Face Mask Stick,TULA Skincare,36.0,Skincare
P475198,Prime of Your Life Smoothing & Firming Treatment Primer,TULA Skincare,42.0,Makeup
P475191,Brighten Up Smoothing Primer Gel,TULA Skincare,34.0,Makeup
P505409,"24-7 Ultra Hydration Triple-Hydra Complex Day & Night Serum with Hyaluronic Acid, Squalane & Collagen",TULA Skincare,48.0,Skincare
P384903,Brow Shaping Scissors & Brush,TWEEZERMAN,21.0,Makeup
P389168,Smooth Finish Facial Hair Remover,TWEEZERMAN,20.0,Tools & Brushes
P390932,Pink Perfection Mini Slant Tweezer,TWEEZERMAN,16.0,Makeup
P377005,Pink Perfection Slant Tweezer,TWEEZERMAN,24.0,Tools & Brushes
P398357,ProMaster Eyelash Curler,TWEEZERMAN,24.0,Makeup
P230701,ProCurl Eyelash Curler,TWEEZERMAN,24.0,Tools & Brushes
P375640,Stainless Steel Slant Tweezer,TWEEZERMAN,24.0,Tools & Brushes
P377523,Pink Perfection Petite Tweeze Set,TWEEZERMAN,28.0,Tools & Brushes
P460845,Mini Rose Gold Slant Tweezer,TWEEZERMAN,18.0,Makeup
P473738,Sole Smoother Antibacterial Callus Stone,TWEEZERMAN,21.0,Bath & Body
P442763,Micro Mini Pink Perfection Tweezer Set,TWEEZERMAN,25.0,Makeup
P377004,Pink Perfection Point Tweezer,TWEEZERMAN,25.0,Tools & Brushes
P460010,Prep & Plane Facial Razors,TWEEZERMAN,10.0,Skincare
P377007,Pink Perfection Pointed Slant Tweezer,TWEEZERMAN,26.0,Tools & Brushes
P473736,Mini Cuticle Nipper,TWEEZERMAN,14.0,Makeup
P473737,Cuticle Pusher and Nail Cleaner,TWEEZERMAN,18.0,Makeup
P473739,Nail Clipper Set,TWEEZERMAN,12.0,Makeup
P463103,Rose Gold Slant Tweezer,TWEEZERMAN,24.0,Tools & Brushes
P263504,All Nighter Long-Lasting Makeup Setting Spray,Urban Decay,36.0,Makeup
P409523,Vice Hydrating Lipstick,Urban Decay,21.0,Makeup
P133707,24/7 Glide-On Waterproof Eyeliner Pencil,Urban Decay,25.0,Makeup
P309813,24/7 Eyeshadow,Urban Decay,21.0,Makeup
P384099,Naked3 Eyeshadow Palette,Urban Decay,59.0,Makeup
P284716,Eyeshadow Primer Potion,Urban Decay,27.0,Makeup
P74312,Heavy Metal Glitter Eyeliner,Urban Decay,25.0,Makeup
P378821,24/7 Moondust Eyeshadow,Urban Decay,24.0,Makeup
P388225,Naked2 Basics Eyeshadow Palette,Urban Decay,33.0,Mini Size
P422455,Mini All Nighter Long-Lasting Makeup Setting Spray,Urban Decay,16.0,Mini Size
P420913,Naked Heat Eyeshadow Palette,Urban Decay,59.0,Makeup
P219001,24/7 Glide-On Lip Pencil,Urban Decay,25.0,Makeup
P277222,De-Slick Oil-Control Makeup Setting Spray,Urban Decay,36.0,Makeup
P410548,All Nighter Liquid Foundation,Urban Decay,40.0,Makeup
P387956,Perversion Volumizing Mascara,Urban Decay,28.0,Makeup
P422461,Mini Original Eyeshadow Primer Potion,Urban Decay,16.0,Mini Size
P381306,Eyeshadow Primer Potion - Anti-Aging,Urban Decay,27.0,Makeup
P447143,Stay Naked Weightless Foundation,Urban Decay,40.0,Makeup
P440905,Brow Blade Waterproof Eyebrow Pencil & Ink Stain,Urban Decay,28.0,Makeup
P440907,Naked Reloaded Eyeshadow Palette,Urban Decay,50.0,Makeup
P468712,Naked Wild West Eyeshadow Palette,Urban Decay,49.0,Makeup
P474380,Mini Naked3 Eyeshadow Palette,Urban Decay,33.0,Makeup
P467658,Hydromaniac Glowy Tinted Hydrator Foundation,Urban Decay,33.0,Makeup
P422458,Mini De-Slick Oil-Control Makeup Setting Spray,Urban Decay,16.0,Mini Size
P447553,Stay Naked Correcting Concealer,Urban Decay,30.0,Makeup
P501181,Vice Lip Bond Glossy Liquid Lipstick,Urban Decay,27.0,Makeup
P431455,All Nighter Waterproof Setting Powder,Urban Decay,35.0,Makeup
P401771,24/7 Waterline Eye Pencil,Urban Decay,25.0,Makeup
P432630,24/7 Glide-On Eye Pencil - Born To Run Collection,Urban Decay,25.0,Makeup
P387594,Subversion Lash Primer,Urban Decay,26.0,Makeup
P482758,All Nighter Long-Lasting Makeup Setting Spray with Vitamin C,Urban Decay,36.0,Makeup
P454337,All Nighter Face Primer,Urban Decay,38.0,Makeup
P422460,Mini Anti-Aging Eyeshadow Primer Potion,Urban Decay,16.0,Mini Size
P395733,Ultimate Ozone Multipurpose Primer Pencil,Urban Decay,22.0,Makeup
P500430,Mini Naked Eyeshadow Palette,Urban Decay,33.0,Mini Size
P501510,UD x Robin Eisenberg All Nighter Setting Spray Duo Set,Urban Decay,42.0,Makeup
P503994,Quickie 24H Multi-Use Hydrating Full-Coverage Concealer,Urban Decay,33.0,Makeup
P415988,Quick Fix Hydracharged Complexion Prep Priming Spray,Urban Decay,36.0,Makeup
P461544,Ultra Glow All Nighter Setting Spray,Urban Decay,36.0,Makeup
P453943,All Nighter Ultra Matte Makeup Setting Spray,Urban Decay,36.0,Makeup
P219007,Grindhouse Double Barrel Pencil Sharpener,Urban Decay,12.0,Tools & Brushes
P422466,Mini Perversion Volumizing Mascara,Urban Decay,16.0,Mini Size
P461545,Ultra Glow All Nighter Primer,Urban Decay,38.0,Makeup
P437925,24/7 Glide-On Eye Pencil - Naked Cherry Collection,Urban Decay,25.0,Makeup
P446816,24/7 Glide-On Eye Pencil - Sparkle Out Loud Collection,Urban Decay,25.0,Makeup
P454606,Stay Naked The Fix Powder Foundation,Urban Decay,40.0,Makeup
P454338,"Stay Naked Threesome Blush, Bronzer, & Highlighter Palette",Urban Decay,38.0,Makeup
P463116,Mini All Nighter Ultra Matte Setting Spray,Urban Decay,16.0,Makeup
P456357,Inked Brow Gel,Urban Decay,26.0,Makeup
P445423,Perversion Waterproof Mascara,Urban Decay,28.0,Makeup
P445424,Perversion Waterproof Liquid Eyeliner,Urban Decay,25.0,Makeup
P455265,Mini Stay Naked Correcting Concealer,Urban Decay,14.0,Makeup
P463117,Mini All Nighter Complexion Primer,Urban Decay,16.0,Makeup
P503573,UD x Robin Eisenberg Good to Go Mini Eye Set,Urban Decay,25.0,Makeup
P456361,Brow Beater Waterproof Brow Pencil & Spoolie,Urban Decay,24.0,Makeup
P503579,UD x Robin Eisenberg 24/7 Glide-On Waterproof Eyeliner Pencil Holidaze Set,Urban Decay,23.0,Makeup
P482077,Wild Lash Plant-Powered Volumizing Mascara,Urban Decay,28.0,Makeup
P500474,Mini Wild Lash Plant-Powered Volumizing Mascara,Urban Decay,16.0,Mini Size
P446821,Heavy Metal Glitter Eyeliner - Sparkle Out Loud Collection,Urban Decay,25.0,Makeup
P449116,Donna Born In Roma Eau de Parfum,Valentino,130.0,Fragrance
P449117,Donna Born In Roma Eau de Parfum Travel Spray,Valentino,35.0,Fragrance
P500251,Mini Born In Roma Perfume Set,Valentino,35.0,Fragrance
P462409,Voce Viva Eau de Parfum,Valentino,156.0,Fragrance
P479501,Rosso Valentino High Pigment Refillable Lipstick,Valentino,45.0,Makeup
P462410,Voce Viva Eau de Parfum Travel Spray,Valentino,35.0,Fragrance
P480365,Born in Roma Coral Fantasy Eau de Parfum,Valentino,156.0,Fragrance
P479473,Eye2Cheek Eyeshadow and Blush,Valentino,52.0,Makeup
P452943,Uomo Born In Roma,Valentino,96.0,Fragrance
P470063,Donna Born in Roma Yellow Dream Eau de Parfum,Valentino,156.0,Fragrance
P503054,Born in Roma Trio Gift Set,Valentino,65.0,Fragrance
P474381,Voce Viva Intensa Eau de Parfum,Valentino,156.0,Fragrance
P504312,Donna Born In Roma Intense Eau de Parfum,Valentino,35.0,Fragrance
P479508,Twin Liner Gel and Liquid Eyeliner,Valentino,40.0,Makeup
P504337,Donna Born In Roma Intense Eau de Parfum Travel Spray,Valentino,35.0,Mini Size
P479471,Dreamdust Glitter Eyeshadow,Valentino,32.0,Makeup
P479491,Mini Rosso Valentino Lipstick,Valentino,25.0,Mini Size
P482759,Uomo Coral Fantasy Cologne,Valentino,115.0,Fragrance
P470062,Uomo Yellow Dream Cologne,Valentino,115.0,Fragrance
P500141,Voce Viva Intensa Travel Spray,Valentino,35.0,Fragrance
P479462,Brow Trio Eyebrow Liner,Valentino,40.0,Makeup
P479510,V-Lighter Illuminating Face Primer and Highlighter with Hyaluronic Acid,Valentino,58.0,Makeup
P503173,Voce Viva Perfume Set,Valentino,122.0,Fragrance
P479487,Magnificent Smudgeproof Volumizing Mascara,Valentino,32.0,Makeup
P479463,Color Flip Eyeshadow Palette,Valentino,98.0,Makeup
P479479,Go-Clutch Finishing Powder Refill Pan,Valentino,50.0,Makeup
P479500,Rosso Valentino Lipstick Refill,Valentino,30.0,Makeup
P479480,Go-Clutch Refillable Radiant Setting Powder,Valentino,205.0,Makeup
P479472,Dreamdust Lip and Cheek Loose Glitter,Valentino,32.0,Makeup
P504451,Uomo Born In Roma Intense Eau de Parfum,Valentino,110.0,Fragrance
P473007,GRO Hair Serum for Thinning Hair,Vegamour,58.0,Hair
P473012,GRO More Kit (Serum + Gummies),Vegamour,74.0,Hair
P501535,GRO Scalp Massager,Vegamour,18.0,Hair
P473003,GRO Revitalizing Shampoo for Thinning Hair,Vegamour,48.0,Hair
P473008,"GRO Scalp Detox Clarifying Treatment for Dry, Flaky, Oily Scalp",Vegamour,42.0,Hair
P500338,GRO AGELESS Anti-Gray Hair Serum,Vegamour,78.0,Hair
P473005,GRO Dry Shampoo for Thinning Hair,Vegamour,36.0,Hair
P473004,GRO Revitalizing Conditioner for Thinning Hair,Vegamour,48.0,Hair
P473011,GRO Biotin Gummies for Thinning Hair,Vegamour,36.0,Hair
P473009,GRO Volumizing Lash Serum,Vegamour,72.0,Makeup
P483095,GRO Hair Serum Trio Set,Vegamour,148.0,Hair
P500299,Mini GRO Revitalizing Shampoo for Thinning Hair,Vegamour,48.0,Hair
P500312,Mini GRO Revitalizing Conditioner for Thinning Hair,Vegamour,14.0,Hair
P473010,GRO Volumizing Brow Serum,Vegamour,72.0,Makeup
P481175,GRO WELL Hair Boost Supplement Powder + Probiotic,Vegamour,68.0,Hair
P500639,GRO Ageless Gray Delay Hair Supplement,Vegamour,78.0,Hair
P504617,HYDR-8 Deep Moisture Repair Hair Mask,Vegamour,52.0,Hair
P473006,GRO Hair Foam for Thinning Hair,Vegamour,58.0,Hair
P504453,GRO Revitalizing Shampoo and Conditioner Set for Thinning Hair,Vegamour,86.0,Hair
P504602,HYDR-8 Hydrate and Repair Shampoo,Vegamour,38.0,Hair
P504593,HYDR-8 Hydrate and Repair Conditioner,Vegamour,38.0,Hair
P478532,GRO Hair Serum Trio for Thinning Hair,Vegamour,148.0,Hair
P504600,Mini GRO Dry Shampoo for Thinning Hair,Vegamour,18.0,Hair
P429277,Effortless - No Trim - Natural Lash Collection,Velour Lashes,26.0,Makeup
P429278,Effortless Kit - No Trim No Measure Natural Lash Kit,Velour Lashes,29.0,Makeup
P420513,Lash Adhesive,Velour Lashes,12.0,Makeup
P420514,Too Easy Lash Applicator,Velour Lashes,22.0,Makeup
P477378,Magnetic Effortless Kit - No Trim No Measure Magnetic Lash Kit,Velour Lashes,35.0,Makeup
P468423,Vegan Mink Luxe Lash Collection,Velour Lashes,27.0,Makeup
P477379,Magnetic Effortless - No Trim Natural Lash Collection,Velour Lashes,28.0,Makeup
P460561,Fluff'n Brow Pencil - 3-in-1 Brow Pencil and Balm,Velour Lashes,25.0,Makeup
P477377,Lash & Go Eyeliner 3-in-1 Eyeliner + Magnetic Lash Adhesive,Velour Lashes,25.0,Makeup
P449085,The Glamoureyes Kit,Velour Lashes,29.0,Makeup
P471585,Pretty Big Deal Tubing Mascara & Peptide Lash Serum,Velour Lashes,26.0,Makeup
P481177,Long & Strong Lash Serum,Velour Lashes,42.0,Makeup
P501532,Plant Fibre Lash Collection,Velour Lashes,24.0,Makeup
P481176,24hr Lash Care Kit,Velour Lashes,30.0,Makeup
P399992,Ghost WeightlessHairOil,Verb,26.0,Hair
P421945,Ghost Shampoo,Verb,20.0,Hair
P421944,Ghost Conditioner,Verb,20.0,Hair
P468714,Volume Dry Texture Spray,Verb,20.0,Hair
P406901,HydratingHair TreatmentMask,Verb,20.0,Hair
P399995,Leave-In Conditioning Mist,Verb,20.0,Hair
P399994,Hydrating Shampoo,Verb,20.0,Hair
P423400,Ghost PrepHeat Protectant,Verb,20.0,Hair
P399993,Hydrating Conditioner,Verb,20.0,Hair
P484084,Glossy Shine Heat Protectant Spray,Verb,20.0,Hair
P421943,Ghost DryConditionerOil,Verb,20.0,Hair
P457414,Purple Toning + Hydrating Hair Mask,Verb,20.0,Hair
P442789,Ghost Hair Mask,Verb,20.0,Hair
P399988,Curl Cream,Verb,20.0,Hair
P399991,Ghost Hairspray,Verb,20.0,Hair
P410207,Volume Shampoo,Verb,20.0,Hair
P431722,Dry Shampoo for Dark Hair,Verb,20.0,Hair
P480642,Ghost Exfoliating Scalp Serum,Verb,20.0,Hair
P472076,Moringa + Jojoba Hair Treatment Oil,Verb,20.0,Hair
P471107,Ghost Weightless Shampoo and Conditioner Jumbo Set for Fine Hair,Verb,70.0,Hair
P431723,Dry Shampoo for Light Hair,Verb,20.0,Hair
P413684,Detangling Brush,Verb,20.0,Hair
P447113,Reset Clarifying Shampoo,Verb,20.0,Hair
P399999,Volume Spray,Verb,20.0,Hair
P452404,Curl Leave-In Conditioner,Verb,20.0,Hair
P410208,Volume Conditioner,Verb,20.0,Hair
P447114,Reset RepairingHairMask,Verb,20.0,Hair
P468713,Volume Texture Powder,Verb,20.0,Hair
P481178,Ghost Your Brass Purple Toning Hair Kit,Verb,49.0,Hair
P473852,Sea Spray,Verb,20.0,Hair
P452402,Curl Shampoo,Verb,20.0,Hair
P502464,Curl Foaming Gel,Verb,20.0,Hair
P471108,Hydrating Shampoo and Conditioner Jumbo Set for Dry and Damaged Hair,Verb,70.0,Hair
P452403,Curl Conditioner,Verb,20.0,Hair
P417357,Strong Hairspray,Verb,20.0,Hair
P447115,Reset SealingHairMist,Verb,20.0,Hair
P500885,Dry Shampoo Powder,Verb,20.0,Hair
P476749,Body Wash,Verb,20.0,Bath & Body
P481395,Purple Shampoo,Verb,20.0,Hair
P399990,Forming Fiber,Verb,20.0,Hair
P476750,Body Lotion,Verb,20.0,Bath & Body
P484082,Glossy Shampoo,Verb,20.0,Hair
P399996,Sculpting Clay,Verb,20.0,Hair
P484083,Glossy Conditioner,Verb,20.0,Hair
P163103,Bright Crystal,Versace,105.0,Fragrance
P455378,Mini Bright Crystal and Bright Crystal Absolu Set,Versace,25.0,Fragrance
P382751,Eros,Versace,96.0,Fragrance
P399835,Bright Crystal Ovetto Mini Spray,Versace,33.0,Fragrance
P307000,Crystal Noir,Versace,105.0,Fragrance
P429981,Dylan Blue Pour Femme,Versace,98.0,Fragrance
P501782,Mini Duo Set,Versace,25.0,Fragrance
P395212,Eros Pour Femme Eau de Parfum,Versace,130.0,Fragrance
P307002,Yellow Diamond,Versace,65.0,Fragrance
P385465,Bright Crystal Absolu,Versace,120.0,Fragrance
P411325,Dylan Blue,Versace,96.0,Fragrance
P432419,Dylan Blue Pour Femme Ovetto Spray,Versace,33.0,Fragrance
P468856,Dylan Turquoise Pour Femme,Versace,110.0,Fragrance
P219907,Pour Homme,Versace,92.0,Fragrance
P443788,Bright Crystal Travel Spray,Versace,32.0,Fragrance
P169301,Versace Man Eau Fraiche,Versace,130.0,Fragrance
P432418,Bright Crystal Absolu Ovetto Spray,Versace,33.0,Fragrance
P503203,Mini Perfume Set,Versace,35.0,Fragrance
P412536,Eros Pour Femme Eau de Toilette,Versace,110.0,Fragrance
P442726,Eros Flame,Versace,107.0,Fragrance
P413150,Dylan Blue Pour Homme Travel Spray,Versace,32.0,Fragrance
P464315,Eros Pour Homme Eau de Parfum,Versace,107.0,Fragrance
P468857,Dylan Turquoise Pour Femme Travel Spray,Versace,32.0,Fragrance
P390009,Eros Pour Homme Travel Spray,Versace,32.0,Fragrance
P306816,Bright Crystal Body Lotion,Versace,55.0,Bath & Body
P444196,Yellow Diamond Travel Spray,Versace,32.0,Fragrance
P478046,Dylan Turquoise Ovetto Spray,Versace,33.0,Fragrance
P414129,Eros Pour Femme Eau de Toilette Rollerball,Versace,26.0,Fragrance
P504912,Dylan Purple Eau de Parfum,Versace,120.0,Fragrance
P442727,Eros Flame Travel Spray,Versace,32.0,Fragrance
P503231,Dylan Blue & Dylan Turquoise Travel Spray Duo Set,Versace,40.0,Fragrance
P390007,Pour Homme Travel Spray,Versace,32.0,Fragrance
P431915,Dylan Blue Pour Femme Travel Spray,Versace,32.0,Fragrance
P390005,Versace Man Eau Fraîche Travel Spray,Versace,32.0,Fragrance
P469828,Dylan Turquoise Hair Mist,Versace,50.0,Fragrance
P483706,Bright Crystal Hair Mist,Versace,50.0,Fragrance
P477738,Eros Parfum,Versace,145.0,Fragrance
P505269,Bright Crystal Absolu Travel Spray,Versace,30.0,Fragrance
P503194,Eros Parfum,Versace,190.0,Fragrance
P255506,Flowerbomb,Viktor&Rolf,180.0,Fragrance
P397836,BONBON,Viktor&Rolf,80.0,Fragrance
P446119,Flowerbomb Travel Spray,Viktor&Rolf,35.0,Fragrance
P429082,Flowerbomb Nectar,Viktor&Rolf,132.0,Fragrance
P479358,Flowerbomb Ruby Orchid Eau de Parfum,Viktor&Rolf,180.0,Fragrance
P426305,Flowerbomb Mini,Viktor&Rolf,58.0,Fragrance
P376737,Spicebomb,Viktor&Rolf,128.0,Fragrance
P479474,Flowerbomb Ruby Orchid Eau de Parfum Travel Spray,Viktor&Rolf,35.0,Fragrance
P456977,Flowerbomb GIft Set,Viktor&Rolf,135.0,Fragrance
P503641,Mini Good Fortune & Flowerbomb Perfume Set,Viktor&Rolf,29.0,Fragrance
P484086,Good Fortune Eau de Parfum,Viktor&Rolf,180.0,Fragrance
P484087,Good Fortune Eau de Parfum Travel Spray,Viktor&Rolf,35.0,Fragrance
P405501,Spicebomb Extreme,Viktor&Rolf,134.0,Fragrance
P371607,Flowerbomb Body Lotion,Viktor&Rolf,56.0,Bath & Body
P445721,Spicebomb Night Vision,Viktor&Rolf,128.0,Fragrance
P472830,Spicebomb Infrared Eau de Toilette,Viktor&Rolf,128.0,Fragrance
P503240,Good Fortune Perfume Set,Viktor&Rolf,130.0,Fragrance
P461989,Spicebomb Night Vision Eau de Parfum,Viktor&Rolf,134.0,Fragrance
P504326,Flowerbomb Eau de Parfum Perfume Gift Set,Viktor&Rolf,135.0,Fragrance
P504331,Spicebomb Night Vision Eau de Toilette Cologne Set,Viktor&Rolf,140.0,Fragrance
P502029,Mini Good Fortune and Flowerbomb Perfume Set,Viktor&Rolf,29.0,Fragrance
P425705,HG - PRO Eyeshadow Palette,Violet Voss,45.0,Makeup
P428123,Hashtag - PRO Eyeshadow Palette,Violet Voss,45.0,Makeup
P460733,Sakura Blossom Eyeshadow and Pressed Pigment Palette,Violet Voss,42.0,Makeup
P454982,Matte Vibes Eyeshadow Palette,Violet Voss,30.0,Makeup
P468858,I Love U Cherry Much Eyeshadow Palette,Violet Voss,42.0,Makeup
P483707,Mini Soft Butterfly Kisses Eyeshadow Palette,Violet Voss,20.0,Makeup
P500691,Hair Shampoo & Conditioner Bar with Bamboo Holder Set,Viori,39.0,Hair
P500702,Hair Shampoo & Conditioner Bar Set,Viori,36.0,Hair
P500698,Hair Shampoo Bar,Viori,18.0,Hair
P500707,Hair Conditioner Bar,Viori,18.0,Hair
P500695,Hair Shampoo & Conditioner Bamboo Bar Holder,Viori,12.0,Hair
P448865,Hydrating & Heat Protectant Healing Hair Oil,Virtue,44.0,Hair
P480195,Flourish Density Booster for Healthy Hair Growth,Virtue,50.0,Hair
P448169,"Restorative, Hydrating Treatment Hair Mask with Keratin",Virtue,34.0,Hair
P448733,"Hydrating Recovery Shampoo for Dry, Damaged & Colored Hair",Virtue,40.0,Hair
P448729,Volumizing Full Shampoo for Fine Hair,Virtue,40.0,Hair
P448739,6-in-1 Vitamin E Hair Smoothing Styler,Virtue,36.0,Hair
P448734,"Hydrating Recovery Conditioner for Dry, Damaged & Colored Hair",Virtue,42.0,Hair
P460411,Clarifying & Exfoliating  Scalp Treatment,Virtue,48.0,Hair
P480368,Flourish Volumizing Keratin Shampoo for Thinning Hair,Virtue,44.0,Hair
P480373,FLOURISH X MANTA  Healthy Hair Brush,Virtue,36.0,Hair
P480370,Flourish Minoxidil 5% Hair Growth Treatment,Virtue,30.0,Hair
P448738,Strengthening Split End Hair Repair Serum Treatment,Virtue,42.0,Hair
P455851,Mini 6-in-1 Vitamin E Hair Smoothing Styler,Virtue,20.0,Hair
P448864,Correct Un-Frizz Hair Styling & Smoothing Cream,Virtue,44.0,Hair
P480375,Flourish Hair Rejuvenation Treatment Set for Volume,Virtue,65.0,Hair
P448730,Volumizing Full Conditioner for Fine Hair,Virtue,42.0,Hair
P480369,Flourish Volumizing & Detangling Conditioner for Thinning Hair,Virtue,46.0,Hair
P455871,Volumizing Full Discovery Set for Fine Hair,Virtue,38.0,Hair
P480374,Flourish Hair Growth Treatment Set with Monixidil,Virtue,65.0,Hair
P463976,Mini Healthy Hair To Go Set For Recovery,Virtue,25.0,Hair
P480371,Flourish Minoxidil 5% Hair Growth Treatment Set,Virtue,58.0,Hair
P500310,Frizz Block Humidity Proof Smoothing Spray,Virtue,44.0,Hair
P448735,Purifying Clarifying Shampoo,Virtue,30.0,Hair
P455872,"Hydrating Recovery Discovery Set for dry, Damaged & Colored Hair",Virtue,38.0,Hair
P448736,Detangling Heat Protectant Purifying Leave-In Conditioner,Virtue,32.0,Hair
P460412,Soothing Hyaluronic Acid Topical Scalp Supplement,Virtue,56.0,Hair
P448731,Smooth Shampoo for Coarse & Textured Hair,Virtue,40.0,Hair
P455002,"Mini Hydrating Recovery Conditioner for Dry, Damaged & Colored Hair",Virtue,17.0,Hair
P448732,Smooth Conditioner for Coarse & Textured Hair,Virtue,42.0,Hair
P455854,Mini The Perfect Ending Split End Serum,Virtue,21.0,Hair
P448744,Create Hair Texturizing Spray,Virtue,38.0,Hair
P455001,"Mini Hydrating Recovery Shampoo for Dry, Damaged & Colored Hair",Virtue,16.0,Hair
P468719,Hydrating Curl Defining Whip with Shea Butter,Virtue,38.0,Hair
P455858,Mini Volumizing Full Shampoo for Fine Hair,Virtue,16.0,Hair
P476039,ColorKick Debrassing Blue - Purple Shampoo,Virtue,42.0,Hair
P502035,Flourish Thickening & Hydrating Mask for Thinning Hair,Virtue,70.0,Hair
P455873,Smooth Discovery Set for Coarse & Textured Hair,Virtue,38.0,Hair
P468718,Hydrating Curl Conditioner with Jojoba Oil,Virtue,42.0,Hair
P455852,Mini Create Hair Texturizing Spray,Virtue,19.0,Hair
P468717,Hydrating Curl Shampoo with Jojoba Oil,Virtue,40.0,Hair
P480372,Flourish Volumizing Heat Protectant Styler,Virtue,42.0,Hair
P455833,Volumizing Hair Mousse for Fine Hair,Virtue,38.0,Hair
P448737,Healthy Hair Refresh Dry Shampoo,Virtue,17.0,Hair
P448743,Create Style-Setting Hair Volumizing Primer,Virtue,38.0,Hair
P455857,Mini Volumizing Full Conditioner for Fine Hair,Virtue,17.0,Hair
P471110,Mini Hair & Scalp Treatment Duo,Virtue,27.0,Hair
P455856,Mini Smooth Shampoo for Coarse & Textured Hair,Virtue,16.0,Hair
P504317,Mini Hydrating & Heat Protectant Healing Hair Oil,Virtue,26.0,Hair
P455853,Mini Healthy Hair Refresh Dry Shampoo,Virtue,17.0,Hair
P455855,Mini Smooth Conditioner for Coarse & Textured Hair,Virtue,17.0,Hair
P504335,Heal & Shine Hair Oil Duo for Dry or Damaged Hair,Virtue,49.0,Hair
P504307,FLOURISH Thickening & Hydrating Duo for Thinning Hair,Virtue,84.0,Hair
P428669,Petit PRO 2 Eyeshadow Palette,Viseart,30.0,Makeup
P455558,Moisture Boost Lip Shine,Viseart,19.0,Makeup
P436753,"Mini Candle Trio - French Cade, Goji & Lychee",VOLUSPA,30.0,Fragrance
P429550,"Mini Candle Set - Panjore Lychee, Japanese Plum Bloom, Goji & Tarocco Orange",VOLUSPA,30.0,Fragrance
P435110,Panjore Lychee Glass Jar Candle,VOLUSPA,20.0,Fragrance
P435108,French Cade & Lavender Glass Jar Candle,VOLUSPA,20.0,Fragrance
P467272,Tahitian Coconut Vanilla Glass Jar Candle,VOLUSPA,32.0,Fragrance
P455593,Santal Vanille Glass Jar Candle,VOLUSPA,32.0,Fragrance
P469197,Tahitian Coconut Vanilla Home Diffuser,VOLUSPA,30.0,Fragrance
P435109,Goji & Tarocco Orange Glass Jar Candle,VOLUSPA,20.0,Fragrance
P469127,Mini Tahitian Coconut Vanilla Glass Candle,VOLUSPA,18.0,Fragrance
P429555,French Cade & Lavender Home Diffuser,VOLUSPA,30.0,Fragrance
P462411,Spiced Pumpkin Latte Glass Candle,VOLUSPA,34.0,Fragrance
P480644,Japonica Mini Candle Set,VOLUSPA,85.0,Fragrance
P462413,Spiced Pumpkin Latte Home Diffuser,VOLUSPA,32.0,Fragrance
P474871,Mini Vanilla Fireside Glass Jar Candle,VOLUSPA,20.0,Fragrance
P474133,Forbidden Fig Glass Jar Candle,VOLUSPA,32.0,Fragrance
P455592,Santal Vanille Home Diffuser,VOLUSPA,30.0,Fragrance
P429556,Goji & Tarocco Orange Home Diffuser,VOLUSPA,30.0,Fragrance
P502083,Holiday Mini Tin Trio Set,VOLUSPA,28.0,Fragrance
P455588,Blackberry Rose Oud Candle,VOLUSPA,24.0,Fragrance
P474134,Mini Forbidden Fig Glass Jar Candle,VOLUSPA,20.0,Fragrance
P462415,Baltic Amber Glass Candle,VOLUSPA,32.0,Fragrance
P483070,Ultrasonic Diffuser Oil,VOLUSPA,24.0,Fragrance
P480376,Mini Kalahari Watermelon Glass Jar Candle,VOLUSPA,20.0,Fragrance
P435111,Santiago Huckleberry Glass Jar Candle,VOLUSPA,32.0,Fragrance
P462416,Mini Baltic Amber Glass Candle,VOLUSPA,20.0,Fragrance
P474865,Vanilla Fireside Glass Jar Candle,VOLUSPA,20.0,Fragrance
P462414,Baltic Amber Home Diffuser,VOLUSPA,30.0,Fragrance
P448473,Yashioka Gardenia Diffuser,VOLUSPA,30.0,Fragrance
P429560,Goji & Tarocco Orange Decorative Tin Candle,VOLUSPA,26.0,Fragrance
P502686,Mini Tin Trio Candle Gift Set,VOLUSPA,30.0,Fragrance
P480377,Kalahari Watermelon Glass Jar Candle,VOLUSPA,20.0,Fragrance
P448472,Mokara Glass Jar Candle,VOLUSPA,32.0,Fragrance
P429566,French Cade & Lavender Decorative Tin Candle,VOLUSPA,26.0,Fragrance
P474131,Mini Forbidden Fig Decorative Tin Candle,VOLUSPA,12.0,Mini Size
P429554,Panjore Lychee Home Diffuser,VOLUSPA,30.0,Fragrance
P429564,Mini French Cade & Lavender Decorative Tin Candle,VOLUSPA,12.0,Fragrance
P480645,Mini Havana Mint Mojito Glass Jar Candle,VOLUSPA,20.0,Fragrance
P448471,Yashioka Gardenia Glass Jar Candle,VOLUSPA,32.0,Fragrance
P448474,Mokara Diffuser,VOLUSPA,30.0,Fragrance
P429565,Goji & Tarocco Orange Mini Decorative Tin Candle,VOLUSPA,12.0,Fragrance
P474135,Forbidden Fig Home Diffuser,VOLUSPA,30.0,Fragrance
P429559,Panjore Lychee Decorative Tin Candle,VOLUSPA,26.0,Fragrance
P429563,Mini Panjore Lychee Decorative Tin Candle,VOLUSPA,12.0,Fragrance
P473157,Mini French Cade & Lavender Glass Candle,VOLUSPA,20.0,Fragrance
P468424,Apple Blue Clover Glass Jar Candle,VOLUSPA,20.0,Fragrance
P473158,Mini Goji & Tarocco Orange Glass Candle,VOLUSPA,20.0,Fragrance
P480647,Havana Mint Mojito Glass Jar Candle,VOLUSPA,32.0,Fragrance
P448470,Mokara Candle In Decorative Tin,VOLUSPA,26.0,Fragrance
P504704,Barbados Grapefruit Jar Candle,VOLUSPA,32.0,Fragrance
P502075,Sparkling Cuvee Glass Jar Candle,VOLUSPA,34.0,Fragrance
P468425,Mini Apple Blue Clover Glass Jar Cande,VOLUSPA,20.0,Fragrance
P480378,Kalahari Watermelon Home Diffuser,VOLUSPA,30.0,Fragrance
P429552,Nissho-Soleil Home Diffuser,VOLUSPA,30.0,Fragrance
P504687,Mini Candle Set,VOLUSPA,48.0,Fragrance
P502044,Mini Sparkling Cuvee Glass Jar Candle,VOLUSPA,20.0,Fragrance
P504688,Mini Tin Candle Set,VOLUSPA,30.0,Fragrance
P477455,Mini Decorative Tin Trio,VOLUSPA,28.0,Mini Size
P474132,Forbidden Fig Decorative Tin Candle,VOLUSPA,26.0,Fragrance
P502042,Sparkling Cuvee Glass Home Diffuser,VOLUSPA,32.0,Fragrance
P504681,Mini Japonica Candle Set,VOLUSPA,85.0,Fragrance
P479727,Mini Panjore Lychee Glass Jar Candle,VOLUSPA,20.0,Fragrance
P479728,Mini Santal Vanille Glass Jar Candle,VOLUSPA,20.0,Fragrance
P428668,Baggage Claim Eye Masks,Wander Beauty,26.0,Skincare
P437367,Nude Illusion Liquid Foundation,Wander Beauty,40.0,Makeup
P411529,Wanderlust Powder Foundation,Wander Beauty,40.0,Makeup
P414160,Unlashed Volume & Curl Mascara,Wander Beauty,12.0,Makeup
P481391,On-the-Glow Blush & Illuminator,Wander Beauty,38.0,Makeup
P442231,Mile High Club	 Length and Define Mascara,Wander Beauty,26.0,Makeup
P417143,Dualist Matte and Illuminating Concealer,Wander Beauty,30.0,Makeup
P407107,Flash Focus Hydrating Foundation Stick,Wander Beauty,40.0,Makeup
P458941,Mini Unlashed Volume and Curl Mascara,Wander Beauty,12.0,Makeup
P437960,Baggage Claim Rose Gold Eye Masks,Wander Beauty,26.0,Skincare
P476920,Upgraded Lashes Thickening Mascara,Wander Beauty,26.0,Makeup
P481370,Lip Retreat Oil,Wander Beauty,22.0,Makeup
P503635,Pack Up & Glow Priming Mineral SPF 40,Wander Beauty,36.0,Skincare
P501165,SHIKULIME Mega Hydrating Moisturizer,WASO,36.0,Skincare
P501187,SHIKULIME Gel-to-Oil Cleanser,WASO,28.0,Skincare
P501188,SATOCANE Pore Purifying Scrub Mask,WASO,38.0,Skincare
P501170,SHIKULIME Color Control Oil-Free Moisturizer SPF 30,WASO,36.0,Skincare
P501171,YUZU-C Beauty Sleeping Mask,WASO,38.0,Skincare
P501189,KOSHIRICE Acne Calming Spot Treatment,WASO,25.0,Skincare
P501199,YUZU-C Eye Awakening Essence,WASO,30.0,Skincare
P501178,YUZU-C Glow-On Shot Serum,WASO,45.0,Skincare
P468431,Baby Cheeks Lip + Cheek Cream Blush Stick,Westman Atelier,48.0,Makeup
P468433,Face Trace Cream Contour Stick,Westman Atelier,48.0,Makeup
P468429,Vital Skin Full Coverage Foundation and Concealer Stick,Westman Atelier,68.0,Makeup
P469873,Squeaky Clean Liquid Lip Hydrating Lip Balm,Westman Atelier,38.0,Makeup
P501795,Vital Skincare Dewy Foundation Drops,Westman Atelier,68.0,Makeup
P500321,Mini Petite Lit Up Cream Highlighter Stick,Westman Atelier,25.0,Mini Size
P468430,Lit Up Glow Highlighter Stick,Westman Atelier,48.0,Makeup
P500303,Vital Pressed Skincare Blurring Talc-Free Setting Powder,Westman Atelier,75.0,Makeup
P468432,Super Loaded Tinted Cream Highlighter,Westman Atelier,75.0,Makeup
P504318,Mini Petite Face Trace Cream Contour Stick,Westman Atelier,25.0,Makeup
P468436,Eye Pods Eyeshadows,Westman Atelier,88.0,Makeup
P468435,Lip Suede Lipstick Palette,Westman Atelier,85.0,Makeup
P468434,Beauty Butter Matte Powder Bronzer,Westman Atelier,75.0,Makeup
P479361,Eye Pod Eyeshadow Singles,Westman Atelier,32.0,Makeup
P468440,Clean Baby Blender Blush Brush,Westman Atelier,64.0,Makeup
P468443,Clean Highlighter Blender Brush,Westman Atelier,125.0,Makeup
P482557,Bonne Brow Defining Brow Pencil,Westman Atelier,38.0,Makeup
P468445,Clean Foundation and Concealer Spot Check Brush,Westman Atelier,38.0,Makeup
P502085,Clean Liquid Blender Brush,Westman Atelier,125.0,Makeup
P468441,Clean Foundation Brush,Westman Atelier,80.0,Makeup
P468444,Clean Lip Brush,Westman Atelier,38.0,Makeup
P468437,Eye Love You Volumizing Clean Mascara,Westman Atelier,58.0,Makeup
P468442,Clean Powder Brush,Westman Atelier,85.0,Makeup
P468438,Clean Eyeshadow I Brush,Westman Atelier,58.0,Makeup
P468439,Clean Eyeshadow II Brush,Westman Atelier,62.0,Makeup
P503578,"The Eye Love You Limited Edition Eye Shadow, Eye Liner and Mascara Holiday Gift Set",Westman Atelier,180.0,Makeup
P455676,Yo Glow AHA & BHA Facial Enzyme Scrub,Wishful,39.0,Skincare
P458216,Mini Yo Glow AHA & BHA Facial Enzyme Scrub,Wishful,21.0,Skincare
P461213,Honey Balm Niacinamide Moisturizer,Wishful,43.0,Skincare
P471111,Yo Detox Charcoal Face & Body Enzyme Scrub,Wishful,39.0,Skincare
P466163,Thirst Trap Juice Hyaluronic Acid & Peptide Hydrating Facial Serum,Wishful,47.0,Skincare
P463665,Get Even Rose Face Oil,Wishful,63.0,Skincare
P475629,Honey Whip Peptide and Collagen Moisturizer,Wishful,43.0,Skincare
P501790,Pillowgasm Vitamin-Rich Cherry Glow Sleep Mask,Wishful,39.0,Skincare
P500428,Lift & Contour 1% Bakuchiol & Peptide Eye Serum,Wishful,45.0,Skincare
P502771,Hydrate & Glow Trio,Wishful,29.0,Skincare
P481179,Chris Collins Eau de Parfum Discovery Set,World of Chris Collins,25.0,Fragrance
P479837,Lost in Paradise Eau de Parfum Travel Spray,World of Chris Collins,50.0,Fragrance
P479836,Lost in Paradise Eau de Parfum,World of Chris Collins,175.0,Fragrance
P481185,Harlem Nights Eau de Parfum,World of Chris Collins,175.0,Fragrance
P481181,Long Kiss Goodnight Eau de Parfum,World of Chris Collins,175.0,Fragrance
P481180,Long Kiss Goodnight Eau de Parfum Travel Spray,World of Chris Collins,50.0,Fragrance
P481184,Harlem Nights Eau de Parfum Travel Spray,World of Chris Collins,50.0,Fragrance
P481183,Danse Sauvage Eau de Parfum,World of Chris Collins,175.0,Fragrance
P481187,Citrus Grandis Eau de Parfum,World of Chris Collins,175.0,Fragrance
P481182,Danse Sauvage Eau de Parfum Travel Spray,World of Chris Collins,50.0,Fragrance
P481186,Citrus Grandis Eau de Parfum Travel Spray,World of Chris Collins,50.0,Fragrance
P503207,Anima Voyageur Travel Trio Set,World of Chris Collins,130.0,Fragrance
P411387,Superfood Antioxidant Cleanser,Youth To The People,39.0,Skincare
P441644,Mini Superfood Antioxidant Cleanser,Youth To The People,14.0,Skincare
P440307,Superberry Hydrate + Glow Dream Night Mask with Vitamin C,Youth To The People,52.0,Skincare
P461555,Mini Superberry Hydrate + Glow Dream Mask,Youth To The People,18.0,Skincare
P432829,Adaptogen Deep Moisturizing Cream with Ashwagandha + Reishi,Youth To The People,58.0,Skincare
P463371,Mini Adaptogen Deep Moisture Cream with Ashwagandha + Reishi,Youth To The People,18.0,Skincare
P411388,Superfood Air-Whip Lightweight Moisturizer with Hyaluronic Acid,Youth To The People,48.0,Skincare
P430146,Superberry Hydrate + Glow Dream Oil,Youth To The People,48.0,Skincare
P466164,15% Vitamin C + Clean Caffeine Energy Serum,Youth To The People,69.0,Skincare
P477830,Superberry Dream Cleansing Balm,Youth To The People,39.0,Skincare
P455934,Yerba Mate Resurfacing + Exfoliating Energy Facial with Enzymes + Niacinamide,Youth To The People,59.0,Skincare
P475630,Mini Mandelic Acid + Superfood Unity Exfoliant,Youth To The People,16.0,Skincare
P463144,Dream Eye Cream with Vitamin C and Ceramides,Youth To The People,48.0,Skincare
P479362,Triple Peptide Hydrating + Firming Oasis Serum with Hyaluronic Acid,Youth To The People,54.0,Skincare
P444980,Adaptogen Soothe + Hydrate Activated Mist with Peptides,Youth To The People,42.0,Skincare
P500138,Polypeptide-121 Future Cream with Peptides and Ceramides,Youth To The People,68.0,Skincare
P470065,Superclay Purify + Clear Power Mask with Niacinamide,Youth To The People,38.0,Skincare
P416923,Superfood Hydrate + Firm Peptide Eye Cream,Youth To The People,38.0,Skincare
P482329,Retinal + Niacinamide Youth Serum,Youth To The People,69.0,Skincare
P502479,Kombucha + 10% AHA Liquid Exfoliant with Lactic Acid and Glycolic Acid,Youth To The People,42.0,Skincare
P473336,The Youth System,Youth To The People,59.0,Skincare
P504313,Peptides + C Energy Eye Concentrate with Vitamin C and Caffeine,Youth To The People,48.0,Skincare
P501474,The Youth Vault: 13-Piece Vegan Skincare + Apparel Set,Youth To The People,340.0,Skincare
P502998,"Youth Stacks: Plump It Up for Dry, Dehydrated Skin",Youth To The People,28.0,Skincare
P503872,Mini Mandelic Acid + Superfood Unity Exfoliant,Youth To The People,16.0,Skincare
P502977,Youth Stacks: Daily Skin Health Your Way for Pores and Oiliness,Youth To The People,20.0,Skincare
P502978,Youth Stacks: Brighter Tomorrow Duo for Dullness,Youth To The People,28.0,Skincare
P377710,Rouge Volupté Shine Lipstick Balm,Yves Saint Laurent,43.0,Makeup
P394534,Black Opium Eau de Parfum,Yves Saint Laurent,155.0,Fragrance
P218431,Touche Éclat All-Over Brightening Concealer Pen,Yves Saint Laurent,40.0,Makeup
P400701,Rouge Pur Couture Satin Lipstick Collection,Yves Saint Laurent,45.0,Makeup
P448102,Libre Eau De Parfum,Yves Saint Laurent,130.0,Fragrance
P410743,Vinyl Cream Lip Stain,Yves Saint Laurent,45.0,Makeup
P421456,All Hours Luminous Matte Foundation 24H Longwear SPF 30 with Hyaluronic Acid,Yves Saint Laurent,60.0,Makeup
P470257,Mini Black Opium & Libre Eau de Parfum Set,Yves Saint Laurent,30.0,Fragrance
P436506,Rouge Pur Couture The Slim Matte Lipstick,Yves Saint Laurent,45.0,Makeup
P397615,Touche Eclat Blur Face Primer,Yves Saint Laurent,56.0,Makeup
P410181,Mon Paris Eau de Parfum,Yves Saint Laurent,117.0,Fragrance
P474600,NU BARE LOOK TINT Hydrating Skin Tint Foundation with Hyaluronic Acid,Yves Saint Laurent,44.0,Makeup
P457250,Tatouage Couture Velvet Cream Matte Liquid Lipstick,Yves Saint Laurent,45.0,Makeup
P448106,Libre Eau De Parfum Travel Spray,Yves Saint Laurent,34.0,Fragrance
P474872,The Slim Velvet Radical Matte Lipstick,Yves Saint Laurent,45.0,Makeup
P440971,Touche Éclat High Cover Radiant Under-Eye Concealer,Yves Saint Laurent,40.0,Makeup
P480000,Candy Glaze Lip Gloss Stick,Yves Saint Laurent,39.0,Makeup
P462417,LIBRE Eau de Parfum Intense,Yves Saint Laurent,95.0,Fragrance
P463666,The Slim Glow Matte Lipstick,Yves Saint Laurent,39.0,Makeup
P479863,Lash Clash Extreme Volume Mascara,Yves Saint Laurent,29.0,Makeup
P436005,Y Eau de Parfum,Yves Saint Laurent,148.0,Fragrance
P180727,L'Homme,Yves Saint Laurent,89.0,Fragrance
P393427,Mascara Volume Effet Faux Cils Volumizing Mascara,Yves Saint Laurent,29.0,Makeup
P422335,All Hours Concealer,Yves Saint Laurent,34.0,Makeup
P501588,The Bold High Pigment Lipstick,Yves Saint Laurent,45.0,Makeup
P467796,YSL x Zoë Kravitz Rouge Pur Couture Satin Lipstick,Yves Saint Laurent,38.0,Makeup
P470066,Libre Eau de Toilette,Yves Saint Laurent,139.0,Fragrance
P477258,Black Opium Eau de Parfum Extreme,Yves Saint Laurent,155.0,Fragrance
P243320,La Nuit De L’Homme,Yves Saint Laurent,108.0,Fragrance
P501791,Libre Le Parfum,Yves Saint Laurent,149.0,Fragrance
P479693,Black Opium Illicit Green Eau de Parfum,Yves Saint Laurent,138.0,Fragrance
P502049,Libre Eau de Parfum Lifestyle Gift Set,Yves Saint Laurent,42.0,Fragrance
P432284,The Curler Lengthening and Curling Mascara,Yves Saint Laurent,29.0,Makeup
P500493,NU LIP & CHEEK BALMY TINT with Hyaluronic Acid,Yves Saint Laurent,28.0,Makeup
P410638,Mon Paris Eau de Parfum Travel Spray,Yves Saint Laurent,34.0,Fragrance
P474601,NU GLOW IN BALM Face Priming Moisturizer with Shea Butter,Yves Saint Laurent,39.0,Makeup
P408986,Black Opium Shimmering Moisture Fluid For The Body,Yves Saint Laurent,50.0,Bath & Body
P458229,Mon Paris Intensement Eau de Parfum,Yves Saint Laurent,136.0,Fragrance
P500265,Mini Y Eau de Parfum & Eau de Toilette Set,Yves Saint Laurent,30.0,Fragrance
P463984,Black Opium Set,Yves Saint Laurent,82.0,Fragrance
P455412,All Over Glow Powder,Yves Saint Laurent,48.0,Makeup
P504062,Black Opium Le Parfum,Yves Saint Laurent,179.0,Fragrance
P6303,Opium,Yves Saint Laurent,77.0,Fragrance
P474602,NU BLOTTING LOTION Pore Minimizer & Mattifying Primer with Salicylic Acid,Yves Saint Laurent,39.0,Makeup
P474604,NU TONE CORRECTOR Color Corrector with Vitamin E,Yves Saint Laurent,34.0,Makeup
P504075,Black Opium Le Parfum Travel Spray,Yves Saint Laurent,34.0,Fragrance
P471294,Y Le Parfum,Yves Saint Laurent,188.0,Fragrance
P432087,L'Homme Cologne Bleue,Yves Saint Laurent,89.0,Fragrance
P500062,Y Eau de Toilette,Yves Saint Laurent,120.0,Fragrance
P433904,Mon Paris Couture Eau de Parfum,Yves Saint Laurent,76.0,Fragrance
P500170,Mon Paris Eau de Toilette Lumiere,Yves Saint Laurent,99.0,Fragrance
P483501,Mini Rouge Pur Couture Exclusive Set,Yves Saint Laurent,50.0,Makeup
P383083,L’Homme Parfum Intense,Yves Saint Laurent,110.0,Fragrance
P504333,Black Opium Perfume Gift Set,Yves Saint Laurent,85.0,Fragrance
P460446,L'Homme Le Parfum,Yves Saint Laurent,148.0,Fragrance
P467660,Mascara Volume Effet Faux Cils Radical,Yves Saint Laurent,29.0,Makeup
P306857,L’Homme Deodorant,Yves Saint Laurent,24.0,Bath & Body
P457262,Y Eau Fraiche,Yves Saint Laurent,99.0,Fragrance
P501330,Black Opium Gift Set,Yves Saint Laurent,150.0,Fragrance
P504430,Libre Eau de Parfum Gift Set,Yves Saint Laurent,148.0,Fragrance
P467659,Couture Clutch Eyeshadow Palette,Yves Saint Laurent,150.0,Makeup
P500874,L'Homme Eau de Parfum,Yves Saint Laurent,106.0,Fragrance
P504428,Mon Paris Eau de Parfum Gift Set,Yves Saint Laurent,134.0,Fragrance
P504448,Y Eau de Parfum Gift Set,Yves Saint Laurent,167.0,Fragrance
P505461,Candy Glaze Lip Gloss Stick Duo with Hyaluronic Acid,Yves Saint Laurent,50.0,Makeup
