product_id,ingredient_id
P504322,1
P504322,2
P504322,3
P504322,4
P504322,5
P504322,6
P504322,7
P504322,8
P504322,9
P504322,10
P504322,11
P504322,12
P504322,13
P504322,14
P504322,15
P504322,16
P504322,17
P504322,18
P504322,19
P504322,20
P504322,21
P504322,22
P420652,23
P420652,24
P420652,25
P420652,26
P420652,27
P420652,28
P420652,29
P420652,30
P420652,31
P420652,32
P420652,33
P420652,34
P420652,35
P420652,36
P420652,37
P420652,38
P420652,39
P420652,40
P420652,41
P420652,42
P420652,43
P420652,44
P420652,45
P420652,46
P420652,47
P420652,48
P420652,49
P420652,50
P420652,4
P420652,9
P420652,51
P420652,52
P420652,53
P420652,54
P7880,55
P7880,56
P7880,7
P7880,4
P7880,9
P7880,57
P7880,5
P7880,58
P7880,59
P7880,60
P7880,61
P7880,62
P7880,63
P7880,64
P7880,65
P7880,66
P7880,67
P7880,68
P7880,69
P7880,70
P7880,71
P7880,72
P7880,73
P7880,74
P7880,75
P7880,76
P7880,77
P7880,78
P7880,79
P7880,80
P218700,81
P248407,82
P248407,83
P248407,84
P248407,4
P248407,85
P248407,71
P248407,86
P248407,87
P248407,88
P248407,29
P248407,89
P248407,90
P248407,91
P248407,72
P248407,57
P248407,92
P248407,78
P248407,93
P248407,94
P248407,95
P248407,96
P248407,97
P248407,98
P269122,99
P269122,100
P269122,101
P269122,102
P269122,103
P269122,104
P269122,105
P269122,106
P269122,107
P269122,108
P269122,109
P269122,75
P269122,110
P269122,95
P269122,111
P269122,112
P269122,113
P269122,114
P269122,4
P269122,115
P269122,116
P269122,117
P269122,118
P269122,119
P269122,93
P269122,120
P269122,121
P269122,91
P269122,122
P269122,79
P269122,123
P269122,124
P269122,125
P269122,126
P269122,127
P269122,49
P269122,128
P269122,129
P269122,130
P269122,131
P269122,132
P269122,133
P269122,134
P269122,135
P269122,80
P394639,83
P394639,2
P394639,4
P394639,136
P394639,137
P394639,89
P394639,138
P394639,5
P394639,139
P394639,71
P394639,140
P394639,141
P394639,142
P394639,143
P394639,144
P394639,145
P394639,146
P394639,147
P394639,148
P394639,149
P394639,150
P394639,151
P394639,152
P394639,153
P394639,154
P394639,155
P394639,156
P394639,157
P394639,158
P394639,29
P394639,159
P394639,160
P394639,161
P394639,90
P394639,162
P394639,163
P394639,164
P394639,165
P394639,166
P394639,167
P394639,168
P394639,169
P394639,170
P394639,84
P394639,86
P394639,8
P394639,10
P394639,171
P394639,172
P394639,173
P394639,174
P394639,175
P394639,176
P394639,177
P417238,178
P417238,71
P417238,179
P417238,180
P417238,181
P417238,182
P417238,183
P417238,184
P417238,185
P417238,186
P417238,61
P417238,187
P417238,188
P417238,13
P417238,4
P417238,189
P417238,190
P417238,191
P417238,192
P417238,193
P417238,194
P417238,195
P417238,196
P417238,197
P417238,198
P417238,83
P417238,7
P417238,199
P417238,75
P417238,91
P417238,175
P417238,174
P417238,177
P450271,200
P450271,121
P450271,201
P450271,202
P450271,203
P450271,204
P450271,174
P450271,205
P450271,176
P450271,206
P450271,207
P450271,173
P450271,177
P427421,100
P427421,208
P427421,4
P427421,88
P427421,209
P427421,210
P427421,211
P427421,212
P427421,213
P427421,214
P427421,215
P427421,216
P427421,217
P427421,218
P427421,219
P427421,220
P427421,221
P427421,222
P427421,223
P427421,224
P427421,225
P427421,226
P427421,227
P427421,228
P427421,229
P427421,230
P427421,231
P427421,232
P427421,233
P427421,234
P427421,235
P427421,20
P427421,236
P427421,237
P427421,238
P427421,117
P427421,7
P427421,239
P427421,240
P427421,133
P427421,241
P427421,242
P427421,8
P427421,106
P427421,156
P427421,243
P427421,244
P427421,57
P427421,245
P427421,5
P427421,72
P427421,246
P427421,91
P427421,70
P427421,79
P427421,247
P427421,39
P427421,248
P411387,100
P411387,249
P411387,250
P411387,251
P411387,106
P411387,252
P411387,253
P411387,254
P411387,255
P411387,256
P411387,257
P411387,112
P411387,258
P411387,4
P411387,259
P411387,260
P411387,261
P411387,262
P411387,263
P411387,264
P411387,12
P411387,265
P411387,75
P411387,91
P411387,266
P411387,79
P411387,267
P411387,268
P411387,78
P411387,269
P411387,270
P411387,271
P411387,272
P411387,174
P411387,273
P441644,100
P441644,249
P441644,250
P441644,251
P441644,106
P441644,252
P441644,253
P441644,254
P441644,255
P441644,256
P441644,257
P441644,112
P441644,258
P441644,4
P441644,259
P441644,260
P441644,261
P441644,262
P441644,263
P441644,264
P441644,12
P441644,265
P441644,75
P441644,91
P441644,266
P441644,79
P441644,267
P441644,268
P441644,78
P441644,269
P441644,270
P441644,271
P441644,272
P441644,174
P441644,273
P427417,55
P427417,274
P427417,76
P427417,116
P427417,275
P427417,276
P427417,57
P427417,277
P427417,278
P427417,91
P427417,279
P309308,280
P309308,281
P309308,282
P309308,283
P309308,284
P309308,285
P309308,286
P309308,287
P309308,132
P309308,71
P309308,90
P309308,107
P309308,288
P309308,9
P309308,7
P309308,84
P309308,89
P309308,88
P309308,289
P309308,290
P309308,291
P309308,86
P309308,170
P309308,292
P309308,293
P309308,294
P309308,103
P309308,91
P309308,57
P309308,72
P309308,246
P309308,295
P411540,83
P411540,296
P411540,297
P411540,138
P411540,7
P411540,89
P411540,289
P411540,298
P411540,299
P411540,4
P411540,300
P411540,301
P411540,274
P411540,153
P411540,302
P411540,303
P411540,304
P411540,305
P411540,306
P411540,307
P411540,308
P411540,309
P411540,88
P411540,44
P411540,310
P411540,84
P411540,311
P411540,312
P411540,313
P411540,79
P411540,314
P411540,315
P411540,316
P411540,317
P411540,266
P411540,318
P411540,93
P411540,51
P411540,118
P411540,319
P411540,320
P411540,321
P411540,322
P411540,323
P411540,324
P411540,325
P411540,326
P411540,327
P411540,328
P411540,329
P411540,330
P411540,9
P411540,331
P411540,332
P411540,333
P411540,111
P411540,285
P411540,106
P411540,334
P411540,335
P411540,336
P411540,337
P411540,75
P411540,338
P411540,339
P411540,340
P411540,341
P411540,57
P411540,342
P411540,343
P42204,344
P42204,345
P42204,346
P42204,347
P471546,83
P471546,296
P471546,297
P471546,138
P471546,7
P471546,89
P471546,289
P471546,298
P471546,299
P471546,4
P471546,300
P471546,301
P471546,274
P471546,153
P471546,302
P471546,303
P471546,304
P471546,305
P471546,306
P471546,307
P471546,308
P471546,309
P471546,88
P471546,44
P471546,310
P471546,84
P471546,311
P471546,312
P471546,313
P471546,79
P471546,314
P471546,315
P471546,316
P471546,317
P471546,266
P471546,318
P471546,93
P471546,51
P471546,118
P471546,319
P471546,320
P471546,321
P471546,322
P471546,323
P471546,324
P471546,325
P471546,326
P471546,327
P471546,328
P471546,329
P471546,330
P471546,9
P471546,331
P471546,332
P471546,333
P471546,111
P471546,285
P471546,106
P471546,334
P471546,335
P471546,336
P471546,337
P471546,75
P471546,338
P471546,339
P471546,340
P471546,341
P471546,57
P471546,342
P471546,343
P248404,348
P248404,349
P248404,4
P248404,84
P248404,350
P248404,351
P248404,352
P248404,92
P248404,94
P248404,95
P248404,96
P248404,66
P248404,70
P248404,353
P248404,91
P248404,354
P248404,133
P248404,355
P248404,56
P248404,356
P248404,252
P248404,93
P248404,75
P248404,266
P248404,79
P248404,265
P248404,357
P443352,358
P443352,359
P443352,349
P443352,360
P443352,361
P443352,362
P443352,363
P443352,364
P443352,350
P443352,92
P443352,365
P443352,366
P443352,367
P443352,95
P443352,96
P443352,241
P443352,368
P443352,369
P443352,351
P443352,370
P443352,265
P443352,371
P443352,372
P443352,373
P443352,374
P443352,375
P443352,100
P443352,174
P443352,376
P423688,358
P423688,359
P423688,349
P423688,360
P423688,361
P423688,362
P423688,363
P423688,364
P423688,350
P423688,92
P423688,365
P423688,366
P423688,367
P423688,95
P423688,96
P423688,241
P423688,368
P423688,369
P423688,351
P423688,370
P423688,265
P423688,371
P423688,372
P423688,373
P423688,374
P423688,375
P423688,100
P423688,174
P423688,376
P421275,377
P421275,378
P421275,379
P421275,380
P297524,83
P297524,381
P297524,382
P297524,383
P297524,7
P297524,384
P297524,106
P297524,170
P297524,385
P297524,57
P297524,117
P297524,386
P297524,387
P297524,262
P297524,4
P297524,388
P297524,389
P297524,72
P297524,12
P297524,390
P297524,171
P297524,391
P297524,392
P394624,83
P394624,2
P394624,4
P394624,136
P394624,137
P394624,89
P394624,138
P394624,5
P394624,139
P394624,71
P394624,140
P394624,141
P394624,142
P394624,143
P394624,144
P394624,145
P394624,146
P394624,147
P394624,148
P394624,149
P394624,150
P394624,151
P394624,152
P394624,153
P394624,154
P394624,155
P394624,156
P394624,157
P394624,158
P394624,29
P394624,159
P394624,160
P394624,161
P394624,90
P394624,162
P394624,163
P394624,164
P394624,165
P394624,166
P394624,167
P394624,168
P394624,169
P394624,170
P394624,84
P394624,86
P394624,8
P394624,10
P394624,171
P394624,172
P394624,173
P394624,174
P394624,175
P394624,176
P394624,177
P429952,100
P429952,71
P429952,393
P429952,29
P429952,88
P429952,244
P429952,274
P429952,76
P429952,4
P429952,394
P429952,86
P429952,20
P429952,395
P429952,97
P429952,396
P429952,397
P429952,92
P429952,398
P429952,161
P429952,399
P429952,400
P429952,131
P429952,401
P429952,402
P429952,12
P429952,263
P429952,60
P429952,158
P429952,403
P429952,8
P429952,57
P429952,170
P429952,392
P480630,100
P480630,71
P480630,393
P480630,29
P480630,88
P480630,244
P480630,274
P480630,76
P480630,4
P480630,394
P480630,86
P480630,20
P480630,395
P480630,97
P480630,396
P480630,397
P480630,92
P480630,398
P480630,161
P480630,399
P480630,400
P480630,131
P480630,401
P480630,402
P480630,12
P480630,263
P480630,60
P480630,158
P480630,403
P480630,8
P480630,57
P480630,170
P480630,392
P126301,404
P126301,405
P126301,71
P126301,406
P126301,181
P126301,407
P126301,83
P126301,70
P126301,392
P453816,404
P453816,405
P453816,71
P453816,406
P453816,181
P453816,407
P453816,83
P453816,70
P453816,392
P456412,348
P456412,349
P456412,408
P456412,88
P456412,361
P456412,409
P456412,4
P456412,410
P456412,252
P456412,411
P456412,412
P456412,413
P456412,313
P456412,414
P456412,415
P456412,416
P456412,75
P456412,417
P456412,418
P456412,107
P456412,419
P456412,420
P456412,421
P456412,422
P456412,423
P456412,424
P456412,265
P456412,425
P456412,76
P456412,426
P456412,427
P456412,428
P456412,429
P456412,430
P456412,342
P456412,431
P456412,432
P456412,91
P456412,79
P456412,433
P418218,83
P418218,434
P418218,89
P418218,9
P418218,4
P418218,304
P418218,435
P418218,436
P418218,437
P418218,438
P418218,330
P418218,439
P418218,20
P418218,117
P418218,440
P418218,252
P418218,441
P418218,33
P418218,442
P418218,443
P418218,444
P418218,93
P418218,445
P418218,342
P418218,7
P418218,12
P418218,446
P418218,118
P418218,447
P454794,83
P454794,434
P454794,89
P454794,9
P454794,4
P454794,304
P454794,435
P454794,436
P454794,437
P454794,438
P454794,330
P454794,439
P454794,20
P454794,117
P454794,440
P454794,252
P454794,441
P454794,33
P454794,442
P454794,443
P454794,444
P454794,93
P454794,445
P454794,342
P454794,7
P454794,12
P454794,446
P454794,118
P454794,447
P122900,83
P122900,89
P122900,308
P122900,7
P122900,448
P122900,4
P122900,449
P122900,450
P122900,451
P122900,60
P122900,452
P122900,453
P122900,454
P122900,455
P122900,20
P122900,131
P122900,456
P122900,457
P122900,74
P122900,458
P122900,459
P122900,460
P122900,461
P122900,462
P122900,463
P122900,8
P122900,72
P122900,390
P122900,10
P122900,93
P122900,91
P122900,266
P122900,464
P122900,465
P122900,466
P409800,83
P409800,71
P409800,4
P409800,165
P409800,91
P409800,206
P409800,12
P409800,467
P409800,86
P409800,468
P409800,403
P409800,88
P409800,469
P409800,470
P409800,266
P409800,79
P409800,471
P427419,83
P427419,20
P427419,76
P427419,9
P427419,472
P427419,161
P427419,473
P427419,4
P427419,15
P427419,75
P427419,277
P427419,278
P427419,12
P427419,390
P427419,5
P427419,91
P427419,474
P460779,201
P460779,9
P460779,274
P460779,475
P460779,4
P460779,476
P460779,90
P460779,455
P460779,477
P460779,478
P460779,479
P460779,480
P460779,221
P460779,222
P460779,481
P460779,7
P460779,89
P460779,103
P460779,482
P460779,8
P460779,118
P460779,12
P460779,483
P460779,484
P460779,485
P460779,57
P460779,441
P460779,486
P460779,166
P460779,70
P460779,487
P460779,93
P460779,488
P460779,75
P460779,106
P460779,489
P460779,121
P460779,174
P460779,272
P460779,176
P460779,240
P460779,79
P460779,490
P460779,491
P460779,492
P443563,24
P443563,493
P443563,494
P443563,495
P443563,27
P443563,496
P443563,497
P443563,498
P443563,499
P443563,30
P443563,31
P443563,33
P443563,500
P443563,501
P443563,41
P443563,467
P443563,35
P443563,391
P443563,89
P443563,43
P443563,502
P443563,44
P443563,503
P443563,504
P443563,83
P443563,9
P443563,51
P443563,505
P443563,506
P443563,507
P443563,508
P443563,509
P443563,510
P443563,511
P443563,512
P443563,392
P12573,513
P12573,29
P12573,514
P12573,515
P12573,302
P12573,138
P12573,516
P12573,517
P12573,518
P12573,519
P12573,520
P12573,521
P12573,522
P12573,523
P270594,524
P270594,138
P270594,525
P270594,7
P270594,526
P270594,527
P270594,528
P270594,529
P270594,90
P270594,86
P270594,394
P270594,530
P270594,531
P270594,532
P270594,20
P270594,326
P270594,131
P270594,533
P270594,534
P270594,535
P270594,166
P270594,8
P270594,536
P270594,537
P270594,135
P270594,78
P270594,161
P270594,538
P270594,174
P270594,173
P270594,176
P270594,272
P270594,246
P270594,392
P392246,100
P392246,102
P392246,7
P392246,4
P392246,78
P392246,107
P392246,366
P392246,539
P392246,540
P392246,66
P392246,541
P392246,542
P392246,95
P392246,543
P392246,544
P392246,545
P392246,211
P392246,472
P392246,92
P392246,546
P392246,547
P392246,9
P392246,75
P392246,263
P392246,57
P392246,390
P392246,91
P392246,79
P392246,72
P392246,266
P392246,76
P392246,548
P392246,252
P392246,549
P433520,348
P433520,85
P433520,87
P433520,7
P433520,4
P433520,550
P433520,297
P433520,527
P433520,404
P433520,138
P433520,89
P433520,551
P433520,91
P433520,552
P433520,29
P433520,553
P433520,554
P433520,8
P433520,152
P433520,555
P433520,246
P433520,72
P433520,57
P433520,556
P433520,92
P433520,557
P433520,93
P433520,131
P433520,558
P433520,559
P433520,560
P433520,78
P433520,61
P433520,561
P433520,240
P433520,56
P433520,562
P433520,12
P433520,20
P433520,70
P433520,221
P433520,222
P433520,563
P433520,564
P433520,49
P433520,75
P433520,565
P433520,272
P433520,173
P433520,566
P481817,348
P481817,118
P481817,567
P481817,568
P481817,327
P481817,569
P481817,4
P481817,570
P481817,571
P481817,572
P481817,573
P481817,574
P481817,69
P481817,575
P481817,70
P481817,207
P481817,175
P481817,173
P481817,176
P481817,205
P481817,174
P481817,576
P458219,577
P458219,469
P458219,4
P458219,18
P458219,264
P458219,578
P458219,579
P458219,110
P458219,580
P458219,581
P458219,582
P458219,60
P458219,583
P458219,96
P458219,584
P458219,585
P458219,586
P458219,587
P458219,588
P458219,589
P458219,590
P458219,591
P467762,577
P467762,469
P467762,4
P467762,18
P467762,264
P467762,578
P467762,579
P467762,110
P467762,580
P467762,581
P467762,582
P467762,60
P467762,583
P467762,96
P467762,584
P467762,585
P467762,586
P467762,587
P467762,588
P467762,589
P467762,590
P467762,591
P297516,83
P297516,592
P297516,593
P297516,4
P297516,594
P297516,412
P297516,595
P297516,103
P297516,596
P297516,84
P297516,597
P297516,598
P297516,599
P297516,600
P297516,601
P297516,602
P297516,272
P297516,603
P297516,604
P297516,449
P297516,605
P297516,88
P297516,606
P297516,7
P297516,93
P297516,607
P297516,608
P454380,609
P454380,610
P454380,611
P454380,612
P454380,613
P454380,308
P454380,535
P454380,614
P454380,153
P454380,155
P454380,208
P454380,615
P454380,71
P454380,551
P454380,552
P454380,616
P454380,72
P454380,29
P454380,617
P454380,618
P454380,619
P454380,117
P454380,358
P454380,620
P454380,621
P454380,74
P454380,471
P470255,609
P470255,610
P470255,611
P470255,612
P470255,613
P470255,308
P470255,535
P470255,614
P470255,153
P470255,155
P470255,208
P470255,615
P470255,71
P470255,551
P470255,552
P470255,616
P470255,72
P470255,29
P470255,617
P470255,618
P470255,619
P470255,117
P470255,358
P470255,620
P470255,621
P470255,74
P470255,471
P442563,102
P442563,55
P442563,622
P442563,78
P442563,623
P442563,9
P442563,624
P442563,366
P442563,625
P442563,107
P442563,539
P442563,75
P442563,161
P442563,472
P442563,626
P442563,4
P442563,76
P442563,57
P442563,106
P442563,15
P442563,266
P442563,79
P442563,12
P442563,5
P442563,474
P480612,348
P480612,4
P480612,627
P480612,85
P480612,208
P480612,463
P480612,628
P480612,629
P480612,555
P480612,630
P480612,166
P480612,563
P480612,631
P480612,72
P480612,75
P480612,369
P480612,632
P480612,86
P480612,633
P480612,61
P480612,107
P480612,634
P480612,161
P480612,520
P480612,635
P480612,636
P480612,637
P480612,638
P480612,20
P480612,78
P480612,588
P480612,70
P480612,131
P480612,639
P480612,91
P480612,266
P480612,366
P480612,79
P480612,433
P232903,640
P232903,348
P232903,641
P232903,642
P232903,643
P232903,411
P232903,366
P232903,644
P441101,348
P441101,645
P441101,4
P441101,9
P441101,89
P441101,90
P441101,23
P441101,484
P441101,646
P441101,647
P441101,525
P441101,648
P441101,649
P441101,650
P441101,486
P441101,95
P441101,651
P441101,652
P441101,653
P441101,363
P441101,67
P441101,654
P441101,655
P441101,68
P441101,20
P441101,436
P441101,656
P441101,657
P441101,70
P441101,244
P441101,242
P441101,156
P441101,7
P441101,658
P441101,79
P441101,264
P441101,12
P441101,446
P441101,118
P441101,91
P441101,175
P441101,174
P441101,272
P441101,33
P441101,445
P441101,37
P441101,659
P456207,83
P456207,9
P456207,4
P456207,660
P456207,661
P456207,662
P456207,663
P456207,664
P456207,665
P456207,666
P456207,667
P456207,414
P456207,49
P456207,484
P456207,398
P456207,72
P456207,668
P456207,88
P456207,416
P456207,199
P456207,39
P456207,669
P456207,670
P456207,671
P456207,672
P456207,673
P456207,107
P456207,420
P456207,422
P456207,117
P456207,423
P456207,424
P456207,265
P456207,674
P456207,675
P456207,358
P456207,161
P456207,76
P456207,426
P456207,676
P456207,677
P456207,427
P456207,678
P456207,679
P456207,428
P456207,680
P456207,230
P456207,681
P456207,20
P456207,263
P456207,131
P456207,455
P456207,682
P456207,683
P456207,684
P456207,57
P456207,431
P456207,432
P456207,685
P456207,206
P456207,91
P456207,366
P456207,686
P456207,687
P232915,348
P232915,107
P232915,74
P232915,633
P232915,688
P232915,88
P232915,689
P232915,291
P232915,527
P232915,91
P232915,690
P232915,86
P232915,170
P232915,366
P232915,691
P232915,200
P232915,686
P232915,692
P232915,693
P232915,13
P232915,694
P232915,266
P232915,174
P232915,272
P232915,322
P232915,532
P232915,666
P232915,695
P232915,365
P232915,696
P232915,131
P232915,697
P232915,698
P232915,699
P232915,700
P232915,701
P232915,192
P232915,702
P455364,703
P455364,88
P455364,3
P455364,704
P455364,705
P455364,74
P455364,394
P455364,706
P455364,707
P455364,708
P455364,709
P455364,206
P455364,91
P455364,117
P455364,5
P455364,563
P455364,70
P455364,710
P455364,711
P478030,703
P478030,88
P478030,3
P478030,704
P478030,705
P478030,74
P478030,394
P478030,706
P478030,707
P478030,708
P478030,709
P478030,206
P478030,91
P478030,117
P478030,5
P478030,563
P478030,70
P478030,710
P478030,711
P422905,83
P422905,2
P422905,7
P422905,4
P422905,90
P422905,138
P422905,712
P422905,89
P422905,713
P422905,714
P422905,5
P422905,715
P422905,161
P422905,162
P422905,716
P422905,97
P422905,717
P422905,718
P422905,719
P422905,720
P422905,721
P422905,722
P422905,144
P422905,723
P422905,724
P422905,725
P422905,726
P422905,727
P422905,728
P422905,729
P422905,730
P422905,731
P422905,110
P422905,658
P422905,74
P422905,24
P422905,86
P422905,170
P422905,169
P422905,732
P422905,733
P422905,167
P422905,734
P422905,735
P422905,156
P422905,736
P422905,8
P422905,10
P422905,171
P422905,737
P422905,738
P422905,739
P422905,175
P422905,740
P422905,174
P422905,176
P422905,177
P430337,741
P430337,83
P430337,4
P430337,208
P430337,9
P430337,71
P430337,742
P430337,743
P430337,744
P430337,73
P430337,88
P430337,676
P430337,745
P430337,161
P430337,746
P430337,747
P430337,237
P430337,75
P430337,91
P430337,467
P430337,47
P430337,57
P430337,748
P430337,238
P430337,749
P430337,750
P430337,751
P430337,752
P430337,753
P430337,12
P430337,132
P430337,441
P430337,754
P430337,755
P430337,20
P430337,756
P430337,430
P430337,18
P430337,757
P430337,49
P430337,70
P430337,758
P430337,464
P430337,175
P430337,174
P430337,272
P430337,759
P302103,760
P302103,627
P302103,761
P302103,762
P302103,763
P302103,764
P302103,568
P302103,765
P302103,766
P302103,767
P302103,768
P302103,769
P302103,770
P302103,70
P302103,131
P302103,71
P302103,20
P302103,771
P302103,32
P302103,772
P302103,773
P302103,774
P302103,563
P302103,775
P302103,174
P302103,175
P302103,206
P302103,272
P302103,566
P439061,83
P439061,102
P439061,104
P439061,107
P439061,78
P439061,106
P439061,91
P439061,467
P439061,776
P439061,12
P439061,4
P439061,112
P439061,750
P439061,96
P439061,777
P439061,778
P439061,122
P439061,132
P439061,70
P439061,175
P439061,174
P439061,177
P375849,779
P375849,7
P375849,76
P375849,83
P375849,79
P375849,780
P375849,781
P426183,779
P426183,7
P426183,76
P426183,83
P426183,79
P426183,780
P426183,781
P456398,83
P456398,782
P456398,783
P456398,298
P456398,89
P456398,784
P456398,785
P456398,786
P456398,162
P456398,4
P456398,787
P456398,32
P456398,308
P456398,788
P456398,789
P456398,74
P456398,252
P456398,790
P456398,791
P456398,95
P456398,439
P456398,792
P456398,311
P456398,793
P456398,482
P456398,595
P456398,171
P456398,118
P456398,794
P456398,795
P456398,796
P456398,51
P456398,70
P456398,7
P456398,84
P456398,489
P456398,797
P456398,798
P456398,780
P456398,467
P456398,799
P94421,348
P94421,7
P94421,4
P94421,800
P94421,90
P94421,801
P94421,802
P94421,398
P94421,86
P94421,57
P94421,72
P94421,358
P94421,676
P94421,266
P94421,670
P94421,75
P94421,430
P94421,78
P94421,803
P427406,55
P427406,102
P427406,65
P427406,59
P427406,622
P427406,9
P427406,4
P427406,804
P427406,805
P427406,67
P427406,626
P427406,236
P427406,223
P427406,225
P427406,230
P427406,232
P427406,227
P427406,229
P427406,231
P427406,226
P427406,228
P427406,806
P427406,224
P427406,241
P427406,133
P427406,240
P427406,807
P427406,808
P427406,809
P427406,684
P427406,810
P427406,811
P427406,75
P427406,106
P427406,812
P427406,15
P427406,252
P427406,390
P427406,266
P427406,79
P427406,5
P427406,474
P431180,83
P431180,813
P431180,101
P431180,4
P431180,119
P431180,57
P431180,814
P431180,815
P431180,816
P431180,817
P431180,818
P431180,326
P431180,45
P431180,819
P431180,570
P431180,520
P431180,680
P431180,820
P431180,821
P431180,822
P431180,49
P431180,9
P431180,12
P431180,489
P431180,467
P431180,78
P431180,91
P431180,823
P173726,824
P479839,100
P479839,89
P479839,4
P479839,155
P479839,7
P479839,448
P479839,825
P479839,311
P479839,826
P479839,827
P479839,20
P479839,828
P479839,422
P479839,829
P479839,830
P479839,831
P479839,131
P479839,832
P479839,90
P479839,833
P479839,834
P479839,835
P479839,60
P479839,836
P479839,469
P479839,837
P479839,838
P479839,839
P479839,840
P479839,454
P479839,452
P479839,240
P479839,841
P479839,842
P479839,458
P479839,809
P479839,133
P479839,397
P479839,76
P479839,72
P479839,843
P479839,181
P479839,457
P479839,844
P479839,796
P479839,93
P479839,277
P479839,308
P479839,75
P479839,121
P479839,51
P479839,441
P479839,266
P479839,374
P479839,79
P479839,91
P479839,845
P481084,100
P481084,89
P481084,4
P481084,155
P481084,7
P481084,448
P481084,825
P481084,311
P481084,826
P481084,827
P481084,20
P481084,828
P481084,422
P481084,829
P481084,830
P481084,831
P481084,131
P481084,832
P481084,90
P481084,833
P481084,834
P481084,835
P481084,60
P481084,836
P481084,469
P481084,837
P481084,838
P481084,839
P481084,840
P481084,454
P481084,452
P481084,240
P481084,841
P481084,842
P481084,458
P481084,809
P481084,133
P481084,397
P481084,76
P481084,72
P481084,843
P481084,181
P481084,457
P481084,844
P481084,796
P481084,93
P481084,277
P481084,308
P481084,75
P481084,121
P481084,51
P481084,441
P481084,266
P481084,374
P481084,79
P481084,91
P481084,845
P426836,83
P426836,4
P426836,410
P426836,56
P426836,846
P426836,249
P426836,847
P426836,9
P426836,286
P426836,848
P426836,237
P426836,238
P426836,468
P426836,849
P426836,211
P426836,850
P426836,70
P426836,75
P426836,91
P426836,78
P426836,79
P426836,252
P426836,851
P421235,348
P421235,852
P421235,4
P421235,297
P421235,71
P421235,76
P421235,853
P421235,31
P421235,854
P421235,7
P421235,446
P421235,91
P421235,855
P421235,9
P421235,10
P421235,131
P421235,8
P421235,856
P421235,857
P421235,12
P421235,90
P421235,858
P421235,554
P421235,41
P421235,859
P421235,860
P421235,57
P421235,197
P421235,77
P421235,861
P421235,862
P421235,863
P421235,864
P421235,865
P421235,79
P421235,75
P421235,70
P421235,866
P421235,93
P421235,752
P421235,265
P421235,867
P421235,868
P421235,869
P421235,266
P421235,47
P421235,870
P421235,49
P421235,441
P421235,871
P421235,872
P421235,873
P4016,874
P4016,1
P4016,875
P4016,410
P4016,684
P4016,876
P4016,455
P4016,649
P4016,877
P4016,878
P4016,879
P4016,880
P4016,165
P4016,7
P4016,881
P4016,882
P4016,883
P4016,386
P4016,884
P4016,409
P4016,885
P4016,886
P4016,86
P4016,624
P4016,119
P4016,75
P4016,93
P4016,91
P4016,72
P4016,246
P4016,174
P4016,887
P4016,888
P4016,889
P4016,188
P4016,890
P4016,891
P4016,892
P4016,893
P278317,100
P278317,66
P278317,4
P278317,894
P278317,107
P278317,102
P278317,78
P278317,91
P278317,895
P278317,106
P278317,95
P278317,896
P278317,897
P278317,898
P278317,266
P278317,899
P278317,79
P278317,900
P278317,18
P278317,246
P278317,901
P278317,357
P406712,83
P406712,234
P406712,463
P406712,4
P406712,76
P406712,211
P406712,902
P406712,903
P406712,904
P406712,469
P406712,836
P406712,835
P406712,235
P406712,161
P406712,133
P406712,472
P406712,850
P406712,274
P406712,369
P406712,20
P406712,240
P406712,91
P406712,736
P406712,15
P406712,75
P406712,72
P406712,246
P406712,549
P415777,83
P415777,102
P415777,244
P415777,4
P415777,78
P415777,366
P415777,286
P415777,882
P415777,691
P415777,905
P415777,541
P415777,835
P415777,906
P415777,544
P415777,540
P415777,907
P415777,908
P415777,211
P415777,909
P415777,132
P415777,472
P415777,133
P415777,92
P415777,850
P415777,811
P415777,910
P415777,242
P415777,911
P415777,274
P415777,401
P415777,107
P415777,9
P415777,75
P415777,342
P415777,15
P415777,156
P415777,72
P415777,246
P415777,392
P421996,912
P421996,4
P421996,89
P421996,90
P421996,448
P421996,913
P421996,352
P421996,914
P421996,646
P421996,915
P421996,91
P421996,916
P421996,86
P421996,527
P421996,917
P421996,918
P421996,246
P421996,84
P421996,919
P421996,920
P421996,921
P421996,57
P421996,12
P421996,922
P421996,923
P421996,924
P421996,593
P421996,925
P421996,926
P421996,927
P422510,912
P422510,4
P422510,89
P422510,90
P422510,928
P422510,929
P422510,913
P422510,352
P422510,562
P422510,930
P422510,646
P422510,931
P422510,932
P422510,91
P422510,916
P422510,86
P422510,933
P422510,118
P422510,917
P422510,934
P422510,935
P422510,246
P422510,84
P422510,919
P422510,936
P422510,937
P422510,938
P422510,939
P422510,57
P422510,12
P422510,940
P422510,941
P422510,923
P422510,942
P422510,943
P422510,593
P422510,925
P422510,944
P422510,945
P422510,927
P411403,946
P411403,4
P411403,274
P411403,88
P411403,90
P411403,947
P411403,86
P411403,89
P411403,948
P411403,646
P411403,404
P411403,91
P411403,170
P411403,71
P411403,72
P411403,76
P411403,756
P411403,70
P411403,418
P411403,75
P411403,20
P411403,47
P411403,97
P411403,130
P411403,15
P411403,360
P411403,272
P411403,949
P411403,7
P411403,77
P411403,174
P411403,207
P411403,8
P411403,240
P411403,175
P411403,106
P411403,222
P411403,221
P411403,950
P415771,645
P415771,9
P415771,95
P415771,651
P415771,12
P415771,91
P473160,645
P473160,9
P473160,95
P473160,651
P473160,12
P473160,392
P442840,951
P442840,71
P442840,4
P442840,29
P442840,952
P442840,953
P442840,954
P442840,955
P442840,9
P442840,956
P442840,670
P442840,169
P442840,595
P442840,91
P442840,363
P442840,957
P442840,90
P442840,958
P442840,57
P442840,959
P442840,960
P442840,76
P442840,266
P442840,418
P442840,652
P442840,961
P442840,61
P442840,12
P442840,75
P442840,657
P442840,66
P442840,15
P442840,70
P442840,637
P442840,635
P442840,403
P442840,264
P442840,426
P442840,79
P442840,20
P442840,97
P442840,396
P442840,401
P442840,158
P442840,8
P442840,962
P461537,348
P461537,358
P461537,9
P461537,250
P461537,4
P461537,963
P461537,964
P461537,408
P461537,446
P461537,434
P461537,965
P461537,652
P461537,20
P461537,653
P461537,468
P461537,103
P461537,966
P461537,93
P461537,91
P461537,12
P461537,79
P461537,548
P461537,967
P479860,951
P479860,71
P479860,4
P479860,29
P479860,952
P479860,953
P479860,954
P479860,955
P479860,9
P479860,956
P479860,670
P479860,169
P479860,595
P479860,91
P479860,363
P479860,957
P479860,90
P479860,958
P479860,57
P479860,959
P479860,960
P479860,76
P479860,266
P479860,418
P479860,652
P479860,961
P479860,61
P479860,12
P479860,75
P479860,657
P479860,66
P479860,15
P479860,70
P479860,637
P479860,635
P479860,403
P479860,264
P479860,426
P479860,79
P479860,20
P479860,97
P479860,396
P479860,401
P479860,158
P479860,8
P479860,962
P440651,874
P440651,1
P440651,875
P440651,410
P440651,684
P440651,876
P440651,455
P440651,649
P440651,877
P440651,878
P440651,879
P440651,880
P440651,165
P440651,7
P440651,881
P440651,882
P440651,883
P440651,386
P440651,884
P440651,409
P440651,885
P440651,886
P440651,86
P440651,624
P440651,119
P440651,75
P440651,93
P440651,91
P440651,72
P440651,246
P440651,174
P440651,887
P440651,888
P440651,889
P440651,188
P440651,890
P440651,891
P440651,892
P440651,893
P504595,348
P504595,358
P504595,9
P504595,250
P504595,4
P504595,963
P504595,964
P504595,408
P504595,446
P504595,434
P504595,965
P504595,652
P504595,20
P504595,653
P504595,468
P504595,103
P504595,966
P504595,93
P504595,91
P504595,12
P504595,79
P504595,548
P504595,967
P393718,968
P393718,969
P393718,970
P393718,971
P393718,972
P393718,973
P393718,974
P393718,975
P393718,976
P393718,977
P393718,978
P393718,979
P393718,980
P393718,981
P393718,982
P393718,983
P393718,984
P42205,344
P42205,517
P42205,985
P42205,986
P376726,909
P376726,373
P376726,174
P376726,70
P376726,363
P376726,987
P376726,637
P376726,175
P376726,177
P12336,83
P12336,7
P12336,4
P12336,76
P12336,11
P12336,988
P12336,65
P12336,64
P12336,60
P12336,329
P12336,95
P12336,989
P12336,69
P12336,286
P12336,990
P12336,991
P12336,70
P12336,8
P12336,135
P12336,78
P12336,992
P12336,71
P12336,993
P12336,20
P12336,77
P12336,265
P12336,75
P12336,79
P12336,266
P12336,91
P12336,173
P12336,566
P461159,524
P461159,994
P461159,562
P461159,9
P461159,448
P461159,879
P461159,743
P461159,995
P461159,7
P461159,996
P461159,997
P461159,20
P461159,531
P461159,460
P461159,998
P461159,999
P461159,1000
P461159,1001
P461159,454
P461159,117
P461159,1002
P461159,398
P461159,90
P461159,4
P461159,1003
P461159,72
P461159,1004
P461159,1005
P461159,1006
P461159,169
P461159,1007
P461159,1008
P461159,131
P461159,8
P461159,804
P461159,135
P461159,51
P461159,57
P461159,266
P461159,93
P461159,91
P461159,465
P461159,1009
P461160,524
P461160,994
P461160,562
P461160,9
P461160,448
P461160,879
P461160,743
P461160,995
P461160,7
P461160,996
P461160,997
P461160,20
P461160,531
P461160,460
P461160,998
P461160,999
P461160,1000
P461160,1001
P461160,454
P461160,117
P461160,1002
P461160,398
P461160,90
P461160,4
P461160,1003
P461160,72
P461160,1004
P461160,1005
P461160,1006
P461160,169
P461160,1007
P461160,1008
P461160,131
P461160,8
P461160,804
P461160,135
P461160,51
P461160,57
P461160,266
P461160,93
P461160,91
P461160,465
P461160,1009
P461933,524
P461933,994
P461933,562
P461933,9
P461933,448
P461933,879
P461933,743
P461933,995
P461933,7
P461933,996
P461933,997
P461933,20
P461933,531
P461933,460
P461933,998
P461933,999
P461933,1000
P461933,1001
P461933,454
P461933,117
P461933,1002
P461933,398
P461933,90
P461933,4
P461933,1003
P461933,72
P461933,1004
P461933,1005
P461933,1006
P461933,169
P461933,1007
P461933,1008
P461933,131
P461933,8
P461933,804
P461933,135
P461933,51
P461933,57
P461933,266
P461933,93
P461933,91
P461933,465
P461933,1009
P266126,345
P266126,1010
P266126,1011
P266126,1012
P427536,83
P427536,250
P427536,9
P427536,4
P427536,963
P427536,408
P427536,1013
P427536,1014
P427536,1015
P427536,1016
P427536,438
P427536,437
P427536,103
P427536,252
P427536,1017
P427536,1018
P427536,7
P427536,12
P427536,135
P427536,467
P427536,118
P427536,392
P504615,83
P504615,250
P504615,9
P504615,4
P504615,963
P504615,408
P504615,1013
P504615,1014
P504615,1015
P504615,1016
P504615,438
P504615,437
P504615,103
P504615,252
P504615,1017
P504615,1018
P504615,7
P504615,12
P504615,135
P504615,467
P504615,118
P504615,392
P440307,100
P440307,4
P440307,61
P440307,1019
P440307,86
P440307,878
P440307,527
P440307,84
P440307,258
P440307,1020
P440307,1021
P440307,1022
P440307,1023
P440307,1024
P440307,670
P440307,260
P440307,413
P440307,90
P440307,8
P440307,18
P440307,92
P440307,259
P440307,12
P440307,57
P440307,91
P440307,1025
P440307,317
P440307,1026
P440307,1027
P440307,1028
P440307,70
P440307,174
P461555,100
P461555,4
P461555,61
P461555,1019
P461555,86
P461555,878
P461555,527
P461555,84
P461555,258
P461555,1020
P461555,1021
P461555,1022
P461555,1023
P461555,1024
P461555,670
P461555,260
P461555,413
P461555,90
P461555,8
P461555,18
P461555,92
P461555,259
P461555,12
P461555,57
P461555,91
P461555,1025
P461555,317
P461555,1026
P461555,1027
P461555,1028
P461555,70
P461555,174
P422536,83
P422536,89
P422536,200
P422536,4
P422536,74
P422536,7
P422536,1029
P422536,1030
P422536,599
P422536,1031
P422536,1032
P422536,601
P422536,1033
P422536,1034
P422536,1035
P422536,1036
P422536,598
P422536,174
P422536,272
P422536,173
P422536,175
P422536,176
P422536,694
P422536,535
P422536,463
P422536,835
P422536,60
P422536,1037
P422536,1038
P422536,1039
P422536,1040
P422536,1041
P422536,400
P422536,1042
P422536,366
P422536,454
P422536,224
P422536,20
P422536,584
P422536,449
P422536,422
P422536,129
P422536,73
P422536,1043
P422536,786
P422536,658
P422536,1044
P422536,72
P422536,166
P422536,131
P422536,10
P422536,1045
P422536,390
P422536,756
P422536,93
P422536,91
P422536,33
P422536,37
P422536,845
P410400,1046
P410400,1047
P410400,1048
P410400,782
P410400,1049
P410400,1050
P410400,275
P410400,1051
P410400,1052
P410400,1053
P410400,1054
P410400,96
P410400,366
P410400,892
P410400,1055
P410400,1056
P410400,1057
P410400,1058
P410400,637
P410400,1059
P410400,1060
P410400,1061
P410400,195
P410400,1062
P410400,1063
P410400,196
P410400,1064
P410400,1065
P410400,198
P410400,1066
P410400,197
P410400,191
P410400,627
P410400,1067
P410400,1068
P455676,100
P455676,716
P455676,7
P455676,815
P455676,118
P455676,5
P455676,695
P455676,903
P455676,365
P455676,183
P455676,75
P455676,107
P455676,109
P455676,366
P455676,539
P455676,102
P455676,685
P455676,4
P455676,1069
P455676,1070
P455676,703
P455676,110
P455676,1071
P455676,1072
P455676,1073
P455676,1074
P455676,1075
P455676,618
P455676,1076
P455676,1077
P455676,1078
P455676,862
P455676,1079
P455676,749
P455676,750
P455676,1080
P455676,1081
P455676,20
P455676,12
P455676,264
P455676,106
P455676,8
P455676,10
P455676,9
P455676,93
P455676,91
P455676,206
P455676,202
P455676,591
P458216,100
P458216,716
P458216,7
P458216,815
P458216,118
P458216,5
P458216,695
P458216,903
P458216,365
P458216,183
P458216,75
P458216,107
P458216,109
P458216,366
P458216,539
P458216,102
P458216,685
P458216,4
P458216,1069
P458216,1070
P458216,703
P458216,110
P458216,1071
P458216,1072
P458216,1073
P458216,1074
P458216,1075
P458216,618
P458216,1076
P458216,1077
P458216,1078
P458216,862
P458216,1079
P458216,749
P458216,750
P458216,1080
P458216,1081
P458216,20
P458216,12
P458216,264
P458216,106
P458216,8
P458216,10
P458216,9
P458216,93
P458216,91
P458216,206
P458216,202
P458216,591
P139000,524
P139000,1082
P139000,252
P139000,249
P139000,1083
P139000,1084
P139000,1085
P139000,1086
P139000,66
P139000,1087
P139000,809
P139000,20
P139000,1088
P139000,7
P139000,390
P139000,606
P139000,1089
P139000,72
P139000,1090
P139000,131
P139000,901
P139000,93
P139000,392
P421243,297
P421243,1091
P421243,525
P421243,1092
P421243,27
P421243,31
P421243,1093
P421243,1094
P421243,892
P421243,1095
P421243,1096
P421243,467
P421243,768
P421243,1097
P421243,1098
P421243,1099
P421243,32
P421243,77
P421243,70
P421243,563
P421243,1045
P421243,51
P421243,1100
P421243,1101
P421243,44
P421243,1102
P421243,55
P421243,1103
P421243,1104
P421243,1105
P421243,1106
P421243,1107
P421243,1108
P421243,1109
P421243,91
P421243,174
P421243,272
P421243,175
P421243,759
P466123,348
P466123,9
P466123,743
P466123,4
P466123,274
P466123,1110
P466123,5
P466123,178
P466123,1111
P466123,20
P466123,1112
P466123,189
P466123,746
P466123,10
P466123,86
P466123,8
P466123,166
P466123,12
P466123,57
P466123,1113
P466123,185
P466123,268
P466123,1114
P456213,1115
P456213,1116
P456213,4
P456213,88
P456213,102
P456213,1117
P456213,767
P456213,90
P456213,86
P456213,209
P456213,78
P456213,210
P456213,1118
P456213,1119
P456213,49
P456213,1120
P456213,1121
P456213,1122
P456213,1123
P456213,405
P456213,188
P456213,192
P456213,889
P456213,1124
P456213,1125
P456213,1126
P456213,29
P456213,39
P456213,1127
P456213,75
P456213,426
P456213,1128
P456213,1129
P456213,1130
P456213,547
P456213,261
P456213,1131
P456213,690
P456213,72
P456213,175
P456213,1132
P459299,1115
P459299,1116
P459299,4
P459299,88
P459299,102
P459299,1117
P459299,767
P459299,90
P459299,86
P459299,209
P459299,78
P459299,210
P459299,1118
P459299,1119
P459299,49
P459299,1120
P459299,1121
P459299,1122
P459299,1123
P459299,405
P459299,188
P459299,192
P459299,889
P459299,1124
P459299,1125
P459299,1126
P459299,29
P459299,39
P459299,1127
P459299,75
P459299,426
P459299,1128
P459299,1129
P459299,1130
P459299,547
P459299,261
P459299,1131
P459299,690
P459299,72
P459299,175
P459299,1132
P381030,524
P381030,1133
P381030,4
P381030,1134
P381030,84
P381030,86
P381030,1135
P381030,684
P381030,1136
P381030,804
P381030,1137
P381030,60
P381030,453
P381030,458
P381030,20
P381030,7
P381030,76
P381030,171
P381030,91
P381030,758
P381030,464
P381030,1138
P427416,55
P427416,454
P427416,265
P427416,4
P427416,9
P427416,1139
P427416,1140
P427416,18
P427416,1141
P427416,1142
P427416,1143
P427416,684
P427416,76
P427416,546
P427416,676
P427416,57
P427416,107
P427416,391
P427416,15
P427416,1109
P427416,275
P427416,206
P427416,5
P427416,12
P427416,91
P427416,474
P433887,83
P433887,90
P433887,4
P433887,71
P433887,1144
P433887,29
P433887,210
P433887,209
P433887,97
P433887,617
P433887,20
P433887,1145
P433887,237
P433887,1146
P433887,238
P433887,1053
P433887,70
P433887,1147
P433887,1148
P433887,1149
P433887,88
P433887,12
P433887,8
P433887,78
P433887,91
P433887,1150
P432829,348
P432829,61
P432829,404
P432829,9
P432829,86
P432829,84
P432829,4
P432829,66
P432829,413
P432829,90
P432829,1151
P432829,1152
P432829,1153
P432829,1154
P432829,627
P432829,1155
P432829,29
P432829,62
P432829,169
P432829,1156
P432829,426
P432829,57
P432829,8
P432829,12
P432829,161
P432829,70
P432829,265
P432829,91
P432829,266
P432829,92
P432829,1157
P463371,348
P463371,61
P463371,404
P463371,9
P463371,86
P463371,84
P463371,4
P463371,66
P463371,413
P463371,90
P463371,1151
P463371,1152
P463371,1153
P463371,1154
P463371,627
P463371,1155
P463371,29
P463371,62
P463371,169
P463371,1156
P463371,426
P463371,57
P463371,8
P463371,12
P463371,161
P463371,70
P463371,265
P463371,91
P463371,266
P463371,92
P463371,1157
P427414,83
P427414,71
P427414,527
P427414,9
P427414,352
P427414,4
P427414,20
P427414,224
P427414,236
P427414,225
P427414,223
P427414,230
P427414,232
P427414,227
P427414,229
P427414,231
P427414,226
P427414,228
P427414,808
P427414,1158
P427414,807
P427414,455
P427414,133
P427414,241
P427414,240
P427414,684
P427414,92
P427414,237
P427414,1146
P427414,1159
P427414,595
P427414,84
P427414,117
P427414,771
P427414,70
P427414,8
P427414,277
P427414,156
P427414,252
P427414,75
P427414,15
P427414,76
P427414,804
P427414,78
P427414,91
P427414,279
P456218,1160
P456218,612
P456218,1161
P456218,83
P456218,9
P456218,1162
P456218,4
P456218,85
P456218,153
P456218,274
P456218,670
P456218,1163
P456218,33
P456218,342
P456218,1164
P456218,308
P456218,476
P456218,86
P456218,782
P456218,1165
P456218,71
P456218,663
P456218,1166
P456218,7
P456218,224
P456218,745
P456218,72
P456218,5
P456218,305
P456218,20
P456218,246
P456218,166
P456218,15
P456218,129
P456218,1167
P456218,1168
P456218,1169
P456218,1170
P456218,70
P456218,61
P456218,1171
P399623,348
P399623,4
P399623,90
P399623,9
P399623,89
P399623,162
P399623,40
P399623,1172
P399623,645
P399623,95
P399623,651
P399623,1173
P399623,20
P399623,656
P399623,96
P399623,1174
P399623,652
P399623,67
P399623,1175
P399623,1176
P399623,655
P399623,584
P399623,70
P399623,1177
P399623,403
P399623,394
P399623,12
P399623,484
P399623,87
P399623,79
P399623,264
P399623,446
P399623,118
P399623,91
P399623,174
P399623,272
P432668,83
P432668,24
P432668,1178
P432668,33
P432668,244
P432668,4
P432668,768
P432668,211
P432668,858
P432668,71
P432668,1179
P432668,117
P432668,1180
P432668,237
P432668,238
P432668,242
P432668,95
P432668,265
P432668,472
P432668,1181
P432668,1182
P432668,1183
P432668,70
P432668,91
P432668,76
P432668,79
P432668,686
P432668,72
P432668,323
P432668,390
P432668,156
P432668,12
P432668,1105
P432668,1184
P432668,1185
P432668,1186
P283501,1187
P283501,1188
P283501,1189
P283501,1190
P283501,1191
P283501,1192
P283501,1193
P283501,1194
P283501,70
P283501,1195
P479734,100
P479734,648
P479734,4
P479734,1196
P479734,1197
P479734,1198
P479734,1199
P479734,9
P479734,29
P479734,1200
P479734,834
P479734,838
P479734,450
P479734,422
P479734,451
P479734,95
P479734,840
P479734,1201
P479734,1202
P479734,828
P479734,1203
P479734,222
P479734,221
P479734,1204
P479734,1205
P479734,460
P479734,20
P479734,131
P479734,7
P479734,88
P479734,454
P479734,747
P479734,809
P479734,831
P479734,850
P479734,168
P479734,617
P479734,1206
P479734,1207
P479734,1208
P479734,455
P479734,12
P479734,158
P479734,398
P479734,562
P479734,1209
P479734,993
P479734,1143
P479734,72
P479734,70
P479734,1210
P479734,555
P479734,1211
P479734,166
P479734,463
P479734,1212
P479734,527
P479734,1213
P479734,484
P479734,86
P479734,84
P479734,8
P479734,106
P479734,78
P479734,51
P479734,93
P479734,441
P479734,266
P479734,79
P479734,1214
P446938,100
P446938,4
P446938,1215
P446938,1216
P446938,1217
P446938,87
P446938,88
P446938,595
P446938,84
P446938,76
P446938,1218
P446938,1219
P446938,1220
P446938,909
P446938,1221
P446938,211
P446938,1222
P446938,158
P446938,396
P446938,395
P446938,472
P446938,97
P446938,401
P446938,291
P446938,15
P446938,70
P446938,403
P446938,78
P446938,75
P446938,8
P446938,57
P446938,72
P446938,246
P446938,91
P446938,549
P164932,344
P164932,345
P164932,1223
P164932,1224
P443845,201
P443845,9
P443845,20
P443845,4
P443845,7
P443845,91
P443845,463
P443845,132
P443845,18
P443845,8
P443845,240
P443845,106
P443845,221
P443845,1225
P475908,23
P475908,1205
P475908,24
P475908,29
P475908,30
P475908,5
P475908,518
P475908,717
P475908,339
P475908,1226
P475908,389
P475908,83
P475908,7
P475908,554
P475908,1227
P475908,1228
P475908,1229
P475908,1230
P475908,1231
P475908,1232
P475908,1233
P475908,1234
P475908,467
P475908,174
P475908,272
P475908,1235
P472454,348
P472454,1236
P472454,628
P472454,4
P472454,1237
P472454,1238
P472454,1239
P472454,1240
P472454,484
P472454,86
P472454,166
P472454,1241
P472454,117
P472454,618
P472454,70
P472454,72
P472454,61
P472454,57
P472454,79
P472454,54
P472454,1242
P472454,7
P472454,112
P472454,78
P472454,75
P472454,681
P472454,441
P472454,430
P472454,266
P472454,1243
P472454,20
P472454,590
P472454,39
P472454,1244
P472454,1245
P472454,118
P472454,1246
P472454,1247
P434548,100
P434548,107
P434548,9
P434548,617
P434548,102
P434548,103
P434548,110
P434548,1248
P434548,764
P434548,581
P434548,75
P434548,1249
P434548,182
P434548,1250
P434548,1175
P434548,673
P434548,19
P434548,197
P434548,1251
P434548,685
P434548,1252
P434548,767
P434548,1253
P434548,583
P434548,749
P434548,750
P434548,1072
P434548,189
P434548,61
P434548,190
P434548,680
P434548,88
P434548,4
P434548,1212
P434548,313
P434548,56
P434548,676
P434548,484
P434548,168
P434548,79
P434548,70
P434548,266
P434548,191
P434548,1254
P434548,264
P434548,5
P434548,1255
P434548,198
P434548,1256
P434548,808
P434548,338
P434548,1235
P400207,348
P400207,66
P400207,4
P400207,183
P400207,1257
P400207,903
P400207,132
P400207,1258
P400207,20
P400207,264
P400207,430
P400207,189
P400207,190
P400207,191
P400207,195
P400207,196
P400207,1064
P400207,198
P400207,1255
P400207,197
P400207,1259
P400207,1260
P428819,469
P428819,1261
P428819,605
P428819,63
P428819,1262
P428819,1263
P428819,4
P428819,1264
P428819,1265
P428819,20
P428819,527
P428819,1266
P428819,57
P428819,1267
P428819,1268
P428819,584
P428819,1269
P428819,96
P428819,1270
P428819,1271
P428819,166
P428819,586
P428819,1272
P428819,687
P462699,348
P462699,4
P462699,9
P462699,76
P462699,1273
P462699,1274
P462699,1120
P462699,1275
P462699,20
P462699,1276
P462699,1277
P462699,1278
P462699,1170
P462699,129
P462699,78
P462699,1279
P462699,1280
P462699,72
P462699,246
P462699,263
P462699,1281
P462699,6
P462699,266
P462699,815
P462699,132
P462699,5
P462699,75
P462699,12
P462699,745
P462699,1282
P462699,57
P462699,269
P462699,270
P462699,91
P462699,1283
P403818,45
P403818,211
P403818,29
P403818,71
P403818,525
P403818,1209
P403818,519
P403818,1284
P403818,633
P403818,1285
P403818,1286
P403818,882
P403818,1287
P403818,1288
P403818,405
P403818,520
P403818,1289
P403818,1050
P403818,131
P403818,850
P403818,222
P403818,747
P403818,404
P403818,628
P403818,706
P403818,242
P403818,1290
P403818,237
P403818,238
P403818,72
P403818,392
P500718,100
P500718,4
P500718,1291
P500718,7
P500718,86
P500718,170
P500718,89
P500718,88
P500718,828
P500718,1203
P500718,397
P500718,221
P500718,833
P500718,20
P500718,1204
P500718,840
P500718,1201
P500718,1292
P500718,831
P500718,454
P500718,222
P500718,1143
P500718,748
P500718,131
P500718,155
P500718,1134
P500718,72
P500718,743
P500718,166
P500718,10
P500718,1211
P500718,562
P500718,106
P500718,390
P500718,119
P500718,8
P500718,1293
P500718,588
P500718,527
P500718,441
P500718,93
P500718,91
P500718,266
P500718,1294
P447791,348
P447791,4
P447791,9
P447791,88
P447791,86
P447791,520
P447791,1295
P447791,84
P447791,29
P447791,382
P447791,362
P447791,1296
P447791,90
P447791,274
P447791,12
P447791,1054
P447791,1297
P447791,131
P447791,66
P447791,1298
P447791,18
P447791,404
P447791,20
P447791,127
P447791,1299
P447791,1117
P447791,252
P447791,1300
P447791,265
P447791,1301
P447791,1302
P447791,1303
P447791,678
P447791,7
P447791,1304
P447791,1305
P447791,1306
P447791,224
P447791,794
P447791,1307
P447791,78
P447791,75
P447791,72
P447791,1308
P447791,1309
P447791,1310
P447791,637
P447791,1311
P447791,1284
P447791,1312
P447791,661
P447791,166
P447791,1313
P447791,1314
P447791,390
P447791,266
P447791,79
P447791,392
P500633,55
P500633,4
P500633,627
P500633,61
P500633,1315
P500633,9
P500633,5
P500633,274
P500633,76
P500633,1316
P500633,716
P500633,1317
P500633,95
P500633,1251
P500633,18
P500633,97
P500633,131
P500633,70
P500633,265
P500633,166
P500633,568
P500633,1318
P500633,57
P500633,20
P500633,78
P500633,130
P500633,1243
P500633,401
P500633,169
P500633,246
P500633,266
P500633,79
P500633,174
P500633,272
P500633,173
P500633,566
P446930,83
P446930,7
P446930,4
P446930,767
P446930,5
P446930,1319
P446930,670
P446930,1127
P446930,1320
P446930,39
P446930,12
P446930,9
P446930,93
P446930,95
P446930,471
P392235,178
P392235,1321
P392235,1017
P392235,1018
P392235,1173
P392235,645
P392235,95
P392235,651
P392235,348
P392235,1322
P392235,9
P392235,70
P392235,12
P392235,446
P392235,91
P392235,174
P460512,645
P460512,89
P460512,348
P460512,713
P460512,9
P460512,4
P460512,153
P460512,658
P460512,446
P460512,95
P460512,651
P460512,1323
P460512,656
P460512,1324
P460512,1325
P460512,1326
P460512,1327
P460512,1328
P460512,40
P460512,443
P460512,1329
P460512,789
P460512,74
P460512,1330
P460512,310
P460512,12
P460512,5
P460512,72
P460512,710
P460512,640
P460512,2
P460512,441
P460512,70
P460512,91
P460512,175
P460512,174
P460512,272
P460512,33
P460512,445
P460512,37
P460512,1331
P415701,100
P415701,4
P415701,138
P415701,2
P415701,89
P415701,302
P415701,1327
P415701,20
P415701,395
P415701,1332
P415701,396
P415701,97
P415701,1333
P415701,1334
P415701,1324
P415701,133
P415701,70
P415701,563
P415701,1335
P415701,1336
P415701,428
P415701,1337
P415701,1338
P415701,1339
P415701,1340
P415701,1341
P415701,1123
P415701,879
P415701,12
P415701,786
P415701,158
P415701,252
P415701,441
P415701,75
P415701,594
P415701,815
P415701,1342
P415701,7
P415701,443
P415701,527
P415701,93
P415701,79
P415701,266
P415701,91
P415701,1343
P415237,1344
P415237,808
P415237,265
P415237,85
P415237,1115
P415237,1345
P415237,1346
P415237,89
P415237,7
P415237,4
P415237,71
P415237,33
P415237,1347
P415237,1348
P415237,1349
P415237,336
P415237,835
P415237,1350
P415237,1341
P415237,1340
P415237,1337
P415237,1338
P415237,1339
P415237,1351
P415237,1352
P415237,1353
P415237,96
P415237,94
P415237,95
P415237,70
P415237,460
P415237,132
P415237,588
P415237,12
P415237,535
P415237,166
P415237,119
P415237,155
P415237,79
P415237,266
P415237,91
P415237,1354
P415237,93
P415237,445
P415237,1355
P415237,644
P471237,55
P471237,4
P471237,1356
P471237,7
P471237,9
P471237,1357
P471237,1358
P471237,76
P471237,1359
P471237,484
P471237,1360
P471237,766
P471237,65
P471237,64
P471237,1361
P471237,69
P471237,60
P471237,1362
P471237,20
P471237,131
P471237,74
P471237,89
P471237,463
P471237,553
P471237,244
P471237,90
P471237,166
P471237,10
P471237,57
P471237,152
P471237,156
P471237,667
P471237,47
P471237,242
P471237,15
P471237,1363
P471237,230
P471237,77
P471237,72
P471237,75
P471237,78
P471237,246
P471237,79
P471237,266
P471237,173
P471237,566
P500701,100
P500701,89
P500701,1364
P500701,994
P500701,658
P500701,9
P500701,1134
P500701,809
P500701,4
P500701,7
P500701,1293
P500701,455
P500701,997
P500701,996
P500701,1365
P500701,20
P500701,460
P500701,131
P500701,1366
P500701,1367
P500701,1002
P500701,454
P500701,90
P500701,329
P500701,1368
P500701,469
P500701,836
P500701,835
P500701,12
P500701,133
P500701,401
P500701,1000
P500701,1369
P500701,617
P500701,1370
P500701,169
P500701,117
P500701,155
P500701,1371
P500701,1372
P500701,1328
P500701,119
P500701,166
P500701,10
P500701,588
P500701,240
P500701,1373
P500701,1374
P500701,70
P500701,51
P500701,91
P500701,266
P500701,79
P500701,1331
P500701,1375
P418346,951
P418346,258
P418346,90
P418346,1197
P418346,1376
P418346,1377
P418346,1378
P418346,1379
P418346,1380
P418346,430
P418346,70
P418346,91
P418346,1381
P418346,244
P418346,1382
P418346,617
P418346,102
P418346,72
P418346,527
P418346,1213
P418346,1383
P418346,156
P418346,242
P418346,428
P418346,272
P418346,1132
P448207,83
P448207,4
P448207,382
P448207,264
P448207,1384
P448207,1254
P448207,9
P448207,383
P448207,88
P448207,1385
P448207,1386
P448207,86
P448207,1387
P448207,78
P448207,467
P448207,679
P448207,1284
P448207,91
P448207,72
P448207,57
P448207,266
P448207,106
P448207,390
P448207,242
P448207,70
P448207,1388
P448207,18
P448207,274
P448207,161
P448207,112
P448207,750
P448207,96
P448207,777
P448207,778
P448207,1389
P448207,246
P448207,132
P448207,686
P448207,1390
P448207,1391
P448207,175
P448207,174
P448207,177
P405599,83
P405599,7
P405599,89
P405599,4
P405599,244
P405599,90
P405599,91
P405599,463
P405599,156
P405599,72
P405599,1392
P405599,192
P405599,93
P405599,9
P405599,1393
P405599,390
P405599,322
P405599,129
P405599,1394
P405599,45
P405599,18
P405599,1395
P405599,174
P405599,75
P405599,686
P405599,1245
P405599,590
P405599,272
P405599,266
P405599,79
P405599,61
P405599,70
P405599,833
P405599,1396
P405599,1397
P468351,100
P468351,89
P468351,7
P468351,4
P468351,1398
P468351,455
P468351,809
P468351,463
P468351,1399
P468351,256
P468351,837
P468351,1400
P468351,451
P468351,622
P468351,286
P468351,1401
P468351,454
P468351,842
P468351,1204
P468351,20
P468351,72
P468351,459
P468351,1402
P468351,1403
P468351,1404
P468351,428
P468351,169
P468351,131
P468351,166
P468351,1211
P468351,10
P468351,562
P468351,390
P468351,538
P468351,75
P468351,51
P468351,93
P468351,441
P468351,266
P468351,79
P468351,91
P468351,465
P468351,1009
P426340,358
P426340,965
P426340,1405
P426340,362
P426340,1127
P426340,348
P426340,250
P426340,483
P426340,1406
P426340,434
P426340,365
P426340,363
P426340,656
P426340,1324
P426340,1407
P426340,9
P426340,811
P426340,1408
P426340,12
P426340,70
P426340,7
P426340,118
P426340,392
P476414,951
P476414,89
P476414,1409
P476414,1410
P476414,275
P476414,274
P476414,1411
P476414,24
P476414,1412
P476414,71
P476414,1413
P476414,1414
P476414,1415
P476414,127
P476414,319
P476414,1416
P476414,324
P476414,1417
P476414,1418
P476414,1419
P476414,658
P476414,97
P476414,76
P476414,117
P476414,1420
P476414,106
P476414,678
P476414,70
P476414,72
P476414,1421
P476414,1422
P476414,47
P476414,1423
P476414,118
P476414,430
P476414,75
P476414,441
P476414,79
P476414,1424
P297517,83
P297517,200
P297517,166
P297517,366
P297517,1425
P297517,1426
P297517,1427
P297517,694
P297517,174
P297517,60
P297517,835
P297517,584
P297517,833
P297517,1368
P297517,449
P297517,460
P297517,4
P297517,454
P297517,7
P297517,131
P297517,538
P297517,78
P297517,392
P440312,55
P440312,4
P440312,297
P440312,86
P440312,71
P440312,7
P440312,76
P440312,761
P440312,304
P440312,529
P440312,170
P440312,646
P440312,1428
P440312,1429
P440312,889
P440312,60
P440312,1430
P440312,329
P440312,131
P440312,70
P440312,484
P440312,744
P440312,88
P440312,1148
P440312,1431
P440312,166
P440312,568
P440312,78
P440312,1256
P440312,489
P440312,51
P440312,135
P440312,12
P440312,266
P440312,79
P440312,91
P440312,174
P440312,202
P440312,1235
P12045,1432
P12045,1433
P12045,1434
P377561,100
P377561,844
P377561,716
P377561,7
P377561,1435
P377561,842
P377561,1436
P377561,903
P377561,905
P377561,132
P377561,20
P377561,4
P377561,78
P377561,75
P377561,135
P377561,667
P377561,8
P377561,10
P377561,1019
P377561,252
P377561,1437
P377561,266
P377561,79
P377561,33
P377561,392
P450917,100
P450917,844
P450917,716
P450917,7
P450917,1435
P450917,842
P450917,1436
P450917,903
P450917,905
P450917,132
P450917,20
P450917,4
P450917,78
P450917,75
P450917,135
P450917,667
P450917,8
P450917,10
P450917,1019
P450917,252
P450917,1437
P450917,266
P450917,79
P450917,33
P450917,392
P424948,83
P424948,1376
P424948,955
P424948,1438
P424948,1439
P424948,1440
P424948,289
P424948,789
P424948,1441
P424948,1197
P424948,4
P424948,617
P424948,1442
P424948,527
P424948,89
P424948,457
P424948,522
P424948,807
P424948,1443
P424948,1444
P424948,72
P424948,454
P424948,1445
P424948,835
P424948,133
P424948,240
P424948,7
P424948,165
P424948,1446
P424948,1447
P424948,1448
P424948,91
P424948,102
P424948,1449
P424948,74
P424948,33
P424948,342
P424948,430
P424948,1450
P424948,1451
P416816,83
P416816,106
P416816,104
P416816,1452
P416816,264
P416816,102
P416816,107
P416816,1453
P416816,366
P416816,78
P416816,79
P416816,675
P416816,1454
P416816,570
P416816,1455
P416816,237
P416816,1317
P416816,1456
P416816,1457
P416816,95
P416816,238
P416816,91
P416816,338
P416816,122
P416816,70
P416816,1132
P453253,100
P453253,527
P453253,90
P453253,71
P453253,84
P453253,7
P453253,352
P453253,40
P453253,764
P453253,29
P453253,86
P453253,4
P453253,1458
P453253,646
P453253,76
P453253,627
P453253,61
P453253,1251
P453253,1219
P453253,1220
P453253,66
P453253,554
P453253,1459
P453253,1460
P453253,637
P453253,20
P453253,129
P453253,11
P453253,1017
P453253,1461
P453253,1462
P453253,402
P453253,393
P453253,12
P453253,1463
P453253,131
P453253,39
P453253,1464
P453253,156
P453253,1465
P453253,242
P453253,57
P453253,1466
P453253,244
P453253,8
P453253,9
P453253,252
P453253,269
P453253,75
P453253,78
P453253,79
P453253,266
P453253,392
P411388,100
P411388,61
P411388,86
P411388,527
P411388,4
P411388,117
P411388,7
P411388,259
P411388,472
P411388,260
P411388,91
P411388,1467
P411388,546
P411388,1468
P411388,256
P411388,112
P411388,1469
P411388,255
P411388,18
P411388,266
P411388,76
P411388,378
P411388,12
P411388,70
P411388,1470
P411388,640
P411388,815
P411388,716
P411388,1471
P411388,79
P411388,207
P411388,1472
P411388,173
P411388,271
P411388,174
P411388,272
P411388,1473
P473267,524
P473267,89
P473267,308
P473267,7
P473267,4
P473267,457
P473267,475
P473267,20
P473267,131
P473267,90
P473267,834
P473267,838
P473267,840
P473267,839
P473267,1137
P473267,841
P473267,60
P473267,454
P473267,828
P473267,222
P473267,221
P473267,1204
P473267,825
P473267,1474
P473267,1475
P473267,155
P473267,458
P473267,72
P473267,1415
P473267,831
P473267,158
P473267,562
P473267,531
P473267,796
P473267,275
P473267,1211
P473267,106
P473267,1304
P473267,1449
P473267,119
P473267,8
P473267,390
P473267,463
P473267,1293
P473267,103
P473267,445
P473267,199
P473267,75
P473267,93
P473267,441
P473267,91
P473267,266
P473267,1476
P422000,1477
P422000,948
P422000,7
P422000,1206
P422000,1478
P422000,1479
P422000,648
P422000,916
P422000,1480
P422000,815
P422000,1207
P422000,187
P422000,1481
P422000,417
P422000,133
P422000,91
P422000,246
P422000,1482
P422000,1483
P422000,131
P422000,1484
P422000,93
P422000,115
P422000,926
P422000,1485
P422000,75
P392245,1486
P440925,83
P440925,4
P440925,527
P440925,1211
P440925,274
P440925,1399
P440925,995
P440925,89
P440925,520
P440925,1487
P440925,562
P440925,743
P440925,394
P440925,1488
P440925,1029
P440925,1489
P440925,1490
P440925,64
P440925,1491
P440925,1492
P440925,1493
P440925,1494
P440925,1028
P440925,1495
P440925,1496
P440925,118
P440925,272
P440925,174
P440925,1216
P440925,170
P440925,1497
P440925,892
P440925,1199
P440925,1039
P440925,834
P440925,554
P440925,1498
P440925,651
P440925,88
P440925,454
P440925,1297
P440925,838
P440925,7
P440925,286
P440925,1001
P440925,1499
P440925,45
P440925,1500
P440925,842
P440925,72
P440925,131
P440925,1501
P440925,455
P440925,398
P440925,178
P440925,20
P440925,8
P440925,390
P440925,103
P440925,811
P440925,93
P440925,266
P440925,392
P122774,138
P122774,83
P122774,1502
P122774,181
P122774,7
P122774,457
P122774,1503
P122774,1504
P122774,454
P122774,401
P122774,1505
P122774,584
P122774,829
P122774,1499
P122774,256
P122774,158
P122774,237
P122774,131
P122774,538
P122774,1506
P122774,809
P122774,4
P122774,89
P122774,413
P122774,1328
P122774,1134
P122774,1507
P122774,843
P122774,252
P122774,1508
P122774,93
P122774,91
P122774,1390
P122774,491
P122774,1509
P386197,83
P386197,249
P386197,408
P386197,1510
P386197,261
P386197,1084
P386197,963
P386197,1511
P386197,617
P386197,252
P386197,106
P386197,1512
P386197,1030
P386197,1513
P386197,598
P386197,1514
P386197,454
P386197,1515
P386197,1516
P386197,7
P386197,12
P386197,4
P386197,66
P386197,250
P386197,1517
P386197,75
P386197,78
P386197,93
P386197,607
P386197,1518
P386197,392
P427415,1519
P174502,524
P174502,529
P174502,88
P174502,7
P174502,24
P174502,289
P174502,1213
P174502,27
P174502,809
P174502,1520
P174502,1521
P174502,1291
P174502,4
P174502,748
P174502,131
P174502,841
P174502,1137
P174502,840
P174502,170
P174502,1522
P174502,1523
P174502,457
P174502,533
P174502,256
P174502,1524
P174502,1211
P174502,531
P174502,1525
P174502,84
P174502,1526
P174502,1475
P174502,1527
P174502,90
P174502,538
P174502,158
P174502,454
P174502,562
P174502,401
P174502,166
P174502,805
P174502,89
P174502,1528
P174502,237
P174502,20
P174502,1359
P174502,1529
P174502,1530
P174502,72
P174502,93
P174502,374
P174502,91
P174502,464
P174502,33
P174502,1390
P174502,491
P174502,1391
P174502,1476
P439058,83
P439058,1531
P439058,434
P439058,9
P439058,7
P439058,4
P439058,774
P439058,1532
P439058,1533
P439058,1534
P439058,1535
P439058,835
P439058,1536
P439058,1537
P439058,1538
P439058,1539
P439058,96
P439058,584
P439058,1540
P439058,1541
P439058,1176
P439058,20
P439058,107
P439058,441
P439058,850
P439058,1542
P439058,93
P439058,1543
P439058,12
P439058,447
P427420,55
P427420,4
P427420,1544
P427420,828
P427420,1545
P427420,222
P427420,221
P427420,1546
P427420,1292
P427420,1547
P427420,472
P427420,20
P427420,92
P427420,225
P427420,223
P427420,230
P427420,232
P427420,227
P427420,229
P427420,231
P427420,226
P427420,228
P427420,224
P427420,236
P427420,455
P427420,807
P427420,808
P427420,1158
P427420,684
P427420,133
P427420,241
P427420,240
P427420,75
P427420,1548
P427420,252
P427420,78
P427420,7
P427420,76
P427420,1363
P427420,57
P427420,8
P427420,106
P427420,880
P427420,165
P427420,15
P427420,278
P427420,79
P427420,72
P427420,12
P427420,91
P427420,279
P39274,100
P39274,1082
P39274,410
P39274,468
P39274,815
P39274,366
P39274,102
P39274,1549
P39274,1550
P39274,1551
P39274,1552
P39274,750
P39274,224
P39274,1553
P39274,92
P39274,51
P39274,161
P39274,7
P39274,266
P39274,79
P39274,91
P39274,1554
P39274,272
P39274,268
P39274,1555
P39274,1009
P449599,100
P449599,1082
P449599,410
P449599,468
P449599,815
P449599,366
P449599,102
P449599,1549
P449599,1550
P449599,1551
P449599,1552
P449599,750
P449599,224
P449599,1553
P449599,92
P449599,51
P449599,161
P449599,7
P449599,266
P449599,79
P449599,91
P449599,1554
P449599,272
P449599,268
P449599,1555
P449599,1009
P400259,100
P400259,275
P400259,49
P400259,461
P400259,4
P400259,70
P400259,691
P400259,211
P400259,850
P400259,96
P400259,540
P400259,1556
P400259,899
P400259,95
P400259,905
P400259,9
P400259,264
P400259,472
P400259,20
P400259,363
P400259,1182
P400259,1557
P400259,1558
P400259,1559
P400259,76
P400259,1130
P400259,132
P400259,686
P400259,91
P400259,79
P400259,72
P400259,1457
P400259,549
P379510,83
P379510,994
P379510,4
P379510,200
P379510,89
P379510,947
P379510,475
P379510,20
P379510,78
P379510,79
P379510,91
P379510,130
P379510,1560
P379510,536
P379510,11
P379510,861
P379510,1561
P379510,174
P379510,57
P379510,72
P379510,93
P379510,1412
P379510,173
P379510,687
P443840,83
P443840,4
P443840,208
P443840,9
P443840,1197
P443840,527
P443840,244
P443840,617
P443840,1562
P443840,1042
P443840,90
P443840,454
P443840,1213
P443840,129
P443840,706
P443840,12
P443840,57
P443840,960
P443840,156
P443840,93
P443840,1198
P443840,848
P443840,1563
P443840,1564
P443840,1565
P443840,132
P443840,18
P443840,8
P443840,1566
P443840,106
P443840,221
P443840,222
P443840,392
P54509,1567
P54509,7
P54509,4
P54509,138
P54509,91
P54509,1484
P54509,11
P54509,804
P54509,166
P54509,780
P54509,1568
P54509,618
P54509,446
P54509,131
P54509,1569
P54509,20
P54509,369
P54509,1570
P54509,271
P54509,1571
P54509,1572
P54509,1573
P54509,1574
P428250,1575
P428250,379
P428250,380
P447780,645
P447780,348
P447780,4
P447780,9
P447780,90
P447780,89
P447780,484
P447780,646
P447780,87
P447780,1576
P447780,649
P447780,74
P447780,662
P447780,95
P447780,651
P447780,1577
P447780,1324
P447780,656
P447780,1578
P447780,652
P447780,1579
P447780,1580
P447780,20
P447780,482
P447780,1127
P447780,1581
P447780,352
P447780,242
P447780,156
P447780,131
P447780,70
P447780,244
P447780,79
P447780,264
P447780,7
P447780,12
P447780,446
P447780,91
P447780,175
P447780,174
P447780,272
P447780,33
P447780,445
P447780,37
P443833,55
P443833,9
P443833,4
P443833,412
P443833,410
P443833,1087
P443833,366
P443833,1582
P443833,3
P443833,878
P443833,116
P443833,91
P443833,252
P443833,92
P443833,78
P443833,56
P443833,356
P443833,206
P443833,1583
P443833,12
P443833,79
P443833,75
P443833,391
P443833,15
P443833,70
P443833,1584
P429242,1585
P429242,1586
P429242,1587
P429242,1588
P429242,435
P429242,1589
P429242,1590
P429242,162
P429242,784
P429242,298
P429242,1591
P429242,85
P429242,1592
P429242,794
P429242,131
P429242,790
P429242,117
P429242,96
P429242,792
P429242,1593
P429242,71
P429242,51
P429242,70
P429242,796
P429242,47
P429242,74
P429242,687
P114902,1594
P114902,200
P114902,100
P114902,7
P114902,102
P114902,104
P114902,66
P114902,224
P114902,78
P114902,112
P114902,268
P114902,1551
P114902,95
P114902,91
P114902,729
P114902,92
P114902,804
P114902,1554
P114902,272
P114902,174
P114902,122
P114902,176
P114902,1595
P114902,173
P114902,75
P114902,266
P114902,79
P114902,206
P114902,175
P114902,1114
P442566,404
P442566,71
P442566,405
P442566,1596
P442566,1597
P442566,1598
P442566,1599
P442566,58
P442566,211
P442566,1600
P442566,864
P442566,1601
P442566,1050
P442566,62
P442566,1219
P442566,1602
P442566,1220
P442566,703
P442566,1221
P442566,1603
P442566,1604
P442566,70
P442566,1605
P431848,83
P431848,382
P431848,4
P431848,361
P431848,383
P431848,88
P431848,107
P431848,1083
P431848,875
P431848,1606
P431848,520
P431848,91
P431848,103
P431848,366
P431848,570
P431848,252
P431848,12
P431848,9
P431848,430
P431848,57
P431848,1607
P431848,1608
P431848,75
P431848,266
P431848,1609
P431848,1610
P431848,1611
P431848,1612
P431848,70
P431848,1613
P431848,1476
P453825,348
P453825,4
P453825,76
P453825,1412
P453825,7
P453825,71
P453825,1614
P453825,1615
P453825,1616
P453825,90
P453825,1617
P453825,241
P453825,223
P453825,1618
P453825,70
P453825,163
P453825,745
P453825,756
P453825,20
P453825,133
P453825,240
P453825,585
P453825,228
P453825,224
P453825,926
P453825,232
P453825,1619
P453825,57
P453825,884
P453825,666
P453825,815
P453825,229
P453825,227
P453825,236
P453825,1620
P453825,842
P453825,230
P453825,231
P453825,909
P453825,1621
P453825,226
P453825,75
P453825,1622
P453825,1623
P453825,225
P453825,433
P402718,1624
P402718,1625
P402718,1626
P402718,1627
P402718,1628
P402718,1629
P402718,1630
P402718,71
P402718,7
P402718,90
P402718,1631
P402718,89
P402718,1632
P402718,84
P402718,88
P402718,1633
P402718,86
P402718,170
P402718,1634
P402718,1635
P402718,96
P402718,294
P402718,804
P402718,1636
P402718,91
P402718,1637
P402718,1638
P402718,1639
P402718,968
P402718,1640
P402718,1641
P402718,1642
P402718,1643
P402718,1644
P402718,973
P402718,974
P402718,975
P402718,976
P402718,977
P402718,978
P402718,979
P402718,980
P402718,981
P402718,982
P402718,983
P402718,984
P447592,83
P447592,815
P447592,278
P447592,4
P447592,119
P447592,1645
P447592,108
P447592,7
P447592,366
P447592,205
P447592,102
P447592,107
P447592,1646
P447592,1647
P447592,1648
P447592,110
P447592,776
P447592,1649
P447592,104
P447592,398
P447592,1650
P447592,95
P447592,1054
P447592,1651
P447592,70
P447592,20
P447592,275
P447592,161
P447592,684
P447592,1371
P447592,617
P447592,127
P447592,546
P447592,106
P447592,103
P447592,134
P447592,1372
P447592,71
P447592,60
P447592,114
P447592,1652
P447592,1653
P447592,317
P447592,835
P447592,637
P447592,1551
P447592,1654
P447592,1655
P447592,1656
P447592,1309
P447592,1657
P447592,543
P447592,1658
P447592,1353
P447592,91
P447592,1294
P442594,55
P442594,9
P442594,76
P442594,5
P442594,165
P442594,8
P442594,4
P442594,1659
P442594,1660
P442594,78
P442594,39
P442594,1661
P442594,777
P442594,568
P442594,749
P442594,750
P442594,161
P442594,1072
P442594,416
P442594,61
P442594,475
P442594,70
P442594,1662
P442594,1663
P429515,83
P429515,4
P429515,208
P429515,88
P429515,71
P429515,244
P429515,1664
P429515,209
P429515,210
P429515,211
P429515,520
P429515,1665
P429515,538
P429515,1666
P429515,747
P429515,475
P429515,563
P429515,222
P429515,1242
P429515,237
P429515,129
P429515,97
P429515,1667
P429515,396
P429515,401
P429515,158
P429515,395
P429515,60
P429515,95
P429515,1668
P429515,1669
P429515,1292
P429515,472
P429515,85
P429515,161
P429515,850
P429515,1670
P429515,1671
P429515,221
P429515,1601
P429515,257
P429515,1672
P429515,418
P429515,1673
P429515,66
P429515,128
P429515,1674
P429515,1546
P429515,828
P429515,835
P429515,776
P429515,864
P429515,1675
P429515,70
P429515,1676
P429515,1677
P429515,1678
P429515,33
P429515,404
P429515,91
P429515,76
P429515,403
P429515,342
P429515,1548
P429515,79
P429515,57
P429515,8
P429515,131
P429515,1679
P429515,242
P429515,72
P429515,1637
P429515,1680
P429515,75
P429515,246
P429515,156
P429515,266
P429515,549
P416563,90
P416563,747
P416563,71
P416563,440
P416563,1361
P416563,176
P416563,1681
P473322,348
P473322,66
P473322,1386
P473322,264
P473322,102
P473322,1682
P473322,107
P473322,1144
P473322,103
P473322,676
P473322,74
P473322,78
P473322,552
P473322,1597
P473322,1384
P473322,750
P473322,850
P473322,96
P473322,1683
P473322,112
P473322,1684
P473322,889
P473322,778
P473322,4
P473322,132
P473322,1685
P473322,1686
P473322,317
P473322,308
P473322,156
P473322,242
P473322,244
P473322,47
P473322,1687
P473322,1102
P473322,5
P473322,72
P473322,91
P473322,174
P473322,272
P473322,1235
P415619,55
P415619,89
P415619,138
P415619,4
P415619,29
P415619,274
P415619,457
P415619,442
P415619,118
P415619,298
P415619,7
P415619,1355
P415619,568
P415619,33
P415619,311
P415619,91
P415619,323
P415619,1688
P415619,1481
P415619,187
P415619,1128
P415619,843
P415619,75
P415619,1606
P415619,475
P415619,79
P415619,1449
P415619,321
P415619,78
P415619,130
P415619,1689
P415619,266
P415619,174
P415619,1690
P415619,310
P415619,1105
P415619,70
P415619,176
P415619,428
P415619,1691
P415619,1572
P415619,173
P415619,1184
P415619,175
P415619,1692
P415619,1693
P456392,50
P456392,7
P456392,138
P456392,1162
P456392,1694
P456392,1212
P456392,484
P456392,86
P456392,170
P456392,5
P456392,153
P456392,527
P456392,168
P456392,91
P456392,9
P456392,676
P456392,1412
P456392,38
P456392,57
P456392,331
P456392,1695
P456392,1696
P456392,1256
P456392,95
P456392,12
P456392,1697
P456392,1698
P456392,70
P456392,61
P456392,4
P456392,1699
P456392,1700
P456392,1701
P456392,1702
P456392,1703
P456392,75
P456392,79
P456392,80
P479327,100
P479327,9
P479327,4
P479327,661
P479327,71
P479327,1295
P479327,1704
P479327,76
P479327,90
P479327,1705
P479327,18
P479327,1275
P479327,20
P479327,1706
P479327,1707
P479327,1708
P479327,1709
P479327,1710
P479327,472
P479327,673
P479327,1711
P479327,274
P479327,166
P479327,1712
P479327,297
P479327,72
P479327,1713
P479327,88
P479327,86
P479327,224
P479327,12
P479327,252
P479327,1128
P479327,84
P479327,1276
P479327,362
P479327,1112
P479327,808
P479327,678
P479327,7
P479327,189
P479327,1714
P479327,1715
P479327,1304
P479327,1303
P479327,190
P479327,191
P479327,5
P479327,185
P479327,195
P479327,75
P479327,266
P479327,196
P479327,1064
P479327,264
P479327,627
P479327,197
P479327,1255
P479327,198
P479327,74
P479327,78
P479327,79
P479327,91
P479327,1716
P416815,83
P416815,349
P416815,261
P416815,410
P416815,4
P416815,963
P416815,1717
P416815,91
P416815,102
P416815,107
P416815,78
P416815,72
P416815,819
P416815,570
P416815,462
P416815,12
P416815,390
P416815,1455
P416815,237
P416815,95
P416815,1718
P416815,1456
P416815,1317
P416815,776
P416815,238
P416815,79
P416815,70
P416815,1132
P482320,1160
P482320,612
P482320,1161
P482320,83
P482320,9
P482320,1162
P482320,4
P482320,85
P482320,153
P482320,274
P482320,670
P482320,1163
P482320,33
P482320,342
P482320,1164
P482320,308
P482320,476
P482320,86
P482320,782
P482320,1165
P482320,71
P482320,663
P482320,1166
P482320,7
P482320,224
P482320,745
P482320,72
P482320,5
P482320,305
P482320,20
P482320,246
P482320,166
P482320,15
P482320,129
P482320,1167
P482320,1168
P482320,1169
P482320,1170
P482320,70
P482320,61
P482320,1171
P460516,1719
P460516,1720
P460516,1721
P460516,178
P460516,588
P460516,892
P460516,181
P460516,348
P460516,1173
P460516,1722
P460516,183
P460516,365
P460516,1603
P460516,1723
P460516,1268
P460516,1662
P460516,265
P460516,71
P460516,589
P460516,76
P460516,1724
P456418,348
P456418,4
P456418,670
P456418,208
P456418,1725
P456418,200
P456418,484
P456418,86
P456418,66
P456418,476
P456418,627
P456418,1576
P456418,117
P456418,1726
P456418,1727
P456418,559
P456418,166
P456418,774
P456418,72
P456418,8
P456418,88
P456418,75
P456418,1728
P456418,547
P456418,633
P456418,1242
P456418,61
P456418,673
P456418,1729
P456418,107
P456418,446
P456418,91
P456418,753
P456418,637
P456418,1730
P456418,79
P456418,638
P456418,78
P456418,1559
P456418,70
P456418,131
P456418,1731
P433435,83
P433435,89
P433435,1732
P433435,7
P433435,138
P433435,658
P433435,1162
P433435,1507
P433435,1733
P433435,252
P433435,525
P433435,310
P433435,84
P433435,311
P433435,242
P433435,1734
P433435,1358
P433435,317
P433435,321
P433435,1735
P433435,79
P433435,266
P433435,153
P433435,131
P433435,91
P433435,130
P433435,1736
P433435,1737
P433435,274
P433435,385
P433435,1738
P433435,1296
P433435,265
P433435,5
P433435,4
P433435,95
P433435,47
P433435,1739
P433435,1324
P433435,1637
P433435,1740
P433435,1680
P433435,1677
P433435,441
P433435,222
P433435,19
P433435,1678
P433435,1741
P433435,75
P433435,1388
P433435,1742
P433435,1743
P433435,1744
P448203,1745
P448203,1746
P448203,4
P448203,1747
P448203,1134
P448203,7
P448203,1748
P448203,40
P448203,90
P448203,356
P448203,133
P448203,806
P448203,2
P448203,1749
P448203,1750
P448203,1751
P448203,78
P448203,118
P448203,181
P448203,780
P448203,131
P448203,1752
P448203,1408
P448203,121
P448203,171
P448203,70
P448203,489
P448203,454
P448203,1753
P448203,790
P448203,788
P448203,272
P448203,174
P448203,1754
P448203,173
P448203,1755
P448203,176
P448203,1756
P448203,1572
P448203,1757
P448203,1758
P448203,95
P448203,1275
P448203,736
P448203,1331
P448203,1759
P448203,1760
P448203,1176
P448203,416
P448203,1761
P448203,8
P448203,240
P448203,51
P448203,1762
P448203,106
P448203,1763
P448203,222
P448203,1764
P470529,100
P470529,4
P470529,617
P470529,520
P470529,1296
P470529,274
P470529,97
P470529,1333
P470529,396
P470529,395
P470529,1332
P470529,418
P470529,92
P470529,1321
P470529,398
P470529,685
P470529,197
P470529,70
P470529,1619
P470529,575
P470529,1765
P470529,1766
P470529,368
P470529,71
P470529,430
P470529,527
P470529,190
P470529,189
P470529,198
P470529,594
P470529,158
P470529,12
P470529,1255
P470529,1767
P470529,1655
P470529,191
P470529,548
P470529,252
P470529,1768
P470529,95
P470529,1769
P470529,1335
P470529,1336
P470529,1770
P470529,60
P470529,835
P470529,1653
P470529,1229
P470529,563
P470529,1623
P470529,745
P470529,57
P470529,7
P470529,8
P470529,209
P470529,210
P470529,5
P470529,72
P470529,770
P470529,1309
P470529,1771
P470529,131
P470529,1342
P470529,78
P470529,91
P470529,1294
P404338,55
P404338,1772
P404338,86
P404338,4
P404338,527
P404338,29
P404338,1773
P404338,404
P404338,1774
P404338,71
P404338,1712
P404338,557
P404338,1713
P404338,1127
P404338,90
P404338,1128
P404338,39
P404338,1775
P404338,84
P404338,1464
P404338,60
P404338,57
P404338,75
P404338,1776
P404338,70
P404338,1777
P404338,91
P404338,313
P404338,12
P404338,92
P404338,266
P404338,430
P404338,161
P404338,20
P404338,1778
P466155,645
P466155,4
P466155,9
P466155,348
P466155,90
P466155,86
P466155,297
P466155,484
P466155,89
P466155,352
P466155,95
P466155,651
P466155,20
P466155,1738
P466155,1779
P466155,653
P466155,1780
P466155,292
P466155,774
P466155,657
P466155,131
P466155,1307
P466155,1781
P466155,1782
P466155,668
P466155,244
P466155,199
P466155,678
P466155,12
P466155,242
P466155,156
P466155,7
P466155,70
P466155,118
P466155,446
P466155,91
P466155,175
P466155,174
P466155,272
P503936,55
P503936,4
P503936,76
P503936,1431
P503936,90
P503936,670
P503936,1783
P503936,617
P503936,9
P503936,1784
P503936,95
P503936,1785
P503936,1786
P503936,70
P503936,131
P503936,97
P503936,8
P503936,130
P503936,745
P503936,246
P503936,78
P503936,756
P503936,265
P503936,568
P503936,272
P503936,173
P503936,566
P377533,99
P377533,100
P377533,101
P377533,102
P377533,103
P377533,104
P377533,105
P377533,106
P377533,75
P377533,107
P377533,109
P377533,95
P377533,111
P377533,112
P377533,113
P377533,4
P377533,115
P377533,116
P377533,117
P377533,118
P377533,119
P377533,93
P377533,121
P377533,91
P377533,122
P377533,79
P377533,1787
P377533,124
P377533,125
P377533,49
P377533,127
P377533,131
P377533,126
P377533,128
P377533,130
P377533,129
P377533,132
P377533,133
P377533,134
P377533,135
P377533,80
P416341,1788
P416341,1589
P416341,1134
P416341,4
P416341,155
P416341,518
P416341,1136
P416341,1789
P416341,1790
P416341,1791
P416341,1792
P416341,1793
P416341,453
P416341,1794
P416341,1795
P416341,1796
P416341,338
P416341,340
P416341,1797
P416341,1481
P416341,1748
P416341,1798
P416341,1799
P416341,83
P416341,532
P416341,1800
P416341,1801
P416341,1412
P416341,75
P416341,1802
P416341,1803
P416341,161
P416341,174
P416341,176
P416341,272
P416341,203
P416341,173
P416341,202
P416341,175
P416341,79
P416341,200
P416341,687
P426501,1788
P426501,1804
P426501,1134
P426501,4
P426501,155
P426501,1805
P426501,1136
P426501,1789
P426501,1790
P426501,1806
P426501,1792
P426501,1793
P426501,453
P426501,1794
P426501,1795
P426501,1374
P426501,1796
P426501,338
P426501,340
P426501,1797
P426501,1481
P426501,1748
P426501,1798
P426501,1799
P426501,524
P426501,532
P426501,1800
P426501,1801
P426501,1412
P426501,75
P426501,1802
P426501,1803
P426501,161
P426501,174
P426501,176
P426501,272
P426501,203
P426501,173
P426501,202
P426501,175
P426501,79
P426501,200
P426501,121
P122882,524
P122882,200
P122882,4
P122882,1807
P122882,831
P122882,455
P122882,20
P122882,7
P122882,125
P122882,48
P122882,1808
P122882,1809
P411539,1810
P411539,7
P411539,9
P411539,71
P411539,88
P411539,26
P411539,178
P411539,746
P411539,29
P411539,274
P411539,1811
P411539,1812
P411539,86
P411539,76
P411539,5
P411539,23
P411539,1813
P411539,770
P411539,153
P411539,299
P411539,209
P411539,210
P411539,339
P411539,330
P411539,1814
P411539,1815
P411539,244
P411539,1816
P411539,745
P411539,595
P411539,84
P411539,322
P411539,1817
P411539,8
P411539,57
P411539,1746
P411539,10
P411539,77
P411539,13
P411539,189
P411539,1818
P411539,190
P411539,130
P411539,242
P411539,319
P411539,93
P411539,717
P411539,1819
P411539,195
P411539,1820
P411539,161
P411539,193
P411539,196
P411539,12
P411539,197
P411539,198
P411539,191
P411539,185
P411539,70
P411539,1437
P411539,1481
P411539,324
P411539,325
P411539,1821
P419222,1822
P419222,83
P419222,71
P419222,208
P419222,76
P419222,4
P419222,1360
P419222,9
P419222,553
P419222,1598
P419222,88
P419222,74
P419222,211
P419222,286
P419222,652
P419222,1823
P419222,1824
P419222,540
P419222,61
P419222,627
P419222,1825
P419222,605
P419222,131
P419222,70
P419222,674
P419222,831
P419222,748
P419222,1127
P419222,747
P419222,225
P419222,809
P419222,117
P419222,321
P419222,57
P419222,15
P419222,1130
P419222,72
P419222,91
P419222,246
P419222,374
P419222,845
P474938,348
P474938,65
P474938,118
P474938,274
P474938,7
P474938,1240
P474938,57
P474938,366
P474938,20
P474938,70
P474938,700
P474938,78
P474938,570
P474938,175
P474938,1826
P474938,327
P474938,173
P474938,176
P474938,430
P474938,272
P474938,890
P474938,1827
P474938,1132
P458209,100
P458209,9
P458209,661
P458209,4
P458209,5
P458209,274
P458209,878
P458209,1828
P458209,1829
P458209,826
P458209,183
P458209,807
P458209,578
P458209,472
P458209,1275
P458209,673
P458209,20
P458209,428
P458209,191
P458209,189
P458209,190
P458209,92
P458209,756
P458209,8
P458209,668
P458209,76
P458209,430
P458209,103
P458209,57
P458209,716
P458209,808
P458209,74
P458209,12
P458209,79
P458209,265
P458209,264
P458209,197
P458209,1255
P458209,198
P458209,70
P458209,1712
P458209,1212
P458209,484
P458209,168
P458209,426
P458209,1128
P458209,1830
P417936,83
P417936,4
P417936,7
P417936,988
P417936,65
P417936,438
P417936,1362
P417936,69
P417936,20
P417936,164
P417936,880
P417936,165
P417936,441
P417936,57
P417936,75
P417936,51
P417936,568
P417936,91
P417936,173
P417936,566
P415747,1831
P415747,513
P415747,1832
P415747,1833
P415747,1834
P415747,1835
P415747,1836
P415747,1837
P415747,1838
P415747,516
P415747,1730
P415747,70
P415747,1839
P454018,90
P454018,1840
P454018,1841
P454018,434
P454018,1842
P454018,653
P454018,20
P454018,70
P454018,348
P454018,76
P454018,7
P454018,9
P454018,12
P454018,91
P482739,83
P482739,89
P482739,1398
P482739,785
P482739,641
P482739,4
P482739,74
P482739,790
P482739,786
P482739,825
P482739,455
P482739,646
P482739,404
P482739,787
P482739,476
P482739,774
P482739,1843
P482739,850
P482739,584
P482739,1844
P482739,20
P482739,1757
P482739,95
P482739,1845
P482739,1846
P482739,1279
P482739,804
P482739,321
P482739,7
P482739,93
P482739,311
P482739,70
P482739,51
P482739,118
P482739,482
P482739,1606
P482739,489
P482739,798
P482739,1847
P482739,441
P482739,91
P482739,122
P482739,467
P482739,305
P482739,1848
P482739,1849
P482739,1587
P482739,1850
P434360,83
P434360,1364
P434360,1851
P434360,71
P434360,1373
P434360,527
P434360,7
P434360,89
P434360,1852
P434360,170
P434360,617
P434360,4
P434360,1853
P434360,1029
P434360,1854
P434360,1855
P434360,1856
P434360,1857
P434360,749
P434360,1353
P434360,174
P434360,272
P434360,175
P434360,173
P434360,1352
P434360,75
P434360,539
P434360,107
P434360,366
P434360,1388
P434360,400
P434360,131
P434360,538
P434360,1858
P434360,66
P434360,1039
P434360,1859
P434360,1860
P434360,841
P434360,86
P434360,1861
P434360,834
P434360,237
P434360,838
P434360,129
P434360,635
P434360,1862
P434360,12
P434360,8
P434360,455
P434360,133
P434360,224
P434360,72
P434360,88
P434360,20
P434360,70
P434360,291
P434360,390
P434360,10
P434360,374
P434360,392
P462336,178
P462336,71
P462336,179
P462336,180
P462336,181
P462336,187
P462336,83
P462336,7
P462336,889
P462336,1863
P462336,72
P462336,13
P462336,192
P462336,1864
P462336,890
P462336,1865
P462336,1866
P462336,1867
P462336,188
P462336,189
P462336,190
P462336,195
P462336,1064
P462336,196
P462336,627
P462336,191
P462336,197
P462336,198
P462336,1420
P462336,1868
P462336,5
P462336,1230
P462336,1232
P462336,1233
P462336,1234
P462336,554
P462336,1227
P462336,1228
P462336,1229
P462336,1231
P462336,1869
P467038,90
P467038,30
P467038,23
P467038,33
P467038,525
P467038,1870
P467038,1840
P467038,794
P467038,1226
P467038,1871
P467038,127
P467038,1872
P467038,20
P467038,1873
P467038,1874
P467038,1875
P467038,128
P467038,1876
P467038,1673
P467038,1877
P467038,405
P467038,71
P467038,1878
P467038,1823
P467038,117
P467038,72
P467038,47
P467038,1879
P467038,1146
P467038,70
P467038,5
P467038,91
P467038,1880
P463036,100
P463036,4
P463036,29
P463036,71
P463036,661
P463036,88
P463036,160
P463036,5
P463036,1881
P463036,23
P463036,1712
P463036,1249
P463036,878
P463036,161
P463036,1882
P463036,1697
P463036,97
P463036,1250
P463036,1175
P463036,70
P463036,1459
P463036,1883
P463036,808
P463036,398
P463036,1128
P463036,1713
P463036,748
P463036,771
P463036,166
P463036,244
P463036,224
P463036,1884
P463036,745
P463036,57
P463036,773
P463036,1307
P463036,430
P463036,242
P463036,75
P463036,266
P463036,1885
P404795,348
P404795,9
P404795,448
P404795,1886
P404795,66
P404795,1326
P404795,425
P404795,454
P404795,4
P404795,84
P404795,1210
P404795,1090
P404795,252
P404795,75
P404795,266
P404795,79
P404795,246
P404795,91
P404795,1887
P439055,1888
P439055,1889
P439055,1346
P439055,404
P439055,363
P439055,71
P439055,4
P439055,1890
P439055,89
P439055,88
P439055,835
P439055,1891
P439055,156
P439055,1892
P439055,1893
P439055,1894
P439055,1895
P439055,97
P439055,1896
P439055,987
P439055,637
P439055,70
P439055,1749
P439055,1127
P439055,72
P439055,463
P439055,12
P439055,390
P439055,75
P439055,117
P439055,78
P439055,430
P439055,1256
P439055,132
P439055,91
P439055,317
P439055,1102
P439055,1897
P439055,1898
P439055,1899
P439055,426
P439055,1495
P439055,177
P481989,1900
P481989,1587
P481989,1901
P481989,1902
P481989,100
P481989,71
P481989,9
P481989,4
P481989,209
P481989,1598
P481989,1694
P481989,555
P481989,1903
P481989,289
P481989,89
P481989,210
P481989,1320
P481989,57
P481989,321
P481989,5
P481989,72
P481989,745
P481989,1904
P481989,1905
P481989,88
P481989,120
P481989,107
P481989,1212
P481989,246
P481989,469
P481989,274
P481989,1127
P481989,56
P481989,484
P481989,15
P481989,557
P481989,74
P481989,535
P481989,168
P481989,441
P481989,121
P481989,20
P481989,1906
P481989,1797
P481989,91
P481989,1907
P427413,55
P427413,107
P427413,4
P427413,76
P427413,9
P427413,78
P427413,472
P427413,626
P427413,1363
P427413,57
P427413,277
P427413,15
P427413,12
P427413,5
P427413,474
P203616,55
P203616,4
P203616,156
P203616,117
P203616,107
P203616,764
P203616,768
P203616,750
P203616,57
P203616,1050
P203616,265
P203616,240
P203616,183
P203616,903
P203616,39
P203616,1908
P203616,575
P203616,1909
P203616,891
P203616,326
P203616,1910
P203616,1911
P203616,200
P203616,206
P203616,91
P203616,266
P203616,70
P203616,1883
P203616,61
P203616,637
P203616,1912
P203616,175
P203616,176
P203616,174
P203616,177
P466142,348
P466142,4
P466142,102
P466142,809
P466142,1117
P466142,1913
P466142,9
P466142,107
P466142,349
P466142,676
P466142,78
P466142,240
P466142,1293
P466142,1914
P466142,750
P466142,198
P466142,112
P466142,96
P466142,1683
P466142,1684
P466142,778
P466142,889
P466142,1686
P466142,132
P466142,1583
P466142,1685
P466142,1687
P466142,155
P466142,119
P466142,351
P466142,588
P466142,317
P466142,1102
P466142,47
P466142,72
P466142,91
P466142,174
P466142,272
P466142,1235
P446421,83
P446421,404
P446421,1915
P446421,104
P446421,89
P446421,463
P446421,1916
P446421,74
P446421,553
P446421,1031
P446421,1030
P446421,598
P446421,1917
P446421,1918
P446421,1426
P446421,1919
P446421,175
P446421,176
P446421,694
P446421,272
P446421,174
P446421,207
P446421,1920
P446421,385
P446421,1921
P446421,1039
P446421,225
P446421,833
P446421,554
P446421,454
P446421,1043
P446421,20
P446421,449
P446421,1143
P446421,7
P446421,1360
P446421,116
P446421,1922
P446421,884
P446421,118
P446421,93
P446421,392
P439926,100
P439926,4
P439926,663
P439926,84
P439926,234
P439926,86
P439926,274
P439926,71
P439926,88
P439926,76
P439926,909
P439926,127
P439926,627
P439926,211
P439926,892
P439926,178
P439926,222
P439926,221
P439926,1923
P439926,1924
P439926,747
P439926,1678
P439926,520
P439926,237
P439926,238
P439926,97
P439926,1925
P439926,401
P439926,635
P439926,617
P439926,1926
P439926,292
P439926,1927
P439926,633
P439926,1928
P439926,1204
P439926,1148
P439926,455
P439926,596
P439926,472
P439926,634
P439926,1043
P439926,131
P439926,235
P439926,1041
P439926,70
P439926,1929
P439926,91
P439926,72
P439926,8
P439926,1930
P439926,1677
P439926,291
P439926,78
P439926,461
P439926,1637
P439926,9
P439926,1680
P439926,106
P439926,15
P439926,246
P439926,266
P439926,549
P445827,4
P445827,809
P445827,7
P445827,1931
P445827,3
P445827,1932
P445827,409
P445827,764
P445827,1933
P445827,1754
P445827,70
P445827,568
P445827,83
P445827,8
P445827,78
P445827,51
P445827,266
P445827,91
P445827,174
P445827,175
P445827,206
P445827,177
P422430,83
P422430,4
P422430,302
P422430,1934
P422430,200
P422430,1935
P422430,1936
P422430,1256
P422430,339
P422430,91
P422430,585
P422430,694
P422430,804
P422430,246
P422430,366
P422430,89
P422430,152
P422430,174
P422430,57
P422430,206
P422430,1019
P422430,815
P422430,1572
P422430,842
P422430,184
P422430,93
P422430,1621
P422430,199
P422430,7
P422430,1595
P422430,75
P422430,687
P471535,83
P471535,89
P471535,9
P471535,4
P471535,304
P471535,455
P471535,435
P471535,161
P471535,252
P471535,5
P471535,20
P471535,19
P471535,1937
P471535,472
P471535,230
P471535,842
P471535,443
P471535,442
P471535,440
P471535,117
P471535,633
P471535,70
P471535,49
P471535,61
P471535,563
P471535,532
P471535,1938
P471535,1939
P471535,863
P471535,1230
P471535,1232
P471535,1233
P471535,1234
P471535,554
P471535,1227
P471535,1228
P471535,1229
P471535,1231
P471535,7
P471535,444
P471535,441
P471535,12
P471535,2
P471535,76
P471535,118
P471535,200
P471535,327
P471535,188
P471535,700
P471535,192
P471535,174
P471535,173
P471535,176
P471535,175
P471535,177
P434545,83
P434545,9
P434545,4
P434545,90
P434545,743
P434545,669
P434545,33
P434545,88
P434545,1872
P434545,676
P434545,89
P434545,58
P434545,805
P434545,73
P434545,91
P434545,745
P434545,446
P434545,291
P434545,102
P434545,107
P434545,1940
P434545,1325
P434545,668
P434545,581
P434545,1326
P434545,74
P434545,96
P434545,750
P434545,777
P434545,112
P434545,778
P434545,15
P434545,132
P434545,57
P434545,12
P434545,75
P434545,174
P434545,272
P434545,175
P434545,37
P434545,1941
P434545,1942
P428095,55
P428095,240
P428095,107
P428095,1943
P428095,1944
P428095,317
P428095,39
P428095,1258
P428095,122
P428095,1945
P428095,1911
P428095,326
P428095,1910
P428095,1946
P428095,568
P428095,1132
P465368,55
P465368,240
P465368,107
P465368,1943
P465368,1944
P465368,317
P465368,39
P465368,1258
P465368,122
P465368,1945
P465368,1911
P465368,326
P465368,1910
P465368,1946
P465368,1909
P465368,1132
P442858,1947
P442858,55
P442858,65
P442858,4
P442858,76
P442858,58
P442858,1361
P442858,69
P442858,60
P442858,20
P442858,8
P442858,78
P442858,1606
P442858,75
P442858,77
P442858,5
P442858,72
P442858,246
P442858,79
P442858,266
P442858,173
P442858,566
P442858,1948
P442858,208
P442858,9
P442858,463
P442858,89
P442858,131
P442858,70
P442858,658
P442858,244
P442858,90
P442858,7
P442858,1949
P442858,455
P442858,684
P442858,156
P442858,667
P442858,230
P442858,878
P442858,649
P442858,877
P442858,242
P442858,1363
P442858,669
P442858,679
P442858,199
P442858,678
P423148,1052
P423148,892
P423148,1950
P423148,61
P423148,1863
P423148,326
P423148,1951
P423148,62
P423148,322
P423148,637
P423148,1952
P423148,890
P423148,891
P423148,1321
P423148,405
P423148,1953
P423148,178
P423148,208
P423148,131
P423148,70
P423148,85
P423148,175
P423148,174
P423148,177
P443350,1052
P443350,892
P443350,1950
P443350,61
P443350,1863
P443350,326
P443350,1951
P443350,62
P443350,322
P443350,637
P443350,1952
P443350,890
P443350,891
P443350,1321
P443350,405
P443350,1953
P443350,178
P443350,208
P443350,131
P443350,70
P443350,85
P443350,175
P443350,174
P443350,177
P453225,1954
P453225,44
P453225,90
P453225,1955
P453225,787
P453225,1801
P453225,1956
P453225,1173
P453225,1957
P453225,1958
P453225,1700
P453225,1959
P453225,1960
P453225,434
P453225,92
P453225,292
P453225,70
P453225,404
P453225,706
P453225,242
P453225,222
P453225,1961
P453225,348
P453225,9
P453225,7
P453225,12
P453225,446
P453225,91
P453225,1331
P453225,1903
P453225,310
P453225,1962
P3617,100
P3617,383
P3617,382
P3617,815
P3617,783
P3617,4
P3617,66
P3617,1963
P3617,106
P3617,37
P3617,8
P3617,121
P3617,78
P3617,1964
P3617,780
P3617,1965
P474953,55
P474953,4
P474953,1784
P474953,5
P474953,118
P474953,106
P474953,76
P474953,1966
P474953,1967
P474953,618
P474953,716
P474953,246
P474953,568
P474953,676
P474953,9
P474953,15
P474953,441
P474953,75
P474953,1968
P474953,131
P474953,265
P474953,130
P474953,71
P474953,312
P474953,1449
P474953,1969
P474953,317
P474953,1355
P474953,79
P474953,1243
P474953,489
P474953,1184
P474953,266
P474953,1105
P474953,355
P474953,445
P476513,55
P476513,4
P476513,1784
P476513,5
P476513,118
P476513,106
P476513,76
P476513,1966
P476513,1967
P476513,618
P476513,716
P476513,246
P476513,568
P476513,676
P476513,9
P476513,15
P476513,441
P476513,75
P476513,1968
P476513,131
P476513,265
P476513,130
P476513,71
P476513,312
P476513,1449
P476513,1969
P476513,317
P476513,1355
P476513,79
P476513,1243
P476513,489
P476513,1184
P476513,266
P476513,1105
P476513,355
P476513,445
P468658,50
P468658,37
P468658,7
P468658,74
P468658,4
P468658,455
P468658,1970
P468658,239
P468658,383
P468658,382
P468658,1971
P468658,86
P468658,84
P468658,1972
P468658,1312
P468658,5
P468658,170
P468658,1973
P468658,1974
P468658,1975
P468658,57
P468658,1976
P468658,394
P468658,409
P468658,1387
P468658,106
P468658,1753
P468658,618
P468658,358
P468658,1977
P468658,107
P468658,1284
P468658,1331
P468658,1606
P468658,1978
P468658,93
P468658,12
P468658,242
P468658,310
P468658,321
P468658,471
P456208,1
P456208,102
P456208,200
P456208,4
P456208,76
P456208,78
P456208,9
P456208,1979
P456208,1980
P456208,1981
P456208,1123
P456208,1120
P456208,1121
P456208,1982
P456208,20
P456208,49
P456208,850
P456208,547
P456208,1983
P456208,75
P456208,261
P456208,1131
P456208,1128
P456208,1129
P456208,72
P456208,426
P456208,206
P456208,80
P459301,1
P459301,102
P459301,200
P459301,4
P459301,76
P459301,78
P459301,9
P459301,1979
P459301,1980
P459301,1981
P459301,1123
P459301,1120
P459301,1121
P459301,1982
P459301,20
P459301,49
P459301,850
P459301,547
P459301,1983
P459301,75
P459301,261
P459301,1131
P459301,1128
P459301,1129
P459301,72
P459301,426
P459301,206
P459301,80
P122718,524
P122718,86
P122718,74
P122718,390
P122718,354
P122718,1984
P122718,411
P122718,366
P122718,1985
P122718,1986
P122718,1987
P122718,1090
P122718,91
P122718,1518
P122718,1988
P122718,1989
P482742,1990
P482742,1586
P482742,1587
P482742,1991
P482742,83
P482742,7
P482742,4
P482742,1409
P482742,74
P482742,2
P482742,1992
P482742,785
P482742,790
P482742,486
P482742,484
P482742,1993
P482742,455
P482742,744
P482742,57
P482742,774
P482742,850
P482742,20
P482742,1757
P482742,95
P482742,1845
P482742,1846
P482742,1279
P482742,1994
P482742,448
P482742,352
P482742,93
P482742,103
P482742,51
P482742,70
P482742,8
P482742,118
P482742,489
P482742,1449
P482742,441
P482742,91
P482742,467
P482742,33
P482742,1995
P427397,100
P427397,89
P427397,9
P427397,4
P427397,252
P427397,1996
P427397,1544
P427397,1238
P427397,1828
P427397,5
P427397,79
P427397,432
P427397,825
P427397,7
P427397,1997
P427397,441
P427397,1130
P427397,131
P427397,1998
P427397,15
P427397,398
P427397,1999
P427397,84
P427397,2000
P427397,2001
P427397,69
P427397,95
P427397,91
P427397,1179
P427397,1766
P427397,1249
P427397,2002
P427397,2003
P427397,2004
P469502,1
P469502,1420
P469502,7
P469502,366
P469502,106
P469502,2005
P469502,78
P469502,357
P448937,2006
P448937,2007
P448937,90
P448937,2008
P448937,4
P448937,1599
P448937,1136
P448937,2009
P448937,1070
P448937,97
P448937,395
P448937,396
P448937,20
P448937,237
P448937,1146
P448937,595
P448937,238
P448937,2010
P448937,2011
P448937,2012
P448937,2013
P448937,1350
P448937,2014
P448937,543
P448937,1353
P448937,1770
P448937,2015
P448937,69
P448937,903
P448937,697
P448937,762
P448937,2016
P448937,403
P448937,1817
P448937,317
P448937,2017
P448937,79
P448937,266
P448937,430
P448937,1803
P448937,1906
P448937,76
P448937,70
P448937,401
P448937,158
P448937,616
P448937,1797
P448937,84
P448937,1796
P448937,91
P448937,153
P448937,57
P448937,2018
P421998,71
P421998,208
P421998,90
P421998,559
P421998,2019
P421998,2020
P421998,2021
P421998,70
P421998,2022
P421998,700
P421998,272
P421998,2023
P421998,173
P421998,176
P421998,890
P421998,2024
P421998,2025
P421998,174
P421998,175
P421998,2026
P421998,2027
P421998,2028
P421998,2029
P445951,71
P445951,208
P445951,90
P445951,559
P445951,2019
P445951,2020
P445951,2021
P445951,70
P445951,2022
P445951,700
P445951,272
P445951,2023
P445951,173
P445951,176
P445951,890
P445951,2024
P445951,2025
P445951,174
P445951,175
P445951,2026
P445951,2027
P445951,2028
P445951,2029
P434336,2030
P434336,2031
P434336,2032
P434336,70
P434336,71
P434336,2033
P434336,575
P434336,1309
P434336,2034
P434336,1920
P434336,1034
P434336,2035
P434336,2036
P434336,2037
P434336,2038
P434336,2039
P421277,1888
P421277,1889
P421277,1346
P421277,9
P421277,297
P421277,7
P421277,4
P421277,878
P421277,76
P421277,787
P421277,1895
P421277,1894
P421277,1891
P421277,2040
P421277,2041
P421277,274
P421277,70
P421277,222
P421277,221
P421277,130
P421277,61
P421277,132
P421277,71
P421277,595
P421277,93
P421277,8
P421277,240
P421277,2042
P421277,2043
P421277,106
P421277,2044
P421277,5
P421277,72
P421277,2045
P421277,78
P421277,91
P421277,121
P421277,174
P421277,2046
P455936,2047
P455936,23
P455936,24
P455936,27
P455936,2048
P455936,29
P455936,2049
P455936,1412
P455936,30
P455936,311
P455936,40
P455936,33
P455936,1102
P455936,36
P455936,843
P455936,70
P455936,2050
P405096,83
P405096,410
P405096,2051
P405096,2052
P405096,2053
P405096,9
P405096,2054
P405096,72
P405096,2055
P405096,2056
P405096,252
P405096,413
P405096,91
P405096,2057
P405096,266
P405096,92
P405096,161
P405096,624
P405096,269
P405096,390
P405096,75
P405096,2058
P405096,2059
P405096,322
P405096,833
P405096,45
P405096,2060
P405096,70
P405096,899
P405096,177
P500777,762
P500777,627
P500777,760
P500777,764
P500777,1599
P500777,1590
P500777,568
P500777,1840
P500777,520
P500777,767
P500777,32
P500777,1050
P500777,889
P500777,61
P500777,768
P500777,637
P500777,70
P500777,563
P500777,774
P500777,1449
P500777,772
P500777,775
P500777,47
P500777,174
P500777,175
P500777,272
P500777,206
P500777,566
P467602,709
P467602,84
P467602,1216
P467602,89
P467602,4
P467602,2061
P467602,1564
P467602,87
P467602,88
P467602,29
P467602,85
P467602,767
P467602,1894
P467602,191
P467602,2062
P467602,2063
P467602,1671
P467602,221
P467602,1204
P467602,2064
P467602,20
P467602,454
P467602,2065
P467602,706
P467602,2066
P467602,2067
P467602,747
P467602,66
P467602,131
P467602,1929
P467602,2068
P467602,943
P467602,1043
P467602,132
P467602,95
P467602,60
P467602,535
P467602,161
P467602,2069
P467602,1661
P467602,2070
P467602,1446
P467602,1448
P467602,1229
P467602,666
P467602,795
P467602,129
P467602,291
P467602,166
P467602,93
P467602,805
P467602,72
P467602,107
P467602,12
P467602,390
P467602,1670
P467602,1637
P467602,75
P467602,441
P467602,1680
P467602,91
P467602,266
P467602,206
P467602,1294
P379064,2071
P379064,700
P379064,446
P379064,327
P379064,61
P379064,329
P379064,2072
P379064,2073
P379064,70
P379064,173
P379064,272
P379064,176
P379064,174
P379064,175
P379064,204
P379064,1114
P474843,1567
P474843,4
P474843,24
P474843,89
P474843,7
P474843,2074
P474843,1614
P474843,2075
P474843,352
P474843,2076
P474843,2077
P474843,74
P474843,161
P474843,2078
P474843,170
P474843,86
P474843,1412
P474843,9
P474843,815
P474843,91
P474843,1935
P474843,246
P474843,1653
P474843,72
P474843,8
P474843,2079
P474843,166
P474843,47
P474843,103
P474843,135
P474843,130
P474843,2080
P474843,2081
P474843,1622
P474843,909
P474843,2082
P474843,77
P474843,174
P474843,263
P474843,272
P474843,1478
P474843,69
P474843,2083
P474843,118
P474843,173
P474843,176
P474843,79
P474843,70
P474843,204
P474843,2084
P474843,872
P474843,2085
P474843,75
P474843,563
P474843,433
P422003,71
P422003,628
P422003,208
P422003,90
P422003,2086
P422003,2087
P422003,70
P422003,174
P422003,2088
P422003,2089
P422003,2090
P422003,2091
P422003,2092
P422003,2093
P422003,272
P422003,175
P422003,176
P422003,2094
P473126,1
P473126,2095
P473126,2096
P473126,2097
P473126,2098
P473126,2099
P473126,2100
P473126,2101
P473126,2102
P473126,2103
P473126,2104
P473126,2105
P473126,2106
P473126,2107
P473126,2108
P473126,2109
P473126,2110
P473126,2111
P473126,2112
P473126,2113
P473126,2114
P473126,2115
P473126,2116
P473126,2117
P473126,2118
P473126,2119
P473126,2120
P473126,2121
P473126,2122
P473126,2123
P442989,83
P442989,49
P442989,278
P442989,835
P442989,4
P442989,397
P442989,102
P442989,78
P442989,776
P442989,2124
P442989,20
P442989,117
P442989,57
P442989,91
P442989,72
P442989,12
P442989,2125
P302900,83
P302900,138
P302900,89
P302900,457
P302900,2126
P302900,2127
P302900,584
P302900,400
P302900,2128
P302900,575
P302900,841
P302900,452
P302900,449
P302900,450
P302900,363
P302900,2129
P302900,451
P302900,831
P302900,454
P302900,158
P302900,90
P302900,1001
P302900,825
P302900,366
P302900,4
P302900,12
P302900,2130
P302900,106
P302900,155
P302900,7
P302900,72
P302900,131
P302900,119
P302900,20
P302900,1293
P302900,463
P302900,1474
P302900,78
P302900,390
P302900,93
P302900,91
P302900,33
P302900,1331
P302900,2131
P469528,1
P469528,805
P469528,102
P469528,107
P469528,108
P469528,1144
P469528,539
P469528,9
P469528,366
P469528,109
P469528,7
P469528,2132
P469528,20
P469528,1474
P469528,4
P469528,70
P469528,398
P469528,92
P469528,546
P469528,169
P469528,57
P469528,2133
P469528,676
P469528,2134
P469528,2135
P469528,392
P385773,2136
P385773,83
P385773,4
P385773,428
P385773,20
P385773,2137
P385773,2138
P385773,237
P385773,331
P385773,60
P385773,396
P385773,395
P385773,97
P385773,469
P385773,102
P385773,107
P385773,2139
P385773,95
P385773,2140
P385773,1344
P385773,112
P385773,960
P385773,127
P385773,131
P385773,2141
P385773,2142
P385773,115
P385773,133
P385773,684
P385773,398
P385773,132
P385773,401
P385773,116
P385773,7
P385773,12
P385773,71
P385773,403
P385773,134
P385773,356
P385773,106
P385773,8
P385773,158
P385773,57
P385773,794
P385773,93
P385773,75
P385773,103
P385773,441
P385773,266
P385773,91
P385773,79
P385773,687
P410883,92
P410883,51
P410883,2044
P410883,1595
P410883,75
P410883,410
P410883,93
P410883,2143
P410883,2144
P410883,268
P410883,468
P410883,174
P410883,272
P410883,161
P410883,1087
P410883,1582
P410883,165
P410883,3
P410883,91
P410883,266
P410883,880
P410883,815
P410883,79
P410883,2145
P410883,252
P410883,441
P410883,78
P410883,1082
P410883,70
P410883,2146
P429637,524
P429637,138
P429637,1788
P429637,4
P429637,302
P429637,7
P429637,89
P429637,463
P429637,1684
P429637,2147
P429637,767
P429637,1790
P429637,1793
P429637,453
P429637,1794
P429637,1791
P429637,1795
P429637,1796
P429637,338
P429637,340
P429637,1797
P429637,1798
P429637,1799
P429637,1792
P429637,834
P429637,840
P429637,828
P429637,842
P429637,1204
P429637,2148
P429637,1457
P429637,274
P429637,809
P429637,422
P429637,562
P429637,20
P429637,90
P429637,455
P429637,428
P429637,459
P429637,131
P429637,454
P429637,1211
P429637,200
P429637,169
P429637,121
P429637,93
P429637,51
P429637,272
P429637,203
P429637,173
P429637,176
P429637,174
P429637,266
P429637,392
P500778,118
P500778,398
P500778,1162
P500778,402
P500778,1552
P500778,2149
P500778,749
P500778,1536
P500778,628
P500778,393
P500778,2150
P500778,2151
P500778,61
P500778,297
P500778,1865
P500778,2152
P500778,2153
P500778,1551
P500778,1312
P500778,2154
P483128,4
P483128,89
P483128,1872
P483128,60
P483128,2155
P483128,2015
P483128,695
P483128,365
P483128,92
P483128,70
P483128,113
P483128,2156
P483128,131
P483128,2157
P483128,126
P483128,2158
P483128,2159
P483128,119
P483128,261
P483128,392
P480278,2160
P480278,1
P480278,71
P480278,90
P480278,4
P480278,210
P480278,209
P480278,617
P480278,87
P480278,161
P480278,244
P480278,1148
P480278,1673
P480278,2064
P480278,1149
P480278,2062
P480278,1875
P480278,20
P480278,91
P480278,12
P480278,70
P480278,376
P480278,2161
P480278,100
P480278,107
P480278,78
P480278,9
P480278,88
P480278,2162
P480278,676
P480278,1363
P480278,1795
P480278,57
P480278,322
P480278,177
P480278,2163
P480278,83
P480278,1144
P480278,29
P480278,97
P480278,1145
P480278,237
P480278,1146
P480278,238
P480278,1053
P480278,1147
P480278,8
P480278,1150
P480278,2164
P480278,747
P480278,440
P480278,1361
P480278,176
P480278,1681
P450211,55
P450211,297
P450211,4
P450211,76
P450211,9
P450211,45
P450211,2165
P450211,427
P450211,2166
P450211,1660
P450211,61
P450211,777
P450211,749
P450211,750
P450211,1072
P450211,131
P450211,774
P450211,70
P450211,8
P450211,568
P450211,78
P450211,93
P450211,2167
P450211,2042
P450211,161
P450211,1906
P450211,1797
P450211,12
P450211,532
P450211,1796
P450211,246
P450211,266
P450211,91
P450211,174
P450211,272
P450211,175
P450211,202
P423157,2168
P423157,2169
P423157,2170
P423157,2171
P423157,2172
P423157,2173
P423157,2174
P379709,2175
P379709,1199
P379709,2176
P379709,348
P379709,110
P379709,71
P379709,2177
P379709,4
P379709,2031
P379709,2178
P379709,209
P379709,693
P379709,2179
P379709,522
P379709,210
P379709,20
P379709,2180
P379709,2181
P379709,2182
P379709,2183
P379709,9
P379709,430
P379709,547
P379709,313
P379709,1148
P379709,1149
P379709,2184
P379709,1334
P379709,2185
P379709,2186
P379709,2187
P379709,2188
P379709,175
P379709,173
P379709,694
P379709,176
P379709,174
P379709,177
P386755,2189
P386755,2190
P386755,2191
P386755,18
P386755,2192
P386755,2193
P386755,2194
P386755,716
P386755,2195
P440658,2196
P440658,2197
P440658,2198
P440658,361
P440658,2199
P440658,88
P440658,1748
P440658,211
P440658,83
P440658,37
P440658,2200
P440658,4
P440658,2201
P440658,2202
P440658,1929
P440658,2203
P440658,61
P440658,2204
P440658,2205
P440658,2206
P447200,83
P447200,178
P447200,4
P447200,7
P447200,1746
P447200,76
P447200,2207
P447200,24
P447200,634
P447200,86
P447200,2208
P447200,595
P447200,1382
P447200,84
P447200,1811
P447200,155
P447200,10
P447200,166
P447200,119
P447200,520
P447200,588
P447200,93
P447200,593
P447200,2209
P447200,95
P447200,5
P447200,20
P447200,2210
P504277,2211
P504277,2212
P504277,2213
P504277,2214
P504277,1834
P504277,2215
P504277,2216
P504277,767
P504277,2217
P469524,2218
P469524,1
P469524,138
P469524,2219
P469524,1328
P469524,1903
P469524,252
P469524,2220
P469524,535
P469524,126
P469524,1651
P469524,2221
P469524,131
P469524,747
P469524,130
P469524,398
P469524,110
P469524,2222
P469524,1823
P469524,885
P469524,119
P469524,1117
P469524,321
P469524,85
P469524,2223
P469524,72
P469524,390
P469524,12
P469524,2224
P469524,491
P469524,1391
P469524,392
P395389,2225
P395389,2226
P395389,2227
P395389,2228
P395389,2229
P395389,4
P395389,2230
P395389,2231
P395389,2232
P395389,78
P395389,2233
P395389,2234
P395389,762
P395389,2235
P395389,2236
P395389,2237
P395389,29
P395389,2238
P395389,884
P395389,118
P395389,66
P395389,2239
P395389,70
P395389,772
P395389,2240
P500002,2241
P500002,83
P500002,138
P500002,89
P500002,2242
P500002,2243
P500002,527
P500002,535
P500002,1783
P500002,170
P500002,86
P500002,4
P500002,302
P500002,70
P500002,414
P500002,1123
P500002,2244
P500002,206
P500002,9
P500002,2245
P500002,84
P500002,2246
P500002,5
P500002,2247
P500002,1462
P500002,1637
P500002,2042
P500002,710
P500002,355
P500002,12
P500002,1749
P500002,454
P500002,667
P500002,93
P500002,75
P500002,57
P500002,117
P500002,2248
P500002,20
P500002,72
P500002,91
P500002,266
P500002,1294
P500002,2249
P500002,7
P500002,90
P500002,274
P500002,2250
P500002,634
P500002,2251
P500002,2252
P500002,2253
P500002,671
P500002,166
P500002,672
P500002,95
P500002,2254
P500002,1249
P500002,1766
P500002,1243
P500002,390
P500002,2255
P500002,78
P500002,2256
P500002,79
P500002,33
P500002,37
P500002,2257
P500002,445
P500002,2258
P500002,24
P500002,29
P500002,633
P500002,76
P500002,525
P500002,555
P500002,2259
P500002,1896
P500002,15
P500002,366
P500002,472
P500002,910
P500002,811
P500002,911
P500002,246
P500002,467
P500002,2260
P410756,83
P410756,2261
P410756,274
P410756,7
P410756,162
P410756,76
P410756,4
P410756,1210
P410756,1408
P410756,153
P410756,323
P410756,161
P410756,2262
P410756,649
P410756,71
P410756,33
P410756,91
P410756,166
P410756,2263
P410756,2264
P410756,805
P410756,2265
P410756,206
P410756,2266
P410756,93
P410756,2267
P410756,57
P410756,79
P410756,1238
P410756,2268
P410756,2269
P410756,780
P410756,475
P410756,1534
P410756,70
P410756,467
P410756,174
P410756,173
P410756,272
P410756,176
P410756,2270
P451748,83
P451748,274
P451748,4
P451748,546
P451748,92
P451748,112
P451748,60
P451748,398
P451748,685
P451748,2271
P451748,549
P476733,89
P476733,535
P476733,71
P476733,2272
P476733,1598
P476733,1295
P476733,4
P476733,1753
P476733,12
P476733,1
P476733,235
P476733,74
P476733,84
P476733,2273
P476733,2274
P476733,868
P476733,2275
P476733,132
P476733,2276
P476733,2277
P476733,2278
P476683,2279
P476683,348
P476683,4
P476683,848
P476683,2280
P476683,9
P476683,2281
P476683,878
P476683,2256
P476683,1512
P476683,365
P476683,2282
P476683,2283
P476683,730
P476683,1282
P476683,56
P476683,356
P476683,57
P476683,390
P476683,2284
P476683,2285
P476683,263
P476683,5
P476683,72
P476683,8
P476683,667
P476683,2286
P476683,70
P476683,2287
P476683,91
P476683,745
P476683,79
P476683,376
P476683,2288
P476683,90
P476683,62
P476683,2289
P476683,2290
P476683,1058
P476683,2124
P476683,1780
P476683,2291
P476683,2292
P476683,2293
P476683,532
P476683,128
P476683,1925
P476683,71
P476683,131
P476683,2294
P476683,2295
P476683,2296
P476683,1544
P476683,274
P476683,1934
P476683,88
P476683,767
P476683,7
P476683,2297
P476683,61
P476683,617
P476683,1599
P476683,133
P476683,241
P476683,230
P476683,223
P476683,225
P476683,97
P476683,806
P476683,396
P476683,401
P476683,158
P476683,2298
P476683,231
P476683,224
P476683,2299
P476683,229
P476683,2300
P476683,395
P476683,2301
P476683,86
P476683,1127
P476683,403
P476683,1784
P476683,107
P476683,252
P476683,240
P476683,374
P476683,206
P476683,391
P476683,12
P476683,75
P476683,2302
P476683,2303
P476683,2304
P476683,2305
P476683,2306
P476683,2307
P397622,83
P397622,4
P397622,7
P397622,118
P397622,161
P397622,878
P397622,1712
P397622,1713
P397622,1128
P397622,286
P397622,2308
P397622,2309
P397622,2310
P397622,2311
P397622,246
P397622,546
P397622,93
P397622,57
P397622,11
P397622,96
P397622,685
P397622,2312
P397622,2313
P397622,95
P397622,72
P397622,5
P397622,850
P397622,2314
P397622,2315
P397622,8
P397622,224
P397622,2316
P397622,2317
P397622,1846
P397622,138
P397622,302
P397622,2318
P397622,1709
P397622,1420
P397622,91
P397622,2319
P411881,83
P411881,89
P411881,9
P411881,4
P411881,457
P411881,1449
P411881,7
P411881,153
P411881,1053
P411881,2320
P411881,127
P411881,1415
P411881,2321
P411881,1872
P411881,19
P411881,2322
P411881,363
P411881,2323
P411881,960
P411881,1859
P411881,2324
P411881,61
P411881,2325
P411881,130
P411881,666
P411881,637
P411881,70
P411881,275
P411881,713
P411881,2264
P411881,91
P411881,1166
P411881,2219
P411881,2266
P411881,72
P411881,261
P411881,166
P411881,390
P411881,12
P411881,805
P411881,2268
P411881,57
P411881,2326
P482696,100
P482696,4
P482696,89
P482696,7
P482696,140
P482696,2
P482696,1364
P482696,1211
P482696,289
P482696,715
P482696,1409
P482696,24
P482696,274
P482696,457
P482696,5
P482696,106
P482696,88
P482696,9
P482696,454
P482696,670
P482696,1387
P482696,86
P482696,167
P482696,152
P482696,463
P482696,84
P482696,2327
P482696,744
P482696,1284
P482696,595
P482696,2204
P482696,169
P482696,45
P482696,39
P482696,1212
P482696,2328
P482696,746
P482696,12
P482696,38
P482696,20
P482696,484
P482696,168
P482696,242
P482696,93
P482696,19
P482696,1270
P482696,2329
P482696,808
P482696,593
P482696,596
P482696,2330
P482696,70
P482696,2331
P471097,2332
P471097,1
P471097,9
P471097,76
P471097,66
P471097,426
P471097,39
P471097,5
P471097,263
P471097,12
P471097,472
P471097,20
P471097,673
P471097,1275
P471097,8
P471097,2333
P471097,78
P471097,2334
P408301,2335
P408301,382
P408301,9
P408301,527
P408301,87
P408301,411
P408301,88
P408301,1464
P408301,83
P408301,39
P408301,2336
P408301,2337
P408301,414
P408301,2338
P408301,110
P408301,905
P408301,2339
P408301,365
P408301,430
P408301,1924
P408301,1334
P408301,71
P408301,2177
P408301,4
P408301,1715
P408301,1412
P408301,2183
P408301,2180
P408301,2182
P408301,2181
P408301,2187
P408301,2175
P408301,617
P408301,748
P408301,1363
P408301,57
P408301,1483
P408301,118
P408301,2188
P408301,2220
P408301,2340
P408301,2341
P408301,694
P408301,174
P408301,272
P408301,1235
P447199,83
P447199,4
P447199,813
P447199,2342
P447199,18
P447199,2012
P447199,1923
P447199,20
P447199,2343
P447199,45
P447199,520
P447199,680
P447199,1660
P447199,1169
P447199,2344
P447199,817
P447199,49
P447199,2345
P447199,814
P447199,138
P447199,546
P447199,2264
P447199,2266
P447199,993
P447199,535
P447199,89
P447199,2346
P447199,2268
P447199,461
P447199,462
P447199,7
P447199,12
P447199,568
P447199,174
P447199,176
P447199,271
P447199,202
P447199,135
P447199,75
P447199,91
P447199,2347
P447199,266
P447199,2348
P394702,83
P394702,86
P394702,7
P394702,646
P394702,90
P394702,617
P394702,527
P394702,170
P394702,2349
P394702,2350
P394702,2351
P394702,1229
P394702,637
P394702,1352
P394702,2352
P394702,575
P394702,584
P394702,2127
P394702,2353
P394702,1040
P394702,1041
P394702,840
P394702,1861
P394702,158
P394702,20
P394702,455
P394702,2354
P394702,89
P394702,2355
P394702,454
P394702,4
P394702,1000
P394702,770
P394702,422
P394702,117
P394702,842
P394702,71
P394702,765
P394702,2356
P394702,828
P394702,1371
P394702,1372
P394702,72
P394702,1637
P394702,88
P394702,156
P394702,1043
P394702,12
P394702,103
P394702,8
P394702,747
P394702,390
P394702,392
P503920,2357
P503920,348
P503920,107
P503920,4
P503920,102
P503920,9
P503920,104
P503920,108
P503920,78
P503920,1363
P503920,1981
P503920,2358
P503920,1979
P503920,1980
P503920,263
P503920,57
P503920,72
P503920,2359
P503920,266
P503920,79
P503920,122
P503920,759
P503920,2360
P503920,125
P503920,382
P503920,628
P503920,383
P503920,484
P503920,2361
P503920,92
P503920,60
P503920,133
P503920,161
P503920,20
P503920,736
P503920,229
P503920,411
P503920,261
P503920,70
P503920,12
P503920,91
P503920,1476
P470240,348
P470240,4
P470240,1453
P470240,1664
P470240,546
P470240,91
P470240,72
P470240,390
P470240,75
P470240,446
P470240,2219
P470240,131
P470240,755
P470240,2362
P470240,199
P470240,156
P470240,2363
P470240,286
P470240,749
P470240,20
P470240,1676
P470240,2364
P470240,1304
P470240,842
P470240,2316
P470240,79
P470240,49
P470240,95
P470240,2365
P470240,753
P470240,132
P470240,266
P470240,2366
P470240,2145
P470240,207
P470240,174
P470240,177
P474844,1567
P474844,4
P474844,302
P474844,7
P474844,200
P474844,1614
P474844,84
P474844,352
P474844,527
P474844,595
P474844,170
P474844,86
P474844,2367
P474844,1127
P474844,1412
P474844,2368
P474844,2085
P474844,2369
P474844,2081
P474844,33
P474844,131
P474844,856
P474844,70
P474844,563
P474844,2078
P474844,2080
P474844,79
P474844,91
P474844,130
P474844,2077
P474844,15
P474844,119
P474844,1680
P474844,161
P474844,47
P474844,445
P474844,9
P474844,815
P474844,155
P474844,2079
P474844,1293
P474844,593
P474844,588
P474844,176
P474844,909
P474844,1653
P474844,69
P474844,2084
P474844,263
P474844,173
P474844,75
P474844,1622
P474844,2082
P474844,433
P440933,83
P440933,381
P440933,382
P440933,383
P440933,7
P440933,384
P440933,106
P440933,170
P440933,385
P440933,57
P440933,117
P440933,386
P440933,387
P440933,262
P440933,4
P440933,388
P440933,389
P440933,72
P440933,12
P440933,390
P440933,171
P440933,391
P440933,392
P500318,1810
P500318,9
P500318,617
P500318,102
P500318,103
P500318,110
P500318,1248
P500318,764
P500318,4
P500318,19
P500318,673
P500318,1660
P500318,583
P500318,749
P500318,750
P500318,61
P500318,1072
P500318,2370
P500318,107
P500318,2371
P500318,70
P500318,695
P500318,365
P500318,88
P500318,1212
P500318,313
P500318,56
P500318,676
P500318,484
P500318,168
P500318,2372
P500318,317
P500318,72
P500318,808
P500318,12
P500318,80
P482025,1567
P482025,4
P482025,24
P482025,1412
P482025,7
P482025,90
P482025,86
P482025,527
P482025,2373
P482025,1618
P482025,170
P482025,89
P482025,302
P482025,2367
P482025,646
P482025,872
P482025,2085
P482025,118
P482025,70
P482025,2078
P482025,63
P482025,2080
P482025,78
P482025,79
P482025,91
P482025,130
P482025,2374
P482025,246
P482025,119
P482025,174
P482025,57
P482025,161
P482025,47
P482025,76
P482025,272
P482025,9
P482025,815
P482025,155
P482025,2079
P482025,650
P482025,1293
P482025,8
P482025,588
P482025,176
P482025,1653
P482025,93
P482025,69
P482025,2084
P482025,263
P482025,173
P482025,204
P482025,433
P440483,83
P440483,815
P440483,2375
P440483,2376
P440483,66
P440483,95
P440483,60
P440483,1657
P440483,9
P440483,106
P440483,12
P440483,2377
P440483,467
P440483,252
P440483,75
P440483,266
P440483,79
P440483,2378
P440483,2379
P440483,271
P440483,174
P440483,177
P484081,1
P484081,29
P484081,4
P484081,90
P484081,2256
P484081,646
P484081,7
P484081,5
P484081,160
P484081,1544
P484081,1212
P484081,209
P484081,86
P484081,2380
P484081,2381
P484081,1872
P484081,420
P484081,460
P484081,1823
P484081,2012
P484081,197
P484081,637
P484081,221
P484081,1828
P484081,414
P484081,97
P484081,107
P484081,396
P484081,2382
P484081,1333
P484081,1678
P484081,395
P484081,112
P484081,158
P484081,1851
P484081,484
P484081,210
P484081,1817
P484081,168
P484081,1581
P484081,578
P484081,117
P484081,76
P484081,1307
P484081,1110
P484081,427
P484081,169
P484081,265
P484081,79
P484081,75
P484081,70
P484081,776
P484081,266
P484081,252
P484081,2383
P473148,100
P473148,382
P473148,1295
P473148,4
P473148,71
P473148,29
P473148,87
P473148,88
P473148,411
P473148,9
P473148,84
P473148,76
P473148,1070
P473148,360
P473148,420
P473148,990
P473148,752
P473148,2384
P473148,1179
P473148,2385
P473148,132
P473148,860
P473148,2386
P473148,97
P473148,2387
P473148,95
P473148,430
P473148,265
P473148,595
P473148,209
P473148,235
P473148,748
P473148,210
P473148,92
P473148,133
P473148,426
P473148,237
P473148,20
P473148,117
P473148,1159
P473148,1146
P473148,70
P473148,771
P473148,2388
P453818,1889
P453818,1346
P453818,2389
P453818,90
P453818,4
P453818,24
P453818,89
P453818,29
P453818,595
P453818,627
P453818,520
P453818,61
P453818,84
P453818,88
P453818,170
P453818,86
P453818,1894
P453818,1891
P453818,1270
P453818,1227
P453818,1392
P453818,860
P453818,2390
P453818,70
P453818,2139
P453818,398
P453818,198
P453818,1896
P453818,2391
P453818,2392
P453818,75
P453818,563
P453818,9
P453818,291
P453818,166
P453818,76
P453818,7
P453818,2393
P453818,390
P453818,78
P453818,93
P453818,5
P453818,132
P453818,79
P453818,72
P453818,392
P377178,83
P377178,476
P377178,153
P377178,4
P377178,76
P377178,1196
P377178,178
P377178,84
P377178,209
P377178,614
P377178,210
P377178,7
P377178,2000
P377178,684
P377178,876
P377178,455
P377178,649
P377178,877
P377178,878
P377178,71
P377178,1715
P377178,2064
P377178,2394
P377178,2395
P377178,2396
P377178,2397
P377178,20
P377178,2139
P377178,2398
P377178,2399
P377178,2400
P377178,131
P377178,133
P377178,240
P377178,1797
P377178,49
P377178,2401
P377178,1109
P377178,106
P377178,166
P377178,805
P377178,15
P377178,93
P377178,91
P377178,72
P377178,246
P377178,272
P377178,114
P377178,329
P377178,2402
P476726,55
P476726,4
P476726,56
P476726,106
P476726,57
P476726,161
P476726,1510
P476726,1828
P476726,2403
P476726,414
P476726,2404
P476726,91
P476726,79
P476726,2405
P476726,107
P476726,177
P429522,348
P429522,2043
P429522,89
P429522,2045
P429522,200
P429522,74
P429522,2406
P429522,2144
P429522,2044
P429522,1162
P429522,1478
P429522,153
P429522,70
P429522,91
P429522,2407
P429522,2408
P429522,252
P429522,72
P429522,1315
P429522,2409
P429522,1483
P429522,47
P429522,15
P429522,2410
P504506,348
P504506,645
P504506,4
P504506,878
P504506,76
P504506,71
P504506,9
P504506,1658
P504506,765
P504506,95
P504506,651
P504506,90
P504506,656
P504506,1672
P504506,1324
P504506,405
P504506,2411
P504506,1254
P504506,2412
P504506,61
P504506,1407
P504506,72
P504506,166
P504506,703
P504506,13
P504506,889
P504506,2413
P504506,322
P504506,2414
P504506,819
P504506,2415
P504506,2416
P504506,5
P504506,7
P504506,441
P504506,75
P504506,93
P504506,103
P504506,1449
P504506,445
P504506,175
P504506,174
P504506,272
P504506,12
P504506,91
P504506,1476
P505211,2417
P505211,1449
P505211,74
P505211,789
P505211,2418
P505211,1521
P505211,2419
P505211,323
P505211,2420
P505211,1903
P505211,321
P505211,12
P505211,1
P505211,1210
P505211,9
P505211,374
P505211,363
P505211,2421
P505211,563
P505211,839
P505211,70
P505211,637
P505211,2134
P505211,2422
P505211,2423
P444967,83
P444967,815
P444967,66
P444967,2424
P444967,2425
P444967,1657
P444967,2426
P444967,72
P444967,390
P444967,106
P444967,467
P444967,91
P444967,252
P444967,173
P444967,176
P444967,2427
P444967,2428
P483700,1889
P483700,1346
P483700,74
P483700,88
P483700,714
P483700,1725
P483700,9
P483700,352
P483700,2429
P483700,527
P483700,4
P483700,2430
P483700,393
P483700,2431
P483700,1282
P483700,475
P483700,61
P483700,331
P483700,110
P483700,764
P483700,161
P483700,661
P483700,72
P483700,402
P483700,1148
P483700,246
P483700,1903
P483700,57
P483700,75
P483700,91
P483700,103
P483700,266
P483700,270
P483700,269
P483700,78
P483700,1127
P483700,2432
P433519,4
P433519,348
P433519,762
P433519,71
P433519,913
P433519,2433
P433519,550
P433519,1207
P433519,2434
P433519,2435
P433519,476
P433519,7
P433519,91
P433519,358
P433519,1576
P433519,106
P433519,12
P433519,246
P433519,668
P433519,568
P433519,37
P433519,57
P433519,1548
P433519,652
P433519,90
P433519,61
P433519,562
P433519,77
P433519,70
P433519,127
P433519,2436
P433519,563
P433519,565
P433519,564
P433519,758
P433519,128
P433519,117
P433519,464
P433519,49
P433519,75
P433519,1808
P433519,774
P433519,122
P433519,271
P433519,207
P433519,272
P433519,203
P433519,2437
P433519,2438
P471041,100
P471041,4
P471041,264
P471041,107
P471041,9
P471041,441
P471041,274
P471041,776
P471041,109
P471041,366
P471041,2439
P471041,197
P471041,2440
P471041,1709
P471041,2441
P471041,2442
P471041,224
P471041,1072
P471041,583
P471041,75
P471041,749
P471041,750
P471041,2443
P471041,2444
P471041,2445
P471041,2446
P471041,905
P471041,132
P471041,401
P471041,430
P471041,5
P471041,71
P471041,546
P471041,57
P471041,842
P471041,263
P471041,745
P471041,131
P471041,549
P470535,348
P470535,102
P470535,421
P470535,71
P470535,88
P470535,78
P470535,552
P470535,9
P470535,4
P470535,86
P470535,274
P470535,2447
P470535,528
P470535,153
P470535,127
P470535,2448
P470535,19
P470535,676
P470535,96
P470535,1148
P470535,130
P470535,97
P470535,960
P470535,106
P470535,2449
P470535,544
P470535,428
P470535,291
P470535,89
P470535,2450
P470535,461
P470535,131
P470535,1930
P470535,1256
P470535,266
P470535,79
P470535,93
P470535,12
P470535,446
P470535,57
P470535,411
P470535,91
P470535,202
P470535,271
P470535,174
P470535,177
P464242,2157
P464242,4
P464242,133
P464242,20
P464242,673
P464242,126
P464242,1872
P464242,2451
P464242,2452
P464242,2156
P464242,2015
P464242,60
P464242,66
P464242,2453
P464242,2454
P464242,2330
P464242,116
P464242,115
P464242,2455
P464242,91
P464242,2326
P442854,20
P442854,455
P442854,2456
P442854,475
P442854,274
P442854,83
P442854,265
P442854,2457
P436365,83
P436365,89
P436365,9
P436365,457
P436365,106
P436365,1458
P436365,2458
P436365,86
P436365,155
P436365,170
P436365,467
P436365,127
P436365,49
P436365,131
P436365,18
P436365,399
P436365,20
P436365,70
P436365,2459
P436365,12
P436365,911
P436365,2460
P436365,130
P436365,244
P436365,5
P436365,7
P436365,1935
P436365,71
P436365,1284
P436365,242
P436365,84
P436365,119
P436365,152
P436365,1130
P436365,2461
P436365,51
P436365,2326
P392143,2462
P392143,2175
P392143,88
P392143,209
P392143,2463
P392143,2464
P392143,210
P392143,2465
P392143,905
P392143,2179
P392143,83
P392143,56
P392143,748
P392143,2466
P392143,313
P392143,1148
P392143,2467
P392143,1149
P392143,430
P392143,2468
P392143,206
P392143,2188
P392143,207
P392143,175
P392143,173
P392143,694
P392143,176
P392143,174
P392143,177
P392143,2469
P392143,2178
P392143,2470
P392143,2471
P392143,2472
P392143,2473
P392143,110
P392143,2183
P392143,2180
P392143,2181
P392143,2474
P392143,2182
P392143,1334
P392143,2475
P392143,2476
P392143,885
P392143,2477
P392143,1199
P392143,71
P392143,2177
P392143,547
P392143,4
P392143,2176
P392143,2478
P392143,20
P392143,2479
P392143,2480
P392143,2481
P392143,2184
P392143,9
P392143,2482
P392143,2185
P392143,2483
P392143,2484
P392143,2031
P392143,693
P392143,2485
P392143,2186
P392143,2486
P392143,2487
P392143,2488
P392143,460
P392143,1306
P392143,1305
P399755,2489
P399755,2226
P399755,2227
P399755,2228
P399755,2229
P399755,4
P399755,2230
P399755,2231
P399755,2232
P399755,78
P399755,2233
P399755,2490
P399755,762
P399755,513
P399755,2236
P399755,2237
P399755,2491
P399755,1353
P399755,884
P399755,118
P399755,2175
P399755,2492
P399755,70
P399755,772
P399755,2240
P444614,83
P444614,813
P444614,815
P444614,4
P444614,165
P444614,278
P444614,261
P444614,743
P444614,814
P444614,821
P444614,822
P444614,816
P444614,161
P444614,2493
P444614,2494
P444614,1513
P444614,2495
P444614,1035
P444614,2496
P444614,2497
P444614,2498
P444614,2499
P444614,49
P444614,12
P444614,9
P444614,489
P444614,568
P444614,91
P444614,122
P444614,391
P444614,2347
P444614,2500
P444614,2501
P444614,2502
P444614,2503
P444614,2504
P468850,1889
P468850,1346
P468850,89
P468850,71
P468850,4
P468850,529
P468850,274
P468850,76
P468850,400
P468850,88
P468850,244
P468850,394
P468850,2505
P468850,20
P468850,97
P468850,396
P468850,395
P468850,455
P468850,222
P468850,221
P468850,60
P468850,2506
P468850,583
P468850,1072
P468850,749
P468850,750
P468850,107
P468850,102
P468850,75
P468850,109
P468850,539
P468850,86
P468850,170
P468850,133
P468850,2507
P468850,7
P468850,401
P468850,158
P468850,403
P468850,441
P468850,8
P468850,57
P468850,106
P468850,33
P468850,342
P468850,2508
P468850,263
P468850,78
P468850,91
P468850,549
P502997,2509
P502997,83
P502997,9
P502997,1725
P502997,235
P502997,274
P502997,2256
P502997,1817
P502997,116
P502997,742
P502997,20
P502997,2510
P502997,730
P502997,2511
P502997,1944
P502997,428
P502997,209
P502997,4
P502997,210
P502997,2512
P502997,261
P502997,72
P502997,15
P502997,1593
P502997,91
P502997,131
P502997,78
P502997,549
P416344,2513
P416344,593
P416344,4
P416344,594
P416344,595
P416344,412
P416344,103
P416344,596
P416344,84
P416344,1788
P416344,1790
P416344,1793
P416344,453
P416344,1794
P416344,1791
P416344,1795
P416344,1796
P416344,338
P416344,340
P416344,1797
P416344,1798
P416344,1799
P416344,1792
P416344,2514
P416344,2515
P416344,1067
P416344,454
P416344,2516
P416344,2517
P416344,20
P416344,809
P416344,604
P416344,2518
P416344,1113
P416344,622
P416344,455
P416344,716
P416344,7
P416344,2054
P416344,125
P416344,133
P416344,603
P416344,684
P416344,121
P416344,93
P416344,272
P416344,174
P416344,91
P416344,607
P416344,1518
P416344,464
P416344,758
P416344,1887
P416344,2519
P502046,524
P502046,7
P502046,235
P502046,274
P502046,4
P502046,67
P502046,2520
P502046,454
P502046,742
P502046,531
P502046,20
P502046,449
P502046,133
P502046,1500
P502046,97
P502046,1043
P502046,1501
P502046,809
P502046,685
P502046,450
P502046,1143
P502046,1000
P502046,842
P502046,70
P502046,1399
P502046,131
P502046,57
P502046,12
P502046,2521
P502046,8
P502046,72
P502046,5
P502046,463
P502046,430
P502046,78
P502046,91
P502046,1513
P502046,1030
P502046,1029
P502046,598
P502046,174
P502046,272
P502046,1235
P500113,1
P500113,102
P500113,261
P500113,4
P500113,78
P500113,274
P500113,2052
P500113,366
P500113,75
P500113,412
P500113,166
P500113,39
P500113,403
P500113,108
P500113,161
P500113,1464
P500113,2522
P500113,745
P500113,1404
P500113,2523
P500113,79
P500113,5
P500113,72
P500113,95
P500113,2524
P442859,4
P442859,1889
P442859,1346
P442859,2525
P442859,9
P442859,382
P442859,1544
P442859,383
P442859,411
P442859,1306
P442859,593
P442859,107
P442859,86
P442859,2526
P442859,416
P442859,2527
P442859,191
P442859,197
P442859,189
P442859,190
P442859,1255
P442859,198
P442859,70
P442859,1305
P442859,410
P442859,847
P442859,7
P442859,56
P442859,468
P442859,2406
P442859,1408
P442859,12
P442859,596
P442859,595
P442859,668
P442859,809
P442859,252
P442859,33
P442859,79
P442859,91
P442859,342
P442859,1331
P442859,2528
P442859,2529
P392472,83
P392472,408
P392472,2530
P392472,4
P392472,7
P392472,963
P392472,2531
P392472,850
P392472,454
P392472,606
P392472,133
P392472,20
P392472,809
P392472,72
P392472,2532
P392472,390
P392472,75
P392472,93
P392472,91
P392472,79
P392472,2533
P504637,2534
P504637,1019
P504637,7
P504637,71
P504637,4
P504637,274
P504637,76
P504637,166
P504637,527
P504637,106
P504637,1054
P504637,91
P504637,2535
P504637,2536
P504637,93
P504637,47
P504637,103
P504637,595
P504637,129
P504637,117
P504637,2537
P460554,55
P460554,4
P460554,1660
P460554,264
P460554,78
P460554,777
P460554,7
P460554,79
P460554,366
P460554,749
P460554,750
P460554,568
P460554,1536
P460554,1072
P460554,338
P460554,75
P460554,2538
P503927,100
P503927,4
P503927,76
P503927,49
P503927,107
P503927,274
P503927,95
P503927,1674
P503927,128
P503927,2351
P503927,130
P503927,750
P503927,57
P503927,78
P503927,106
P503927,75
P503927,263
P503927,13
P503927,79
P503927,80
P380027,83
P380027,593
P380027,4
P380027,594
P380027,103
P380027,595
P380027,412
P380027,596
P380027,84
P380027,809
P380027,384
P380027,837
P380027,1525
P380027,833
P380027,20
P380027,842
P380027,454
P380027,116
P380027,603
P380027,382
P380027,467
P380027,93
P380027,607
P380027,2539
P433975,100
P433975,4
P433975,527
P433975,835
P433975,2540
P433975,9
P433975,71
P433975,352
P433975,76
P433975,2395
P433975,265
P433975,209
P433975,760
P433975,454
P433975,430
P433975,634
P433975,2541
P433975,210
P433975,420
P433975,57
P433975,2542
P433975,131
P433975,1070
P433975,990
P433975,752
P433975,2384
P433975,1179
P433975,2543
P433975,2385
P433975,860
P433975,2386
P433975,132
P433975,2387
P433975,95
P433975,595
P433975,84
P433975,133
P433975,426
P433975,2050
P388262,83
P388262,71
P388262,4
P388262,29
P388262,24
P388262,1891
P388262,89
P388262,86
P388262,170
P388262,88
P388262,527
P388262,76
P388262,74
P388262,2544
P388262,757
P388262,833
P388262,1527
P388262,221
P388262,2545
P388262,2546
P388262,2547
P388262,2548
P388262,1218
P388262,1678
P388262,1566
P388262,133
P388262,132
P388262,84
P388262,291
P388262,72
P388262,1637
P388262,166
P388262,7
P388262,79
P388262,266
P388262,57
P388262,1680
P388262,1677
P388262,246
P388262,441
P388262,93
P388262,75
P388262,78
P388262,392
P500109,1
P500109,7
P500109,90
P500109,274
P500109,2549
P500109,235
P500109,2430
P500109,71
P500109,1725
P500109,131
P500109,39
P500109,117
P500109,10
P500109,463
P500109,454
P500109,1293
P500109,1295
P500109,2550
P500109,75
P500109,155
P500109,161
P500109,809
P500109,546
P500109,127
P500109,1903
P500109,8
P500109,1464
P500109,20
P500109,119
P500109,363
P500109,588
P500109,5
P500109,261
P500109,51
P500109,745
P500109,79
P500109,72
P500109,450
P500109,96
P500109,278
P500109,2551
P500109,1766
P500109,2552
P500109,91
P500109,1556
P500109,199
P500109,156
P500109,331
P500109,2553
P500109,2554
P448537,83
P448537,7
P448537,9
P448537,4
P448537,2555
P448537,2556
P448537,71
P448537,132
P448537,18
P448537,91
P448537,1729
P448537,72
P448537,90
P448537,129
P448537,960
P448537,8
P448537,156
P448537,93
P448537,78
P448537,848
P448537,1565
P448537,2557
P407040,83
P407040,89
P407040,7
P407040,795
P407040,1364
P407040,106
P407040,448
P407040,786
P407040,4
P407040,879
P407040,457
P407040,2558
P407040,1143
P407040,840
P407040,2128
P407040,2124
P407040,449
P407040,828
P407040,831
P407040,454
P407040,1667
P407040,397
P407040,158
P407040,72
P407040,2354
P407040,1204
P407040,117
P407040,829
P407040,20
P407040,131
P407040,562
P407040,78
P407040,463
P407040,57
P407040,8
P407040,1211
P407040,79
P407040,441
P407040,93
P407040,2559
P446916,2560
P446916,92
P446916,66
P446916,2290
P446916,29
P446916,631
P446916,71
P446916,2561
P446916,112
P446916,75
P446916,12
P446916,4
P446916,86
P446916,61
P446916,363
P446916,1134
P446916,91
P446916,2562
P446916,266
P446916,637
P446916,627
P446916,352
P446916,70
P446916,15
P446916,83
P446916,1731
P446916,2563
P446916,261
P446916,2564
P446916,356
P446916,56
P446916,892
P446916,1227
P446916,117
P446916,563
P446916,987
P446916,353
P446916,360
P446916,79
P446916,57
P446916,80
P446916,2565
P446916,513
P446916,633
P446916,1748
P446916,471
P446916,2566
P474110,2567
P474110,1346
P474110,1664
P474110,2549
P474110,76
P474110,106
P474110,2
P474110,4
P474110,275
P474110,475
P474110,49
P474110,2568
P474110,127
P474110,20
P474110,2569
P474110,1997
P474110,2570
P474110,2571
P474110,95
P474110,1712
P474110,2572
P474110,2573
P474110,1713
P474110,130
P474110,1128
P474110,808
P474110,12
P474110,117
P474110,57
P474110,166
P474110,9
P474110,265
P474110,2574
P474110,33
P474110,568
P474110,174
P474110,272
P474110,176
P474110,175
P474110,173
P474110,207
P474110,246
P474110,91
P474110,51
P474110,2461
P474110,79
P474110,266
P474110,1105
P474110,2270
P461936,348
P461936,4
P461936,9
P461936,138
P461936,304
P461936,1128
P461936,76
P461936,7
P461936,2575
P461936,1211
P461936,743
P461936,790
P461936,90
P461936,18
P461936,20
P461936,472
P461936,19
P461936,878
P461936,2576
P461936,1892
P461936,815
P461936,72
P461936,8
P461936,804
P461936,1363
P461936,2577
P461936,161
P461936,57
P461936,455
P461936,684
P461936,12
P461936,130
P461936,5
P461936,133
P461936,230
P461936,808
P461936,667
P461936,199
P461936,669
P461936,679
P461936,2578
P461936,678
P461936,465
P461936,2579
P461936,2580
P446638,2581
P446638,1052
P446638,892
P446638,1950
P446638,61
P446638,1863
P446638,326
P446638,1951
P446638,62
P446638,322
P446638,637
P446638,1952
P446638,890
P446638,891
P446638,1321
P446638,405
P446638,1953
P446638,178
P446638,208
P446638,131
P446638,70
P446638,85
P446638,175
P446638,174
P446638,177
P446638,2582
P446638,358
P446638,359
P446638,349
P446638,362
P446638,360
P446638,361
P446638,2583
P446638,364
P446638,92
P446638,365
P446638,366
P446638,367
P446638,95
P446638,96
P446638,241
P446638,605
P446638,368
P446638,369
P446638,2584
P446638,1057
P446638,373
P446638,75
P446638,37
P446638,2125
P412117,83
P412117,71
P412117,1134
P412117,4
P412117,955
P412117,352
P412117,1893
P412117,86
P412117,615
P412117,708
P412117,89
P412117,90
P412117,1697
P412117,768
P412117,2585
P412117,2586
P412117,1698
P412117,61
P412117,637
P412117,2063
P412117,70
P412117,1053
P412117,91
P412117,1412
P412117,57
P412117,7
P412117,12
P412117,93
P412117,117
P412117,51
P412117,1724
P504325,2587
P504325,100
P504325,71
P504325,4
P504325,274
P504325,484
P504325,210
P504325,209
P504325,1664
P504325,7
P504325,23
P504325,747
P504325,1148
P504325,2588
P504325,463
P504325,627
P504325,2589
P504325,742
P504325,475
P504325,538
P504325,454
P504325,2590
P504325,828
P504325,20
P504325,1017
P504325,1149
P504325,487
P504325,745
P504325,72
P504325,2591
P504325,5
P504325,75
P504325,1913
P504325,441
P504325,430
P504325,70
P504325,2592
P504325,185
P504325,91
P504325,261
P504325,468
P504325,835
P504325,625
P504325,1395
P504325,862
P504325,12
P504325,2593
P504325,2594
P504325,2595
P504325,2596
P504325,348
P504325,9
P504325,743
P504325,1110
P504325,178
P504325,1111
P504325,1112
P504325,189
P504325,746
P504325,10
P504325,86
P504325,8
P504325,166
P504325,57
P504325,1113
P504325,268
P504325,1114
P449102,648
P449102,1019
P449102,27
P449102,91
P449102,2597
P449102,207
P449102,173
P449102,174
P449102,177
P397465,2598
P397465,1136
P397465,30
P397465,2599
P397465,2600
P483698,1889
P483698,1346
P483698,71
P483698,76
P483698,4
P483698,404
P483698,88
P483698,90
P483698,2601
P483698,61
P483698,45
P483698,405
P483698,520
P483698,2602
P483698,987
P483698,1599
P483698,637
P483698,66
P483698,2603
P483698,363
P483698,1657
P483698,132
P483698,860
P483698,633
P483698,617
P483698,628
P483698,393
P483698,86
P483698,8
P483698,91
P483698,75
P483698,770
P483698,57
P483698,1784
P483698,72
P483698,402
P483698,131
P483698,70
P483698,263
P483698,103
P483698,266
P483698,79
P483698,270
P483698,269
P483698,78
P483698,2604
P471761,2605
P471761,83
P471761,102
P471761,7
P471761,4
P471761,78
P471761,366
P471761,107
P471761,75
P471761,540
P471761,66
P471761,541
P471761,542
P471761,95
P471761,543
P471761,544
P471761,545
P471761,211
P471761,472
P471761,92
P471761,546
P471761,547
P471761,9
P471761,93
P471761,57
P471761,390
P471761,91
P471761,72
P471761,12
P471761,2606
P471761,266
P471761,76
P471761,1294
P471761,2607
P471761,71
P471761,1216
P471761,1217
P471761,87
P471761,88
P471761,595
P471761,84
P471761,1218
P471761,1219
P471761,1220
P471761,909
P471761,1221
P471761,1222
P471761,158
P471761,396
P471761,395
P471761,97
P471761,401
P471761,291
P471761,15
P471761,70
P471761,403
P471761,8
P471761,246
P471761,549
P483661,348
P483661,1725
P483661,9
P483661,1295
P483661,627
P483661,209
P483661,210
P483661,4
P483661,190
P483661,1872
P483661,2608
P483661,2609
P483661,2610
P483661,1459
P483661,636
P483661,2611
P483661,2612
P483661,1127
P483661,195
P483661,2613
P483661,590
P483661,1245
P483661,75
P483661,235
P483661,261
P483661,430
P483661,131
P483661,468
P483661,1603
P483661,2614
P483661,317
P483661,71
P483661,1353
P483661,64
P483661,118
P483661,2543
P483661,543
P483661,835
P483661,2615
P483661,2616
P501166,100
P501166,90
P501166,4
P501166,2617
P501166,747
P501166,49
P501166,107
P501166,1896
P501166,274
P501166,331
P501166,2066
P501166,1674
P501166,1651
P501166,129
P501166,20
P501166,673
P501166,681
P501166,2618
P501166,428
P501166,1556
P501166,128
P501166,113
P501166,66
P501166,401
P501166,132
P501166,879
P501166,815
P501166,133
P501166,646
P501166,7
P501166,58
P501166,76
P501166,72
P501166,130
P501166,8
P501166,209
P501166,676
P501166,1596
P501166,78
P501166,103
P501166,269
P501166,661
P501166,210
P501166,776
P501166,75
P501166,441
P501166,263
P501166,1650
P501166,95
P501166,60
P501166,317
P501166,2619
P501166,1767
P501166,835
P501166,543
P501166,1769
P501166,2620
P501166,2621
P501166,1352
P501166,1770
P501166,2622
P501166,1657
P501166,2623
P501166,1653
P501166,637
P501166,2624
P501166,1771
P501166,91
P501166,686
P501166,80
P483696,1889
P483696,1346
P483696,9
P483696,4
P483696,1725
P483696,235
P483696,1817
P483696,402
P483696,2601
P483696,61
P483696,2625
P483696,857
P483696,2626
P483696,2627
P483696,2628
P483696,1593
P483696,393
P483696,91
P483696,2512
P483696,72
P483696,73
P483696,1776
P483696,313
P483696,747
P483696,131
P483696,263
P483696,679
P483696,57
P483696,617
P483696,74
P483696,75
P483696,79
P483696,270
P483696,269
P483696,78
P483696,133
P483696,103
P483696,80
P503991,185
P503991,61
P503991,764
P503991,2325
P503991,2629
P503991,71
P503991,1220
P503991,1219
P503991,13
P503991,2630
P503991,1715
P503991,2124
P503991,70
P503991,174
P503991,272
P503991,205
P503991,566
P504026,185
P504026,61
P504026,764
P504026,2325
P504026,2629
P504026,71
P504026,1220
P504026,1219
P504026,13
P504026,2630
P504026,1715
P504026,2124
P504026,70
P504026,174
P504026,272
P504026,205
P504026,566
P503878,27
P503878,2631
P503878,2632
P503878,2633
P503878,2634
P503878,74
P503878,2635
P503878,2636
P503878,2637
P503878,2638
P503878,2639
P503878,2640
P503878,70
P503878,2641
P503878,2642
P503878,2643
P503878,2644
P503878,2645
P503878,2646
P503878,2647
P503878,2648
P503878,61
P503878,71
P503878,2649
P503878,2650
P503878,2651
P503878,2652
P503878,2653
P503878,1412
P503878,2654
P503878,2655
P503878,706
P503878,2656
P503878,2657
P503878,446
P503878,175
P503878,174
P503878,272
P503878,2658
P503878,2659
P503878,1476
P433618,1745
P433618,84
P433618,562
P433618,593
P433618,4
P433618,103
P433618,2
P433618,596
P433618,87
P433618,842
P433618,410
P433618,2660
P433618,412
P433618,657
P433618,121
P433618,966
P433618,93
P433618,1174
P433618,272
P433618,176
P433618,173
P433618,382
P433618,79
P433618,7
P433618,963
P433618,878
P433618,2661
P433618,70
P433618,1275
P433618,2662
P433618,2663
P500746,2567
P500746,1346
P500746,4
P500746,743
P500746,90
P500746,20
P500746,2664
P500746,360
P500746,161
P500746,94
P500746,95
P500746,96
P500746,92
P500746,12
P500746,588
P500746,166
P500746,133
P500746,91
P500746,78
P500746,266
P500746,79
P500746,357
P503652,1
P503652,29
P503652,9
P503652,4
P503652,208
P503652,617
P503652,1173
P503652,1544
P503652,86
P503652,88
P503652,744
P503652,646
P503652,90
P503652,676
P503652,18
P503652,2362
P503652,1883
P503652,1251
P503652,237
P503652,238
P503652,418
P503652,420
P503652,460
P503652,2166
P503652,469
P503652,835
P503652,197
P503652,107
P503652,1603
P503652,2012
P503652,131
P503652,1828
P503652,427
P503652,414
P503652,563
P503652,836
P503652,133
P503652,132
P503652,7
P503652,2665
P503652,72
P503652,209
P503652,265
P503652,76
P503652,266
P503652,79
P503652,252
P503652,430
P503652,156
P503652,470
P503652,121
P503652,210
P503652,745
P503652,240
P503652,12
P503652,91
P503652,70
P503652,57
P503652,5
P503652,176
P503652,177
P500117,118
P500117,398
P500117,1162
P500117,71
P500117,402
P500117,60
P500117,628
P500117,393
P500117,2666
P500117,2151
P500117,297
P500117,1312
P500117,2154
P460758,100
P460758,71
P460758,1590
P460758,527
P460758,352
P460758,2667
P460758,2250
P460758,1544
P460758,708
P460758,958
P460758,431
P460758,97
P460758,1392
P460758,156
P460758,242
P460758,809
P460758,807
P460758,808
P460758,95
P460758,198
P460758,1896
P460758,107
P460758,1179
P460758,1828
P460758,265
P460758,4
P460758,2668
P460758,12
P460758,9
P460758,206
P460758,2669
P460758,244
P460758,252
P460758,79
P460758,376
P440317,100
P440317,9
P440317,747
P440317,1295
P440317,2371
P440317,4
P440317,131
P440317,484
P440317,84
P440317,1556
P440317,1148
P440317,1893
P440317,1146
P440317,2670
P440317,153
P440317,20
P440317,1738
P440317,1779
P440317,2671
P440317,2672
P440317,2673
P440317,70
P440317,1823
P440317,86
P440317,2674
P440317,352
P440317,2675
P440317,8
P440317,235
P440317,133
P440317,93
P440317,2676
P440317,617
P440317,470
P440317,527
P440317,2677
P440317,2678
P440317,240
P440317,57
P440317,1213
P440317,681
P440317,338
P440317,97
P440317,1379
P440317,913
P440317,1749
P440317,107
P440317,117
P440317,58
P440317,902
P440317,12
P440317,33
P440317,901
P440317,78
P440317,266
P440317,79
P440317,392
P501421,71
P501421,4
P501421,1
P501421,208
P501421,62
P501421,1220
P501421,185
P501421,2679
P501421,1420
P501421,913
P501421,2680
P501421,72
P501421,2681
P501421,91
P501421,668
P501421,188
P501421,2682
P501421,1864
P501421,92
P501421,322
P501421,890
P501421,2683
P501421,2684
P501421,700
P501421,2685
P501421,2686
P501421,667
P501421,2687
P501421,331
P501421,2688
P501421,265
P501421,70
P501421,2689
P501421,2690
P501421,174
P501421,177
P482327,90
P482327,55
P482327,235
P482327,4
P482327,913
P482327,2691
P482327,71
P482327,2679
P482327,1305
P482327,2692
P482327,2693
P482327,676
P482327,277
P482327,756
P482327,70
P482327,2573
P482327,15
P482327,109
P482327,12
P482327,279
P430813,83
P430813,4
P430813,994
P430813,7
P430813,71
P430813,5
P430813,809
P430813,460
P430813,70
P430813,79
P430813,339
P430813,605
P430813,374
P430813,2694
P430813,91
P430813,289
P430813,130
P430813,2695
P430813,11
P430813,2696
P430813,1387
P430813,92
P430813,1284
P430813,106
P430813,861
P430813,174
P430813,76
P430813,272
P430813,2697
P430813,1282
P430813,242
P430813,93
P430813,1303
P430813,173
P430813,103
P430813,2698
P430813,266
P430813,225
P430813,687
P457694,4
P457694,405
P457694,61
P457694,767
P457694,102
P457694,264
P457694,2699
P457694,805
P457694,49
P457694,108
P457694,1322
P457694,1005
P457694,398
P457694,1606
P457694,1279
P457694,1894
P457694,75
P457694,2700
P457694,2701
P457694,109
P457694,366
P457694,850
P457694,131
P457694,1259
P457694,322
P457694,2702
P457694,195
P457694,196
P457694,1064
P457694,197
P457694,1255
P457694,198
P457694,627
P457694,70
P457694,189
P457694,190
P457694,191
P457694,87
P457694,441
P457694,2703
P457694,484
P457694,2361
P457694,12
P457694,1889
P457694,1346
P457694,392
P501031,524
P501031,1295
P501031,7
P501031,4
P501031,75
P501031,78
P501031,107
P501031,61
P501031,539
P501031,297
P501031,460
P501031,833
P501031,2704
P501031,454
P501031,256
P501031,197
P501031,2705
P501031,449
P501031,161
P501031,20
P501031,57
P501031,8
P501031,366
P501031,2130
P501031,169
P501031,462
P501031,225
P501031,230
P501031,806
P501031,236
P501031,2706
P501031,223
P501031,2707
P501031,224
P501031,2708
P501031,229
P501031,228
P501031,231
P501031,227
P501031,232
P501031,226
P501031,121
P501031,174
P501031,173
P501031,176
P501031,272
P501031,175
P501031,93
P501031,441
P501031,131
P501031,51
P501031,91
P501031,80
P483701,2709
P483701,1889
P483701,1346
P483701,4
P483701,9
P483701,261
P483701,1661
P483701,2601
P483701,112
P483701,987
P483701,2710
P483701,2711
P483701,61
P483701,520
P483701,764
P483701,637
P483701,835
P483701,363
P483701,230
P483701,223
P483701,225
P483701,2298
P483701,231
P483701,224
P483701,229
P483701,353
P483701,1943
P483701,91
P483701,690
P483701,56
P483701,356
P483701,72
P483701,806
P483701,241
P483701,75
P483701,15
P483701,70
P483701,878
P483701,103
P483701,266
P483701,79
P483701,240
P483701,2712
P483701,2713
P483701,1725
P483701,235
P483701,1817
P483701,402
P483701,2625
P483701,857
P483701,2626
P483701,2627
P483701,2628
P483701,1593
P483701,393
P483701,2512
P483701,73
P483701,1776
P483701,313
P483701,747
P483701,131
P483701,263
P483701,679
P483701,57
P483701,617
P483701,74
P483701,270
P483701,269
P483701,78
P483701,133
P483701,80
P483701,2714
P483701,71
P483701,76
P483701,404
P483701,88
P483701,90
P483701,45
P483701,405
P483701,2602
P483701,1599
P483701,66
P483701,2603
P483701,1657
P483701,132
P483701,860
P483701,633
P483701,628
P483701,86
P483701,8
P483701,770
P483701,1784
P483701,2604
P504988,2715
P504988,2716
P504988,83
P504988,4
P504988,252
P504988,2717
P504988,2718
P504988,2719
P504988,2720
P417625,348
P417625,4
P417625,138
P417625,9
P417625,152
P417625,235
P417625,244
P417625,91
P417625,33
P417625,166
P417625,891
P417625,79
P417625,155
P417625,156
P417625,321
P417625,2721
P417625,71
P417625,78
P417625,18
P417625,2722
P417625,12
P417625,2723
P417625,633
P417625,2724
P417625,2455
P417625,127
P417625,117
P417625,174
P417625,37
P417625,845
P468149,2725
P468149,2726
P468149,2727
P468149,2728
P468149,2157
P468149,2729
P468149,2730
P468149,2731
P468149,2732
P468149,2733
P468149,539
P468149,2734
P468149,2735
P464244,2157
P464244,879
P464244,133
P464244,1807
P464244,112
P464244,256
P464244,2155
P464244,2736
P464244,2737
P464244,60
P464244,2015
P464244,2156
P464244,66
P464244,2455
P464244,126
P464244,1872
P464244,2719
P464244,49
P464244,161
P464244,322
P464244,4
P464244,106
P464244,79
P464244,93
P464244,392
P475172,100
P475172,7
P475172,4
P475172,178
P475172,5
P475172,90
P475172,29
P475172,2738
P475172,138
P475172,89
P475172,86
P475172,302
P475172,455
P475172,167
P475172,595
P475172,84
P475172,88
P475172,2739
P475172,2740
P475172,170
P475172,658
P475172,2328
P475172,1387
P475172,2741
P475172,954
P475172,166
P475172,10
P475172,268
P475172,57
P475172,1176
P475172,39
P475172,2742
P475172,174
P475172,1284
P475172,584
P475172,169
P475172,1541
P475172,93
P475172,12
P475172,811
P475172,858
P475172,2200
P475172,272
P475172,106
P475172,1430
P475172,2743
P475172,2744
P475172,1844
P475172,2745
P475172,242
P475172,67
P475172,636
P475172,9
P475172,173
P475172,175
P475172,176
P475172,593
P475172,2746
P475172,808
P475172,207
P475172,2747
P475172,70
P475172,2748
P440929,83
P440929,7
P440929,382
P440929,384
P440929,106
P440929,617
P440929,170
P440929,383
P440929,4
P440929,1513
P440929,1031
P440929,599
P440929,1032
P440929,2749
P440929,2750
P440929,2084
P440929,174
P440929,272
P440929,176
P440929,1037
P440929,400
P440929,1042
P440929,117
P440929,12
P440929,72
P440929,388
P440929,387
P440929,386
P440929,834
P440929,2751
P440929,389
P440929,20
P440929,262
P440929,390
P440929,391
P440929,57
P440929,171
P440929,91
P440929,37
P440929,1390
P440929,491
P440929,492
P440926,83
P440926,4
P440926,527
P440926,1211
P440926,274
P440926,1399
P440926,995
P440926,89
P440926,520
P440926,1487
P440926,562
P440926,743
P440926,394
P440926,1488
P440926,1029
P440926,1489
P440926,1490
P440926,64
P440926,1491
P440926,1492
P440926,1493
P440926,1494
P440926,1028
P440926,1495
P440926,1496
P440926,118
P440926,272
P440926,174
P440926,1216
P440926,170
P440926,1497
P440926,892
P440926,1199
P440926,1039
P440926,834
P440926,554
P440926,1498
P440926,651
P440926,88
P440926,454
P440926,1297
P440926,838
P440926,7
P440926,286
P440926,1001
P440926,1499
P440926,45
P440926,1500
P440926,842
P440926,72
P440926,131
P440926,1501
P440926,455
P440926,398
P440926,178
P440926,20
P440926,8
P440926,390
P440926,103
P440926,811
P440926,93
P440926,266
P440926,392
P385320,2752
P385320,100
P385320,9
P385320,19
P385320,2753
P385320,878
P385320,4
P385320,1481
P385320,8
P385320,546
P385320,12
P385320,266
P385320,72
P385320,91
P385320,2302
P433468,83
P433468,2754
P433468,527
P433468,71
P433468,1216
P433468,2755
P433468,553
P433468,89
P433468,2756
P433468,9
P433468,1360
P433468,2535
P433468,1054
P433468,2757
P433468,229
P433468,736
P433468,1053
P433468,20
P433468,428
P433468,133
P433468,161
P433468,2758
P433468,422
P433468,1766
P433468,1249
P433468,363
P433468,416
P433468,674
P433468,4
P433468,7
P433468,2759
P433468,2447
P433468,5
P433468,676
P433468,2760
P433468,805
P433468,1130
P433468,93
P433468,91
P433468,79
P433468,12
P433468,322
P433468,2761
P433468,1256
P433468,272
P433468,174
P433468,845
P402992,2752
P402992,83
P402992,2762
P402992,2763
P402992,72
P402992,1518
P402992,2764
P464240,2509
P464240,2157
P464240,102
P464240,2765
P464240,104
P464240,2766
P464240,66
P464240,2767
P464240,60
P464240,4
P464240,2015
P464240,126
P464240,2156
P464240,2455
P464240,106
P464240,79
P464240,2768
P464240,2326
P483146,55
P483146,106
P483146,9
P483146,475
P483146,4
P483146,224
P483146,992
P483146,76
P483146,590
P483146,441
P483146,5
P483146,72
P483146,79
P483146,589
P483146,75
P483146,2769
P483146,61
P483146,70
P483146,1731
P410755,83
P410755,779
P410755,7
P410755,138
P410755,274
P410755,162
P410755,4
P410755,76
P410755,1210
P410755,1408
P410755,649
P410755,153
P410755,323
P410755,71
P410755,161
P410755,2262
P410755,658
P410755,166
P410755,91
P410755,2263
P410755,2264
P410755,2268
P410755,206
P410755,805
P410755,2266
P410755,93
P410755,780
P410755,1238
P410755,79
P410755,57
P410755,475
P410755,449
P410755,70
P410755,2770
P410755,43
P410755,1184
P410755,2771
P444225,83
P444225,349
P444225,85
P444225,2772
P444225,412
P444225,56
P444225,261
P444225,4
P444225,1717
P444225,2773
P444225,2774
P444225,206
P444225,78
P444225,9
P444225,20
P444225,95
P444225,1518
P444225,391
P444225,75
P444225,1544
P444225,1179
P444225,1828
P444225,432
P444225,107
P444225,252
P444225,79
P444225,2775
P429661,83
P429661,89
P429661,457
P429661,2776
P429661,7
P429661,9
P429661,1847
P429661,106
P429661,153
P429661,133
P429661,4
P429661,91
P429661,155
P429661,200
P429661,8
P429661,131
P429661,1935
P429661,10
P429661,660
P429661,842
P429661,57
P429661,2777
P429661,117
P429661,119
P429661,2778
P429661,33
P429661,12
P429661,621
P429661,696
P429661,428
P429661,1709
P429661,620
P429661,2779
P429661,72
P429661,93
P429661,39
P429661,2780
P429526,234
P429526,627
P429526,45
P429526,185
P429526,235
P429526,31
P429526,131
P429526,747
P429526,2250
P429526,2781
P429526,2535
P429526,237
P429526,238
P429526,70
P429526,2782
P429526,1054
P429526,2783
P429526,366
P429526,2015
P429526,637
P429526,363
P429526,987
P429526,2784
P429526,41
P429526,467
P429526,175
P429526,272
P429526,1132
P505160,833
P505160,138
P505160,1134
P505160,2785
P505160,289
P505160,302
P505160,7
P505160,158
P505160,29
P505160,2786
P505160,89
P505160,87
P505160,457
P505160,2787
P505160,1812
P505160,4
P505160,1790
P505160,1793
P505160,453
P505160,1794
P505160,1791
P505160,1795
P505160,1796
P505160,338
P505160,340
P505160,1797
P505160,1798
P505160,1799
P505160,1792
P505160,524
P505160,1684
P505160,422
P505160,765
P505160,863
P505160,2124
P505160,416
P505160,637
P505160,20
P505160,131
P505160,828
P505160,454
P505160,747
P505160,1204
P505160,71
P505160,162
P505160,133
P505160,527
P505160,2788
P505160,1480
P505160,1802
P505160,2266
P505160,1329
P505160,2789
P505160,809
P505160,770
P505160,455
P505160,1000
P505160,2354
P505160,2516
P505160,2790
P505160,2791
P505160,2792
P505160,684
P505160,808
P505160,2264
P505160,1211
P505160,562
P505160,2268
P505160,117
P505160,2366
P505160,252
P505160,1113
P505160,678
P505160,200
P505160,121
P505160,174
P505160,272
P505160,203
P505160,173
P505160,176
P505160,51
P505160,93
P505160,686
P505160,246
P505160,266
P505160,392
P475112,50
P475112,7
P475112,9
P475112,767
P475112,1364
P475112,26
P475112,153
P475112,5
P475112,435
P475112,167
P475112,37
P475112,169
P475112,2740
P475112,2793
P475112,463
P475112,244
P475112,86
P475112,2328
P475112,39
P475112,93
P475112,12
P475112,10
P475112,107
P475112,366
P475112,264
P475112,242
P475112,1117
P475112,1970
P475112,199
P475112,794
P475112,808
P475112,74
P475112,243
P475112,70
P475112,2794
P393501,83
P393501,4
P393501,1082
P393501,252
P393501,1083
P393501,7
P393501,809
P393501,1525
P393501,449
P393501,454
P393501,20
P393501,831
P393501,1089
P393501,1087
P393501,1090
P393501,2377
P393501,78
P393501,901
P393501,93
P393501,51
P393501,91
P393501,1397
P383052,1
P383052,71
P383052,4
P383052,90
P383052,527
P383052,2795
P383052,102
P383052,29
P383052,86
P383052,417
P383052,170
P383052,2086
P383052,158
P383052,394
P383052,525
P383052,882
P383052,110
P383052,2796
P383052,74
P383052,131
P383052,563
P383052,20
P383052,2797
P383052,409
P383052,12
P383052,411
P383052,485
P383052,76
P383052,2798
P383052,2799
P383052,546
P383052,2800
P383052,106
P383052,57
P383052,815
P383052,78
P383052,135
P383052,91
P383052,389
P403748,55
P403748,4
P403748,7
P403748,76
P403748,879
P403748,164
P403748,3
P403748,1363
P403748,165
P403748,2801
P403748,2802
P403748,2803
P403748,2804
P403748,95
P403748,131
P403748,2805
P403748,221
P403748,2806
P403748,90
P403748,117
P403748,8
P403748,262
P403748,842
P403748,568
P403748,660
P403748,2574
P403748,73
P403748,265
P403748,667
P403748,78
P403748,57
P403748,1113
P403748,130
P403748,546
P403748,239
P403748,107
P403748,668
P403748,266
P403748,79
P403748,91
P403748,272
P403748,173
P403748,566
P377919,83
P377919,593
P377919,4
P377919,594
P377919,595
P377919,103
P377919,412
P377919,596
P377919,84
P377919,1034
P377919,2807
P377919,2808
P377919,601
P377919,2809
P377919,2810
P377919,2811
P377919,2812
P377919,2813
P377919,2814
P377919,2815
P377919,272
P377919,173
P377919,174
P377919,2349
P377919,286
P377919,2816
P377919,1510
P377919,603
P377919,20
P377919,2817
P377919,93
P377919,607
P377919,1518
P377919,2818
P468672,50
P468672,7
P468672,200
P468672,2
P468672,4
P468672,463
P468672,5
P468672,2819
P468672,244
P468672,1281
P468672,6
P468672,74
P468672,9
P468672,676
P468672,366
P468672,10
P468672,850
P468672,39
P468672,38
P468672,2084
P468672,242
P468672,57
P468672,811
P468672,858
P468672,1270
P468672,93
P468672,174
P468672,1256
P468672,12
P468672,177
P482675,2820
P482675,20
P482675,2821
P482675,618
P482675,455
P482675,679
P482675,1115
P482675,2822
P482675,2823
P482675,348
P482675,9
P482675,4
P482675,274
P482675,18
P482675,673
P482675,2824
P482675,578
P482675,2299
P482675,2825
P482675,2826
P482675,1481
P482675,8
P482675,745
P482675,91
P482675,2302
P464237,2157
P464237,4
P464237,2827
P464237,646
P464237,963
P464237,2828
P464237,2147
P464237,66
P464237,71
P464237,2829
P464237,86
P464237,131
P464237,133
P464237,170
P464237,1317
P464237,2155
P464237,2830
P464237,2015
P464237,2156
P464237,126
P464237,60
P464237,2831
P464237,1670
P464237,20
P464237,2832
P464237,2833
P464237,1671
P464237,1677
P464237,1678
P464237,222
P464237,221
P464237,2834
P464237,1896
P464237,127
P464237,2835
P464237,129
P464237,2836
P464237,899
P464237,527
P464237,1852
P464237,1290
P464237,484
P464237,595
P464237,84
P464237,117
P464237,49
P464237,2837
P464237,132
P464237,2264
P464237,2266
P464237,2268
P464237,1637
P464237,1312
P464237,2838
P464237,72
P464237,7
P464237,91
P464237,686
P464237,2326
P467972,9
P467972,2839
P467972,2840
P467972,1556
P467972,2841
P467972,4
P467972,83
P467972,2842
P467972,2843
P467972,2844
P467972,2845
P467972,2846
P467972,2847
P467972,2848
P447504,1889
P447504,1346
P447504,7
P447504,2849
P447504,9
P447504,1409
P447504,89
P447504,1894
P447504,2850
P447504,2454
P447504,219
P447504,220
P447504,2221
P447504,131
P447504,236
P447504,241
P447504,93
P447504,223
P447504,230
P447504,232
P447504,227
P447504,229
P447504,231
P447504,243
P447504,239
P447504,226
P447504,228
P447504,224
P447504,49
P447504,1412
P447504,1961
P447504,696
P447504,74
P447504,2851
P447504,4
P447504,244
P447504,463
P447504,76
P447504,155
P447504,2852
P447504,2853
P447504,274
P447504,75
P447504,156
P447504,242
P447504,133
P447504,430
P447504,240
P447504,79
P447504,266
P447504,392
P482510,348
P482510,71
P482510,4
P482510,761
P482510,628
P482510,29
P482510,88
P482510,670
P482510,86
P482510,2854
P482510,1412
P482510,2855
P482510,2380
P482510,161
P482510,39
P482510,770
P482510,274
P482510,1127
P482510,116
P482510,676
P482510,79
P482510,2856
P482510,418
P482510,265
P482510,75
P482510,2857
P482510,95
P482510,169
P482510,131
P482510,57
P482510,70
P482510,2858
P482510,224
P482510,2859
P482510,266
P482510,252
P482510,228
P482510,2860
P475540,100
P475540,4
P475540,29
P475540,71
P475540,661
P475540,88
P475540,160
P475540,5
P475540,1881
P475540,23
P475540,1712
P475540,1249
P475540,878
P475540,161
P475540,1882
P475540,1697
P475540,97
P475540,1250
P475540,1175
P475540,70
P475540,1459
P475540,1883
P475540,808
P475540,398
P475540,1128
P475540,1713
P475540,748
P475540,771
P475540,166
P475540,244
P475540,224
P475540,1884
P475540,745
P475540,57
P475540,773
P475540,1307
P475540,430
P475540,242
P475540,75
P475540,266
P475540,1885
P455618,2861
P455618,2862
P455618,1898
P455618,7
P455618,71
P455618,72
P455618,2863
P455618,2864
P455618,1422
P455618,2865
P455618,2866
P455618,2867
P455618,2868
P455618,2869
P455618,2870
P455618,2871
P455618,1420
P455618,2872
P455618,1421
P455618,9
P455618,2873
P455618,20
P455618,430
P455618,1169
P455618,682
P455618,317
P455618,683
P455618,1102
P455618,83
P455618,2874
P455618,2875
P455618,612
P455618,2876
P460627,83
P460627,642
P460627,1144
P460627,178
P460627,274
P460627,2877
P460627,383
P460627,244
P460627,1602
P460627,2878
P460627,116
P460627,92
P460627,850
P460627,1057
P460627,2879
P460627,197
P460627,191
P460627,189
P460627,193
P460627,190
P460627,195
P460627,2880
P460627,1255
P460627,1119
P460627,156
P460627,242
P460627,70
P460627,93
P460627,91
P460627,106
P460627,200
P460627,246
P460627,165
P460627,474
P455931,2567
P455931,1346
P455931,2371
P455931,4
P455931,2881
P455931,7
P455931,274
P455931,91
P455931,277
P455931,57
P455931,397
P455931,263
P455931,260
P455931,2882
P455931,2883
P455931,12
P455931,376
P433974,100
P433974,71
P433974,9
P433974,527
P433974,4
P433974,352
P433974,29
P433974,86
P433974,835
P433974,1295
P433974,76
P433974,265
P433974,430
P433974,237
P433974,57
P433974,420
P433974,117
P433974,1728
P433974,97
P433974,426
P433974,131
P433974,990
P433974,752
P433974,2384
P433974,1179
P433974,95
P433974,1159
P433974,92
P433974,235
P433974,2551
P433974,454
P433974,1070
P433974,1146
P433974,595
P433974,2385
P433974,132
P433974,84
P433974,70
P433974,771
P433974,20
P433974,360
P433974,2387
P433974,860
P433974,2386
P433974,174
P433974,272
P433974,175
P433974,173
P433974,176
P433974,2884
P429659,83
P429659,58
P429659,2885
P429659,90
P429659,4
P429659,161
P429659,20
P429659,673
P429659,1392
P429659,2708
P429659,2886
P429659,252
P429659,1303
P429659,2887
P429659,835
P429659,322
P429659,891
P429659,700
P429659,1127
P429659,2888
P429659,2889
P429659,39
P429659,263
P429659,75
P429659,72
P429659,12
P429659,91
P429659,390
P429659,174
P429659,173
P429659,176
P429659,177
P480165,2890
P480165,178
P480165,71
P480165,179
P480165,180
P480165,181
P480165,182
P480165,183
P480165,184
P480165,185
P480165,186
P480165,61
P480165,187
P480165,188
P480165,13
P480165,4
P480165,189
P480165,190
P480165,191
P480165,192
P480165,193
P480165,194
P480165,195
P480165,196
P480165,197
P480165,198
P480165,100
P480165,7
P480165,199
P480165,75
P480165,91
P480165,175
P480165,174
P480165,177
P480165,2891
P480165,224
P480165,366
P480165,2892
P480165,1829
P480165,826
P480165,2893
P480165,2894
P480165,585
P480165,584
P480165,107
P480165,1712
P480165,1713
P480165,1128
P480165,132
P480165,264
P480165,265
P480165,808
P480165,266
P480165,1294
P480165,2895
P480165,9
P480165,617
P480165,102
P480165,103
P480165,110
P480165,1248
P480165,764
P480165,581
P480165,1249
P480165,1250
P480165,1175
P480165,673
P480165,19
P480165,1251
P480165,685
P480165,1252
P480165,767
P480165,1253
P480165,583
P480165,749
P480165,750
P480165,1072
P480165,680
P480165,88
P480165,1212
P480165,313
P480165,56
P480165,676
P480165,484
P480165,2896
P480165,2897
P480165,70
P480165,1254
P480165,2898
P480165,2899
P480165,1256
P480165,2900
P480165,2901
P480165,1235
P480165,2902
P480165,29
P480165,2903
P480165,661
P480165,160
P480165,5
P480165,1881
P480165,23
P480165,878
P480165,161
P480165,635
P480165,97
P480165,1459
P480165,1883
P480165,398
P480165,748
P480165,771
P480165,166
P480165,244
P480165,2904
P480165,745
P480165,57
P480165,773
P480165,1307
P480165,430
P480165,242
P504849,2905
P504849,100
P504849,9
P504849,4
P504849,661
P504849,71
P504849,1295
P504849,766
P504849,76
P504849,90
P504849,1122
P504849,18
P504849,1275
P504849,20
P504849,2906
P504849,2907
P504849,1274
P504849,1709
P504849,2908
P504849,472
P504849,673
P504849,1711
P504849,274
P504849,166
P504849,1712
P504849,297
P504849,72
P504849,1713
P504849,88
P504849,86
P504849,224
P504849,12
P504849,252
P504849,1128
P504849,84
P504849,1276
P504849,362
P504849,1112
P504849,808
P504849,678
P504849,7
P504849,189
P504849,1714
P504849,1715
P504849,1304
P504849,1303
P504849,190
P504849,191
P504849,5
P504849,185
P504849,195
P504849,75
P504849,266
P504849,196
P504849,1064
P504849,264
P504849,627
P504849,197
P504849,1255
P504849,198
P504849,74
P504849,78
P504849,79
P504849,91
P504849,591
P504849,2909
P504849,348
P504849,1273
P504849,1120
P504849,1277
P504849,2910
P504849,1170
P504849,129
P504849,1279
P504849,1280
P504849,246
P504849,263
P504849,1281
P504849,6
P504849,815
P504849,132
P504849,745
P504849,1282
P504849,57
P504849,269
P504849,270
P500614,1
P500614,4
P500614,410
P500614,110
P500614,106
P500614,668
P500614,1512
P500614,1064
P500614,2911
P500614,7
P500614,2912
P463613,524
P463613,4
P463613,89
P463613,1216
P463613,2
P463613,90
P463613,1328
P463613,74
P463613,131
P463613,20
P463613,1499
P463613,2913
P463613,622
P463613,1204
P463613,1505
P463613,454
P463613,1364
P463613,842
P463613,1402
P463613,1134
P463613,455
P463613,1475
P463613,237
P463613,1506
P463613,7
P463613,158
P463613,809
P463613,457
P463613,1211
P463613,164
P463613,562
P463613,1399
P463613,745
P463613,51
P463613,93
P463613,2914
P463613,79
P463613,266
P463613,392
P469111,348
P469111,4
P469111,9
P469111,235
P469111,1431
P469111,29
P469111,2915
P469111,2916
P469111,90
P469111,1725
P469111,555
P469111,352
P469111,2917
P469111,5
P469111,670
P469111,747
P469111,2064
P469111,1204
P469111,1672
P469111,2063
P469111,19
P469111,130
P469111,2066
P469111,635
P469111,2918
P469111,2919
P469111,2920
P469111,2921
P469111,63
P469111,2922
P469111,191
P469111,61
P469111,1292
P469111,85
P469111,405
P469111,2512
P469111,1593
P469111,2067
P469111,463
P469111,131
P469111,484
P469111,706
P469111,266
P469111,79
P469111,107
P469111,75
P469111,93
P469111,12
P469111,392
P392142,2463
P392142,2177
P392142,2923
P392142,71
P392142,2924
P392142,2013
P392142,1602
P392142,2031
P392142,2925
P392142,2926
P392142,762
P392142,2188
P392142,1334
P392142,70
P392142,90
P392142,2927
P392142,2183
P392142,2180
P392142,2182
P392142,2181
P392142,2187
P392142,2928
P392142,2497
P392142,2487
P392142,2929
P392142,174
P392142,173
P392142,176
P392142,177
P442540,55
P442540,4
P442540,879
P442540,119
P442540,676
P442540,91
P442540,90
P442540,127
P442540,106
P442540,627
P442540,2930
P442540,703
P442540,2380
P442540,2931
P442540,72
P442540,1127
P442540,93
P442540,376
P442853,20
P442853,455
P442853,2456
P442853,274
P442853,2932
P442853,83
P442853,2933
P442853,2934
P463964,951
P463964,2935
P463964,2371
P463964,1249
P463964,2936
P463964,2937
P463964,2938
P463964,396
P463964,395
P463964,97
P463964,1770
P463964,2922
P463964,674
P463964,129
P463964,2939
P463964,2940
P463964,2941
P463964,1350
P463964,835
P463964,416
P463964,401
P463964,858
P463964,1070
P463964,317
P463964,95
P463964,889
P463964,2543
P463964,749
P463964,2942
P463964,1353
P463964,2943
P463964,543
P463964,2944
P463964,189
P463964,190
P463964,1410
P463964,4
P463964,428
P463964,158
P463964,940
P463964,2945
P463964,191
P463964,195
P463964,878
P463964,106
P463964,275
P463964,91
P463964,12
P463964,8
P463964,745
P463964,57
P463964,1359
P463964,2946
P463964,2947
P463964,118
P463964,295
P379995,89
P379995,83
P379995,457
P379995,713
P379995,74
P379995,7
P379995,1409
P379995,840
P379995,2128
P379995,2948
P379995,112
P379995,825
P379995,2949
P379995,1691
P379995,96
P379995,837
P379995,452
P379995,2129
P379995,2950
P379995,1001
P379995,833
P379995,416
P379995,158
P379995,90
P379995,1766
P379995,2951
P379995,1667
P379995,454
P379995,829
P379995,237
P379995,117
P379995,2952
P379995,828
P379995,1527
P379995,4
P379995,1366
P379995,1113
P379995,401
P379995,1370
P379995,1529
P379995,1373
P379995,76
P379995,9
P379995,786
P379995,12
P379995,463
P379995,133
P379995,153
P379995,1211
P379995,116
P379995,458
P379995,1781
P379995,20
P379995,155
P379995,562
P379995,131
P379995,119
P379995,2953
P379995,2954
P379995,1293
P379995,72
P379995,397
P379995,57
P379995,2955
P379995,252
P379995,78
P379995,467
P379995,93
P379995,51
P379995,91
P379995,33
P379995,2956
P379705,2335
P379705,2957
P379705,2470
P379705,2178
P379705,83
P379705,2179
P379705,9
P379705,20
P379705,2958
P379705,2959
P379705,2960
P379705,2961
P379705,428
P379705,2962
P379705,4
P379705,430
P379705,75
P379705,426
P379705,441
P379705,885
P379705,967
P471045,2963
P471045,348
P471045,1144
P471045,2760
P471045,4
P471045,683
P471045,308
P471045,1162
P471045,2964
P471045,682
P471045,1328
P471045,1431
P471045,786
P471045,89
P471045,9
P471045,252
P471045,1694
P471045,2965
P471045,626
P471045,2966
P471045,97
P471045,401
P471045,396
P471045,70
P471045,395
P471045,131
P471045,311
P471045,234
P471045,5
P471045,843
P471045,403
P471045,15
P471045,1130
P471045,235
P471045,158
P471045,57
P471045,8
P471045,2967
P471042,100
P471042,404
P471042,9
P471042,4
P471042,88
P471042,5
P471042,208
P471042,274
P471042,394
P471042,86
P471042,2439
P471042,2968
P471042,197
P471042,428
P471042,1659
P471042,133
P471042,835
P471042,2969
P471042,92
P471042,130
P471042,878
P471042,75
P471042,1078
P471042,1350
P471042,543
P471042,1684
P471042,2543
P471042,2942
P471042,1770
P471042,2970
P471042,1353
P471042,57
P471042,71
P471042,209
P471042,850
P471042,2444
P471042,2445
P471042,2971
P471042,2972
P471042,770
P471042,70
P471042,131
P471042,15
P471042,10
P471042,2446
P471042,401
P471042,2973
P471042,242
P471042,210
P471042,33
P471042,842
P471042,84
P471042,263
P471042,166
P471042,484
P471042,244
P471042,745
P471042,1331
P471042,37
P471042,549
P471567,100
P471567,74
P471567,1858
P471567,4
P471567,84
P471567,1520
P471567,527
P471567,71
P471567,382
P471567,1463
P471567,39
P471567,261
P471567,1866
P471567,13
P471567,890
P471567,700
P471567,329
P471567,602
P471567,174
P471567,272
P471567,2974
P471567,604
P471567,20
P471567,449
P471567,633
P471567,809
P471567,72
P471567,454
P471567,12
P471567,7
P471567,70
P471567,57
P471567,170
P471567,411
P471567,383
P471567,430
P471567,91
P471567,1476
P475180,2975
P475180,348
P475180,2976
P475180,1313
P475180,468
P475180,2053
P475180,252
P475180,2977
P475180,994
P475180,418
P475180,197
P475180,256
P475180,1603
P475180,2166
P475180,2978
P475180,421
P475180,2979
P475180,432
P475180,550
P475180,131
P475180,563
P475180,161
P475180,405
P475180,106
P475180,7
P475180,1828
P475180,76
P475180,72
P475180,56
P475180,244
P475180,12
P475180,1087
P475180,2406
P475180,242
P475180,15
P475180,2980
P475180,4
P475180,75
P475180,78
P475180,686
P475180,91
P475180,122
P475180,426
P475180,121
P475180,1572
P475180,207
P475180,173
P475180,271
P475180,174
P475180,177
P475180,2981
P475180,809
P475180,1465
P475180,1412
P475180,1916
P475180,1199
P475180,2856
P475180,311
P475180,1544
P475180,695
P475180,365
P475180,107
P475180,183
P475180,750
P475180,903
P475180,1179
P475180,843
P475180,79
P475180,202
P475180,2982
P475180,2983
P475180,404
P475180,90
P475180,71
P475180,527
P475180,89
P475180,770
P475180,86
P475180,170
P475180,420
P475180,460
P475180,2139
P475180,20
P475180,414
P475180,95
P475180,634
P475180,835
P475180,469
P475180,836
P475180,132
P475180,2984
P475180,427
P475180,240
P475180,133
P475180,8
P475180,352
P475180,266
P475180,5
P475180,265
P475180,2985
P475180,742
P475180,9
P475180,475
P475180,441
P475180,189
P475180,190
P475180,191
P475180,1255
P475180,198
P475180,2986
P475180,1700
P475180,2987
P475180,2804
P475180,869
P475180,436
P475180,2330
P475180,745
P475180,2988
P475180,2989
P475180,842
P475180,313
P475180,57
P475180,49
P475180,430
P475180,117
P475180,679
P475180,74
P475180,1294
P502322,2990
P502322,100
P502322,875
P502322,410
P502322,4
P502322,252
P502322,97
P502322,2991
P502322,224
P502322,229
P502322,230
P502322,223
P502322,225
P502322,2298
P502322,231
P502322,2362
P502322,331
P502322,60
P502322,835
P502322,1361
P502322,256
P502322,878
P502322,2992
P502322,189
P502322,197
P502322,2439
P502322,190
P502322,2993
P502322,133
P502322,241
P502322,679
P502322,13
P502322,891
P502322,169
P502322,913
P502322,806
P502322,1254
P502322,2994
P502322,261
P502322,72
P502322,5
P502322,7
P502322,240
P502322,2052
P502322,745
P502322,75
P502322,403
P502322,295
P502322,2995
P502322,66
P502322,2996
P502322,2997
P502322,2250
P502322,2998
P502322,747
P502322,2999
P502322,3000
P502322,3001
P502322,2139
P502322,1944
P502322,254
P502322,255
P502322,1385
P502322,185
P502322,20
P502322,3002
P502322,3003
P502322,3004
P502322,3005
P502322,2440
P502322,196
P502322,191
P502322,652
P502322,195
P502322,265
P502322,132
P502322,266
P502322,79
P502322,193
P502322,471
P502322,3006
P502322,89
P502322,770
P502322,84
P502322,178
P502322,1872
P502322,3007
P502322,2968
P502322,767
P502322,2492
P502322,8
P502322,9
P502322,71
P502322,57
P502322,811
P502322,445
P502322,70
P502322,842
P502322,2446
P502322,2444
P502322,2445
P502322,1449
P502322,3008
P502322,430
P502322,263
P502322,401
P502322,3009
P502322,131
P502322,342
P502322,549
P502322,3010
P502322,29
P502322,662
P502322,85
P502322,742
P502322,2017
P502322,88
P502322,1212
P502322,90
P502322,235
P502322,160
P502322,648
P502322,221
P502322,222
P502322,1661
P502322,237
P502322,635
P502322,808
P502322,1382
P502322,484
P502322,1284
P502322,525
P502322,748
P502322,168
P502322,1282
P502322,262
P502322,3011
P502322,3012
P440072,557
P440072,4
P440072,3013
P440072,3014
P440072,83
P440072,304
P440072,3015
P440072,1120
P440072,2753
P440072,2322
P440072,1282
P440072,3016
P440072,57
P440072,368
P440072,61
P440072,2414
P440072,700
P440072,3017
P440072,673
P440072,578
P440072,366
P440072,1363
P440072,39
P440072,1464
P440072,79
P440072,808
P440072,686
P440072,430
P440072,3018
P440072,206
P440072,878
P440072,118
P440072,1119
P440072,173
P440072,566
P374115,83
P374115,89
P374115,4
P374115,200
P374115,1521
P374115,74
P374115,783
P374115,7
P374115,1398
P374115,24
P374115,169
P374115,840
P374115,841
P374115,452
P374115,449
P374115,158
P374115,1667
P374115,809
P374115,237
P374115,90
P374115,2788
P374115,181
P374115,831
P374115,3019
P374115,309
P374115,129
P374115,390
P374115,131
P374115,2223
P374115,72
P374115,3020
P374115,3021
P374115,463
P374115,246
P374115,91
P374115,33
P374115,3022
P474121,2567
P474121,1346
P474121,4
P474121,160
P474121,2755
P474121,552
P474121,9
P474121,2569
P474121,88
P474121,7
P474121,3023
P474121,86
P474121,3024
P474121,89
P474121,394
P474121,3025
P474121,5
P474121,1546
P474121,363
P474121,221
P474121,36
P474121,222
P474121,3026
P474121,428
P474121,161
P474121,1729
P474121,528
P474121,3027
P474121,457
P474121,29
P474121,291
P474121,398
P474121,1130
P474121,3028
P474121,3029
P474121,66
P474121,2572
P474121,685
P474121,637
P474121,306
P474121,3030
P474121,987
P474121,19
P474121,3031
P474121,472
P474121,3032
P474121,3033
P474121,2793
P474121,130
P474121,155
P474121,242
P474121,1548
P474121,3034
P474121,805
P474121,628
P474121,3035
P474121,2433
P474121,3036
P474121,156
P474121,126
P474121,57
P474121,93
P474121,121
P474121,107
P474121,33
P474121,3037
P474121,70
P474121,441
P474121,75
P474121,1355
P474121,644
P468709,3038
P455622,524
P455622,138
P455622,89
P455622,457
P455622,308
P455622,7
P455622,475
P455622,825
P455622,796
P455622,1504
P455622,584
P455622,95
P455622,60
P455622,451
P455622,1137
P455622,366
P455622,841
P455622,158
P455622,363
P455622,90
P455622,831
P455622,20
P455622,454
P455622,155
P455622,1400
P455622,3039
P455622,1002
P455622,1474
P455622,3040
P455622,2130
P455622,453
P455622,531
P455622,72
P455622,458
P455622,463
P455622,1293
P455622,106
P455622,131
P455622,119
P455622,10
P455622,78
P455622,390
P455622,93
P455622,79
P455622,489
P455622,2989
P455622,91
P455622,758
P455622,1009
P440484,83
P440484,592
P440484,815
P440484,106
P440484,66
P440484,322
P440484,112
P440484,1657
P440484,3041
P440484,2425
P440484,883
P440484,266
P440484,79
P440484,2377
P440484,804
P440484,3042
P440484,75
P440484,3043
P440484,3044
P422004,1160
P422004,3045
P422004,612
P422004,3046
P422004,83
P422004,815
P422004,628
P422004,4
P422004,170
P422004,86
P422004,90
P422004,24
P422004,91
P422004,588
P422004,72
P422004,804
P422004,513
P422004,70
P422004,93
P422004,84
P422004,1852
P422004,3047
P422004,3048
P422004,3049
P469112,348
P469112,88
P469112,89
P469112,84
P469112,291
P469112,4
P469112,1480
P469112,1019
P469112,85
P469112,2250
P469112,71
P469112,2208
P469112,2066
P469112,158
P469112,130
P469112,90
P469112,163
P469112,115
P469112,1323
P469112,20
P469112,1204
P469112,92
P469112,627
P469112,373
P469112,563
P469112,2366
P469112,2067
P469112,133
P469112,706
P469112,684
P469112,1113
P469112,7
P469112,455
P469112,266
P469112,79
P469112,93
P469112,131
P469112,446
P469112,390
P469112,107
P469112,805
P469112,57
P469112,51
P469112,72
P469112,246
P469112,176
P469112,271
P469112,1132
P474940,524
P474940,138
P474940,89
P474940,457
P474940,308
P474940,7
P474940,475
P474940,825
P474940,796
P474940,1504
P474940,584
P474940,95
P474940,60
P474940,451
P474940,1137
P474940,366
P474940,841
P474940,158
P474940,363
P474940,90
P474940,831
P474940,20
P474940,454
P474940,155
P474940,1400
P474940,3039
P474940,1002
P474940,1474
P474940,3040
P474940,2130
P474940,453
P474940,531
P474940,72
P474940,458
P474940,463
P474940,1293
P474940,106
P474940,131
P474940,119
P474940,10
P474940,78
P474940,390
P474940,93
P474940,79
P474940,489
P474940,2989
P474940,91
P474940,758
P474940,1009
P505338,100
P505338,9
P505338,366
P505338,6
P505338,1281
P505338,3050
P505338,66
P505338,206
P505338,61
P505338,70
P505338,4
P505338,78
P505338,49
P505338,12
P505338,266
P505338,1057
P505338,776
P505338,2426
P505338,265
P505338,627
P505338,90
P505338,673
P505338,185
P505338,274
P505338,3051
P505338,3052
P505338,20
P505338,3053
P505338,65
P505338,835
P505338,3054
P505338,3055
P505338,1699
P505338,79
P505338,257
P505338,828
P505338,331
P505338,757
P505338,686
P505338,132
P505338,376
P424985,83
P424985,815
P424985,813
P424985,4
P424985,278
P424985,66
P424985,814
P424985,49
P424985,817
P424985,2343
P424985,1324
P424985,117
P424985,454
P424985,3056
P424985,165
P424985,743
P424985,161
P424985,467
P424985,174
P424985,176
P424985,271
P424985,272
P424985,203
P424985,122
P424985,91
P424985,823
P472467,83
P472467,3057
P472467,3058
P472467,815
P472467,3059
P472467,3060
P472467,2229
P472467,4
P472467,3061
P472467,884
P472467,3062
P472467,2231
P472467,1128
P472467,3063
P472467,78
P472467,3064
P472467,3065
P474839,3066
P474839,3067
P474839,3068
P474839,2725
P474839,716
P474839,3069
P421271,83
P421271,9
P421271,235
P421271,7
P421271,660
P421271,4
P421271,544
P421271,3070
P421271,3071
P421271,2124
P421271,19
P421271,20
P421271,3033
P421271,3034
P421271,2825
P421271,652
P421271,130
P421271,5
P421271,1581
P421271,117
P421271,2219
P421271,1130
P421271,93
P421271,91
P421271,12
P421271,3072
P421271,3073
P482328,83
P482328,71
P482328,527
P482328,9
P482328,352
P482328,4
P482328,20
P482328,224
P482328,236
P482328,225
P482328,223
P482328,230
P482328,232
P482328,227
P482328,229
P482328,231
P482328,226
P482328,228
P482328,808
P482328,1158
P482328,807
P482328,455
P482328,133
P482328,241
P482328,240
P482328,684
P482328,92
P482328,237
P482328,1146
P482328,1159
P482328,595
P482328,84
P482328,117
P482328,771
P482328,70
P482328,8
P482328,277
P482328,156
P482328,252
P482328,75
P482328,15
P482328,76
P482328,804
P482328,78
P482328,91
P482328,279
P469517,1
P469517,2691
P469517,4
P469517,88
P469517,9
P469517,162
P469517,660
P469517,3074
P469517,96
P469517,3075
P469517,1603
P469517,3076
P469517,3077
P469517,2095
P469517,3078
P469517,97
P469517,396
P469517,395
P469517,20
P469517,401
P469517,158
P469517,161
P469517,133
P469517,130
P469517,117
P469517,224
P469517,403
P469517,1795
P469517,75
P469517,155
P469517,57
P469517,8
P469517,91
P469517,549
P480608,4
P480608,2534
P480608,71
P480608,476
P480608,76
P480608,660
P480608,1746
P480608,91
P480608,129
P480608,61
P480608,1254
P480608,70
P480608,3079
P502200,348
P502200,4
P502200,878
P502200,9
P502200,1357
P502200,71
P502200,1295
P502200,1892
P502200,297
P502200,5
P502200,1301
P502200,221
P502200,637
P502200,673
P502200,20
P502200,235
P502200,1661
P502200,12
P502200,809
P502200,117
P502200,1678
P502200,446
P502200,1382
P502200,76
P502200,3080
P502200,1284
P502200,93
P502200,2999
P502200,75
P502200,588
P502200,78
P502200,91
P502200,272
P502200,1132
P432421,83
P432421,4
P432421,1399
P432421,137
P432421,5
P432421,91
P432421,7
P432421,1607
P432421,3081
P432421,73
P432421,3082
P432421,878
P432421,244
P432421,165
P432421,224
P432421,8
P432421,12
P432421,467
P432421,93
P432421,75
P432421,385
P432421,156
P432421,242
P432421,266
P432421,471
P503809,2567
P503809,1346
P503809,9
P503809,208
P503809,4
P503809,1295
P503809,2664
P503809,97
P503809,1738
P503809,3083
P503809,673
P503809,3084
P503809,20
P503809,1872
P503809,94
P503809,95
P503809,96
P503809,416
P503809,70
P503809,235
P503809,225
P503809,226
P503809,1262
P503809,223
P503809,210
P503809,227
P503809,2706
P503809,2708
P503809,228
P503809,229
P503809,230
P503809,224
P503809,209
P503809,231
P503809,2707
P503809,232
P503809,236
P503809,7
P503809,8
P503809,88
P503809,806
P503809,993
P503809,57
P503809,91
P503809,266
P503809,79
P503809,78
P503809,357
P456991,524
P456991,89
P456991,1162
P456991,297
P456991,552
P456991,786
P456991,7
P456991,3085
P456991,1598
P456991,1694
P456991,1117
P456991,658
P456991,789
P456991,3086
P456991,3087
P456991,1507
P456991,443
P456991,1002
P456991,1508
P456991,20
P456991,3088
P456991,2406
P456991,252
P456991,72
P456991,2407
P456991,843
P456991,74
P456991,70
P456991,441
P456991,93
P456991,51
P456991,91
P456991,266
P456991,1331
P456991,1375
P450587,100
P450587,9
P450587,4
P450587,76
P450587,33
P450587,313
P450587,560
P450587,71
P450587,426
P450587,546
P450587,1042
P450587,1112
P450587,752
P450587,2384
P450587,1179
P450587,990
P450587,3089
P450587,132
P450587,185
P450587,95
P450587,199
P450587,156
P450587,2554
P383051,1
P383051,1052
P383051,3090
P383051,3091
P383051,163
P383051,29
P383051,4
P383051,138
P383051,86
P383051,660
P383051,88
P383051,84
P383051,250
P383051,51
P383051,93
P383051,70
P383051,91
P383051,72
P383051,246
P383051,1715
P383051,1623
P383051,3092
P383051,3093
P383051,2415
P383051,3094
P383051,3095
P383051,3096
P383051,1126
P383051,3097
P383051,2991
P383051,95
P383051,1179
P383051,764
P383051,129
P383051,2018
P474838,3098
P474838,3099
P474838,3100
P474838,3101
P474838,3102
P474838,3103
P474838,3104
P474838,3105
P474838,3106
P474838,3107
P474838,3108
P474838,3109
P474838,57
P474838,3110
P474838,2719
P474838,2734
P474838,1962
P438643,83
P438643,2976
P438643,4
P438643,349
P438643,57
P438643,410
P438643,2772
P438643,412
P438643,554
P438643,398
P438643,685
P438643,91
P438643,72
P438643,467
P438643,246
P438643,75
P438643,2326
P404169,83
P404169,89
P404169,308
P404169,4
P404169,7
P404169,457
P404169,155
P404169,76
P404169,2544
P404169,3111
P404169,1218
P404169,1566
P404169,3112
P404169,3113
P404169,1042
P404169,222
P404169,221
P404169,1677
P404169,1678
P404169,33
P404169,130
P404169,1935
P404169,106
P404169,119
P404169,679
P404169,131
P404169,1637
P404169,93
P404169,1680
P404169,75
P404169,78
P404169,57
P404169,12
P404169,390
P404169,72
P404169,266
P404169,79
P404169,392
P471040,100
P471040,4
P471040,264
P471040,3114
P471040,875
P471040,224
P471040,249
P471040,1306
P471040,3115
P471040,835
P471040,366
P471040,102
P471040,2439
P471040,197
P471040,2440
P471040,274
P471040,2442
P471040,1603
P471040,583
P471040,1944
P471040,1072
P471040,749
P471040,750
P471040,9
P471040,3116
P471040,3117
P471040,3118
P471040,1350
P471040,3119
P471040,75
P471040,1309
P471040,71
P471040,57
P471040,261
P471040,3120
P471040,1305
P471040,842
P471040,401
P471040,2455
P471040,2444
P471040,2445
P471040,2446
P471040,811
P471040,910
P471040,911
P471040,6
P471040,441
P471040,430
P471040,91
P471040,549
P479701,366
P479701,100
P479701,234
P479701,76
P479701,274
P479701,1409
P479701,4
P479701,9
P479701,209
P479701,457
P479701,555
P479701,210
P479701,8
P479701,3121
P479701,2322
P479701,836
P479701,835
P479701,469
P479701,3122
P479701,240
P479701,401
P479701,130
P479701,261
P479701,5
P479701,133
P479701,414
P479701,265
P479701,2889
P479701,7
P479701,805
P479701,106
P479701,1130
P479701,116
P479701,3123
P479701,3124
P479701,390
P479701,72
P479701,910
P479701,811
P479701,911
P479701,460
P479701,91
P479701,93
P479701,79
P479701,80
P402943,3125
P504523,100
P504523,4
P504523,90
P504523,1144
P504523,301
P504523,7
P504523,627
P504523,9
P504523,155
P504523,5
P504523,2380
P504523,3126
P504523,764
P504523,559
P504523,3127
P504523,20
P504523,131
P504523,3031
P504523,327
P504523,762
P504523,417
P504523,745
P504523,252
P504523,311
P504523,843
P504523,445
P504523,33
P504523,37
P504523,845
P440306,83
P440306,7
P440306,89
P440306,4
P440306,244
P440306,90
P440306,91
P440306,463
P440306,156
P440306,72
P440306,1392
P440306,192
P440306,93
P440306,9
P440306,1393
P440306,390
P440306,322
P440306,129
P440306,1394
P440306,45
P440306,18
P440306,1395
P440306,174
P440306,75
P440306,686
P440306,1245
P440306,590
P440306,272
P440306,266
P440306,79
P440306,61
P440306,70
P440306,833
P440306,1396
P440306,1397
P401570,83
P401570,7
P401570,4
P401570,2811
P401570,1031
P401570,3128
P401570,2812
P401570,599
P401570,3129
P401570,174
P401570,1658
P401570,1603
P401570,3130
P401570,3131
P401570,197
P401570,1896
P401570,198
P401570,1516
P401570,3132
P401570,455
P401570,685
P401570,61
P401570,834
P401570,60
P401570,106
P401570,2751
P401570,412
P401570,20
P401570,531
P401570,3133
P401570,75
P401570,716
P401570,441
P401570,430
P401570,3134
P401570,3135
P401570,3136
P401570,3137
P401570,3138
P382356,83
P382356,552
P382356,1052
P382356,88
P382356,1431
P382356,9
P382356,4
P382356,1520
P382356,89
P382356,3139
P382356,352
P382356,86
P382356,2454
P382356,161
P382356,131
P382356,3140
P382356,1326
P382356,70
P382356,1862
P382356,66
P382356,2541
P382356,19
P382356,130
P382356,2586
P382356,3141
P382356,637
P382356,1309
P382356,3142
P382356,3143
P382356,701
P382356,95
P382356,1769
P382356,3144
P382356,1657
P382356,1350
P382356,1655
P382356,1353
P382356,1656
P382356,1771
P382356,3145
P382356,849
P382356,60
P382356,1551
P382356,835
P382356,1653
P382356,543
P382356,747
P382356,291
P382356,528
P382356,1382
P382356,1212
P382356,1859
P382356,527
P382356,588
P382356,155
P382356,57
P382356,12
P382356,119
P382356,93
P382356,266
P382356,75
P382356,91
P382356,79
P382356,781
P502197,348
P502197,89
P502197,4
P502197,9
P502197,435
P502197,1892
P502197,443
P502197,1301
P502197,221
P502197,637
P502197,3146
P502197,131
P502197,70
P502197,19
P502197,12
P502197,457
P502197,117
P502197,1678
P502197,786
P502197,252
P502197,311
P502197,809
P502197,441
P502197,446
P502197,5
P502197,317
P502197,2
P502197,3147
P502197,93
P502197,91
P502197,272
P502197,1132
P456413,348
P456413,349
P456413,408
P456413,88
P456413,361
P456413,409
P456413,4
P456413,410
P456413,252
P456413,411
P456413,412
P456413,413
P456413,313
P456413,414
P456413,415
P456413,416
P456413,75
P456413,417
P456413,418
P456413,107
P456413,419
P456413,420
P456413,421
P456413,422
P456413,423
P456413,424
P456413,265
P456413,425
P456413,76
P456413,426
P456413,427
P456413,428
P456413,429
P456413,430
P456413,342
P456413,431
P456413,432
P456413,91
P456413,79
P456413,433
P450947,100
P450947,4
P450947,663
P450947,84
P450947,234
P450947,86
P450947,274
P450947,71
P450947,88
P450947,76
P450947,909
P450947,127
P450947,627
P450947,211
P450947,892
P450947,178
P450947,222
P450947,221
P450947,1923
P450947,1924
P450947,747
P450947,1678
P450947,520
P450947,237
P450947,238
P450947,97
P450947,1925
P450947,401
P450947,635
P450947,617
P450947,1926
P450947,292
P450947,1927
P450947,633
P450947,1928
P450947,1204
P450947,1148
P450947,455
P450947,596
P450947,472
P450947,634
P450947,1043
P450947,131
P450947,235
P450947,1041
P450947,70
P450947,1929
P450947,91
P450947,72
P450947,8
P450947,1930
P450947,1677
P450947,291
P450947,78
P450947,461
P450947,1637
P450947,9
P450947,1680
P450947,106
P450947,15
P450947,246
P450947,266
P450947,549
P438628,3148
P422005,3149
P422005,4
P422005,170
P422005,86
P422005,7
P422005,804
P422005,91
P422005,588
P422005,8
P422005,780
P422005,1569
P422005,84
P422005,513
P422005,1852
P422005,3047
P422005,3048
P422005,70
P422005,3049
P410101,3150
P410101,3151
P410101,89
P410101,1162
P410101,3152
P410101,85
P410101,297
P410101,2788
P410101,552
P410101,1364
P410101,7
P410101,1694
P410101,786
P410101,74
P410101,3153
P410101,462
P410101,1507
P410101,443
P410101,3154
P410101,3086
P410101,321
P410101,3088
P410101,482
P410101,72
P410101,1598
P410101,2
P410101,91
P410101,1753
P410101,3155
P500753,348
P500753,9
P500753,274
P500753,74
P500753,2256
P500753,91
P500753,4
P500753,206
P500753,628
P500753,29
P500753,8
P500753,568
P500753,20
P500753,15
P500753,3156
P500753,78
P500753,166
P500753,169
P500753,1686
P500753,730
P500753,889
P500753,426
P500753,12
P500753,265
P500753,3157
P500753,70
P500753,174
P500753,173
P500753,176
P500753,272
P500753,175
P500753,2438
P442539,55
P442539,4
P442539,274
P442539,879
P442539,3158
P442539,133
P442539,161
P442539,91
P442539,1556
P442539,18
P442539,676
P442539,902
P442539,72
P442539,20
P442539,93
P442539,75
P442539,460
P442539,3026
P442539,736
P442539,3159
P447773,3160
P447773,83
P447773,779
P447773,7
P447773,2262
P447773,4
P447773,780
P447773,79
P447773,164
P447773,93
P447773,441
P447773,668
P447773,75
P447773,107
P447773,109
P447773,366
P447773,2050
P447773,3161
P447773,76
P447773,3162
P447773,57
P447773,3163
P447773,2326
P438635,24
P438635,31
P438635,3164
P438635,155
P438635,20
P438635,57
P438635,91
P438635,3165
P438635,61
P438635,404
P438635,794
P438635,7
P438635,76
P438635,71
P438635,29
P438635,3166
P438635,2362
P438635,90
P438635,3167
P438635,3168
P438635,747
P438635,3108
P438635,33
P438635,342
P438635,799
P399656,3169
P399656,83
P399656,3170
P399656,4
P399656,84
P399656,66
P399656,352
P399656,133
P399656,95
P399656,94
P399656,96
P399656,92
P399656,355
P399656,354
P399656,3114
P399656,86
P399656,93
P399656,72
P399656,392
P399656,3171
P399656,2376
P399656,107
P399656,102
P399656,78
P399656,132
P399656,2736
P399656,896
P399656,897
P399656,18
P399656,3172
P399656,3173
P399656,3174
P399656,360
P399656,85
P399656,71
P399656,87
P399656,88
P399656,91
P399656,529
P399656,90
P399656,89
P399656,57
P399656,7
P399656,3175
P399656,3176
P453822,100
P453822,274
P453822,9
P453822,1944
P453822,2701
P453822,4
P453822,676
P453822,776
P453822,2124
P453822,117
P453822,95
P453822,626
P453822,72
P453822,70
P453822,1303
P453822,266
P453822,79
P453822,3177
P453822,1559
P453822,12
P453822,246
P453822,1256
P453822,392
P503683,377
P503683,378
P503683,379
P503683,380
P481341,100
P481341,107
P481341,102
P481341,676
P481341,90
P481341,661
P481341,879
P481341,1356
P481341,9
P481341,4
P481341,71
P481341,103
P481341,78
P481341,133
P481341,97
P481341,20
P481341,428
P481341,109
P481341,108
P481341,366
P481341,776
P481341,110
P481341,75
P481341,539
P481341,205
P481341,398
P481341,2744
P481341,1757
P481341,1760
P481341,3178
P481341,3179
P481341,617
P481341,66
P481341,70
P481341,1399
P481341,404
P481341,89
P481341,7
P481341,3180
P481341,1144
P481341,155
P481341,628
P481341,152
P481341,72
P481341,743
P481341,153
P481341,463
P481341,106
P481341,156
P481341,1655
P481341,3181
P481341,3182
P481341,1920
P481341,835
P481341,1770
P481341,1653
P481341,543
P481341,1309
P481341,1767
P481341,1771
P481341,91
P481341,266
P481341,37
P481341,3183
P482005,3184
P482005,3185
P482005,3186
P482005,3187
P482005,3188
P399622,83
P399622,4
P399622,9
P399622,3189
P399622,118
P399622,256
P399622,649
P399622,3190
P399622,833
P399622,3191
P399622,3192
P399622,3193
P399622,1175
P399622,3194
P399622,3195
P399622,3196
P399622,3197
P399622,3198
P399622,12
P399622,3199
P399622,3200
P399622,3201
P399622,3202
P399622,57
P399622,20
P399622,467
P399622,3203
P399622,392
P459131,3204
P459131,348
P459131,102
P459131,104
P459131,107
P459131,78
P459131,106
P459131,91
P459131,446
P459131,776
P459131,12
P459131,4
P459131,112
P459131,750
P459131,96
P459131,777
P459131,778
P459131,122
P459131,132
P459131,70
P459131,175
P459131,174
P459131,177
P459131,3205
P459131,742
P459131,552
P459131,264
P459131,209
P459131,210
P459131,1863
P459131,192
P459131,317
P459131,3206
P459131,61
P459131,103
P459131,878
P459131,161
P459131,745
P459131,805
P459131,166
P459131,1384
P459131,3207
P459131,33
P459131,489
P459131,20
P459131,18
P459131,77
P459131,850
P459131,756
P459131,47
P459131,430
P459131,753
P459131,751
P459131,49
P459131,752
P459131,749
P459131,272
P459131,37
P459131,464
P459131,1942
P459131,3208
P459131,208
P459131,9
P459131,71
P459131,743
P459131,744
P459131,73
P459131,88
P459131,676
P459131,746
P459131,747
P459131,237
P459131,75
P459131,57
P459131,748
P459131,238
P459131,441
P459131,754
P459131,755
P459131,757
P459131,758
P459131,759
P431733,1567
P431733,1116
P431733,3209
P431733,4
P431733,3210
P431733,3211
P431733,170
P431733,352
P431733,86
P431733,3212
P431733,3213
P431733,91
P431733,780
P431733,3214
P431733,3215
P431733,93
P431733,3216
P502479,100
P502479,76
P502479,107
P502479,102
P502479,9
P502479,7
P502479,3217
P502479,78
P502479,878
P502479,4
P502479,317
P502479,2801
P502479,3218
P502479,263
P502479,266
P502479,12
P502479,91
P502479,252
P502479,3219
P386759,3220
P386759,3221
P386759,265
P386759,3222
P386759,1962
P412407,2175
P412407,348
P412407,3223
P412407,4
P412407,2337
P412407,9
P412407,3224
P412407,460
P412407,90
P412407,1893
P412407,86
P412407,3225
P412407,3226
P412407,2179
P412407,3227
P412407,414
P412407,3228
P412407,3229
P412407,116
P412407,115
P412407,18
P412407,20
P412407,2183
P412407,2180
P412407,2181
P412407,2187
P412407,2182
P412407,2482
P412407,1334
P412407,3230
P412407,2177
P412407,209
P412407,110
P412407,352
P412407,3231
P412407,1776
P412407,313
P412407,626
P412407,3232
P412407,132
P412407,210
P412407,57
P412407,679
P412407,265
P412407,74
P412407,2188
P412407,206
P412407,207
P412407,175
P412407,173
P412407,694
P412407,176
P412407,174
P412407,177
P469110,348
P469110,89
P469110,155
P469110,4
P469110,9
P469110,457
P469110,782
P469110,106
P469110,1458
P469110,1852
P469110,2789
P469110,1143
P469110,130
P469110,2066
P469110,1041
P469110,20
P469110,2064
P469110,816
P469110,188
P469110,192
P469110,373
P469110,570
P469110,186
P469110,13
P469110,70
P469110,3233
P469110,153
P469110,1387
P469110,1969
P469110,2687
P469110,119
P469110,1284
P469110,1935
P469110,71
P469110,3234
P469110,131
P469110,805
P469110,242
P469110,266
P469110,75
P469110,93
P469110,12
P469110,91
P469110,175
P469110,174
P469110,177
P475907,348
P475907,4
P475907,5
P475907,716
P475907,3235
P475907,126
P475907,90
P475907,660
P475907,774
P475907,1321
P475907,3236
P475907,1940
P475907,1712
P475907,117
P475907,1713
P475907,75
P475907,1128
P475907,418
P475907,265
P475907,20
P475907,78
P475907,3237
P475907,2384
P475907,430
P475907,808
P475907,57
P475907,95
P475907,169
P475907,131
P475907,2858
P475907,224
P475907,2859
P475907,266
P475907,252
P475907,228
P475907,2860
P476894,1
P476894,2
P476894,716
P476894,455
P476894,91
P476894,224
P476894,889
P476894,12
P476894,274
P476894,183
P476894,3238
P476894,636
P476894,93
P476894,4
P476894,5
P476894,166
P476894,774
P476894,19
P476894,7
P476894,107
P476894,3239
P500111,3240
P500111,3241
P500111,2189
P500111,3242
P500111,3243
P500111,3244
P500111,3245
P500111,3246
P500111,3247
P500111,3248
P500111,3249
P500111,3250
P500111,3251
P500111,3252
P500111,3253
P500111,1388
P500111,3254
P500111,3255
P500111,3256
P500111,3257
P500111,3258
P500111,3259
P500111,3068
P500111,3260
P500111,3261
P500111,3262
P500111,3263
P500111,3264
P500111,3265
P440490,83
P440490,4
P440490,804
P440490,1082
P440490,815
P440490,640
P440490,366
P440490,89
P440490,66
P440490,112
P440490,2425
P440490,20
P440490,8
P440490,568
P440490,1964
P440490,780
P440490,1569
P440490,207
P440490,202
P440490,694
P440490,177
P502749,83
P502749,4
P502749,3266
P502749,3267
P502749,261
P502749,3268
P502749,166
P502749,676
P502749,252
P502749,12
P502749,78
P502749,2055
P502749,15
P502749,20
P502749,3269
P502749,3270
P479703,3271
P479703,348
P479703,249
P479703,1512
P479703,1306
P479703,1305
P479703,9
P479703,250
P479703,274
P479703,327
P479703,4
P479703,460
P479703,1445
P479703,836
P479703,835
P479703,3272
P479703,3273
P479703,1281
P479703,2888
P479703,6
P479703,815
P479703,106
P479703,3274
P479703,3275
P479703,166
P479703,5
P479703,428
P479703,240
P479703,133
P479703,910
P479703,811
P479703,911
P479703,265
P479703,3123
P479703,3124
P479703,3276
P479703,1130
P479703,441
P479703,79
P479703,266
P479703,75
P479703,252
P479703,93
P479703,2302
P408241,83
P408241,71
P408241,646
P408241,3277
P408241,162
P408241,7
P408241,84
P408241,170
P408241,527
P408241,484
P408241,1783
P408241,88
P408241,4
P408241,2349
P408241,3278
P408241,3279
P408241,1034
P408241,1031
P408241,599
P408241,3280
P408241,601
P408241,2809
P408241,2810
P408241,1029
P408241,2812
P408241,1030
P408241,2814
P408241,2815
P408241,272
P408241,173
P408241,174
P408241,176
P408241,175
P408241,834
P408241,2751
P408241,452
P408241,841
P408241,1041
P408241,2353
P408241,1040
P408241,1368
P408241,158
P408241,637
P408241,1352
P408241,1229
P408241,90
P408241,840
P408241,2354
P408241,401
P408241,454
P408241,828
P408241,1000
P408241,765
P408241,770
P408241,422
P408241,20
P408241,117
P408241,265
P408241,1242
P408241,89
P408241,291
P408241,106
P408241,86
P408241,8
P408241,103
P408241,131
P408241,323
P408241,747
P408241,374
P408241,57
P408241,1043
P408241,3281
P422428,1567
P422428,4
P422428,89
P422428,297
P422428,7
P422428,527
P422428,3282
P422428,86
P422428,84
P422428,352
P422428,914
P422428,30
P422428,872
P422428,1679
P422428,78
P422428,91
P422428,3283
P422428,3284
P422428,170
P422428,694
P422428,958
P422428,1752
P422428,595
P422428,74
P422428,1561
P422428,152
P422428,174
P422428,206
P422428,207
P422428,72
P422428,1572
P422428,184
P422428,93
P422428,3285
P422428,3286
P422428,780
P422428,173
P422428,2527
P422428,446
P422428,549
P504016,3287
P504016,3288
P504016,3289
P504016,3290
P504016,3291
P504016,3292
P504016,2855
P504016,127
P504016,3293
P504016,3294
P504016,3295
P504016,2629
P504016,61
P504016,2630
P504016,1715
P504016,3296
P504016,2124
P504016,70
P504016,272
P504016,174
P504016,205
P504016,566
P504031,3287
P504031,3288
P504031,3297
P504031,3290
P504031,3291
P504031,71
P504031,2855
P504031,127
P504031,3293
P504031,3298
P504031,3299
P504031,2629
P504031,61
P504031,2630
P504031,1715
P504031,3296
P504031,2124
P504031,70
P504031,272
P504031,174
P504031,205
P504031,566
P502691,83
P502691,4
P502691,3300
P502691,3301
P502691,520
P502691,71
P502691,90
P502691,88
P502691,87
P502691,127
P502691,91
P502691,244
P502691,206
P502691,129
P502691,70
P502691,676
P502691,633
P502691,12
P502691,848
P502691,391
P502691,156
P502691,242
P502691,15
P502691,3302
P461161,2509
P461161,100
P461161,3303
P461161,546
P461161,4
P461161,91
P461161,78
P461161,102
P461161,684
P461161,66
P461161,398
P461161,360
P461161,265
P461161,183
P461161,266
P461161,79
P461161,95
P461161,94
P461161,96
P461161,1258
P461161,199
P461161,156
P461161,132
P461161,1304
P461161,376
P395723,3304
P395723,3305
P395723,3306
P395723,1162
P395723,3307
P395723,3308
P395723,3309
P395723,3310
P395723,2146
P404168,83
P404168,4
P404168,85
P404168,71
P404168,595
P404168,84
P404168,3111
P404168,2544
P404168,1445
P404168,3311
P404168,836
P404168,835
P404168,2362
P404168,133
P404168,1659
P404168,240
P404168,132
P404168,29
P404168,89
P404168,2790
P404168,86
P404168,87
P404168,88
P404168,78
P404168,93
P404168,57
P404168,2886
P404168,266
P404168,79
P404168,75
P404168,12
P404168,246
P404168,72
P404168,91
P404168,687
P442546,83
P442546,404
P442546,3312
P442546,394
P442546,86
P442546,85
P442546,527
P442546,468
P442546,91
P442546,72
P442546,131
P442546,75
P442546,4
P442546,687
P481086,3313
P481086,1115
P481086,4
P481086,1934
P481086,9
P481086,61
P481086,274
P481086,878
P481086,463
P481086,1712
P481086,774
P481086,265
P481086,1713
P481086,1128
P481086,3314
P481086,1127
P481086,73
P481086,133
P481086,808
P481086,18
P481086,3315
P481086,241
P481086,809
P481086,2124
P481086,70
P481086,230
P481086,223
P481086,225
P481086,5
P481086,117
P481086,2299
P481086,806
P481086,2298
P481086,231
P481086,710
P481086,224
P481086,229
P481086,3316
P481086,240
P481086,75
P481086,2294
P481086,91
P481086,3317
P500160,3318
P500160,3319
P500160,2691
P500160,71
P500160,2430
P500160,235
P500160,3320
P500160,1598
P500160,3321
P500160,3322
P500160,2703
P500160,1903
P500160,3323
P500160,305
P500160,84
P500160,1116
P500160,39
P500160,29
P500160,520
P500160,1251
P500160,131
P500160,3324
P500160,70
P500160,2512
P500160,1464
P500160,109
P500160,1593
P500160,4
P500160,95
P500160,752
P500160,2384
P500160,1179
P500160,990
P500160,3325
P473336,3326
P473336,100
P473336,249
P473336,250
P473336,251
P473336,106
P473336,252
P473336,253
P473336,254
P473336,255
P473336,256
P473336,257
P473336,112
P473336,258
P473336,4
P473336,259
P473336,260
P473336,261
P473336,262
P473336,263
P473336,264
P473336,12
P473336,265
P473336,75
P473336,91
P473336,266
P473336,79
P473336,267
P473336,268
P473336,78
P473336,269
P473336,270
P473336,271
P473336,272
P473336,174
P473336,273
P473336,3327
P473336,3328
P473336,9
P473336,76
P473336,441
P473336,90
P473336,317
P473336,1598
P473336,3324
P473336,57
P473336,20
P473336,454
P473336,3329
P473336,1127
P473336,1903
P473336,3330
P473336,313
P473336,117
P473336,3331
P473336,3332
P473336,679
P473336,618
P473336,3333
P473336,186
P473336,338
P473336,74
P473336,3334
P473336,3335
P473336,61
P473336,86
P473336,527
P473336,7
P473336,472
P473336,1467
P473336,546
P473336,1468
P473336,1469
P473336,18
P473336,378
P473336,70
P473336,1470
P473336,640
P473336,815
P473336,716
P473336,1471
P473336,207
P473336,1472
P473336,173
P473336,1473
P473336,3336
P473336,2463
P473336,208
P473336,2031
P473336,3337
P473336,3338
P473336,2882
P473336,1023
P473336,3339
P473336,1022
P473336,1024
P473336,1020
P473336,3340
P473336,3341
P473336,3226
P473336,3342
P473336,3343
P473336,3344
P473336,3345
P473336,3346
P473336,175
P473336,203
P473336,177
P473336,3347
P473336,29
P473336,88
P473336,2541
P473336,2543
P473336,185
P473336,3348
P473336,3349
P473336,3350
P473336,8
P473336,748
P473336,245
P473336,131
P473336,878
P473336,97
P473336,129
P473336,808
P473336,376
P473336,3351
P473336,2974
P473336,620
P473336,405
P473336,557
P473336,87
P473336,107
P473336,1382
P473336,274
P473336,1356
P473336,3352
P473336,3353
P473336,3354
P473336,430
P473336,3355
P473336,1410
P473336,3356
P473336,3357
P473336,3358
P473336,588
P473336,3359
P473336,242
P473336,1294
P469478,55
P469478,4
P469478,1420
P469478,3360
P469478,274
P469478,20
P469478,2671
P469478,2515
P469478,3361
P469478,604
P469478,1067
P469478,2722
P469478,3362
P469478,3363
P469478,1303
P469478,92
P469478,2769
P469478,809
P469478,668
P469478,57
P469478,11
P469478,963
P469478,3364
P469478,3365
P469478,93
P469478,745
P469478,5
P469478,39
P469478,803
P411360,99
P411360,83
P411360,4
P411360,667
P411360,3366
P411360,20
P411360,965
P411360,57
P411360,75
P411360,93
P411360,3367
P411360,391
P411360,206
P411360,3368
P411360,272
P411360,271
P411360,173
P411360,176
P411360,202
P411360,467
P411360,3369
P411360,124
P411360,808
P411360,3370
P411360,1978
P411360,359
P411360,2146
P475188,348
P475188,71
P475188,671
P475188,4
P475188,7
P475188,88
P475188,1544
P475188,3371
P475188,405
P475188,2978
P475188,855
P475188,197
P475188,2543
P475188,1042
P475188,2541
P475188,95
P475188,1603
P475188,2166
P475188,833
P475188,2299
P475188,550
P475188,672
P475188,828
P475188,107
P475188,432
P475188,418
P475188,131
P475188,563
P475188,1566
P475188,463
P475188,74
P475188,57
P475188,1828
P475188,166
P475188,78
P475188,75
P475188,252
P475188,20
P475188,686
P475188,390
P475188,72
P475188,12
P475188,76
P475188,79
P475188,266
P475188,91
P475188,1476
P473723,100
P473723,4
P473723,3372
P473723,90
P473723,1327
P473723,3373
P473723,1130
P473723,9
P473723,363
P473723,637
P473723,987
P473723,3338
P473723,3374
P473723,2351
P473723,3375
P473723,3376
P473723,2789
P473723,3377
P473723,2850
P473723,3378
P473723,3379
P473723,3380
P473723,1461
P473723,3381
P473723,3382
P473723,1149
P473723,3328
P473723,3353
P473723,3383
P473723,3384
P473723,3385
P473723,3386
P473723,423
P473723,3387
P473723,3388
P473723,3389
P473723,811
P473723,79
P473723,266
P473723,3390
P476678,90
P476678,62
P476678,2289
P476678,2290
P476678,1058
P476678,2124
P476678,1780
P476678,2291
P476678,2292
P476678,2293
P476678,532
P476678,128
P476678,1925
P476678,71
P476678,131
P476678,2294
P476678,70
P476678,2295
P434340,3391
P434340,3392
P454395,55
P454395,4
P454395,1465
P454395,76
P454395,88
P454395,71
P454395,852
P454395,878
P454395,553
P454395,1428
P454395,889
P454395,60
P454395,3393
P454395,70
P454395,74
P454395,484
P454395,748
P454395,842
P454395,89
P454395,133
P454395,8
P454395,72
P454395,7
P454395,10
P454395,527
P454395,352
P454395,20
P454395,57
P454395,1903
P454395,130
P454395,808
P454395,135
P454395,489
P454395,266
P454395,79
P454395,91
P454395,174
P454395,1235
P379704,3394
P379704,2396
P379704,3395
P379704,3048
P379704,3396
P379704,3397
P379704,3398
P379704,3399
P379704,3400
P379704,3401
P379704,3402
P379704,206
P379704,175
P379704,173
P379704,176
P379704,174
P379704,177
P440502,83
P440502,4
P440502,3403
P440502,3404
P440502,88
P440502,3405
P440502,3406
P440502,286
P440502,405
P440502,1134
P440502,291
P440502,70
P440502,18
P440502,2365
P440502,131
P440502,20
P440502,815
P440502,993
P440502,2346
P440502,3407
P440502,252
P440502,1964
P440502,1569
P440502,780
P440502,2378
P440502,3408
P474972,3409
P474972,4
P474972,87
P474972,88
P474972,71
P474972,84
P474972,91
P474972,206
P474972,8
P474972,2026
P474972,33
P474972,1326
P474972,12
P474972,391
P474972,78
P474972,1120
P474972,15
P474972,674
P474972,2270
P406941,83
P406941,4
P406941,1162
P406941,89
P406941,85
P406941,3410
P406941,118
P406941,9
P406941,555
P406941,446
P406941,716
P406941,748
P406941,854
P406941,91
P406941,166
P406941,72
P406941,2368
P406941,10
P406941,1449
P406941,93
P406941,131
P406941,57
P406941,20
P406941,152
P406941,70
P406941,7
P406941,3411
P406941,265
P406941,3412
P406941,3413
P406941,75
P406941,3414
P406941,3415
P406941,441
P406941,266
P406941,49
P406941,102
P406941,107
P406941,3416
P454090,348
P454090,663
P454090,4
P454090,764
P454090,892
P454090,627
P454090,670
P454090,88
P454090,29
P454090,420
P454090,1893
P454090,75
P454090,313
P454090,1070
P454090,66
P454090,776
P454090,2608
P454090,39
P454090,3417
P454090,2753
P454090,20
P454090,3132
P454090,2919
P454090,637
P454090,1321
P454090,70
P454090,1862
P454090,61
P454090,1461
P454090,176
P454090,699
P454090,426
P454090,2084
P454090,807
P454090,3418
P454090,423
P454090,424
P454090,205
P454090,266
P467028,3419
P467028,348
P467028,107
P467028,74
P467028,633
P467028,688
P467028,88
P467028,689
P467028,291
P467028,527
P467028,91
P467028,690
P467028,86
P467028,170
P467028,366
P467028,691
P467028,200
P467028,686
P467028,692
P467028,693
P467028,13
P467028,694
P467028,266
P467028,174
P467028,272
P467028,322
P467028,532
P467028,666
P467028,695
P467028,365
P467028,696
P467028,131
P467028,697
P467028,698
P467028,699
P467028,700
P467028,701
P467028,192
P467028,702
P467028,3420
P467028,84
P467028,2525
P467028,1083
P467028,4
P467028,2740
P467028,3421
P467028,1712
P467028,3422
P467028,1713
P467028,1128
P467028,132
P467028,3423
P467028,3424
P467028,102
P467028,808
P467028,175
P467028,207
P467028,206
P467028,78
P467028,246
P467028,173
P467028,265
P467028,176
P467028,3425
P467028,3426
P467028,9
P467028,776
P467028,1766
P467028,3427
P467028,95
P467028,2254
P467028,2322
P467028,2255
P467028,5
P467028,7
P467028,75
P467028,109
P467028,539
P467028,1130
P467028,79
P467028,177
P475906,348
P475906,4
P475906,235
P475906,161
P475906,3428
P475906,3235
P475906,90
P475906,670
P475906,961
P475906,274
P475906,774
P475906,1127
P475906,2361
P475906,1146
P475906,45
P475906,74
P475906,627
P475906,169
P475906,2063
P475906,57
P475906,266
P475906,75
P475906,79
P475906,1877
P475906,2511
P475906,418
P475906,265
P475906,430
P475906,117
P475906,191
P475906,95
P475906,131
P475906,70
P475906,2858
P475906,224
P475906,2859
P475906,252
P475906,228
P475906,2860
P476540,83
P476540,813
P476540,101
P476540,4
P476540,119
P476540,57
P476540,814
P476540,815
P476540,816
P476540,817
P476540,818
P476540,326
P476540,45
P476540,819
P476540,570
P476540,520
P476540,680
P476540,820
P476540,821
P476540,822
P476540,49
P476540,9
P476540,12
P476540,489
P476540,467
P476540,78
P476540,91
P476540,823
P447597,3429
P502169,3430
P502169,951
P502169,71
P502169,4
P502169,29
P502169,952
P502169,953
P502169,954
P502169,955
P502169,9
P502169,956
P502169,670
P502169,169
P502169,595
P502169,395
P502169,97
P502169,396
P502169,363
P502169,3431
P502169,1851
P502169,958
P502169,959
P502169,960
P502169,418
P502169,652
P502169,961
P502169,61
P502169,657
P502169,66
P502169,15
P502169,70
P502169,637
P502169,635
P502169,403
P502169,264
P502169,426
P502169,79
P502169,20
P502169,401
P502169,158
P502169,8
P502169,76
P502169,266
P502169,12
P502169,75
P502169,57
P502169,392
P502169,3432
P502169,3433
P502169,1457
P502169,378
P502169,3434
P502169,987
P502169,91
P502169,1294
P502169,3435
P502169,100
P502169,761
P502169,209
P502169,1412
P502169,352
P502169,210
P502169,484
P502169,957
P502169,646
P502169,3071
P502169,544
P502169,3070
P502169,5
P502169,72
P502169,3436
P502169,412
P502169,557
P502169,249
P502169,1661
P502169,349
P502169,1717
P502169,878
P502169,161
P502169,3437
P502169,252
P502169,122
P502169,78
P480603,2567
P480603,1346
P480603,9
P480603,7
P480603,2
P480603,963
P480603,4
P480603,412
P480603,2530
P480603,360
P480603,1227
P480603,131
P480603,3438
P480603,106
P480603,91
P480603,78
P480603,79
P480603,80
P404232,348
P404232,3439
P404232,3440
P404232,3441
P404232,89
P404232,9
P404232,552
P404232,3442
P404232,2756
P404232,308
P404232,3443
P404232,1694
P404232,138
P404232,91
P404232,275
P404232,960
P404232,363
P404232,2759
P404232,302
P404232,1872
P404232,4
P404232,1859
P404232,88
P404232,86
P404232,2324
P404232,131
P404232,322
P404232,2321
P404232,362
P404232,84
P404232,61
P404232,2325
P404232,166
P404232,12
P404232,19
P404232,1415
P404232,93
P404232,130
P404232,816
P404232,78
P404232,637
P404232,70
P404232,272
P404232,1132
P469513,377
P469513,1
P469513,2052
P469513,2828
P469513,4
P469513,3444
P469513,1082
P469513,224
P469513,7
P469513,1916
P469513,259
P469513,93
P469513,75
P469513,11
P469513,441
P469513,91
P469513,72
P469513,279
P440486,83
P440486,815
P440486,102
P440486,1550
P440486,66
P440486,2044
P440486,2143
P440486,880
P440486,2144
P440486,165
P440486,467
P440486,252
P440486,780
P440486,1569
P440486,1964
P440486,2379
P440486,3445
P440486,3446
P502741,83
P502741,2700
P502741,9
P502741,244
P502741,91
P502741,1363
P502741,57
P502741,92
P502741,4
P502741,12
P502741,156
P502741,242
P502741,265
P502741,78
P502741,2689
P502741,3447
P476893,1
P476893,4
P476893,9
P476893,2
P476893,26
P476893,23
P476893,1746
P476893,71
P476893,5
P476893,167
P476893,24
P476893,3448
P476893,86
P476893,1382
P476893,2328
P476893,954
P476893,155
P476893,166
P476893,463
P476893,13
P476893,2086
P476893,10
P476893,197
P476893,131
P476893,169
P476893,595
P476893,57
P476893,119
P476893,588
P476893,1938
P476893,808
P476893,61
P476893,1939
P476893,532
P476893,70
P476893,3239
P476893,3449
P440485,83
P440485,4
P440485,815
P440485,914
P440485,3450
P440485,183
P440485,1550
P440485,8
P440485,252
P440485,568
P440485,91
P440485,780
P440485,1569
P440485,804
P440485,1964
P440485,33
P440485,1355
P440485,2378
P440485,2379
P440485,3408
P501316,348
P501316,4
P501316,2299
P501316,29
P501316,140
P501316,9
P501316,747
P501316,265
P501316,527
P501316,3451
P501316,646
P501316,552
P501316,86
P501316,170
P501316,420
P501316,994
P501316,2124
P501316,20
P501316,3452
P501316,102
P501316,107
P501316,414
P501316,427
P501316,1603
P501316,2380
P501316,95
P501316,440
P501316,418
P501316,421
P501316,3453
P501316,3454
P501316,1767
P501316,3455
P501316,1655
P501316,1350
P501316,3456
P501316,1920
P501316,2060
P501316,1353
P501316,3457
P501316,2969
P501316,469
P501316,835
P501316,836
P501316,2543
P501316,749
P501316,1309
P501316,266
P501316,71
P501316,131
P501316,161
P501316,2325
P501316,430
P501316,117
P501316,1382
P501316,3458
P501316,169
P501316,484
P501316,3459
P501316,155
P501316,72
P501316,7
P501316,463
P501316,119
P501316,390
P501316,240
P501316,133
P501316,79
P501316,426
P501316,91
P501316,12
P501316,174
P501316,272
P501316,203
P501316,33
P501316,1476
P475143,3460
P475143,476
P475143,297
P475143,180
P475143,179
P475143,794
P475143,30
P475143,2220
P475143,210
P475143,2684
P475143,192
P475143,322
P475143,3461
P475143,391
P475143,3462
P475143,327
P475143,819
P475143,329
P475143,574
P475143,1363
P475143,197
P475143,265
P475143,1
P475143,559
P475143,7
P475143,3158
P475143,835
P475143,175
P475143,174
P475143,272
P475143,173
P475143,566
P475143,3463
P475143,2
P475143,716
P475143,455
P475143,91
P475143,224
P475143,889
P475143,12
P475143,274
P475143,183
P475143,3238
P475143,636
P475143,93
P475143,4
P475143,5
P475143,166
P475143,774
P475143,19
P475143,107
P475143,1132
P475143,3464
P475143,9
P475143,2048
P475143,23
P475143,1746
P475143,71
P475143,167
P475143,24
P475143,3448
P475143,86
P475143,1382
P475143,2328
P475143,954
P475143,155
P475143,3465
P475143,463
P475143,13
P475143,10
P475143,169
P475143,595
P475143,57
P475143,131
P475143,119
P475143,189
P475143,190
P475143,588
P475143,198
P475143,808
P475143,191
P475143,70
P475143,177
P483496,55
P483496,428
P483496,624
P483496,366
P483496,546
P483496,106
P483496,75
P483496,441
P483496,78
P483496,91
P483496,279
P437960,951
P437960,4
P437960,7
P437960,5
P437960,66
P437960,57
P437960,6
P437960,161
P437960,546
P437960,1695
P437960,3466
P437960,1227
P437960,12
P437960,584
P437960,93
P437960,39
P437960,131
P437960,20
P437960,627
P437960,3467
P437960,225
P437960,230
P437960,806
P437960,1270
P437960,232
P437960,2707
P437960,231
P437960,229
P437960,228
P437960,2698
P437960,2708
P437960,2706
P437960,227
P437960,226
P437960,3468
P437960,236
P437960,224
P437960,223
P437960,828
P437960,3469
P474957,55
P474957,815
P474957,813
P474957,4
P474957,278
P474957,3470
P474957,3471
P474957,3472
P474957,20
P474957,816
P474957,1169
P474957,3473
P474957,2497
P474957,2496
P474957,1035
P474957,2495
P474957,1513
P474957,2499
P474957,2494
P474957,821
P474957,822
P474957,49
P474957,814
P474957,161
P474957,743
P474957,165
P474957,568
P474957,1572
P474957,272
P474957,489
P474957,2145
P474957,3474
P474957,91
P474957,2347
P474957,9
P474957,12
P474957,3475
P474957,2428
P417107,1788
P417107,1134
P417107,1480
P417107,529
P417107,7
P417107,138
P417107,89
P417107,86
P417107,1520
P417107,289
P417107,2788
P417107,302
P417107,158
P417107,2786
P417107,87
P417107,457
P417107,1790
P417107,1793
P417107,453
P417107,1794
P417107,1791
P417107,1795
P417107,1796
P417107,338
P417107,340
P417107,1797
P417107,1798
P417107,1799
P417107,1792
P417107,524
P417107,863
P417107,840
P417107,1684
P417107,2516
P417107,416
P417107,3476
P417107,2354
P417107,422
P417107,2124
P417107,454
P417107,2792
P417107,455
P417107,809
P417107,828
P417107,2791
P417107,1000
P417107,2827
P417107,2167
P417107,155
P417107,71
P417107,2789
P417107,1329
P417107,4
P417107,131
P417107,553
P417107,1113
P417107,428
P417107,747
P417107,133
P417107,684
P417107,808
P417107,119
P417107,20
P417107,527
P417107,200
P417107,1293
P417107,121
P417107,117
P417107,51
P417107,272
P417107,173
P417107,203
P417107,176
P417107,174
P417107,202
P417107,392
P476674,348
P476674,4
P476674,848
P476674,2280
P476674,9
P476674,2281
P476674,878
P476674,2256
P476674,1512
P476674,365
P476674,2282
P476674,2283
P476674,730
P476674,1282
P476674,56
P476674,356
P476674,57
P476674,390
P476674,2284
P476674,2285
P476674,263
P476674,5
P476674,72
P476674,8
P476674,667
P476674,2286
P476674,70
P476674,2287
P476674,91
P476674,745
P476674,79
P476674,376
P480444,4
P480444,304
P480444,1254
P480444,835
P480444,274
P480444,1249
P480444,161
P480444,331
P480444,97
P480444,1697
P480444,92
P480444,1250
P480444,1175
P480444,685
P480444,3477
P480444,1883
P480444,773
P480444,9
P480444,771
P480444,91
P480444,100
P480444,3478
P469087,348
P469087,4
P469087,9
P469087,552
P469087,3479
P469087,209
P469087,88
P469087,210
P469087,1042
P469087,3480
P469087,1325
P469087,95
P469087,367
P469087,3481
P469087,1326
P469087,18
P469087,850
P469087,20
P469087,856
P469087,675
P469087,166
P469087,7
P469087,89
P469087,103
P469087,489
P469087,745
P469087,266
P469087,79
P469087,91
P469087,33
P469087,37
P469087,202
P469087,271
P469087,174
P469087,272
P469087,433
P479840,2567
P479840,1346
P479840,3180
P479840,892
P479840,3482
P479840,527
P479840,4
P479840,1199
P479840,3483
P479840,1165
P479840,454
P479840,90
P479840,18
P479840,303
P479840,60
P479840,2541
P479840,66
P479840,95
P479840,360
P479840,94
P479840,96
P479840,2543
P479840,71
P479840,72
P479840,430
P479840,578
P479840,3484
P479840,5
P479840,3485
P479840,745
P479840,9
P479840,91
P479840,3486
P397625,83
P397625,71
P397625,4
P397625,274
P397625,2
P397625,88
P397625,455
P397625,84
P397625,92
P397625,889
P397625,13
P397625,819
P397625,327
P397625,322
P397625,192
P397625,326
P397625,20
P397625,3487
P397625,1664
P397625,131
P397625,1961
P397625,265
P397625,3488
P397625,74
P397625,2330
P397625,398
P397625,187
P397625,86
P397625,156
P397625,546
P397625,8
P397625,804
P397625,93
P397625,12
P397625,392
P447783,83
P447783,3489
P447783,468
P447783,4
P447783,66
P447783,250
P447783,3490
P447783,161
P447783,684
P447783,3491
P447783,75
P447783,206
P447783,91
P447783,266
P447783,366
P447783,132
P447783,70
P447783,2069
P447783,1294
P232920,83
P232920,289
P232920,138
P232920,3492
P232920,1292
P232920,1380
P232920,4
P232920,3024
P232920,89
P232920,85
P232920,152
P232920,756
P232920,1127
P232920,91
P232920,7
P232920,1360
P232920,1328
P232920,8
P232920,1520
P232920,3493
P232920,1527
P232920,129
P232920,133
P232920,221
P232920,106
P232920,1113
P232920,20
P232920,455
P232920,684
P232920,3494
P232920,60
P232920,12
P232920,732
P232920,131
P232920,706
P232920,3495
P232920,3496
P232920,563
P232920,848
P232920,117
P232920,696
P232920,57
P232920,224
P232920,225
P232920,2708
P232920,229
P232920,633
P232920,3497
P450210,55
P450210,297
P450210,4
P450210,76
P450210,9
P450210,45
P450210,2165
P450210,427
P450210,2166
P450210,1660
P450210,61
P450210,777
P450210,749
P450210,750
P450210,1072
P450210,131
P450210,774
P450210,70
P450210,8
P450210,568
P450210,78
P450210,93
P450210,2167
P450210,2042
P450210,161
P450210,1906
P450210,1797
P450210,12
P450210,532
P450210,1796
P450210,246
P450210,266
P450210,91
P450210,174
P450210,272
P450210,175
P450210,3498
P437477,3499
P437477,55
P437477,1934
P437477,88
P437477,71
P437477,1790
P437477,29
P437477,646
P437477,4
P437477,748
P437477,768
P437477,61
P437477,1127
P437477,1501
P437477,398
P437477,2830
P437477,2987
P437477,1227
P437477,70
P437477,57
P437477,91
P437477,891
P437477,3500
P437477,374
P437477,3501
P437477,700
P437477,3502
P437477,12
P437477,808
P437477,1909
P437477,637
P437477,75
P437477,173
P437477,174
P437477,177
P437477,3503
P437477,9
P437477,235
P437477,90
P437477,527
P437477,1165
P437477,1780
P437477,224
P437477,633
P437477,86
P437477,1828
P437477,3504
P437477,313
P437477,20
P437477,3505
P437477,414
P437477,2404
P437477,710
P437477,3296
P437477,2621
P437477,532
P437477,1925
P437477,107
P437477,78
P437477,176
P437477,3506
P437477,558
P437477,1725
P437477,1050
P437477,8
P437477,329
P437477,3507
P437477,3279
P437477,3508
P437477,3509
P437477,2289
P437477,1197
P437477,617
P437477,3510
P437477,1697
P437477,39
P437477,1213
P437477,206
P437477,568
P437477,1883
P437477,3511
P437477,391
P437477,1112
P437477,3512
P437477,185
P437477,3513
P437477,3514
P437477,955
P437477,2676
P437477,460
P437477,3515
P437477,3516
P437477,3517
P437477,3518
P437477,833
P437477,420
P437477,131
P437477,3519
P437477,3520
P437477,285
P437477,2978
P437477,3521
P437477,1310
P437477,3522
P437477,3523
P437477,3524
P388982,3525
P388982,716
P388982,74
P388982,2195
P448562,2534
P448562,349
P448562,56
P448562,382
P448562,408
P448562,3526
P448562,350
P448562,352
P448562,1306
P448562,9
P448562,342
P448562,878
P448562,484
P448562,627
P448562,666
P448562,351
P448562,355
P448562,252
P448562,1305
P448562,5
P448562,384
P448562,1130
P448562,15
P448562,57
P448562,2302
P457002,3527
P457002,3528
P457002,3529
P457002,3530
P457002,3531
P476675,348
P476675,9
P476675,4
P476675,274
P476675,18
P476675,673
P476675,2824
P476675,578
P476675,2299
P476675,2825
P476675,2826
P476675,1481
P476675,8
P476675,745
P476675,91
P476675,2302
P500705,348
P500705,9
P500705,4
P500705,264
P500705,3316
P500705,3314
P500705,2285
P500705,2801
P500705,133
P500705,878
P500705,241
P500705,230
P500705,223
P500705,225
P500705,806
P500705,2298
P500705,231
P500705,229
P500705,224
P500705,3532
P500705,3533
P500705,3534
P500705,57
P500705,240
P500705,78
P500705,75
P500705,12
P500705,79
P500705,266
P500705,392
P444968,83
P444968,815
P444968,2375
P444968,2376
P444968,66
P444968,95
P444968,60
P444968,1657
P444968,9
P444968,106
P444968,12
P444968,2377
P444968,467
P444968,252
P444968,75
P444968,266
P444968,79
P444968,2378
P444968,2379
P444968,271
P444968,174
P444968,177
P452004,622
P452004,348
P452004,65
P452004,132
P452004,4
P452004,20
P452004,430
P452004,3535
P452004,581
P452004,189
P452004,190
P452004,195
P502710,83
P502710,274
P502710,7
P502710,90
P502710,244
P502710,4
P502710,91
P502710,206
P502710,463
P502710,116
P502710,156
P502710,12
P502710,391
P502710,3536
P417118,524
P417118,1162
P417118,1364
P417118,552
P417118,3537
P417118,786
P417118,170
P417118,7
P417118,86
P417118,3153
P417118,555
P417118,1788
P417118,1790
P417118,1793
P417118,453
P417118,1794
P417118,1791
P417118,1795
P417118,1796
P417118,338
P417118,340
P417118,1797
P417118,1798
P417118,1799
P417118,1792
P417118,3296
P417118,3538
P417118,454
P417118,842
P417118,20
P417118,527
P417118,84
P417118,3539
P417118,12
P417118,428
P417118,71
P417118,72
P417118,463
P417118,690
P417118,374
P417118,75
P417118,604
P417118,2406
P417118,74
P417118,2407
P417118,121
P417118,93
P417118,91
P417118,174
P417118,176
P417118,203
P417118,272
P417118,173
P417118,33
P417118,3540
P417118,1476
P469454,71
P469454,627
P469454,1173
P469454,3541
P469454,61
P469454,703
P469454,3542
P469454,634
P469454,90
P469454,3543
P406942,348
P406942,4
P406942,297
P406942,71
P406942,29
P406942,88
P406942,463
P406942,9
P406942,86
P406942,170
P406942,446
P406942,748
P406942,89
P406942,298
P406942,854
P406942,72
P406942,12
P406942,131
P406942,716
P406942,93
P406942,20
P406942,118
P406942,3544
P406942,864
P406942,7
P406942,3411
P406942,265
P406942,135
P406942,3412
P406942,91
P406942,3414
P406942,3415
P406942,441
P406942,266
P406942,75
P406942,102
P406942,107
P406942,3545
P406942,239
P406942,219
P406942,3546
P448710,83
P448710,3547
P448710,410
P448710,2053
P448710,91
P448710,1090
P448710,252
P448710,1582
P448710,3548
P448710,3549
P448710,3
P448710,3550
P448710,12
P448710,327
P448710,75
P448710,93
P448710,4
P448710,3551
P448710,1057
P448710,3552
P448710,366
P448710,110
P448710,3553
P447789,83
P447789,1162
P447789,3554
P447789,3555
P447789,555
P447789,138
P447789,86
P447789,170
P447789,2540
P447789,1695
P447789,91
P447789,131
P447789,1387
P447789,76
P447789,57
P447789,122
P447789,12
P447789,3556
P447789,20
P447789,1284
P447789,3557
P447789,161
P447789,224
P447789,681
P447789,114
P447789,95
P447789,3558
P475189,348
P475189,102
P475189,7
P475189,1544
P475189,78
P475189,107
P475189,20
P475189,2729
P475189,4
P475189,2753
P475189,95
P475189,1603
P475189,197
P475189,2166
P475189,3559
P475189,1282
P475189,878
P475189,808
P475189,2325
P475189,57
P475189,266
P475189,93
P475189,252
P475189,79
P475189,106
P475189,135
P475189,12
P475189,392
P478020,100
P478020,410
P478020,250
P478020,1313
P478020,9
P478020,252
P478020,57
P478020,889
P478020,3560
P478020,75
P478020,1130
P478020,750
P478020,192
P478020,667
P478020,770
P478020,703
P478020,373
P478020,891
P478020,699
P478020,3561
P478020,3562
P478020,2684
P478020,888
P478020,890
P478020,363
P478020,197
P478020,71
P478020,3373
P478020,269
P478020,668
P478020,7
P478020,624
P478020,591
P461521,55
P461521,4
P461521,7
P461521,140
P461521,88
P461521,1812
P461521,86
P461521,1199
P461521,5
P461521,745
P461521,170
P461521,568
P461521,224
P461521,8
P461521,71
P461521,20
P461521,57
P461521,2063
P461521,471
P469515,3563
P469515,1
P469515,815
P469515,398
P469515,92
P469515,166
P469515,546
P469515,441
P469515,462
P469515,72
P469515,390
P469515,78
P469515,93
P469515,392
P469831,4
P469831,162
P469831,1364
P469831,304
P469831,3324
P469831,89
P469831,311
P469831,76
P469831,404
P469831,1562
P469831,442
P469831,153
P469831,2534
P469831,49
P469831,7
P469831,658
P469831,2789
P469831,1892
P469831,117
P469831,3564
P469831,3565
P469831,1408
P469831,1169
P469831,471
P461162,83
P461162,119
P461162,91
P461162,78
P461162,4
P461162,441
P461162,382
P461162,1258
P461162,7
P461162,3566
P461162,266
P461162,79
P461162,95
P461162,94
P461162,96
P461162,3567
P461162,390
P461162,729
P461162,1057
P461162,3568
P461162,132
P461162,3569
P461162,3570
P461162,3571
P461162,57
P461162,3572
P461162,3573
P386760,3574
P386760,3243
P386760,2577
P386760,2157
P386760,1605
P386764,3575
P386764,3576
P386764,2189
P386764,3577
P386764,3578
P386764,3579
P386764,3580
P386764,3261
P386764,3581
P386764,3582
P386764,3583
P386764,3584
P386764,3585
P386764,716
P386764,83
P386764,1803
P386764,1962
P442841,1134
P442841,45
P442841,3586
P442841,633
P442841,627
P442841,3587
P455217,55
P455217,4
P455217,9
P455217,813
P455217,244
P455217,879
P455217,3588
P455217,745
P455217,75
P455217,568
P455217,313
P455217,79
P455217,57
P455217,156
P455217,242
P455217,65
P455217,441
P455217,1355
P455217,33
P455217,74
P455217,2378
P455217,3475
P455217,80
P433884,3589
P433884,762
P433884,634
P433884,138
P433884,809
P433884,658
P433884,89
P433884,3590
P433884,1158
P433884,417
P433884,3591
P433884,125
P433884,3592
P433884,3593
P433884,74
P433884,794
P433884,3594
P433884,327
P433884,152
P433884,3595
P433884,3596
P433884,3597
P433884,3598
P433884,2822
P433884,3599
P433884,83
P433884,7
P433884,4
P433884,5
P433884,75
P433884,2456
P433884,107
P433884,3600
P433884,750
P433884,835
P433884,749
P433884,575
P433884,1712
P433884,1713
P433884,1128
P433884,57
P433884,265
P433884,92
P433884,808
P433884,11
P433884,3601
P433884,2326
P424984,83
P424984,813
P424984,815
P424984,4
P424984,278
P424984,261
P424984,2344
P424984,814
P424984,2343
P424984,817
P424984,1324
P424984,117
P424984,454
P424984,3056
P424984,161
P424984,165
P424984,743
P424984,568
P424984,49
P424984,91
P424984,2347
P424984,75
P424984,174
P424984,176
P424984,271
P424984,202
P424984,3602
P501790,4
P501790,100
P501790,162
P501790,167
P501790,178
P501790,76
P501790,2328
P501790,5
P501790,3603
P501790,1939
P501790,130
P501790,2250
P501790,2426
P501790,186
P501790,12
P501790,7
P501790,808
P501790,595
P501790,84
P501790,593
P501790,2746
P501790,811
P501790,3604
P481390,1
P481390,3605
P481390,3606
P481390,3607
P481390,2102
P481390,2096
P481390,3608
P481390,3609
P481390,3610
P481390,3611
P481390,3612
P481390,3613
P481390,3614
P481390,3615
P481390,3616
P481390,3617
P481390,3618
P481390,3619
P481390,3620
P481390,3621
P481390,237
P481390,3622
P481390,3623
P481390,3624
P481390,396
P481390,395
P481390,3625
P481390,230
P481390,223
P481390,225
P481390,3626
P481390,3627
P481390,231
P481390,3628
P481390,3629
P481390,3630
P481390,3631
P481390,3632
P481390,2109
P481390,3633
P481390,3634
P481390,3635
P481390,3636
P481390,3637
P481390,3638
P481390,3639
P481390,3640
P481390,241
P481390,3641
P481390,3642
P481390,3643
P481390,313
P481390,3644
P481390,3645
P481390,91
P481390,3646
P427729,55
P427729,628
P427729,4
P427729,297
P427729,3647
P427729,86
P427729,170
P427729,646
P427729,617
P427729,484
P427729,527
P427729,76
P427729,352
P427729,795
P427729,1325
P427729,1688
P427729,91
P427729,760
P427729,89
P427729,568
P427729,72
P427729,8
P427729,756
P427729,1326
P427729,131
P427729,10
P427729,842
P427729,20
P427729,57
P427729,667
P427729,130
P427729,239
P427729,3648
P427729,1916
P427729,668
P427729,51
P427729,2778
P427729,70
P427729,606
P427729,12
P427729,3649
P474109,2567
P474109,1346
P474109,76
P474109,102
P474109,2700
P474109,2549
P474109,200
P474109,78
P474109,106
P474109,2756
P474109,275
P474109,2
P474109,2701
P474109,2079
P474109,264
P474109,110
P474109,2569
P474109,1536
P474109,326
P474109,3650
P474109,2573
P474109,324
P474109,325
P474109,130
P474109,319
P474109,278
P474109,460
P474109,4
P474109,7
P474109,9
P474109,2759
P474109,12
P474109,338
P474109,1256
P474109,75
P474109,174
P474109,548
P474109,3651
P474109,252
P474109,266
P474109,3652
P474122,100
P474122,2755
P474122,662
P474122,71
P474122,4
P474122,2569
P474122,89
P474122,88
P474122,3023
P474122,2916
P474122,66
P474122,2997
P474122,671
P474122,86
P474122,3025
P474122,1148
P474122,5
P474122,3653
P474122,127
P474122,2321
P474122,828
P474122,1270
P474122,554
P474122,363
P474122,1143
P474122,36
P474122,2324
P474122,29
P474122,987
P474122,672
P474122,2325
P474122,637
P474122,2572
P474122,110
P474122,130
P474122,20
P474122,685
P474122,244
P474122,291
P474122,398
P474122,106
P474122,155
P474122,107
P474122,3654
P474122,49
P474122,1109
P474122,528
P474122,457
P474122,242
P474122,156
P474122,70
P474122,72
P474122,131
P474122,76
P474122,12
P474122,57
P474122,126
P474122,93
P474122,805
P474122,446
P474122,51
P474122,91
P474122,266
P474122,426
P474122,75
P478021,61
P478021,363
P478021,633
P478021,71
P478021,559
P478021,2380
P478021,127
P478021,680
P478021,3655
P478021,3315
P478021,285
P478021,4
P478021,2385
P478021,70
P478021,860
P478021,2386
P478021,752
P478021,2384
P478021,1179
P478021,990
P478021,100
P478021,132
P478021,637
P478021,2387
P478021,95
P478021,1939
P478021,532
P478021,3656
P478021,129
P478021,265
P478021,591
P439626,83
P439626,4
P439626,7
P439626,76
P439626,3657
P439626,879
P439626,3
P439626,1363
P439626,165
P439626,3658
P439626,2371
P439626,95
P439626,2802
P439626,2804
P439626,2590
P439626,131
P439626,70
P439626,153
P439626,8
P439626,164
P439626,842
P439626,78
P439626,568
P439626,2574
P439626,265
P439626,667
P439626,57
P439626,130
P439626,239
P439626,668
P439626,75
P439626,489
P439626,2671
P439626,79
P439626,266
P439626,546
P439626,441
P439626,1388
P439626,91
P439626,272
P439626,173
P439626,566
P386757,3659
P386757,3660
P386757,3661
P386757,3662
P386757,74
P386757,3663
P432662,2335
P432662,4
P432662,9
P432662,83
P432662,2495
P432662,2013
P432662,2011
P432662,1893
P432662,2470
P432662,2178
P432662,3158
P432662,18
P432662,20
P432662,3664
P432662,863
P432662,1243
P432662,428
P432662,1248
P432662,2926
P432662,2753
P432662,2959
P432662,2960
P432662,2961
P432662,2183
P432662,2180
P432662,2182
P432662,2181
P432662,2187
P432662,1181
P432662,2962
P432662,90
P432662,617
P432662,1334
P432662,70
P432662,3665
P432662,2177
P432662,1058
P432662,39
P432662,86
P432662,1464
P432662,352
P432662,1776
P432662,590
P432662,71
P432662,1245
P432662,57
P432662,313
P432662,679
P432662,430
P432662,426
P432662,441
P432662,75
P432662,74
P432662,118
P432662,2188
P432662,272
P432662,173
P432662,175
P432662,207
P432662,206
P432662,176
P432662,174
P432662,2438
P407381,83
P407381,3666
P407381,7
P407381,10
P407381,20
P407381,72
P407381,119
P407381,8
P407381,390
P407381,135
P407381,91
P407381,3667
P407381,1808
P407381,3668
P397626,83
P397626,4
P397626,5
P397626,3669
P397626,3670
P397626,11
P397626,178
P397626,289
P397626,92
P397626,7
P397626,1270
P397626,2729
P397626,850
P397626,130
P397626,93
P397626,3671
P397626,103
P397626,128
P397626,1211
P397626,815
P397626,3672
P409834,83
P409834,1162
P409834,1210
P409834,484
P409834,3673
P409834,646
P409834,89
P409834,1520
P409834,181
P409834,7
P409834,463
P409834,4
P409834,1034
P409834,1031
P409834,599
P409834,3280
P409834,601
P409834,2809
P409834,2810
P409834,1029
P409834,2812
P409834,1030
P409834,2814
P409834,2815
P409834,176
P409834,272
P409834,173
P409834,174
P409834,175
P409834,796
P409834,170
P409834,86
P409834,71
P409834,770
P409834,553
P409834,2349
P409834,840
P409834,2353
P409834,1229
P409834,637
P409834,841
P409834,452
P409834,1040
P409834,3278
P409834,1352
P409834,422
P409834,455
P409834,3279
P409834,747
P409834,20
P409834,454
P409834,828
P409834,1086
P409834,72
P409834,2354
P409834,158
P409834,117
P409834,1398
P409834,237
P409834,401
P409834,12
P409834,133
P409834,90
P409834,1043
P409834,1041
P409834,131
P409834,765
P409834,1000
P409834,374
P409834,265
P409834,390
P409834,75
P409834,266
P409834,93
P409834,91
P409834,3674
P409834,3675
P409834,3676
P409834,3677
P409834,3678
P456957,55
P456957,1420
P456957,4
P456957,76
P456957,1660
P456957,1828
P456957,777
P456957,1661
P456957,366
P456957,749
P456957,750
P456957,266
P456957,568
P456957,546
P456957,807
P456957,20
P456957,1072
P456957,1000
P456957,78
P456957,621
P456957,199
P456957,156
P456957,2554
P481710,1
P481710,4
P481710,102
P481710,304
P481710,633
P481710,108
P481710,1254
P481710,3679
P481710,103
P481710,595
P481710,88
P481710,84
P481710,274
P481710,66
P481710,3680
P481710,532
P481710,72
P481710,197
P481710,1939
P481710,1112
P481710,3681
P481710,18
P481710,745
P481710,3682
P481710,189
P481710,185
P481710,593
P481710,91
P481710,266
P481710,9
P481710,366
P481710,3683
P481710,313
P481710,79
P481710,135
P481710,70
P481710,1731
P469527,55
P469527,617
P469527,71
P469527,4
P469527,536
P469527,533
P469527,131
P469527,261
P469527,3684
P469527,86
P469527,352
P469527,2264
P469527,3685
P469527,112
P469527,2005
P469527,57
P469527,2266
P469527,72
P469527,75
P469527,93
P469527,2268
P469527,91
P469527,549
P440489,3686
P440489,83
P440489,410
P440489,3687
P440489,102
P440489,2624
P440489,3688
P440489,112
P440489,3689
P440489,111
P440489,252
P440489,467
P440489,815
P440489,780
P440489,1569
P440489,3690
P440501,83
P440501,4
P440501,1019
P440501,84
P440501,815
P440501,527
P440501,1657
P440501,1779
P440501,2362
P440501,20
P440501,993
P440501,8
P440501,467
P440501,252
P440501,91
P440501,266
P440501,780
P440501,1569
P440501,79
P440501,804
P440501,1964
P440501,33
P440501,1355
P440501,2378
P440501,2379
P440501,3691
P375864,83
P375864,2261
P375864,7
P375864,274
P375864,4
P375864,76
P375864,475
P375864,649
P375864,166
P375864,3692
P375864,78
P375864,93
P375864,206
P375864,780
P375864,392
P421249,524
P421249,1788
P421249,9
P421249,90
P421249,1465
P421249,298
P421249,169
P421249,7
P421249,3673
P421249,87
P421249,1790
P421249,1793
P421249,453
P421249,1794
P421249,1791
P421249,1795
P421249,1796
P421249,338
P421249,340
P421249,1797
P421249,1798
P421249,1799
P421249,1792
P421249,1684
P421249,1210
P421249,809
P421249,863
P421249,3476
P421249,2516
P421249,449
P421249,765
P421249,416
P421249,2129
P421249,1317
P421249,3693
P421249,2124
P421249,1000
P421249,840
P421249,4
P421249,422
P421249,20
P421249,2792
P421249,2791
P421249,828
P421249,2789
P421249,454
P421249,808
P421249,71
P421249,484
P421249,89
P421249,131
P421249,1293
P421249,747
P421249,676
P421249,155
P421249,117
P421249,1463
P421249,770
P421249,382
P421249,119
P421249,121
P421249,57
P421249,200
P421249,93
P421249,51
P421249,174
P421249,272
P421249,175
P421249,203
P421249,173
P421249,176
P421249,202
P421249,207
P421249,392
P502756,83
P502756,684
P502756,71
P502756,4
P502756,88
P502756,87
P502756,90
P502756,405
P502756,708
P502756,91
P502756,206
P502756,3021
P502756,1127
P502756,75
P502756,12
P502756,3694
P482754,348
P482754,308
P482754,85
P482754,89
P482754,162
P482754,71
P482754,1162
P482754,1409
P482754,74
P482754,2406
P482754,76
P482754,771
P482754,1481
P482754,420
P482754,460
P482754,1544
P482754,2012
P482754,197
P482754,1551
P482754,1429
P482754,3570
P482754,868
P482754,1828
P482754,107
P482754,427
P482754,414
P482754,3695
P482754,198
P482754,621
P482754,1064
P482754,3696
P482754,7
P482754,195
P482754,1070
P482754,70
P482754,191
P482754,620
P482754,301
P482754,443
P482754,2
P482754,4
P482754,311
P482754,2223
P482754,482
P482754,196
P482754,265
P482754,618
P482754,190
P482754,189
P482754,33
P482754,1210
P482754,442
P482754,289
P482754,1598
P482754,9
P482754,843
P482754,543
P482754,835
P482754,79
P482754,2593
P482754,441
P482754,489
P482754,84
P482754,12
P482754,91
P482754,252
P482754,2766
P482754,15
P482754,5
P482754,72
P482754,2368
P482754,3697
P482754,3698
P482754,3699
P472024,83
P472024,382
P472024,783
P472024,7
P472024,76
P472024,668
P472024,3700
P472024,3701
P472024,75
P472024,45
P472024,3702
P504059,71
P504059,61
P504059,747
P504059,90
P504059,909
P504059,185
P504059,833
P504059,1167
P504059,3703
P504059,3704
P504059,3705
P504059,3706
P504059,1514
P504059,3707
P504059,3708
P504059,3709
P504059,70
P504059,3710
P504059,855
P504059,3711
P504059,3712
P504059,1536
P504059,3713
P504059,3714
P504059,864
P504059,1457
P504059,183
P504059,627
P504059,2997
P504059,13
P504059,174
P504059,177
P433522,83
P433522,84
P433522,4
P433522,703
P433522,382
P433522,37
P433522,86
P433522,804
P433522,91
P433522,12
P433522,568
P433522,246
P433522,93
P433522,559
P433522,562
P433522,1331
P433522,1753
P433522,1974
P433522,61
P433522,70
P433522,563
P433522,565
P433522,49
P433522,75
P433522,564
P433522,271
P433522,207
P433522,272
P433522,203
P433522,3715
P406529,404
P406529,405
P406529,71
P406529,406
P406529,181
P406529,407
P406529,83
P406529,837
P406529,450
P406529,833
P406529,3716
P406529,3717
P406529,3718
P406529,70
P406529,51
P406529,272
P406529,3719
P442734,83
P442734,9
P442734,4
P442734,297
P442734,7
P442734,76
P442734,1956
P442734,767
P442734,3720
P442734,654
P442734,3721
P442734,61
P442734,130
P442734,91
P442734,8
P442734,265
P442734,78
P442734,595
P442734,93
P442734,668
P442734,2042
P442734,70
P442734,467
P442734,3722
P173622,83
P173622,7
P173622,140
P173622,435
P173622,4
P173622,2
P173622,200
P173622,878
P173622,11
P173622,91
P173622,780
P173622,441
P173622,8
P173622,467
P173622,51
P173622,90
P173622,131
P173622,57
P173622,103
P173622,127
P173622,106
P173622,75
P173622,118
P173622,171
P173622,3723
P173622,538
P173622,2724
P173622,1595
P173622,271
P173622,1572
P173622,272
P173622,174
P173622,173
P173622,67
P173622,176
P173622,1275
P173622,736
P173622,3724
P173622,416
P173622,3725
P375854,55
P375854,4
P375854,2244
P375854,274
P375854,2741
P375854,3080
P375854,7
P375854,162
P375854,1196
P375854,627
P375854,3726
P375854,87
P375854,646
P375854,1783
P375854,76
P375854,394
P375854,1852
P375854,528
P375854,161
P375854,71
P375854,2266
P375854,765
P375854,1906
P375854,1797
P375854,95
P375854,1796
P375854,544
P375854,3727
P375854,828
P375854,3728
P375854,131
P375854,70
P375854,3729
P375854,169
P375854,2268
P375854,487
P375854,107
P375854,77
P375854,261
P375854,2264
P375854,780
P375854,1752
P481834,50
P481834,7
P481834,89
P481834,4
P481834,162
P481834,90
P481834,24
P481834,5
P481834,795
P481834,244
P481834,209
P481834,88
P481834,3730
P481834,210
P481834,86
P481834,84
P481834,595
P481834,1212
P481834,484
P481834,38
P481834,3731
P481834,39
P481834,168
P481834,91
P481834,242
P481834,156
P481834,12
P481834,93
P481834,1127
P481834,272
P481834,67
P481834,811
P481834,858
P481834,252
P481834,3732
P481834,174
P481834,169
P481834,2744
P481834,3733
P481834,3734
P481834,2745
P481834,3735
P481834,593
P481834,2746
P481834,808
P481834,1430
P481834,401
P481834,1402
P481834,72
P481834,70
P481834,3736
P481834,3737
P481834,828
P481834,78
P481834,3738
P469516,2874
P469516,3739
P469516,612
P469516,3740
P469516,1
P469516,4
P469516,74
P469516,89
P469516,206
P469516,70
P469516,112
P469516,1179
P469516,256
P469516,2005
P469516,3278
P469516,3741
P469516,2541
P469516,2222
P469516,1022
P469516,169
P469516,342
P469516,658
P469516,1905
P469516,244
P469516,57
P469516,3021
P469516,79
P469516,266
P469516,392
P454376,100
P454376,875
P454376,249
P454376,250
P454376,4
P454376,835
P454376,107
P454376,102
P454376,252
P454376,9
P454376,261
P454376,3742
P454376,75
P454376,91
P454376,2055
P454376,819
P454376,570
P454376,72
P454376,12
P454376,390
P454376,366
P454376,78
P454376,174
P454376,263
P454376,272
P454376,1470
P454376,269
P454376,3743
P477202,3744
P477202,3745
P477202,3746
P477202,3747
P477202,3748
P477202,3749
P477202,3750
P477202,3751
P477202,3752
P477202,3753
P477202,3754
P477202,3755
P477202,109
P477202,3756
P477202,3757
P477202,75
P477202,3758
P469544,3409
P469544,9
P469544,1664
P469544,366
P469544,3759
P469544,91
P469544,1661
P469544,57
P469544,4
P469544,78
P469544,339
P469544,12
P469544,3760
P469544,1795
P469544,489
P469544,117
P469544,563
P469544,1430
P469544,3761
P469544,70
P469544,711
P448554,362
P448554,783
P448554,716
P448554,265
P448554,1
P448554,57
P448554,49
P448554,3762
P448554,3763
P455919,348
P455919,4
P455919,9
P455919,550
P455919,71
P455919,878
P455919,76
P455919,1212
P455919,168
P455919,554
P455919,3764
P455919,484
P455919,668
P455919,75
P455919,3765
P455919,275
P455919,12
P455919,993
P455919,3766
P455919,3767
P455919,2342
P455919,107
P455919,117
P455919,423
P455919,424
P455919,358
P455919,3768
P455919,3769
P455919,3770
P455919,74
P455919,681
P455919,20
P455919,1581
P455919,263
P455919,70
P455919,131
P455919,57
P455919,91
P455919,266
P455919,79
P455919,1572
P455919,202
P455919,173
P455919,204
P455919,271
P455919,272
P455919,433
P502640,100
P502640,716
P502640,71
P502640,88
P502640,4
P502640,961
P502640,3771
P502640,748
P502640,102
P502640,107
P502640,79
P502640,57
P502640,78
P502640,3772
P502640,3773
P502640,884
P502640,175
P502640,889
P502640,92
P502640,589
P502640,590
P502640,430
P502640,188
P502640,3774
P442747,83
P442747,813
P442747,165
P442747,7
P442747,743
P442747,275
P442747,278
P442747,546
P442747,91
P442747,206
P442747,428
P442747,897
P442747,489
P442747,568
P442747,4
P442747,66
P442747,19
P442747,272
P442747,3775
P442747,174
P442747,271
P442747,173
P442747,581
P442747,75
P442747,441
P442747,79
P442747,266
P442747,3776
P483060,3777
P483060,627
P483060,2512
P483060,2091
P483060,71
P483060,2071
P483060,23
P483060,1593
P483060,131
P483060,446
P483060,1102
P483060,3778
P483060,3779
P483060,3780
P483060,3781
P504524,100
P504524,65
P504524,4
P504524,9
P504524,155
P504524,1293
P504524,20
P504524,161
P504524,92
P504524,3782
P504524,1712
P504524,878
P504524,1713
P504524,1128
P504524,1935
P504524,12
P504524,119
P504524,588
P504524,122
P504524,75
P504524,78
P504524,266
P504524,79
P504524,176
P504524,1681
P454385,1160
P454385,2875
P454385,612
P454385,83
P454385,1904
P454385,963
P454385,782
P454385,4
P454385,476
P454385,308
P454385,1164
P454385,527
P454385,555
P454385,3783
P454385,363
P454385,209
P454385,463
P454385,745
P454385,210
P454385,1905
P454385,3784
P454385,246
P454385,192
P454385,889
P454385,12
P454385,819
P454385,1255
P454385,700
P454385,699
P454385,76
P454385,5
P454385,72
P454385,57
P454385,987
P454385,594
P454385,3785
P454385,1357
P454385,15
P454385,70
P454385,92
P454385,637
P454385,71
P454385,161
P454385,3786
P454385,75
P482068,83
P482068,404
P482068,7
P482068,90
P482068,88
P482068,209
P482068,3787
P482068,210
P482068,3788
P482068,127
P482068,70
P482068,3789
P482068,3790
P482068,2380
P482068,3791
P482068,3792
P482068,3793
P482068,3177
P482068,2662
P482068,3794
P482068,3795
P482068,3796
P482068,4
P482068,3797
P482068,3798
P482068,3799
P482068,527
P482068,75
P482068,3800
P482068,748
P482068,3801
P482068,91
P482068,12
P504892,100
P504892,71
P504892,4
P504892,9
P504892,224
P504892,107
P504892,90
P504892,110
P504892,264
P504892,88
P504892,102
P504892,476
P504892,162
P504892,441
P504892,74
P504892,1212
P504892,7
P504892,1746
P504892,3802
P504892,2064
P504892,2430
P504892,3803
P504892,626
P504892,363
P504892,1647
P504892,364
P504892,440
P504892,133
P504892,717
P504892,112
P504892,20
P504892,987
P504892,405
P504892,637
P504892,57
P504892,56
P504892,235
P504892,484
P504892,676
P504892,358
P504892,1399
P504892,39
P504892,1593
P504892,808
P504892,70
P504892,12
P504892,75
P504892,169
P504892,426
P504892,168
P504892,745
P504892,1903
P504892,84
P504892,1295
P504892,2512
P504892,430
P504892,1725
P504892,72
P504892,3804
P444964,3057
P444964,529
P444964,131
P444964,20
P444964,60
P444964,1790
P444964,1791
P444964,1793
P444964,1792
P444964,1794
P444964,1137
P444964,863
P444964,453
P444964,634
P444964,1684
P444964,1599
P444964,520
P444964,762
P444964,3024
P444964,45
P444964,36
P444964,1799
P444964,340
P444964,1797
P444964,338
P444964,1796
P444964,1795
P444964,222
P444964,604
P444964,3538
P444964,401
P444964,3805
P444964,635
P444964,706
P444964,4
P444964,831
P444964,158
P444964,71
P444964,1606
P444964,404
P444964,389
P444964,2418
P444964,2419
P444964,1449
P444964,3806
P444964,1858
P444964,74
P444964,445
P444964,524
P444964,41
P444964,3807
P444964,3365
P444964,458
P444964,595
P444964,1146
P444964,1166
P444964,242
P444964,2785
P444964,200
P444964,417
P444964,2904
P444964,272
P444964,174
P444964,207
P444964,2231
P444964,51
P444964,1798
P444964,747
P444964,1116
P444964,963
P444964,3808
P444964,37
P444964,1753
P444964,1331
P444964,1974
P444964,3809
P444964,3810
P444964,3811
P444964,2257
P444964,3812
P444964,48
P444964,3813
P444964,3814
P444964,503
P444964,3815
P444964,3816
P444964,3817
P444964,464
P444964,758
P444964,3818
P444964,3819
P376135,348
P376135,4
P376135,1622
P376135,71
P376135,140
P376135,527
P376135,3820
P376135,1614
P376135,200
P376135,1134
P376135,76
P376135,86
P376135,89
P376135,528
P376135,1576
P376135,947
P376135,872
P376135,2085
P376135,3821
P376135,2080
P376135,63
P376135,19
P376135,78
P376135,79
P376135,91
P376135,130
P376135,352
P376135,2937
P376135,3822
P376135,152
P376135,174
P376135,57
P376135,47
P376135,206
P376135,72
P376135,1572
P376135,650
P376135,1852
P376135,176
P376135,271
P376135,433
P469525,1
P469525,4
P469525,393
P469525,2665
P469525,2325
P469525,237
P469525,238
P469525,909
P469525,1385
P469525,395
P469525,1332
P469525,97
P469525,1333
P469525,396
P469525,1336
P469525,2542
P469525,1335
P469525,20
P469525,158
P469525,29
P469525,70
P469525,244
P469525,3823
P469525,1596
P469525,1198
P469525,169
P469525,430
P469525,455
P469525,155
P469525,470
P469525,402
P469525,57
P469525,527
P469525,747
P469525,2729
P469525,86
P469525,1342
P469525,88
P469525,594
P469525,3824
P469525,75
P469525,206
P469525,549
P467651,55
P467651,264
P467651,9
P467651,7
P467651,76
P467651,200
P467651,74
P467651,78
P467651,463
P467651,660
P467651,39
P467651,366
P467651,57
P467651,117
P467651,3569
P467651,79
P467651,568
P467651,430
P467651,61
P467651,637
P467651,1256
P467651,3825
P467651,3826
P469514,3827
P469514,1
P469514,2
P469514,76
P469514,106
P469514,7
P469514,4
P469514,20
P469514,850
P469514,92
P469514,161
P469514,2575
P469514,879
P469514,743
P469514,448
P469514,78
P469514,135
P469514,1724
P417111,524
P417111,3828
P417111,529
P417111,7
P417111,181
P417111,24
P417111,89
P417111,1520
P417111,88
P417111,3538
P417111,27
P417111,1291
P417111,74
P417111,1398
P417111,531
P417111,454
P417111,158
P417111,2351
P417111,2352
P417111,3829
P417111,451
P417111,1790
P417111,1791
P417111,3830
P417111,1793
P417111,453
P417111,1794
P417111,1795
P417111,1374
P417111,1796
P417111,338
P417111,340
P417111,1797
P417111,1798
P417111,1799
P417111,840
P417111,3831
P417111,809
P417111,1859
P417111,533
P417111,748
P417111,4
P417111,805
P417111,2785
P417111,3832
P417111,237
P417111,842
P417111,166
P417111,2786
P417111,538
P417111,795
P417111,20
P417111,1862
P417111,390
P417111,401
P417111,308
P417111,70
P417111,1851
P417111,3833
P417111,635
P417111,789
P417111,72
P417111,828
P417111,8
P417111,121
P417111,604
P417111,93
P417111,374
P417111,91
P417111,272
P417111,174
P417111,202
P417111,1887
P417111,464
P417111,37
P417111,2519
P468818,100
P468818,89
P468818,7
P468818,4
P468818,1398
P468818,455
P468818,809
P468818,463
P468818,1399
P468818,256
P468818,837
P468818,1400
P468818,451
P468818,622
P468818,286
P468818,1401
P468818,454
P468818,842
P468818,1204
P468818,20
P468818,72
P468818,459
P468818,1402
P468818,1403
P468818,1404
P468818,428
P468818,169
P468818,131
P468818,166
P468818,1211
P468818,10
P468818,562
P468818,390
P468818,538
P468818,75
P468818,51
P468818,93
P468818,441
P468818,266
P468818,79
P468818,91
P468818,465
P468818,1009
P501587,27
P501587,24
P501587,23
P501587,3834
P501587,3835
P501587,1322
P501587,30
P501587,1205
P501587,29
P501587,1045
P501587,61
P501587,1102
P501587,1408
P501587,1315
P501587,323
P501587,187
P501587,286
P501587,631
P501587,131
P501587,109
P501587,100
P501587,762
P501587,20
P501587,161
P501587,417
P501587,70
P501587,652
P501587,581
P501587,3836
P501587,826
P501587,376
P481060,100
P481060,89
P481060,9
P481060,795
P481060,4
P481060,627
P481060,90
P481060,3837
P481060,442
P481060,538
P481060,745
P481060,36
P481060,2324
P481060,72
P481060,5
P481060,2321
P481060,2325
P481060,33
P481060,430
P481060,20
P481060,489
P481060,441
P481060,321
P481060,70
P481060,118
P481060,3838
P481060,1331
P481060,37
P475197,348
P475197,104
P475197,9
P475197,4
P475197,106
P475197,133
P475197,460
P475197,274
P475197,197
P475197,1544
P475197,835
P475197,2012
P475197,1920
P475197,3839
P475197,189
P475197,3840
P475197,188
P475197,427
P475197,1828
P475197,3658
P475197,191
P475197,2992
P475197,107
P475197,64
P475197,637
P475197,190
P475197,570
P475197,414
P475197,776
P475197,1064
P475197,196
P475197,1255
P475197,198
P475197,3841
P475197,3842
P475197,1603
P475197,420
P475197,195
P475197,1658
P475197,1309
P475197,7
P475197,75
P475197,265
P475197,79
P475197,1384
P475197,1327
P475197,468
P475197,252
P475197,57
P475197,266
P475197,78
P475197,441
P475197,675
P475197,261
P475197,72
P475197,76
P475197,91
P475197,122
P475197,3804
P469832,4
P469832,2530
P469832,2534
P469832,7
P469832,3843
P469832,87
P469832,1717
P469832,75
P469832,268
P469832,9
P469832,91
P469832,174
P469832,355
P469832,272
P469832,173
P469832,822
P469832,3565
P469832,117
P469832,2537
P475184,348
P475184,4
P475184,1700
P475184,3844
P475184,89
P475184,2207
P475184,2540
P475184,994
P475184,418
P475184,1603
P475184,2166
P475184,2978
P475184,95
P475184,197
P475184,563
P475184,405
P475184,1828
P475184,57
P475184,421
P475184,2979
P475184,432
P475184,550
P475184,131
P475184,7
P475184,76
P475184,72
P475184,12
P475184,5
P475184,15
P475184,756
P475184,2773
P475184,426
P475184,686
P475184,441
P475184,75
P475184,1388
P475184,78
P475184,266
P475184,91
P475184,121
P475184,2135
P475184,37
P423264,55
P423264,7
P423264,4
P423264,3845
P423264,118
P423264,153
P423264,3236
P423264,11
P423264,91
P423264,844
P423264,562
P423264,1688
P423264,166
P423264,1916
P423264,135
P423264,568
P423264,1690
P423264,581
P423264,991
P423264,78
P423264,117
P423264,90
P423264,3846
P423264,2167
P423264,3847
P423264,130
P423264,57
P423264,842
P423264,1243
P423264,489
P423264,3648
P423264,667
P423264,1692
P423264,1595
P423264,239
P423264,174
P423264,3848
P423264,206
P423264,75
P423264,668
P423264,12
P423264,1572
P423264,176
P423264,2745
P423264,3849
P423264,391
P423264,51
P423264,471
P448711,83
P448711,382
P448711,4
P448711,703
P448711,3491
P448711,1800
P448711,57
P448711,131
P448711,66
P448711,91
P448711,166
P448711,7
P448711,112
P448711,78
P448711,12
P448711,3325
P383054,1
P383054,3850
P383054,9
P383054,4
P383054,76
P383054,200
P383054,892
P383054,91
P383054,947
P383054,78
P383054,57
P383054,20
P383054,546
P383054,1282
P383054,667
P383054,1529
P383054,1449
P383054,7
P383054,1673
P383054,37
P383054,1715
P383054,3851
P383054,74
P383054,33
P383054,1470
P383054,51
P383054,3686
P383054,716
P383054,192
P383054,749
P383054,194
P383054,1102
P383054,890
P383054,2684
P383054,1353
P383054,3852
P383054,445
P383054,1132
P475195,348
P475195,90
P475195,71
P475195,4
P475195,1544
P475195,1144
P475195,209
P475195,29
P475195,3853
P475195,210
P475195,752
P475195,219
P475195,220
P475195,3854
P475195,129
P475195,878
P475195,274
P475195,430
P475195,842
P475195,264
P475195,107
P475195,2446
P475195,3770
P475195,2753
P475195,391
P475195,2444
P475195,2939
P475195,57
P475195,3855
P475195,1275
P475195,20
P475195,18
P475195,2445
P475195,243
P475195,72
P475195,472
P475195,70
P475195,263
P475195,131
P475195,673
P475195,338
P475195,39
P475195,239
P475195,247
P475195,401
P475195,197
P475195,3847
P475195,563
P475195,117
P475195,3766
P475195,91
P475195,747
P475195,266
P475195,8
P475195,1148
P475195,9
P475195,252
P475195,275
P475195,1149
P475195,527
P475195,76
P475195,78
P475195,79
P475195,549
P504446,3856
P504446,1199
P504446,3857
P504446,3858
P504446,3859
P504446,3860
P504446,3861
P504446,3862
P504446,3863
P504446,3864
P504446,3865
P504446,3866
P504446,3867
P504446,3868
P504446,3869
P504446,3870
P504446,3871
P504446,3872
P504446,3873
P504446,3874
P504446,252
P504446,3875
P504446,3876
P504446,3877
P504446,3878
P504446,3879
P504446,3880
P504446,3881
P504446,3882
P504446,3883
P504446,3884
P504446,3885
P504446,3886
P504446,3887
P504446,3888
P504446,3889
P504446,3890
P504446,3891
P504446,3892
P504446,3893
P504446,3894
P446612,84
P446612,3895
P446612,4
P446612,3896
P446612,1199
P446612,520
P446612,536
P446612,2355
P446612,770
P446612,527
P446612,131
P446612,588
P446612,394
P446612,86
P446612,633
P446612,1363
P446612,12
P446612,72
P446612,209
P446612,274
P446612,206
P446612,210
P446612,7
P446612,224
P446612,1940
P446612,47
P446612,3897
P446612,93
P446612,1181
P446612,3898
P446612,57
P446612,628
P446612,637
P446612,3899
P446612,106
P446612,240
P446612,3900
P446612,3901
P446612,3902
P446612,75
P446612,70
P446612,222
P446612,221
P446612,3903
P446612,37
P446612,2135
P446612,3904
P474956,55
P474956,815
P474956,4
P474956,813
P474956,278
P474956,889
P474956,327
P474956,2499
P474956,20
P474956,1169
P474956,816
P474956,3473
P474956,2497
P474956,2496
P474956,1035
P474956,2495
P474956,1513
P474956,2494
P474956,49
P474956,814
P474956,161
P474956,821
P474956,822
P474956,7
P474956,743
P474956,165
P474956,568
P474956,489
P474956,2145
P474956,3474
P474956,3905
P474956,2347
P474956,9
P474956,12
P474956,3475
P474956,3446
P476676,90
P476676,2289
P476676,3906
P476676,774
P476676,1412
P476676,61
P476676,20
P476676,440
P476676,3907
P476676,3908
P476676,3909
P476676,71
P476676,771
P476676,761
P476676,3910
P476676,3911
P476676,3912
P476676,2124
P476676,70
P476676,131
P476676,773
P476676,3913
P484055,3914
P484055,100
P484055,7
P484055,4
P484055,90
P484055,714
P484055,140
P484055,1364
P484055,3091
P484055,5
P484055,86
P484055,746
P484055,3915
P484055,3282
P484055,662
P484055,84
P484055,595
P484055,24
P484055,244
P484055,527
P484055,9
P484055,3916
P484055,166
P484055,268
P484055,57
P484055,39
P484055,811
P484055,10
P484055,12
P484055,93
P484055,242
P484055,92
P484055,19
P484055,1270
P484055,97
P484055,593
P484055,2746
P484055,1404
P484055,70
P484055,2331
P484055,3917
P484055,743
P484055,2
P484055,161
P484055,1113
P484055,3918
P484055,668
P484055,20
P484055,3919
P484055,463
P484055,8
P484055,88
P484055,169
P484055,670
P484055,878
P484055,1712
P484055,1713
P484055,1128
P484055,808
P484055,2886
P484055,2790
P484055,3920
P484055,89
P484055,1211
P484055,289
P484055,715
P484055,1409
P484055,274
P484055,457
P484055,106
P484055,454
P484055,1387
P484055,167
P484055,152
P484055,2327
P484055,744
P484055,1284
P484055,2204
P484055,45
P484055,1212
P484055,2328
P484055,484
P484055,168
P484055,2329
P484055,596
P484055,2330
P472466,55
P472466,4
P472466,1356
P472466,7
P472466,9
P472466,1357
P472466,1358
P472466,76
P472466,1359
P472466,484
P472466,1360
P472466,766
P472466,65
P472466,64
P472466,1361
P472466,69
P472466,60
P472466,1362
P472466,20
P472466,131
P472466,74
P472466,89
P472466,463
P472466,553
P472466,244
P472466,90
P472466,166
P472466,10
P472466,57
P472466,152
P472466,156
P472466,667
P472466,47
P472466,242
P472466,15
P472466,1363
P472466,230
P472466,77
P472466,72
P472466,75
P472466,78
P472466,246
P472466,79
P472466,266
P472466,173
P472466,566
P459116,83
P459116,7
P459116,4
P459116,767
P459116,5
P459116,1319
P459116,670
P459116,1127
P459116,1320
P459116,39
P459116,12
P459116,9
P459116,93
P459116,95
P459116,3921
P471566,348
P471566,4
P471566,102
P471566,809
P471566,1117
P471566,1913
P471566,9
P471566,107
P471566,349
P471566,676
P471566,78
P471566,240
P471566,1293
P471566,1914
P471566,750
P471566,198
P471566,112
P471566,96
P471566,1683
P471566,1684
P471566,778
P471566,889
P471566,1686
P471566,132
P471566,1583
P471566,1685
P471566,1687
P471566,155
P471566,119
P471566,351
P471566,588
P471566,317
P471566,1102
P471566,47
P471566,72
P471566,91
P471566,174
P471566,272
P471566,1235
P474970,762
P474970,23
P474970,3922
P474970,522
P474970,3923
P474970,1592
P474970,1213
P474970,2521
P474970,404
P474970,1954
P474970,90
P474970,29
P474970,2220
P474970,20
P474970,3924
P474970,1934
P474970,2789
P474970,2534
P474970,3925
P474970,3926
P474970,70
P474970,706
P474970,595
P474970,1590
P474970,242
P474970,633
P474970,47
P474970,3927
P474970,107
P474970,3928
P474970,222
P474970,1546
P474970,781
P422648,83
P422648,308
P422648,7
P422648,3929
P422648,89
P422648,448
P422648,4
P422648,463
P422648,835
P422648,836
P422648,1445
P422648,449
P422648,832
P422648,60
P422648,455
P422648,2454
P422648,833
P422648,460
P422648,454
P422648,831
P422648,452
P422648,1401
P422648,457
P422648,166
P422648,458
P422648,131
P422648,453
P422648,240
P422648,20
P422648,3930
P422648,117
P422648,747
P422648,461
P422648,10
P422648,75
P422648,369
P422648,72
P422648,462
P422648,459
P422648,133
P422648,74
P422648,467
P422648,390
P422648,93
P422648,51
P422648,91
P422648,272
P422648,1595
P422648,202
P422648,3931
P455341,3304
P455341,3932
P455341,3933
P455341,1162
P455341,2978
P455341,3934
P455341,45
P455341,3935
P455341,2151
P455341,3936
P455341,1694
P455341,2866
P455341,1027
P455341,4
P455341,2868
P455341,3937
P455341,767
P455341,3938
P455341,3939
P455341,1904
P455341,3940
P455341,3941
P455341,317
P455341,3310
P455341,2146
P475192,4
P475192,1312
P475192,348
P475192,3942
P475192,3943
P475192,252
P475192,1544
P475192,905
P475192,382
P475192,2166
P475192,1229
P475192,74
P475192,71
P475192,3944
P475192,398
P475192,107
P475192,72
P475192,1258
P475192,190
P475192,195
P475192,191
P475192,581
P475192,2543
P475192,132
P475192,196
P475192,3945
P475192,3946
P475192,1652
P475192,3947
P475192,1064
P475192,903
P475192,685
P475192,1227
P475192,189
P475192,3948
P475192,3792
P475192,1350
P475192,636
P475192,835
P475192,543
P475192,1353
P475192,197
P475192,198
P475192,2426
P475192,1551
P475192,64
P475192,79
P475192,390
P475192,266
P475192,91
P475192,1132
P469833,2534
P469833,7
P469833,76
P469833,2527
P469833,338
P469833,2284
P469833,3567
P469833,75
P469833,2965
P469833,264
P469833,4
P469833,2966
P469833,117
P469833,3565
P469833,441
P469833,20
P469833,57
P469833,91
P469833,1294
P474111,3675
P474111,3949
P474111,3677
P474111,1161
P474111,348
P474111,9
P474111,89
P474111,88
P474111,555
P474111,747
P474111,2454
P474111,618
P474111,2572
P474111,2569
P474111,3950
P474111,3951
P474111,3952
P474111,1297
P474111,4
P474111,633
P474111,131
P474111,748
P474111,117
P474111,128
P474111,7
P474111,5
P474111,261
P474111,390
P474111,72
P474111,457
P474111,677
P474111,166
P474111,660
P474111,1130
P474111,805
P474111,93
P474111,268
P474111,91
P474111,79
P474111,75
P474111,174
P474111,272
P474111,207
P474111,176
P474111,175
P474111,464
P474111,3953
P504199,1691
P504199,107
P504199,348
P504199,76
P504199,71
P504199,209
P504199,90
P504199,855
P504199,210
P504199,39
P504199,4
P504199,1127
P504199,78
P504199,5
P504199,264
P504199,3954
P504199,581
P504199,833
P504199,3955
P504199,652
P504199,1823
P504199,554
P504199,863
P504199,1167
P504199,768
P504199,2380
P504199,62
P504199,61
P504199,313
P504199,57
P504199,1130
P504199,430
P504199,266
P504199,376
P505711,3956
P505711,2045
P505711,4
P505711,2144
P505711,235
P505711,2044
P505711,3957
P505711,1725
P505711,2430
P505711,88
P505711,87
P505711,10
P505711,39
P505711,9
P505711,1295
P505711,2512
P505711,1127
P505711,244
P505711,89
P505711,90
P505711,2280
P505711,1903
P505711,546
P505711,1130
P505711,152
P505711,156
P505711,166
P505711,3958
P505711,1593
P505711,91
P505711,1709
P505711,242
P505711,3959
P505711,3960
P505711,745
P505711,79
P505711,5
P505711,72
P505711,1404
P505711,2524
P423159,3961
P423159,2172
P423159,3962
P423159,3963
P423159,3964
P423159,3965
P423159,3966
P383308,83
P383308,1458
P383308,71
P383308,4
P383308,86
P383308,153
P383308,1800
P383308,9
P383308,84
P383308,89
P383308,131
P383308,70
P383308,1326
P383308,1862
P383308,19
P383308,78
P383308,2351
P383308,2352
P383308,130
P383308,2350
P383308,2586
P383308,3141
P383308,701
P383308,95
P383308,543
P383308,3143
P383308,1350
P383308,1309
P383308,3144
P383308,1657
P383308,1769
P383308,1656
P383308,3145
P383308,849
P383308,60
P383308,1655
P383308,3142
P383308,1551
P383308,835
P383308,1653
P383308,637
P383308,1771
P383308,1353
P383308,617
P383308,1727
P383308,2671
P383308,1859
P383308,166
P383308,7
P383308,842
P383308,527
P383308,12
P383308,1852
P383308,352
P383308,57
P383308,93
P383308,2223
P383308,266
P383308,686
P383308,91
P383308,33
P383308,37
P383308,2260
P475183,809
P475183,1465
P475183,1412
P475183,1916
P475183,1199
P475183,2856
P475183,311
P475183,1544
P475183,695
P475183,365
P475183,107
P475183,183
P475183,750
P475183,903
P475183,1179
P475183,131
P475183,348
P475183,4
P475183,843
P475183,7
P475183,252
P475183,79
P475183,91
P475183,121
P475183,174
P475183,202
P475183,203
P472341,3967
P472341,2013
P472341,1248
P472341,348
P472341,9
P472341,4
P472341,304
P472341,209
P472341,336
P472341,61
P472341,210
P472341,90
P472341,2491
P472341,909
P472341,2463
P472341,20
P472341,405
P472341,3968
P472341,958
P472341,3969
P472341,331
P472341,1181
P472341,3226
P472341,2336
P472341,3224
P472341,762
P472341,2929
P472341,2180
P472341,2182
P472341,3970
P472341,3971
P472341,2181
P472341,39
P472341,3665
P472341,1148
P472341,313
P472341,426
P472341,590
P472341,1149
P472341,3972
P472341,1245
P472341,2934
P408678,55
P408678,1934
P408678,2433
P408678,7
P408678,646
P408678,155
P408678,76
P408678,1148
P408678,815
P408678,352
P408678,595
P408678,84
P408678,91
P408678,10
P408678,89
P408678,1501
P408678,240
P408678,553
P408678,131
P408678,568
P408678,8
P408678,3973
P408678,367
P408678,117
P408678,1364
P408678,135
P408678,1474
P408678,272
P408678,20
P408678,3974
P408678,51
P408678,204
P408678,806
P408678,3845
P408678,1572
P408678,12
P408678,174
P408678,176
P408678,3975
P408678,231
P408678,232
P408678,489
P408678,70
P408678,3976
P440494,815
P440494,83
P440494,49
P440494,60
P440494,67
P440494,20
P440494,2362
P440494,66
P440494,322
P440494,72
P440494,91
P440494,2125
P449835,909
P449835,373
P449835,174
P449835,70
P449835,363
P449835,987
P449835,637
P449835,175
P449835,177
P397627,83
P397627,4
P397627,5
P397627,3669
P397627,3670
P397627,11
P397627,178
P397627,289
P397627,92
P397627,7
P397627,1270
P397627,2729
P397627,850
P397627,130
P397627,93
P397627,3671
P397627,103
P397627,128
P397627,1211
P397627,815
P397627,3672
P477413,100
P477413,66
P477413,86
P477413,1520
P477413,71
P477413,90
P477413,358
P477413,4
P477413,352
P477413,102
P477413,107
P477413,108
P477413,3977
P477413,539
P477413,366
P477413,3978
P477413,75
P477413,398
P477413,96
P477413,2362
P477413,3979
P477413,60
P477413,617
P477413,520
P477413,2005
P477413,197
P477413,367
P477413,3003
P477413,3004
P477413,3002
P477413,185
P477413,1326
P477413,422
P477413,3980
P477413,3981
P477413,132
P477413,255
P477413,2439
P477413,254
P477413,2968
P477413,189
P477413,190
P477413,224
P477413,2665
P477413,133
P477413,313
P477413,5
P477413,57
P477413,72
P477413,2740
P477413,240
P477413,88
P477413,470
P477413,266
P477413,9
P477413,79
P477413,3982
P447790,83
P447790,878
P447790,3491
P447790,7
P447790,91
P447790,8
P447790,12
P447790,20
P447790,132
P447790,2527
P447790,1243
P447790,78
P447790,3983
P448563,524
P448563,7
P448563,529
P448563,88
P448563,24
P448563,289
P448563,809
P448563,4
P448563,1213
P448563,1520
P448563,1291
P448563,170
P448563,713
P448563,748
P448563,831
P448563,840
P448563,531
P448563,533
P448563,2353
P448563,2354
P448563,457
P448563,1203
P448563,828
P448563,2454
P448563,1388
P448563,1475
P448563,3984
P448563,1292
P448563,1667
P448563,131
P448563,95
P448563,227
P448563,2371
P448563,2706
P448563,2920
P448563,8
P448563,1521
P448563,1399
P448563,454
P448563,72
P448563,835
P448563,27
P448563,63
P448563,89
P448563,20
P448563,237
P448563,84
P448563,805
P448563,3985
P448563,3986
P448563,3987
P448563,3988
P448563,117
P448563,397
P448563,74
P448563,5
P448563,1437
P448563,546
P448563,441
P448563,75
P448563,93
P448563,266
P448563,51
P448563,79
P448563,374
P448563,91
P448563,3989
P448563,1138
P473724,55
P473724,7
P473724,6
P473724,1281
P473724,4
P473724,590
P473724,79
P473724,75
P473724,668
P473724,568
P473724,131
P473724,753
P473724,60
P473724,61
P473724,70
P473724,1828
P473724,57
P473724,716
P473724,807
P473724,808
P473724,266
P473724,2302
P435801,83
P435801,200
P435801,9
P435801,4
P435801,878
P435801,3990
P435801,3991
P435801,1228
P435801,554
P435801,1229
P435801,1227
P435801,3992
P435801,3993
P435801,1231
P435801,97
P435801,3994
P435801,3995
P435801,3996
P435801,7
P435801,2
P435801,441
P435801,3997
P435801,75
P435801,171
P435801,169
P435801,3024
P435801,86
P435801,2067
P435801,170
P435801,848
P435801,484
P435801,5
P435801,106
P435801,165
P435801,1215
P435801,192
P435801,700
P435801,327
P435801,188
P435801,175
P435801,173
P435801,174
P435801,566
P455610,348
P455610,4
P455610,33
P455610,89
P455610,71
P455610,1420
P455610,86
P455610,1614
P455610,5
P455610,1312
P455610,746
P455610,170
P455610,84
P455610,24
P455610,595
P455610,210
P455610,209
P455610,286
P455610,1618
P455610,1019
P455610,2088
P455610,3998
P455610,7
P455610,463
P455610,120
P455610,675
P455610,2368
P455610,169
P455610,57
P455610,92
P455610,1695
P455610,3999
P455610,593
P455610,12
P455610,131
P455610,4000
P455610,93
P455610,2145
P455610,4001
P455610,20
P455610,274
P455610,91
P455610,175
P455610,1256
P455610,445
P455610,4002
P455610,1738
P455610,4003
P455610,97
P455610,3026
P455610,4004
P455610,360
P455610,422
P455610,70
P455610,106
P455610,8
P455610,4005
P455610,4006
P455610,4007
P455610,4008
P455610,132
P455610,4009
P455610,2285
P455610,4010
P455610,236
P455610,396
P455610,395
P455610,1437
P455610,2706
P455610,1043
P455610,225
P455610,4011
P455610,231
P455610,2698
P455610,224
P455610,232
P455610,230
P455610,3545
P455610,2708
P455610,227
P455610,229
P455610,4012
P455610,223
P455610,228
P455610,2886
P455610,4013
P455610,3035
P455610,2707
P455610,4014
P455610,809
P455610,1779
P455610,4015
P455610,877
P455610,3468
P455610,226
P455610,806
P455610,4016
P455610,4017
P455610,4018
P455610,4019
P455610,1875
P455610,3079
P472343,3967
P472343,261
P472343,403
P472343,4020
P472343,1306
P472343,1305
P472343,304
P472343,348
P472343,3972
P472343,4
P472343,3226
P472343,2336
P472343,909
P472343,3224
P472343,762
P472343,2031
P472343,90
P472343,2929
P472343,1181
P472343,3970
P472343,2180
P472343,2182
P472343,3971
P472343,2181
P472343,2463
P472343,1148
P472343,1149
P472343,209
P472343,210
P472343,1245
P472343,39
P472343,426
P472343,590
P472343,4021
P480191,348
P480191,1196
P480191,85
P480191,1717
P480191,595
P480191,4
P480191,84
P480191,683
P480191,88
P480191,2569
P480191,527
P480191,2805
P480191,1270
P480191,4022
P480191,1844
P480191,1969
P480191,1559
P480191,4023
P480191,129
P480191,848
P480191,29
P480191,20
P480191,2687
P480191,130
P480191,546
P480191,92
P480191,161
P480191,61
P480191,555
P480191,71
P480191,589
P480191,39
P480191,7
P480191,682
P480191,9
P480191,1357
P480191,166
P480191,3234
P480191,76
P480191,156
P480191,4024
P480191,117
P480191,70
P480191,1130
P480191,262
P480191,93
P480191,12
P480191,72
P480191,446
P480191,75
P480191,1483
P480191,206
P480191,78
P480191,91
P480191,266
P480191,174
P480191,1235
P503926,348
P503926,4
P503926,76
P503926,961
P503926,235
P503926,88
P503926,5
P503926,90
P503926,1876
P503926,4025
P503926,4026
P503926,954
P503926,774
P503926,3235
P503926,4027
P503926,1127
P503926,748
P503926,595
P503926,75
P503926,676
P503926,169
P503926,20
P503926,265
P503926,4028
P503926,418
P503926,67
P503926,95
P503926,131
P503926,57
P503926,4029
P503926,4030
P503926,266
P503926,79
P503926,4031
P469504,1
P469504,102
P469504,78
P469504,4032
P469504,66
P469504,2005
P469504,20
P469504,161
P469504,133
P469504,815
P469504,7
P469504,546
P469504,2055
P469504,91
P469504,1294
P427641,946
P427641,4
P427641,274
P427641,88
P427641,90
P427641,947
P427641,86
P427641,89
P427641,948
P427641,646
P427641,404
P427641,91
P427641,170
P427641,71
P427641,72
P427641,76
P427641,756
P427641,70
P427641,418
P427641,75
P427641,20
P427641,47
P427641,97
P427641,130
P427641,15
P427641,360
P427641,272
P427641,949
P427641,7
P427641,77
P427641,174
P427641,207
P427641,8
P427641,240
P427641,175
P427641,106
P427641,222
P427641,221
P427641,950
P444969,83
P444969,592
P444969,815
P444969,106
P444969,66
P444969,322
P444969,112
P444969,1657
P444969,3041
P444969,2425
P444969,883
P444969,266
P444969,79
P444969,2377
P444969,804
P444969,3042
P444969,75
P444969,3043
P444969,3044
P431416,71
P431416,807
P431416,1916
P431416,2237
P431416,767
P431416,1465
P431416,4033
P431416,617
P431416,843
P431416,1199
P431416,3024
P431416,70
P431416,1788
P431416,1790
P431416,1793
P431416,453
P431416,1794
P431416,1791
P431416,1795
P431416,1796
P431416,338
P431416,340
P431416,1797
P431416,1798
P431416,1799
P431416,1792
P431416,524
P431416,2704
P431416,2671
P431416,2978
P431416,1317
P431416,3693
P431416,4
P431416,1804
P431416,2516
P431416,863
P431416,770
P431416,4034
P431416,634
P431416,1883
P431416,532
P431416,831
P431416,531
P431416,4035
P431416,747
P431416,7
P431416,74
P431416,121
P431416,51
P431416,207
P431416,272
P431416,174
P431416,392
P500399,83
P500399,85
P500399,1162
P500399,3371
P500399,782
P500399,2614
P500399,1164
P500399,33
P500399,9
P500399,86
P500399,3539
P500399,652
P500399,1167
P500399,1556
P500399,469
P500399,835
P500399,836
P500399,61
P500399,522
P500399,4
P500399,71
P500399,1165
P500399,670
P500399,74
P500399,4036
P500399,72
P500399,5
P500399,166
P500399,805
P500399,240
P500399,133
P500399,79
P500399,266
P500399,93
P500399,246
P500399,1449
P500399,445
P500399,1355
P500399,1105
P500399,4037
P500399,4038
P500399,4039
P456989,55
P456989,4
P456989,813
P456989,2342
P456989,18
P456989,2012
P456989,254
P456989,20
P456989,2343
P456989,45
P456989,520
P456989,4040
P456989,4041
P456989,4042
P456989,557
P456989,454
P456989,3056
P456989,131
P456989,49
P456989,2345
P456989,814
P456989,138
P456989,2264
P456989,2266
P456989,993
P456989,535
P456989,89
P456989,2346
P456989,2268
P456989,461
P456989,462
P456989,7
P456989,4043
P456989,174
P456989,176
P456989,271
P456989,202
P456989,489
P456989,75
P456989,135
P456989,91
P456989,313
P456989,117
P456989,57
P456989,2347
P456989,266
P456989,4044
P452002,4045
P452002,4046
P452002,3933
P452002,7
P452002,2978
P452002,72
P452002,1248
P452002,3934
P452002,4047
P452002,261
P452002,89
P452002,3309
P452002,4048
P452002,73
P452002,617
P452002,767
P452002,3679
P452002,1359
P452002,3939
P452002,676
P452002,457
P452002,2343
P452002,74
P452002,430
P452002,4049
P452002,1731
P474116,4050
P474116,1346
P474116,9
P474116,4
P474116,2569
P474116,89
P474116,679
P474116,4051
P474116,4052
P474116,85
P474116,811
P474116,221
P474116,4053
P474116,1671
P474116,454
P474116,1120
P474116,4054
P474116,3113
P474116,1846
P474116,5
P474116,129
P474116,660
P474116,2299
P474116,74
P474116,1521
P474116,1254
P474116,1746
P474116,1637
P474116,130
P474116,66
P474116,61
P474116,263
P474116,1670
P474116,7
P474116,1130
P474116,1680
P474116,39
P474116,70
P474116,12
P474116,57
P474116,33
P474116,75
P474116,91
P474116,441
P474116,122
P474116,79
P474116,266
P474116,78
P474116,2270
P456997,348
P456997,7
P456997,3491
P456997,118
P456997,20
P456997,4
P456997,12
P456997,3511
P456997,57
P456997,4055
P456997,4056
P456997,132
P456997,4057
P456997,4058
P456997,8
P456997,91
P456997,79
P456997,2124
P456997,2302
P474115,2567
P474115,1346
P474115,85
P474115,4
P474115,208
P474115,2569
P474115,1311
P474115,7
P474115,528
P474115,3023
P474115,89
P474115,1503
P474115,424
P474115,4059
P474115,2571
P474115,1120
P474115,4060
P474115,363
P474115,637
P474115,4061
P474115,4062
P474115,4063
P474115,96
P474115,3113
P474115,4064
P474115,19
P474115,2142
P474115,1868
P474115,987
P474115,2066
P474115,3933
P474115,130
P474115,129
P474115,119
P474115,3998
P474115,2797
P474115,47
P474115,677
P474115,2825
P474115,1128
P474115,1293
P474115,169
P474115,679
P474115,805
P474115,5
P474115,39
P474115,2800
P474115,166
P474115,1795
P474115,588
P474115,70
P474115,135
P474115,117
P474115,57
P474115,4065
P474115,589
P474115,590
P474115,1129
P474115,155
P474115,463
P474115,568
P474115,72
P474115,265
P474115,3822
P474115,74
P474115,1481
P474115,91
P474115,122
P474115,79
P474115,266
P474115,75
P474115,206
P474115,174
P474115,176
P474115,175
P474115,177
P454315,4066
P454315,4067
P454315,3114
P454315,878
P454315,383
P454315,420
P454315,4
P454315,3526
P454315,75
P454315,1070
P454315,66
P454315,1461
P454315,1321
P454315,70
P454315,1862
P454315,3132
P454315,57
P454315,2753
P454315,1686
P454315,176
P454315,4068
P454315,426
P454315,64
P454315,2072
P454315,317
P454315,1126
P454315,423
P454315,4069
P475204,348
P475204,1544
P475204,4
P475204,7
P475204,106
P475204,274
P475204,161
P475204,60
P475204,2012
P475204,4070
P475204,2541
P475204,4071
P475204,286
P475204,685
P475204,20
P475204,2011
P475204,1388
P475204,166
P475204,4024
P475204,1961
P475204,76
P475204,527
P475204,1357
P475204,555
P475204,133
P475204,430
P475204,2390
P475204,84
P475204,4072
P475204,252
P475204,75
P475204,107
P475204,78
P475204,266
P475204,79
P475204,72
P475204,91
P475204,261
P475204,468
P475204,376
P475193,348
P475193,2614
P475193,208
P475193,4
P475193,90
P475193,71
P475193,4073
P475193,1144
P475193,1544
P475193,627
P475193,162
P475193,2237
P475193,1872
P475193,4074
P475193,752
P475193,1939
P475193,532
P475193,107
P475193,264
P475193,420
P475193,677
P475193,301
P475193,1481
P475193,1851
P475193,131
P475193,70
P475193,414
P475193,9
P475193,117
P475193,427
P475193,430
P475193,257
P475193,4075
P475193,1776
P475193,265
P475193,633
P475193,338
P475193,79
P475193,12
P475193,72
P475193,252
P475193,75
P475193,4076
P475193,91
P475193,266
P475193,4077
P445726,55
P445726,761
P445726,4
P445726,628
P445726,88
P445726,71
P445726,86
P445726,746
P445726,4078
P445726,5
P445726,627
P445726,676
P445726,1660
P445726,660
P445726,133
P445726,555
P445726,777
P445726,117
P445726,78
P445726,266
P445726,3237
P445726,749
P445726,750
P445726,416
P445726,70
P445726,61
P445726,1072
P445726,376
P399934,83
P399934,89
P399934,4
P399934,156
P399934,529
P399934,1746
P399934,9
P399934,90
P399934,394
P399934,1148
P399934,1206
P399934,449
P399934,3296
P399934,1525
P399934,4079
P399934,4080
P399934,3712
P399934,3476
P399934,750
P399934,4081
P399934,841
P399934,452
P399934,450
P399934,1401
P399934,1352
P399934,1179
P399934,451
P399934,4082
P399934,3930
P399934,4083
P399934,2950
P399934,158
P399934,833
P399934,237
P399934,152
P399934,155
P399934,20
P399934,117
P399934,648
P399934,1290
P399934,1474
P399934,455
P399934,809
P399934,2454
P399934,166
P399934,1207
P399934,831
P399934,12
P399934,7
P399934,86
P399934,484
P399934,454
P399934,595
P399934,133
P399934,84
P399934,684
P399934,71
P399934,1293
P399934,131
P399934,747
P399934,527
P399934,1852
P399934,1113
P399934,75
P399934,78
P399934,119
P399934,79
P399934,4084
P399934,369
P399934,467
P399934,93
P399934,51
P399934,91
P399934,246
P399934,272
P399934,1595
P399934,4085
P399934,202
P399934,1887
P399934,4086
P469508,1
P469508,4
P469508,20
P469508,18
P469508,97
P469508,396
P469508,395
P469508,401
P469508,1327
P469508,130
P469508,158
P469508,161
P469508,1395
P469508,7
P469508,403
P469508,8
P469508,57
P469508,75
P469508,78
P469508,106
P469508,12
P469508,392
P455215,55
P455215,4
P455215,33
P455215,185
P455215,559
P455215,1355
P455215,71
P455215,166
P455215,745
P455215,1521
P455215,756
P455215,5
P455215,72
P455215,86
P455215,568
P455215,78
P455215,20
P455215,1478
P455215,2083
P455215,75
P455215,2260
P482740,83
P482740,89
P482740,1398
P482740,785
P482740,641
P482740,4
P482740,74
P482740,790
P482740,786
P482740,825
P482740,455
P482740,646
P482740,404
P482740,787
P482740,476
P482740,774
P482740,1843
P482740,850
P482740,584
P482740,1844
P482740,20
P482740,1757
P482740,95
P482740,1845
P482740,1846
P482740,1279
P482740,804
P482740,321
P482740,7
P482740,93
P482740,311
P482740,70
P482740,51
P482740,118
P482740,482
P482740,1606
P482740,489
P482740,798
P482740,1847
P482740,441
P482740,91
P482740,122
P482740,467
P482740,305
P482740,1848
P482740,1849
P482740,1587
P482740,1850
P433617,83
P433617,84
P433617,562
P433617,593
P433617,4
P433617,103
P433617,7
P433617,596
P433617,87
P433617,842
P433617,4087
P433617,4088
P433617,412
P433617,121
P433617,358
P433617,93
P433617,884
P433617,1174
P433617,783
P433617,1318
P433617,272
P433617,176
P433617,173
P433617,489
P433617,963
P433617,4089
P433617,1844
P433617,74
P433617,878
P433617,4090
P433617,850
P433617,135
P433617,131
P433617,3686
P433617,122
P433617,471
P475186,348
P475186,90
P475186,7
P475186,527
P475186,770
P475186,2849
P475186,764
P475186,29
P475186,86
P475186,170
P475186,85
P475186,4
P475186,627
P475186,421
P475186,994
P475186,432
P475186,418
P475186,2166
P475186,197
P475186,1603
P475186,550
P475186,2978
P475186,95
P475186,131
P475186,563
P475186,107
P475186,2979
P475186,405
P475186,8
P475186,706
P475186,2066
P475186,2067
P475186,1204
P475186,12
P475186,1828
P475186,78
P475186,75
P475186,15
P475186,72
P475186,686
P475186,352
P475186,426
P475186,76
P475186,91
P475186,121
P475186,1572
P475186,207
P386762,3242
P386762,1414
P386762,4091
P386762,4
P386762,2146
P461947,1567
P461947,66
P461947,4
P461947,815
P461947,9
P461947,5
P461947,76
P461947,71
P461947,648
P461947,745
P461947,244
P461947,166
P461947,676
P461947,89
P461947,155
P461947,4092
P461947,103
P461947,8
P461947,331
P461947,90
P461947,70
P461947,93
P461947,1227
P461947,156
P461947,584
P461947,450
P461947,398
P461947,669
P461947,4093
P461947,242
P461947,4094
P461947,95
P461947,4095
P461947,4096
P461947,266
P461947,79
P461947,4097
P417243,4098
P417243,879
P417243,743
P417243,449
P417243,1788
P417243,1790
P417243,1793
P417243,453
P417243,1794
P417243,1791
P417243,1795
P417243,1796
P417243,338
P417243,340
P417243,1797
P417243,1798
P417243,1799
P417243,1792
P417243,7
P417243,4099
P417243,4100
P417243,20
P417243,75
P417243,441
P417243,106
P417243,809
P417243,454
P417243,93
P417243,2377
P417243,91
P417243,266
P417243,121
P417243,272
P417243,464
P417243,1138
P449836,83
P449836,410
P449836,2051
P449836,2052
P449836,2053
P449836,9
P449836,2054
P449836,72
P449836,2055
P449836,2056
P449836,252
P449836,413
P449836,91
P449836,2057
P449836,266
P449836,92
P449836,161
P449836,624
P449836,269
P449836,390
P449836,75
P449836,2058
P449836,2059
P449836,322
P449836,833
P449836,45
P449836,2060
P449836,70
P449836,899
P449836,177
P417114,4098
P417114,2513
P417114,9
P417114,106
P417114,3666
P417114,455
P417114,1788
P417114,1790
P417114,1793
P417114,453
P417114,1794
P417114,1791
P417114,1795
P417114,1796
P417114,338
P417114,340
P417114,1797
P417114,1798
P417114,1799
P417114,1792
P417114,2516
P417114,400
P417114,1317
P417114,422
P417114,809
P417114,454
P417114,4
P417114,12
P417114,20
P417114,7
P417114,75
P417114,78
P417114,121
P417114,4101
P417114,91
P417114,207
P417114,204
P417114,173
P417114,272
P417114,174
P417114,1397
P409816,83
P409816,1162
P409816,1210
P409816,3673
P409816,484
P409816,646
P409816,89
P409816,1520
P409816,181
P409816,7
P409816,463
P409816,4
P409816,1034
P409816,1031
P409816,599
P409816,3280
P409816,601
P409816,2809
P409816,2810
P409816,1029
P409816,2812
P409816,1030
P409816,2814
P409816,2815
P409816,176
P409816,272
P409816,173
P409816,174
P409816,175
P409816,1352
P409816,840
P409816,3278
P409816,452
P409816,1041
P409816,158
P409816,2354
P409816,1040
P409816,86
P409816,841
P409816,765
P409816,2349
P409816,637
P409816,454
P409816,2353
P409816,1229
P409816,3279
P409816,401
P409816,1398
P409816,422
P409816,828
P409816,1000
P409816,1043
P409816,170
P409816,20
P409816,796
P409816,1086
P409816,553
P409816,131
P409816,72
P409816,12
P409816,90
P409816,237
P409816,455
P409816,747
P409816,75
P409816,133
P409816,117
P409816,265
P409816,390
P409816,374
P409816,93
P409816,91
P409816,4102
P409816,3675
P409816,3676
P409816,3677
P409816,3678
P504313,348
P504313,71
P504313,9
P504313,4
P504313,660
P504313,3448
P504313,161
P504313,475
P504313,4103
P504313,3331
P504313,4104
P504313,870
P504313,460
P504313,265
P504313,2571
P504313,4105
P504313,4106
P504313,4107
P504313,130
P504313,1388
P504313,454
P504313,72
P504313,1678
P504313,1671
P504313,1670
P504313,745
P504313,1677
P504313,221
P504313,222
P504313,20
P504313,78
P504313,5
P504313,274
P504313,70
P504313,118
P504313,716
P504313,4108
P504313,75
P504313,12
P504313,546
P504313,117
P504313,1470
P504313,441
P504313,1637
P504313,1449
P504313,445
P504313,57
P504313,1680
P504313,91
P504313,266
P504313,1294
P474107,2567
P474107,1346
P474107,308
P474107,89
P474107,4
P474107,535
P474107,76
P474107,552
P474107,153
P474107,2569
P474107,747
P474107,7
P474107,8
P474107,72
P474107,161
P474107,1355
P474107,91
P474107,78
P474107,61
P474107,1445
P474107,836
P474107,835
P474107,4053
P474107,121
P474107,12
P474107,390
P474107,993
P474107,155
P474107,1749
P474107,93
P474107,92
P474107,20
P474107,2377
P474107,240
P474107,633
P474107,1116
P474107,2223
P474107,2062
P474107,3315
P474107,133
P474107,2412
P474107,2572
P474107,75
P474107,31
P474107,117
P474107,79
P474107,1598
P474107,266
P474107,1297
P474107,207
P474107,677
P474107,174
P474107,2064
P474107,2069
P474107,41
P474107,74
P474107,4109
P474107,272
P474107,2124
P474107,175
P474107,173
P474107,70
P474107,176
P474107,202
P474107,206
P474107,2428
P480986,55
P480986,761
P480986,7
P480986,706
P480986,4110
P480986,4
P480986,86
P480986,90
P480986,1355
P480986,244
P480986,133
P480986,1449
P480986,745
P480986,131
P480986,72
P480986,555
P480986,57
P480986,12
P480986,1581
P480986,2523
P480986,265
P480986,156
P480986,242
P480986,430
P480986,445
P480986,471
P481743,348
P481743,4
P481743,85
P481743,140
P481743,89
P481743,7
P481743,9
P481743,528
P481743,2569
P481743,428
P481743,671
P481743,3023
P481743,394
P481743,2805
P481743,924
P481743,2370
P481743,987
P481743,2425
P481743,363
P481743,4111
P481743,637
P481743,2572
P481743,1559
P481743,1043
P481743,672
P481743,684
P481743,117
P481743,546
P481743,119
P481743,352
P481743,457
P481743,527
P481743,1212
P481743,588
P481743,39
P481743,206
P481743,155
P481743,262
P481743,70
P481743,93
P481743,5
P481743,72
P481743,3822
P481743,1503
P481743,1293
P481743,463
P481743,1130
P481743,446
P481743,57
P481743,74
P481743,805
P481743,75
P481743,441
P481743,79
P481743,266
P481743,1132
P469526,1889
P469526,4112
P469526,89
P469526,7
P469526,9
P469526,84
P469526,86
P469526,155
P469526,4113
P469526,2285
P469526,2284
P469526,3180
P469526,4114
P469526,835
P469526,4115
P469526,864
P469526,1352
P469526,4116
P469526,4117
P469526,3077
P469526,90
P469526,395
P469526,396
P469526,97
P469526,1041
P469526,401
P469526,158
P469526,4118
P469526,363
P469526,70
P469526,3987
P469526,398
P469526,842
P469526,649
P469526,1128
P469526,71
P469526,590
P469526,3320
P469526,706
P469526,403
P469526,57
P469526,4119
P469526,8
P469526,78
P469526,135
P469526,91
P469526,549
P375354,55
P375354,4
P375354,1800
P375354,3767
P375354,89
P375354,1199
P375354,7
P375354,527
P375354,76
P375354,1783
P375354,24
P375354,2540
P375354,1688
P375354,304
P375354,86
P375354,4120
P375354,2246
P375354,4121
P375354,118
P375354,1784
P375354,91
P375354,152
P375354,352
P375354,568
P375354,3766
P375354,166
P375354,1462
P375354,1637
P375354,93
P375354,131
P375354,57
P375354,78
P375354,4122
P375354,991
P375354,261
P375354,1690
P375354,3847
P375354,130
P375354,842
P375354,1595
P375354,63
P375354,489
P375354,3648
P375354,174
P375354,667
P375354,72
P375354,390
P375354,51
P375354,1692
P375354,239
P375354,176
P375354,418
P375354,173
P375354,1572
P375354,4123
P375354,1179
P375354,668
P375354,12
P375354,4124
P375354,79
P375354,3112
P375354,70
P375354,75
P375354,266
P375354,1584
P475196,348
P475196,102
P475196,7
P475196,4
P475196,78
P475196,676
P475196,1544
P475196,905
P475196,2892
P475196,4125
P475196,2166
P475196,1258
P475196,264
P475196,190
P475196,191
P475196,189
P475196,132
P475196,197
P475196,195
P475196,2441
P475196,4126
P475196,903
P475196,107
P475196,1255
P475196,198
P475196,1064
P475196,196
P475196,79
P475196,252
P475196,266
P475196,77
P475196,72
P475196,3804
P476736,4127
P476736,9
P476736,348
P476736,61
P476736,4
P476736,7
P476736,460
P476736,1596
P476736,2179
P476736,2015
P476736,71
P476736,670
P476736,2013
P476736,90
P476736,97
P476736,958
P476736,331
P476736,2380
P476736,3224
P476736,762
P476736,764
P476736,4128
P476736,704
P476736,20
P476736,1715
P476736,4129
P476736,2479
P476736,4130
P476736,112
P476736,3792
P476736,257
P476736,2299
P476736,416
P476736,833
P476736,422
P476736,96
P476736,29
P476736,1892
P476736,428
P476736,4131
P476736,1181
P476736,627
P476736,169
P476736,2361
P476736,57
P476736,265
P476736,426
P476736,776
P476736,75
P476736,2967
P469512,1
P469512,552
P469512,527
P469512,7
P469512,4
P469512,86
P469512,170
P469512,463
P469512,475
P469512,555
P469512,1664
P469512,525
P469512,1017
P469512,747
P469512,1333
P469512,395
P469512,396
P469512,1332
P469512,97
P469512,2064
P469512,2590
P469512,20
P469512,1335
P469512,1336
P469512,158
P469512,90
P469512,127
P469512,1179
P469512,96
P469512,4029
P469512,4132
P469512,4133
P469512,131
P469512,92
P469512,398
P469512,1749
P469512,161
P469512,133
P469512,679
P469512,4134
P469512,594
P469512,89
P469512,441
P469512,756
P469512,72
P469512,2433
P469512,1342
P469512,78
P469512,2083
P469512,1109
P469512,106
P469512,93
P469512,33
P469512,91
P469512,246
P469512,1294
P442001,100
P442001,29
P442001,1521
P442001,658
P442001,660
P442001,4135
P442001,129
P442001,91
P442001,117
P442001,1420
P442001,57
P442001,455
P442001,72
P442001,246
P442001,18
P442001,1395
P442001,20
P442001,70
P442001,4136
P442001,9
P442001,93
P442001,12
P442001,528
P442001,74
P442001,10
P442001,61
P442001,4137
P442001,4023
P442001,878
P442001,4138
P442001,102
P442001,107
P442001,1527
P442001,762
P442001,329
P442001,761
P442001,634
P442001,239
P442001,4139
P442001,331
P442001,848
P442001,76
P442001,4
P442001,366
P442001,266
P442001,4140
P442001,589
P442001,1483
P442001,78
P442001,605
P442001,39
P442001,4141
P442001,4142
P442001,4143
P442001,247
P442001,4144
P442001,177
P470048,4145
P470048,83
P470048,592
P470048,593
P470048,4
P470048,594
P470048,412
P470048,595
P470048,103
P470048,596
P470048,84
P470048,597
P470048,598
P470048,599
P470048,600
P470048,601
P470048,602
P470048,272
P470048,603
P470048,604
P470048,449
P470048,605
P470048,88
P470048,606
P470048,7
P470048,93
P470048,607
P470048,608
P470048,4146
P470048,381
P470048,382
P470048,383
P470048,384
P470048,106
P470048,170
P470048,385
P470048,57
P470048,117
P470048,386
P470048,387
P470048,262
P470048,388
P470048,389
P470048,72
P470048,12
P470048,390
P470048,171
P470048,391
P470048,392
P470048,4147
P470048,4148
P470048,2811
P470048,1031
P470048,4149
P470048,2812
P470048,4150
P470048,174
P470048,173
P470048,176
P470048,1153
P470048,4151
P470048,4152
P470048,2454
P470048,2978
P470048,460
P470048,4153
P470048,4154
P470048,4155
P470048,3002
P470048,2463
P470048,1896
P470048,451
P470048,2913
P470048,834
P470048,454
P470048,4156
P470048,2128
P470048,2371
P470048,165
P470048,2148
P470048,4157
P470048,743
P470048,20
P470048,131
P470048,265
P470048,76
P470048,78
P470048,75
P470048,266
P470048,4158
P470048,100
P470048,274
P470048,4110
P470048,1412
P470048,660
P470048,833
P470048,3280
P470048,1030
P470048,2814
P470048,2810
P470048,1034
P470048,2815
P470048,405
P470048,2349
P470048,828
P470048,222
P470048,1203
P470048,221
P470048,1204
P470048,1292
P470048,840
P470048,1969
P470048,1043
P470048,1040
P470048,637
P470048,1208
P470048,584
P470048,835
P470048,60
P470048,1041
P470048,71
P470048,562
P470048,1211
P470048,8
P470048,489
P470048,2989
P470048,430
P470048,51
P470048,4159
P470048,208
P470048,74
P470048,1216
P470048,1513
P470048,1029
P470048,175
P470048,529
P470048,1861
P470048,4160
P470048,452
P470048,455
P470048,1514
P470048,1402
P470048,133
P470048,453
P470048,842
P470048,237
P470048,958
P470048,90
P470048,1487
P470048,463
P470048,745
P455897,9
P455897,4161
P416538,4098
P416538,2513
P416538,89
P416538,713
P416538,138
P416538,24
P416538,770
P416538,662
P416538,457
P416538,170
P416538,2849
P416538,825
P416538,1788
P416538,1790
P416538,1793
P416538,453
P416538,1794
P416538,1791
P416538,1795
P416538,1796
P416538,338
P416538,340
P416538,1797
P416538,1798
P416538,1799
P416538,1792
P416538,1179
P416538,1684
P416538,840
P416538,765
P416538,4162
P416538,450
P416538,837
P416538,4026
P416538,2602
P416538,4080
P416538,4163
P416538,832
P416538,416
P416538,451
P416538,1534
P416538,3831
P416538,3829
P416538,4
P416538,4164
P416538,2354
P416538,422
P416538,4165
P416538,3296
P416538,4166
P416538,842
P416538,191
P416538,4034
P416538,1143
P416538,604
P416538,454
P416538,238
P416538,169
P416538,436
P416538,605
P416538,4167
P416538,1527
P416538,744
P416538,994
P416538,2167
P416538,7
P416538,3832
P416538,850
P416538,117
P416538,831
P416538,20
P416538,461
P416538,828
P416538,237
P416538,2789
P416538,4168
P416538,531
P416538,71
P416538,462
P416538,131
P416538,1905
P416538,76
P416538,562
P416538,266
P416538,4169
P416538,1548
P416538,4170
P416538,369
P416538,265
P416538,809
P416538,1211
P416538,121
P416538,153
P416538,74
P416538,3930
P416538,93
P416538,91
P416538,272
P416538,203
P416538,173
P416538,176
P416538,174
P416538,2519
P459140,4171
P459140,55
P459140,815
P459140,813
P459140,4
P459140,278
P459140,165
P459140,814
P459140,743
P459140,816
P459140,818
P459140,326
P459140,45
P459140,819
P459140,570
P459140,520
P459140,680
P459140,820
P459140,161
P459140,2145
P459140,3474
P459140,12
P459140,9
P459140,821
P459140,49
P459140,822
P459140,568
P459140,489
P459140,91
P459140,2347
P459140,4172
P459140,4173
P459140,4174
P459140,2500
P459140,2503
P459140,4175
P459140,4176
P459140,4177
P504794,100
P504794,1205
P504794,2208
P504794,4
P504794,2741
P504794,3024
P504794,209
P504794,86
P504794,88
P504794,5
P504794,4178
P504794,210
P504794,1053
P504794,1320
P504794,416
P504794,132
P504794,70
P504794,224
P504794,313
P504794,9
P504794,242
P504794,107
P504794,89
P504794,244
P504794,3317
P482007,100
P482007,4
P482007,429
P482007,354
P482007,4179
P482007,878
P482007,5
P482007,166
P482007,57
P482007,72
P482007,252
P482007,56
P482007,268
P482007,349
P482007,430
P482007,9
P482007,390
P482007,4180
P482007,4181
P482007,4182
P409920,83
P409920,104
P409920,2
P409920,4183
P409920,7
P409920,831
P409920,4
P409920,809
P409920,366
P409920,454
P409920,20
P409920,106
P409920,455
P409920,3567
P409920,199
P409920,171
P409920,122
P409920,4184
P309409,83
P309409,552
P309409,617
P309409,4185
P309409,4
P309409,7
P309409,1521
P309409,527
P309409,170
P309409,484
P309409,76
P309409,840
P309409,2128
P309409,2913
P309409,416
P309409,637
P309409,1969
P309409,422
P309409,829
P309409,456
P309409,454
P309409,2354
P309409,828
P309409,1667
P309409,2454
P309409,117
P309409,89
P309409,86
P309409,555
P309409,131
P309409,635
P309409,72
P309409,71
P309409,36
P309409,166
P309409,57
P309409,455
P309409,20
P309409,747
P309409,8
P309409,78
P309409,75
P309409,93
P309409,91
P309409,37
P309409,4186
P481742,4187
P481742,4188
P481742,4189
P481742,4190
P481742,348
P481742,9
P481742,297
P481742,2569
P481742,4
P481742,88
P481742,3080
P481742,56
P481742,555
P481742,3940
P481742,4191
P481742,127
P481742,1270
P481742,685
P481742,398
P481742,4076
P481742,4192
P481742,3951
P481742,960
P481742,1297
P481742,89
P481742,2572
P481742,20
P481742,264
P481742,677
P481742,633
P481742,563
P481742,49
P481742,131
P481742,106
P481742,1241
P481742,808
P481742,76
P481742,7
P481742,3654
P481742,72
P481742,660
P481742,117
P481742,5
P481742,166
P481742,263
P481742,1130
P481742,457
P481742,1109
P481742,446
P481742,805
P481742,93
P481742,57
P481742,426
P481742,75
P481742,51
P481742,79
P481742,266
P481742,4193
P504050,348
P504050,1725
P504050,9
P504050,2569
P504050,628
P504050,234
P504050,90
P504050,89
P504050,5
P504050,2965
P504050,3023
P504050,127
P504050,2919
P504050,1709
P504050,1672
P504050,363
P504050,637
P504050,20
P504050,652
P504050,405
P504050,61
P504050,2572
P504050,987
P504050,29
P504050,4
P504050,2922
P504050,1270
P504050,4194
P504050,484
P504050,1198
P504050,398
P504050,117
P504050,131
P504050,685
P504050,76
P504050,72
P504050,106
P504050,635
P504050,457
P504050,235
P504050,3654
P504050,70
P504050,1284
P504050,1661
P504050,166
P504050,1449
P504050,745
P504050,1382
P504050,588
P504050,57
P504050,93
P504050,1109
P504050,1130
P504050,805
P504050,74
P504050,49
P504050,4195
P504050,51
P504050,75
P504050,445
P504050,4196
P504050,2270
P472031,83
P472031,382
P472031,9
P472031,383
P472031,3023
P472031,1312
P472031,776
P472031,1482
P472031,4197
P472031,92
P472031,66
P472031,7
P472031,95
P472031,112
P472031,94
P472031,261
P472031,4
P472031,96
P472031,4198
P472031,468
P472031,132
P472031,1057
P472031,91
P472031,266
P472031,366
P472031,1258
P472031,1045
P472031,79
P472031,430
P472031,342
P472031,1731
P433461,4
P433461,815
P433461,809
P433461,4199
P433461,1936
P433461,4200
P433461,20
P433461,4201
P433461,1478
P433461,224
P433461,804
P433461,2083
P433461,366
P433461,161
P433461,9
P433461,65
P433461,75
P433461,921
P433461,687
P440496,640
P440496,815
P440496,641
P440496,4202
P440496,2237
P440496,1019
P440496,274
P440496,161
P440496,1961
P440496,4
P440496,92
P440496,1388
P440496,843
P440496,91
P440496,246
P440496,266
P440496,780
P440496,2326
P475200,4203
P475200,4204
P475200,1544
P475200,627
P475200,162
P475200,2237
P475200,1872
P475200,4074
P475200,752
P475200,1939
P475200,532
P475200,107
P475200,264
P475200,420
P475200,677
P475200,301
P475200,1481
P475200,1851
P475200,131
P475200,70
P475200,414
P475200,9
P475200,117
P475200,427
P475200,430
P475200,257
P475200,4075
P475200,1776
P475200,265
P475200,633
P475200,338
P475200,79
P475200,12
P475200,72
P475200,252
P475200,75
P475200,4076
P475200,91
P475200,266
P475200,4077
P475200,4205
P475200,348
P475200,4
P475200,2299
P475200,29
P475200,138
P475200,140
P475200,747
P475200,527
P475200,646
P475200,170
P475200,86
P475200,4206
P475200,994
P475200,2124
P475200,20
P475200,3452
P475200,102
P475200,1603
P475200,95
P475200,440
P475200,418
P475200,421
P475200,4207
P475200,3454
P475200,1767
P475200,3559
P475200,3455
P475200,1655
P475200,1350
P475200,564
P475200,1920
P475200,2060
P475200,1353
P475200,3457
P475200,2969
P475200,469
P475200,835
P475200,836
P475200,2543
P475200,749
P475200,1309
P475200,71
P475200,161
P475200,4208
P475200,1382
P475200,4209
P475200,4036
P475200,4210
P475200,4211
P475200,4212
P475200,3458
P475200,3177
P475200,165
P475200,484
P475200,4213
P475200,155
P475200,7
P475200,463
P475200,119
P475200,118
P475200,390
P475200,240
P475200,133
P475200,135
P475200,426
P475200,445
P475200,174
P475200,272
P475200,203
P475200,2135
P475200,1476
P475200,4214
P475200,90
P475200,1144
P475200,209
P475200,3853
P475200,210
P475200,219
P475200,220
P475200,3854
P475200,129
P475200,878
P475200,274
P475200,842
P475200,2446
P475200,3770
P475200,2753
P475200,391
P475200,2444
P475200,2939
P475200,57
P475200,3855
P475200,1275
P475200,18
P475200,2445
P475200,243
P475200,472
P475200,263
P475200,673
P475200,39
P475200,239
P475200,247
P475200,401
P475200,4215
P475200,3847
P475200,563
P475200,3766
P475200,8
P475200,1148
P475200,275
P475200,1149
P475200,76
P475200,78
P475200,549
P475200,4216
P475200,671
P475200,88
P475200,3371
P475200,405
P475200,2978
P475200,855
P475200,197
P475200,1042
P475200,2541
P475200,2166
P475200,833
P475200,550
P475200,672
P475200,828
P475200,432
P475200,1566
P475200,74
P475200,1828
P475200,166
P475200,686
P505047,1
P505047,671
P505047,4
P505047,90
P505047,527
P505047,1697
P505047,394
P505047,2789
P505047,672
P505047,617
P505047,19
P505047,256
P505047,2222
P505047,94
P505047,4217
P505047,4218
P505047,522
P505047,4219
P505047,469
P505047,4220
P505047,4221
P505047,126
P505047,398
P505047,70
P505047,747
P505047,2825
P505047,4015
P505047,240
P505047,224
P505047,236
P505047,595
P505047,241
P505047,225
P505047,223
P505047,230
P505047,232
P505047,229
P505047,231
P505047,227
P505047,226
P505047,228
P505047,133
P505047,169
P505047,4222
P505047,430
P505047,79
P505047,3736
P505047,4223
P505047,12
P505047,118
P505047,363
P505047,637
P505047,839
P505047,91
P505047,4224
P505047,61
P505047,1127
P505047,57
P505047,454
P505047,78
P505047,376
P459835,348
P459835,274
P459835,743
P459835,1725
P459835,4
P459835,879
P459835,74
P459835,558
P459835,2514
P459835,3361
P459835,2722
P459835,436
P459835,4225
P459835,91
P459835,275
P459835,106
P459835,86
P459835,7
P459835,4226
P459835,206
P459835,4227
P459835,170
P459835,2147
P459835,4228
P459835,8
P459835,1795
P459835,20
P459835,1457
P459835,78
P459835,4229
P459835,131
P459835,66
P459835,1709
P459835,76
P459835,842
P459835,1906
P459835,1797
P459835,753
P459835,1598
P459835,1412
P459835,79
P459835,9
P459835,710
P459835,57
P459835,568
P459835,4230
P459835,564
P459835,616
P459835,107
P459835,266
P459835,72
P459835,1796
P459835,1117
P459835,5
P459835,75
P459835,4231
P459835,2936
P459835,2937
P459835,391
P459835,49
P459835,2330
P459835,174
P459835,176
P459835,173
P459835,272
P459835,1235
P484033,90
P484033,440
P484033,1361
P484033,747
P484033,71
P484033,176
P484033,1681
P475590,100
P475590,7
P475590,170
P475590,89
P475590,74
P475590,2355
P475590,634
P475590,4
P475590,1514
P475590,2065
P475590,454
P475590,2543
P475590,397
P475590,71
P475590,834
P475590,838
P475590,840
P475590,2351
P475590,2350
P475590,2352
P475590,60
P475590,835
P475590,584
P475590,1208
P475590,29
P475590,627
P475590,20
P475590,274
P475590,237
P475590,401
P475590,131
P475590,1364
P475590,455
P475590,706
P475590,1828
P475590,842
P475590,12
P475590,72
P475590,70
P475590,1852
P475590,169
P475590,1007
P475590,8
P475590,484
P475590,78
P475590,51
P475590,745
P475590,489
P475590,2989
P475590,93
P475590,91
P475590,246
P475590,686
P475590,266
P475590,3808
P475590,37
P475590,1331
P475590,1753
P475590,4232
P471062,4233
P471062,100
P471062,4
P471062,138
P471062,2
P471062,89
P471062,302
P471062,1327
P471062,20
P471062,395
P471062,1332
P471062,396
P471062,97
P471062,1333
P471062,1334
P471062,1324
P471062,133
P471062,70
P471062,563
P471062,4234
P471062,1336
P471062,428
P471062,1337
P471062,1338
P471062,1339
P471062,4235
P471062,1341
P471062,1123
P471062,879
P471062,12
P471062,786
P471062,158
P471062,252
P471062,441
P471062,75
P471062,594
P471062,815
P471062,1342
P471062,7
P471062,443
P471062,527
P471062,93
P471062,79
P471062,266
P471062,91
P471062,1343
P471062,4236
P471062,1738
P471062,454
P471062,285
P471062,1868
P471062,92
P471062,673
P471062,29
P471062,96
P471062,584
P471062,4237
P471062,881
P471062,4238
P471062,3734
P471062,4239
P471062,4240
P471062,3770
P471062,439
P471062,66
P471062,762
P471062,4241
P471062,1282
P471062,745
P471062,390
P471062,9
P471062,1712
P471062,809
P471062,1713
P471062,39
P471062,1128
P471062,878
P471062,808
P471062,117
P471062,265
P471062,1906
P471062,1797
P471062,310
P471062,1796
P471062,11
P471062,812
P471062,1266
P471062,3669
P471062,1437
P471062,445
P471062,1449
P471062,4242
P471062,1130
P471062,5
P471062,4243
P471062,33
P471062,1887
P471062,37
P471062,845
P441645,83
P441645,71
P441645,813
P441645,2809
P441645,9
P441645,1893
P441645,88
P441645,4244
P441645,663
P441645,4245
P441645,4246
P441645,454
P441645,1715
P441645,1041
P441645,4247
P441645,4248
P441645,86
P441645,2031
P441645,70
P441645,748
P441645,352
P441645,75
P441645,1282
P441645,467
P441645,264
P441645,266
P441645,1294
P474118,348
P474118,89
P474118,4
P474118,71
P474118,2569
P474118,85
P474118,86
P474118,170
P474118,9
P474118,646
P474118,1458
P474118,76
P474118,1503
P474118,352
P474118,1212
P474118,671
P474118,3023
P474118,2572
P474118,2064
P474118,924
P474118,363
P474118,1352
P474118,987
P474118,4249
P474118,3513
P474118,685
P474118,2062
P474118,454
P474118,20
P474118,19
P474118,398
P474118,130
P474118,672
P474118,117
P474118,161
P474118,5
P474118,807
P474118,70
P474118,39
P474118,484
P474118,168
P474118,119
P474118,527
P474118,12
P474118,4250
P474118,457
P474118,155
P474118,93
P474118,2069
P474118,1521
P474118,1130
P474118,126
P474118,588
P474118,57
P474118,3822
P474118,805
P474118,74
P474118,33
P474118,445
P474118,91
P474118,75
P474118,266
P474118,79
P474118,4251
P470049,55
P470049,382
P470049,88
P470049,71
P470049,1790
P470049,748
P470049,4
P470049,206
P470049,61
P470049,1258
P470049,1797
P470049,398
P470049,1501
P470049,820
P470049,322
P470049,272
P470049,1227
P470049,4252
P470049,70
P470049,391
P470049,3500
P470049,175
P470049,57
P470049,107
P470049,173
P470049,205
P470049,174
P470049,4253
P470049,2822
P502758,4254
P502758,348
P502758,9
P502758,153
P502758,390
P502758,756
P502758,4
P502758,275
P502758,76
P502758,397
P502758,4255
P502758,451
P502758,4256
P502758,1758
P502758,1678
P502758,1677
P502758,222
P502758,221
P502758,828
P502758,2569
P502758,130
P502758,2572
P502758,2919
P502758,95
P502758,1875
P502758,4257
P502758,4258
P502758,263
P502758,1637
P502758,12
P502758,2850
P502758,72
P502758,116
P502758,1680
P502758,74
P502758,1388
P502758,441
P502758,75
P502758,49
P502758,3488
P502758,369
P502758,91
P502758,79
P502758,266
P502758,2302
P472022,83
P472022,4
P472022,9
P472022,304
P472022,76
P472022,4259
P472022,441
P472022,776
P472022,69
P472022,326
P472022,4260
P472022,45
P472022,4261
P442745,83
P442745,71
P442745,4
P442745,1487
P442745,4185
P442745,289
P442745,274
P442745,662
P442745,1399
P442745,89
P442745,527
P442745,7
P442745,127
P442745,4262
P442745,3280
P442745,601
P442745,4263
P442745,1031
P442745,1030
P442745,2814
P442745,2812
P442745,2810
P442745,1029
P442745,1034
P442745,405
P442745,2815
P442745,174
P442745,272
P442745,173
P442745,176
P442745,175
P442745,1137
P442745,2349
P442745,3765
P442745,841
P442745,3024
P442745,454
P442745,237
P442745,833
P442745,840
P442745,2065
P442745,838
P442745,828
P442745,90
P442745,834
P442745,842
P442745,131
P442745,455
P442745,70
P442745,133
P442745,463
P442745,20
P442745,684
P442745,484
P442745,72
P442745,170
P442745,86
P442745,555
P442745,166
P442745,49
P442745,75
P442745,57
P442745,8
P442745,489
P442745,1113
P442745,78
P442745,93
P442745,51
P442745,392
P479688,55
P479688,4
P479688,9
P479688,76
P479688,1660
P479688,676
P479688,777
P479688,5
P479688,745
P479688,78
P479688,57
P479688,750
P479688,749
P479688,106
P479688,1072
P479688,568
P479688,75
P479688,263
P479688,374
P479688,79
P479688,266
P479688,3446
P433469,1889
P433469,1346
P433469,89
P433469,4
P433469,7
P433469,76
P433469,1521
P433469,535
P433469,127
P433469,1894
P433469,2062
P433469,97
P433469,4264
P433469,222
P433469,221
P433469,2805
P433469,960
P433469,70
P433469,90
P433469,166
P433469,71
P433469,244
P433469,133
P433469,106
P433469,850
P433469,262
P433469,443
P433469,78
P433469,1148
P433469,1746
P433469,461
P433469,156
P433469,93
P433469,546
P433469,8
P433469,240
P433469,242
P433469,1930
P433469,2
P433469,441
P433469,33
P433469,72
P433469,246
P433469,91
P433469,121
P433469,272
P433469,1476
P438648,83
P438648,89
P438648,24
P438648,4
P438648,85
P438648,1697
P438648,448
P438648,403
P438648,308
P438648,3586
P438648,443
P438648,786
P438648,658
P438648,7
P438648,401
P438648,2066
P438648,396
P438648,158
P438648,97
P438648,1204
P438648,395
P438648,706
P438648,1328
P438648,825
P438648,311
P438648,93
P438648,252
P438648,91
P438648,74
P438648,8
P438648,843
P438648,57
P438648,467
P438648,732
P438648,122
P438648,686
P438648,246
P438648,107
P438648,2
P438648,12
P438648,471
P504208,4265
P504208,23
P504208,24
P504208,1205
P504208,26
P504208,27
P504208,4266
P504208,29
P504208,30
P504208,31
P504208,32
P504208,33
P504208,4267
P504208,35
P504208,36
P504208,37
P504208,268
P504208,39
P504208,40
P504208,41
P504208,4268
P504208,43
P504208,4269
P504208,45
P504208,46
P504208,47
P504208,48
P504208,49
P504208,100
P504208,4
P504208,9
P504208,51
P504208,52
P504208,53
P504208,4270
P504208,4271
P504208,7
P504208,455
P504208,1364
P504208,5
P504208,90
P504208,289
P504208,715
P504208,1409
P504208,463
P504208,1404
P504208,8
P504208,10
P504208,166
P504208,12
P504208,93
P504208,4272
P504208,4273
P504208,1310
P504208,746
P504208,1320
P504208,2701
P504208,4014
P504208,4274
P504208,1270
P504208,174
P504208,4275
P504208,272
P504208,471
P504208,4276
P504208,178
P504208,161
P504208,88
P504208,670
P504208,1254
P504208,244
P504208,319
P504208,325
P504208,242
P504208,324
P504208,1057
P504208,4277
P504208,2311
P504208,4278
P474376,83
P474376,813
P474376,137
P474376,4279
P474376,4
P474376,4280
P474376,2343
P474376,2344
P474376,1324
P474376,77
P474376,4281
P474376,57
P474376,119
P474376,568
P474376,174
P474376,176
P474376,271
P474376,202
P474376,1595
P474376,78
P474376,122
P474376,391
P474376,392
P417323,265
P417323,2053
P417323,349
P417323,412
P417323,382
P417323,49
P417323,252
P417323,2531
P417323,366
P417323,4282
P417323,369
P417323,1583
P417323,3930
P417323,83
P417323,4283
P442263,4284
P442263,1
P442263,4285
P442263,24
P442263,1216
P442263,4
P442263,88
P442263,153
P442263,2076
P442263,9
P442263,89
P442263,1058
P442263,404
P442263,86
P442263,528
P442263,4286
P442263,957
P442263,878
P442263,29
P442263,45
P442263,2789
P442263,163
P442263,4287
P442263,4288
P442263,1360
P442263,553
P442263,633
P442263,2904
P442263,959
P442263,91
P442263,1382
P442263,291
P442263,794
P442263,1284
P442263,7
P442263,169
P442263,2449
P442263,961
P442263,363
P442263,186
P442263,4289
P442263,15
P442263,4290
P442263,1661
P442263,3168
P442263,76
P442263,57
P442263,72
P442263,12
P442263,390
P442263,637
P442263,839
P442263,20
P442263,242
P442263,706
P442263,4291
P442263,1449
P442263,70
P442263,37
P442263,4292
P442263,445
P442263,1225
P442263,4293
P442263,352
P442263,61
P442263,1484
P442263,3926
P442263,4294
P442263,117
P442263,4295
P442263,4296
P442263,286
P442263,3454
P442263,471
P447787,83
P447787,7
P447787,3491
P447787,9
P447787,91
P447787,20
P447787,12
P447787,132
P447787,4297
P447787,4298
P454937,83
P454937,7
P454937,3491
P454937,9
P454937,91
P454937,20
P454937,12
P454937,132
P454937,4297
P454937,4298
P475187,348
P475187,1019
P475187,4
P475187,671
P475187,7
P475187,88
P475187,835
P475187,994
P475187,432
P475187,418
P475187,2166
P475187,1603
P475187,2854
P475187,2978
P475187,95
P475187,197
P475187,1546
P475187,2541
P475187,257
P475187,421
P475187,2979
P475187,131
P475187,563
P475187,2543
P475187,1844
P475187,672
P475187,405
P475187,1828
P475187,426
P475187,166
P475187,1548
P475187,78
P475187,76
P475187,463
P475187,57
P475187,12
P475187,75
P475187,686
P475187,390
P475187,72
P475187,392
P501004,20
P501004,667
P501004,4
P501004,455
P501004,274
P501004,9
P501004,1567
P501004,7
P501004,72
P501004,12
P501004,95
P501004,1735
P501004,5
P501004,4299
P504218,4300
P504218,348
P504218,358
P504218,9
P504218,250
P504218,4
P504218,963
P504218,964
P504218,408
P504218,446
P504218,434
P504218,965
P504218,652
P504218,20
P504218,653
P504218,468
P504218,103
P504218,966
P504218,93
P504218,91
P504218,12
P504218,79
P504218,548
P504218,118
P504218,4301
P504218,4302
P504218,645
P504218,89
P504218,90
P504218,23
P504218,484
P504218,646
P504218,647
P504218,525
P504218,648
P504218,649
P504218,650
P504218,486
P504218,95
P504218,651
P504218,363
P504218,67
P504218,654
P504218,655
P504218,68
P504218,436
P504218,656
P504218,657
P504218,70
P504218,244
P504218,242
P504218,156
P504218,7
P504218,658
P504218,264
P504218,175
P504218,174
P504218,272
P504218,33
P504218,445
P504218,37
P504218,4303
P469518,1
P469518,208
P469518,4
P469518,2433
P469518,1431
P469518,29
P469518,90
P469518,756
P469518,117
P469518,130
P469518,222
P469518,97
P469518,127
P469518,2222
P469518,2005
P469518,96
P469518,1559
P469518,1558
P469518,1557
P469518,131
P469518,4304
P469518,1143
P469518,633
P469518,7
P469518,815
P469518,1211
P469518,57
P469518,392
P476485,83
P476485,4
P476485,1248
P476485,76
P476485,7
P476485,85
P476485,274
P476485,409
P476485,18
P476485,20
P476485,4305
P476485,4306
P476485,4307
P476485,66
P476485,131
P476485,264
P476485,588
P476485,166
P476485,1382
P476485,89
P476485,155
P476485,1694
P476485,119
P476485,57
P476485,78
P476485,75
P476485,103
P476485,70
P476485,15
P476485,12
P476485,79
P476485,266
P476485,91
P476485,467
P476485,202
P476485,175
P476485,271
P476485,174
P476485,272
P476485,4308
P482694,100
P482694,7
P482694,4
P482694,90
P482694,714
P482694,140
P482694,1364
P482694,3091
P482694,5
P482694,86
P482694,746
P482694,3915
P482694,3282
P482694,662
P482694,84
P482694,595
P482694,24
P482694,244
P482694,527
P482694,9
P482694,3916
P482694,166
P482694,38
P482694,57
P482694,39
P482694,811
P482694,10
P482694,12
P482694,93
P482694,242
P482694,92
P482694,19
P482694,1270
P482694,97
P482694,593
P482694,2746
P482694,1404
P482694,70
P482694,2331
P446908,524
P446908,89
P446908,4
P446908,1364
P446908,448
P446908,7
P446908,1216
P446908,1487
P446908,825
P446908,531
P446908,997
P446908,472
P446908,20
P446908,673
P446908,1000
P446908,460
P446908,996
P446908,2920
P446908,397
P446908,126
P446908,833
P446908,366
P446908,2454
P446908,131
P446908,3831
P446908,554
P446908,1445
P446908,422
P446908,836
P446908,835
P446908,454
P446908,133
P446908,4309
P446908,841
P446908,322
P446908,1137
P446908,999
P446908,155
P446908,457
P446908,3718
P446908,240
P446908,311
P446908,308
P446908,676
P446908,90
P446908,181
P446908,843
P446908,76
P446908,93
P446908,51
P446908,266
P446908,79
P446908,91
P446908,272
P446908,465
P446908,4310
P440491,83
P440491,4311
P440491,815
P440491,8
P440491,1082
P440491,804
P440491,95
P440491,1070
P440491,367
P440491,685
P440491,66
P440491,72
P440491,390
P440491,91
P440491,687
P500445,2567
P500445,1346
P500445,813
P500445,4
P500445,7
P500445,880
P500445,165
P500445,91
P500445,454
P500445,161
P500445,815
P500445,256
P500445,60
P500445,112
P500445,106
P500445,4312
P500445,246
P500445,79
P500445,266
P500445,70
P500445,237
P500445,696
P500445,430
P500445,118
P500445,20
P500445,489
P500445,1905
P500445,71
P500445,2419
P500445,568
P500445,33
P500445,445
P500445,4313
P500445,4314
P457519,100
P457519,7
P457519,89
P457519,4
P457519,457
P457519,20
P457519,836
P457519,835
P457519,454
P457519,131
P457519,1310
P457519,1324
P457519,363
P457519,97
P457519,1527
P457519,221
P457519,1388
P457519,395
P457519,906
P457519,2551
P457519,1678
P457519,469
P457519,396
P457519,563
P457519,1333
P457519,91
P457519,4315
P457519,2382
P457519,428
P457519,1293
P457519,155
P457519,546
P457519,4316
P457519,158
P457519,4317
P457519,119
P457519,240
P457519,79
P457519,261
P457519,266
P457519,588
P457519,12
P457519,133
P457519,72
P457519,390
P457519,1342
P457519,75
P457519,441
P457519,1256
P457519,1637
P457519,169
P457519,527
P457519,1680
P457519,2
P457519,93
P457519,70
P457519,4318
P457519,199
P457519,156
P457519,484
P457519,86
P457519,4319
P457519,1677
P457519,2554
P480300,946
P480300,102
P480300,106
P480300,237
P480300,4320
P468671,50
P468671,4
P468671,593
P468671,596
P468671,103
P468671,84
P468671,4179
P468671,86
P468671,1717
P468671,595
P468671,2819
P468671,38
P468671,166
P468671,110
P468671,884
P468671,174
P468671,93
P468671,272
P468671,811
P468671,858
P468671,4321
P476681,20
P476681,667
P476681,4
P476681,455
P476681,9
P476681,4322
P476681,7
P476681,72
P476681,339
P476681,5
P476681,119
P476681,12
P476681,828
P476681,3026
P476681,4323
P379009,83
P379009,89
P379009,4
P379009,24
P379009,513
P379009,2409
P379009,1327
P379009,4324
P379009,4325
P379009,913
P379009,4122
P379009,70
P379009,756
P379009,78
P379009,4326
P379009,590
P379009,84
P379009,91
P379009,130
P379009,170
P379009,12
P379009,595
P379009,74
P379009,246
P379009,4327
P379009,658
P379009,152
P379009,174
P379009,76
P379009,206
P379009,272
P379009,57
P379009,4065
P379009,72
P379009,166
P379009,593
P379009,4328
P379009,93
P379009,173
P379009,2540
P379009,204
P379009,589
P379009,86
P379009,39
P379009,687
P420638,83
P420638,89
P420638,535
P420638,7
P420638,4
P420638,71
P420638,76
P420638,1894
P420638,2062
P420638,2124
P420638,3092
P420638,605
P420638,2790
P420638,2064
P420638,20
P420638,436
P420638,3925
P420638,418
P420638,2853
P420638,4329
P420638,554
P420638,74
P420638,3084
P420638,1243
P420638,70
P420638,3177
P420638,12
P420638,75
P420638,244
P420638,90
P420638,1581
P420638,443
P420638,156
P420638,130
P420638,242
P420638,117
P420638,161
P420638,2886
P420638,1623
P420638,2069
P420638,342
P420638,72
P420638,246
P420638,79
P420638,266
P420638,91
P420638,467
P420638,173
P420638,4085
P420638,174
P420638,177
P468143,3293
P468143,4330
P468143,2380
P468143,4331
P468143,2781
P468143,1173
P468143,90
P468143,2090
P468143,61
P468143,363
P468143,1872
P468143,574
P468143,4332
P468143,13
P468143,1863
P468143,896
P468143,1124
P468143,909
P468143,762
P468143,2072
P468143,3315
P468143,70
P468143,987
P468143,2608
P468143,637
P468143,175
P468143,173
P468143,176
P468143,174
P468143,177
P471064,1160
P471064,4333
P471064,612
P471064,1161
P471064,83
P471064,74
P471064,7
P471064,3673
P471064,1251
P471064,131
P471064,86
P471064,2406
P471064,89
P471064,1327
P471064,170
P471064,527
P471064,84
P471064,91
P471064,428
P471064,520
P471064,1905
P471064,76
P471064,3086
P471064,20
P471064,313
P471064,398
P471064,1412
P471064,430
P471064,71
P471064,266
P471064,79
P471064,12
P471064,93
P471064,97
P471064,75
P471064,441
P471064,2766
P471064,1342
P471064,4
P471064,594
P471064,158
P471064,1333
P471064,1332
P471064,395
P471064,396
P471064,1335
P471064,1336
P471064,70
P471064,3976
P461195,55
P461195,4
P461195,7
P461195,2769
P461195,5
P461195,2250
P461195,1457
P461195,76
P461195,161
P461195,1303
P461195,92
P461195,4334
P461195,809
P461195,850
P461195,12
P461195,568
P461195,430
P461195,640
P461195,2378
P461195,2558
P461195,4335
P461195,4336
P461195,4337
P461195,1607
P461195,118
P461195,4338
P461195,2379
P461195,75
P461195,70
P461195,80
P423143,83
P423143,89
P423143,76
P423143,842
P423143,627
P423143,7
P423143,4
P423143,165
P423143,479
P423143,4339
P423143,673
P423143,274
P423143,2412
P423143,887
P423143,463
P423143,992
P423143,9
P423143,20
P423143,1126
P423143,322
P423143,69
P423143,2072
P423143,1000
P423143,4340
P423143,194
P423143,87
P423143,2669
P423143,170
P423143,166
P423143,70
P423143,809
P423143,71
P423143,12
P423143,78
P423143,263
P423143,805
P423143,57
P423143,272
P423143,176
P423143,392
P471085,55
P471085,9
P471085,76
P471085,4
P471085,2801
P471085,265
P471085,6
P471085,756
P471085,428
P471085,568
P471085,365
P471085,79
P471085,430
P471085,57
P471085,266
P471085,75
P471085,2967
P504134,2434
P504134,762
P504134,4341
P504134,764
P504134,4342
P504134,405
P504134,4343
P504134,71
P504134,61
P504134,131
P504134,1199
P504134,29
P504134,4344
P504134,12
P504134,72
P504134,4345
P504134,1220
P504134,4346
P504134,192
P504134,574
P504134,4332
P504134,13
P504134,373
P504134,4347
P504134,4348
P504134,4349
P504134,4350
P504134,1476
P423165,4
P423165,89
P423165,2
P423165,7
P423165,455
P423165,1134
P423165,4351
P423165,23
P423165,646
P423165,713
P423165,535
P423165,484
P423165,87
P423165,74
P423165,352
P423165,140
P423165,4352
P423165,4353
P423165,487
P423165,308
P423165,91
P423165,528
P423165,37
P423165,4354
P423165,1284
P423165,121
P423165,650
P423165,131
P423165,2828
P423165,441
P423165,33
P423165,51
P423165,4355
P423165,4315
P423165,1847
P423165,489
P423165,171
P423165,310
P423165,103
P423165,1753
P423165,488
P423165,75
P423165,272
P423165,118
P423165,1595
P423165,174
P423165,479
P423165,1572
P423165,173
P423165,176
P423165,207
P423165,4356
P423165,1331
P423165,1532
P423165,4357
P423165,1116
P423165,3686
P423165,1521
P423165,4358
P423165,95
P423165,330
P423165,471
P202935,1745
P202935,7
P202935,4
P202935,89
P202935,24
P202935,87
P202935,528
P202935,476
P202935,646
P202935,4351
P202935,1749
P202935,767
P202935,484
P202935,352
P202935,4354
P202935,4359
P202935,527
P202935,91
P202935,1748
P202935,121
P202935,780
P202935,75
P202935,650
P202935,1241
P202935,131
P202935,4360
P202935,4361
P202935,1595
P202935,488
P202935,171
P202935,2724
P202935,37
P202935,174
P202935,272
P202935,1572
P202935,176
P202935,207
P202935,173
P202935,1331
P202935,1753
P202935,1275
P202935,310
P202935,51
P202935,471
P447409,83
P447409,178
P447409,4
P447409,7
P447409,1746
P447409,76
P447409,2207
P447409,24
P447409,634
P447409,86
P447409,2208
P447409,595
P447409,1382
P447409,84
P447409,1811
P447409,155
P447409,10
P447409,166
P447409,119
P447409,520
P447409,588
P447409,93
P447409,593
P447409,2209
P447409,95
P447409,5
P447409,20
P447409,2210
P482755,348
P482755,9
P482755,4
P482755,382
P482755,1886
P482755,1453
P482755,104
P482755,460
P482755,1544
P482755,2441
P482755,110
P482755,197
P482755,427
P482755,1828
P482755,107
P482755,2299
P482755,420
P482755,745
P482755,414
P482755,2012
P482755,252
P482755,74
P482755,78
P482755,812
P482755,75
P482755,441
P482755,57
P482755,265
P482755,7
P482755,122
P482755,5
P482755,12
P482755,79
P482755,70
P482755,91
P482755,121
P482755,4362
P482755,1476
P446820,83
P446820,4
P446820,660
P446820,91
P446820,117
P446820,1712
P446820,1713
P446820,2464
P446820,5
P446820,72
P446820,165
P446820,1128
P446820,467
P446820,75
P446820,107
P446820,93
P446820,1905
P446820,808
P446820,78
P446820,174
P446820,1550
P446820,71
P446820,79
P446820,266
P446820,2378
P446820,4363
P471547,83
P471547,4
P471547,410
P471547,56
P471547,846
P471547,249
P471547,847
P471547,9
P471547,286
P471547,848
P471547,237
P471547,238
P471547,468
P471547,849
P471547,211
P471547,850
P471547,70
P471547,75
P471547,91
P471547,78
P471547,79
P471547,252
P471547,851
P416728,55
P416728,89
P416728,138
P416728,4
P416728,29
P416728,274
P416728,457
P416728,442
P416728,118
P416728,298
P416728,7
P416728,1355
P416728,568
P416728,33
P416728,311
P416728,91
P416728,323
P416728,1688
P416728,1481
P416728,187
P416728,1128
P416728,843
P416728,75
P416728,1606
P416728,475
P416728,79
P416728,1449
P416728,321
P416728,78
P416728,130
P416728,1689
P416728,266
P416728,174
P416728,1690
P416728,310
P416728,1105
P416728,70
P416728,176
P416728,428
P416728,1691
P416728,1572
P416728,173
P416728,1184
P416728,175
P416728,1692
P416728,1693
P433524,4
P433524,83
P433524,71
P433524,138
P433524,913
P433524,289
P433524,91
P433524,358
P433524,12
P433524,246
P433524,668
P433524,57
P433524,121
P433524,558
P433524,559
P433524,562
P433524,61
P433524,70
P433524,774
P433524,4364
P433524,131
P433524,1050
P433524,696
P433524,563
P433524,49
P433524,75
P433524,51
P433524,564
P433524,637
P433524,271
P433524,207
P433524,272
P433524,203
P433524,2437
P433524,3953
P417115,524
P417115,308
P417115,1788
P417115,89
P417115,4
P417115,7
P417115,662
P417115,825
P417115,770
P417115,1790
P417115,1793
P417115,453
P417115,1794
P417115,1791
P417115,1795
P417115,1796
P417115,338
P417115,340
P417115,1797
P417115,1798
P417115,1799
P417115,1792
P417115,2516
P417115,1210
P417115,531
P417115,24
P417115,297
P417115,1507
P417115,840
P417115,4365
P417115,326
P417115,534
P417115,1684
P417115,449
P417115,1229
P417115,3829
P417115,4366
P417115,685
P417115,554
P417115,4367
P417115,2129
P417115,416
P417115,422
P417115,3476
P417115,828
P417115,1667
P417115,20
P417115,454
P417115,1000
P417115,831
P417115,158
P417115,1398
P417115,401
P417115,4169
P417115,4368
P417115,71
P417115,3088
P417115,809
P417115,457
P417115,72
P417115,1449
P417115,131
P417115,747
P417115,133
P417115,684
P417115,2789
P417115,3718
P417115,455
P417115,1113
P417115,4168
P417115,390
P417115,604
P417115,445
P417115,51
P417115,174
P417115,272
P417115,176
P417115,173
P417115,37
P417115,392
P440492,2567
P440492,1346
P440492,1019
P440492,815
P440492,3403
P440492,3404
P440492,86
P440492,527
P440492,92
P440492,112
P440492,2425
P440492,70
P440492,107
P440492,4369
P440492,568
P440492,804
P440492,780
P440492,1569
P440492,252
P440492,173
P440492,2379
P440492,3446
P481401,4370
P405286,83
P405286,4
P405286,1162
P405286,1904
P405286,3673
P405286,484
P405286,7
P405286,646
P405286,1520
P405286,463
P405286,4371
P405286,2124
P405286,2353
P405286,840
P405286,86
P405286,833
P405286,454
P405286,95
P405286,2371
P405286,829
P405286,1210
P405286,828
P405286,809
P405286,1388
P405286,2454
P405286,2830
P405286,786
P405286,181
P405286,397
P405286,1667
P405286,170
P405286,553
P405286,89
P405286,831
P405286,36
P405286,1398
P405286,72
P405286,131
P405286,1852
P405286,20
P405286,390
P405286,546
P405286,79
P405286,441
P405286,117
P405286,93
P405286,91
P405286,464
P405286,465
P405286,3675
P405286,1587
P483151,55
P483151,7
P483151,4
P483151,58
P483151,5
P483151,745
P483151,1817
P483151,469
P483151,568
P483151,4372
P483151,57
P483151,4373
P483151,1305
P483151,61
P483151,70
P483151,666
P483151,117
P483151,1307
P483151,1908
P483151,523
P444615,2567
P444615,1346
P444615,66
P444615,4
P444615,104
P444615,106
P444615,65
P444615,4374
P444615,1699
P444615,69
P444615,76
P444615,246
P444615,72
P444615,568
P444615,266
P444615,79
P444615,252
P444615,75
P444615,91
P444615,815
P444615,122
P444615,176
P444615,173
P444615,2378
P444615,4375
P442548,83
P442548,200
P442548,102
P442548,4
P442548,1324
P442548,103
P442548,91
P442548,72
P442548,4376
P456990,1888
P456990,1889
P456990,1346
P456990,9
P456990,297
P456990,7
P456990,4
P456990,878
P456990,76
P456990,787
P456990,1895
P456990,1894
P456990,1891
P456990,2040
P456990,2041
P456990,274
P456990,70
P456990,222
P456990,221
P456990,130
P456990,61
P456990,132
P456990,71
P456990,595
P456990,93
P456990,8
P456990,240
P456990,2042
P456990,2043
P456990,106
P456990,2044
P456990,5
P456990,72
P456990,2045
P456990,78
P456990,91
P456990,121
P456990,174
P456990,2046
P428423,83
P428423,7
P428423,2
P428423,4377
P428423,3918
P428423,91
P428423,780
P428423,4378
P428423,878
P428423,75
P428423,441
P428423,121
P428423,4379
P428423,488
P428423,173
P428423,272
P428423,174
P428423,1844
P428423,70
P428423,1699
P428423,4380
P428423,4381
P470245,1889
P470245,1346
P470245,7
P470245,4
P470245,8
P470245,106
P470245,222
P470245,221
P470245,274
P470245,747
P470245,393
P470245,402
P470245,4382
P470245,4383
P470245,91
P470245,12
P470245,20
P470245,57
P470245,1660
P470245,583
P470245,1072
P470245,749
P470245,750
P470245,107
P470245,102
P470245,75
P470245,109
P470245,539
P470245,260
P470245,263
P470245,4384
P457441,4385
P457441,55
P457441,56
P457441,4
P457441,57
P457441,133
P457441,568
P457441,75
P457441,79
P457441,266
P457441,818
P457441,2302
P457441,4386
P457441,382
P457441,4387
P457441,86
P457441,670
P457441,761
P457441,3943
P457441,88
P457441,261
P457441,4388
P457441,211
P457441,1178
P457441,1185
P457441,358
P457441,235
P457441,745
P457441,7
P457441,3588
P457441,756
P457441,748
P457441,4389
P457441,78
P457441,3237
P457441,70
P457441,711
P457441,4390
P457441,1521
P457441,90
P457441,1916
P457441,5
P457441,72
P457441,166
P457441,20
P457441,1478
P457441,2083
P503562,4391
P503562,100
P503562,7
P503562,366
P503562,20
P503562,331
P503562,450
P503562,584
P503562,95
P503562,96
P503562,112
P503562,637
P503562,274
P503562,745
P503562,811
P503562,5
P503562,165
P503562,268
P503562,2326
P440499,1858
P440499,382
P440499,343
P443375,1745
P443375,7
P443375,4
P443375,89
P443375,4392
P443375,162
P443375,790
P443375,1746
P443375,484
P443375,352
P443375,646
P443375,87
P443375,455
P443375,4393
P443375,657
P443375,298
P443375,156
P443375,528
P443375,91
P443375,4354
P443375,4394
P443375,4395
P443375,1859
P443375,650
P443375,171
P443375,1241
P443375,4396
P443375,441
P443375,121
P443375,850
P443375,4355
P443375,118
P443375,74
P443375,57
P443375,454
P443375,272
P443375,75
P443375,488
P443375,788
P443375,713
P443375,70
P443375,173
P443375,489
P443375,176
P443375,1756
P443375,174
P443375,1844
P443375,1758
P443375,166
P443375,807
P443375,4397
P443375,1331
P443375,4181
P443375,1176
P443375,4398
P443375,4399
P443375,1113
P443375,4381
P436378,83
P436378,4
P436378,4400
P436378,1614
P436378,85
P436378,71
P436378,4401
P436378,86
P436378,161
P436378,170
P436378,394
P436378,8
P436378,88
P436378,91
P436378,84
P436378,339
P436378,595
P436378,72
P436378,291
P436378,246
P436378,78
P436378,131
P436378,57
P436378,106
P436378,89
P436378,93
P436378,593
P436378,152
P436378,376
P422253,83
P422253,200
P422253,4
P422253,9
P422253,74
P422253,91
P422253,641
P422253,298
P422253,382
P422253,1797
P422253,66
P422253,4402
P422253,1606
P422253,4403
P422253,92
P422253,4404
P428422,382
P428422,641
P428422,119
P428422,668
P428422,171
P428422,374
P428422,467
P428422,1331
P428422,7
P428422,83
P428422,173
P428422,272
P428422,174
P428422,2437
P428422,4405
P433440,1019
P433440,1916
P433440,4406
P433440,83
P433440,813
P433440,4407
P433440,71
P433440,1251
P433440,627
P433440,1953
P433440,892
P433440,2343
P433440,211
P433440,2344
P433440,4
P433440,817
P433440,1969
P433440,2948
P433440,2
P433440,117
P433440,454
P433440,3056
P433440,4408
P433440,467
P433440,174
P433440,176
P433440,271
P433440,202
P433440,1595
P433440,1572
P433440,4409
P433440,4410
P470247,1
P470247,4411
P470247,102
P470247,670
P470247,2361
P470247,169
P470247,89
P470247,4
P470247,557
P470247,18
P470247,1467
P470247,2507
P470247,1660
P470247,583
P470247,1072
P470247,749
P470247,750
P470247,107
P470247,75
P470247,109
P470247,539
P470247,256
P470247,4412
P470247,756
P470247,4413
P470247,4414
P470247,189
P470247,190
P470247,1062
P470247,4415
P470247,196
P470247,1065
P470247,198
P470247,1067
P470247,7
P470247,57
P470247,263
P470247,91
P470247,549
P433155,83
P433155,275
P433155,815
P433155,4
P433155,4416
P433155,743
P433155,816
P433155,2494
P433155,1513
P433155,2495
P433155,1035
P433155,2496
P433155,2497
P433155,2345
P433155,2498
P433155,2499
P433155,131
P433155,49
P433155,161
P433155,12
P433155,2145
P433155,3474
P433155,467
P433155,78
P433155,91
P433155,2347
P433155,4175
P470510,55
P470510,235
P470510,61
P470510,90
P470510,4
P470510,1251
P470510,3428
P470510,520
P470510,2973
P470510,1481
P470510,2380
P470510,161
P470510,4417
P470510,116
P470510,1598
P470510,7
P470510,29
P470510,266
P470510,79
P470510,70
P470510,20
P470510,418
P470510,265
P470510,75
P470510,95
P470510,169
P470510,131
P470510,57
P470510,2858
P470510,224
P470510,2859
P470510,228
P470510,4418
P470510,252
P470510,1623
P470510,4419
P446518,1484
P446518,140
P446518,179
P446518,155
P446518,1954
P446518,162
P446518,4420
P446518,308
P446518,4421
P446518,3537
P446518,398
P446518,627
P446518,3153
P446518,61
P446518,322
P446518,1603
P446518,1658
P446518,3130
P446518,830
P446518,4422
P446518,3718
P446518,685
P446518,4
P446518,7
P446518,4423
P446518,70
P446518,1673
P446518,4424
P446518,2816
P446518,1327
P446518,413
P446518,634
P446518,131
P446518,76
P446518,71
P446518,2
P446518,83
P446518,177
P455909,2567
P455909,1346
P455909,815
P455909,4425
P455909,567
P455909,2425
P455909,2624
P455909,66
P455909,4426
P455909,9
P455909,12
P455909,2377
P455909,568
P455909,252
P455909,75
P455909,266
P455909,79
P455909,271
P455909,174
P455909,272
P455909,2378
P455909,4427
P455909,4363
P417604,55
P417604,7
P417604,4
P417604,3845
P417604,118
P417604,153
P417604,155
P417604,3236
P417604,11
P417604,91
P417604,844
P417604,562
P417604,1688
P417604,166
P417604,1606
P417604,1916
P417604,131
P417604,568
P417604,135
P417604,1660
P417604,117
P417604,78
P417604,1690
P417604,777
P417604,2167
P417604,20
P417604,57
P417604,842
P417604,1243
P417604,749
P417604,4428
P417604,667
P417604,489
P417604,1072
P417604,239
P417604,3848
P417604,206
P417604,668
P417604,585
P417604,391
P417604,51
P417604,2379
P417604,471
P442748,61
P442748,4
P442748,71
P442748,2491
P442748,2495
P442748,9
P442748,2177
P442748,1489
P442748,83
P442748,2335
P442748,1070
P442748,2679
P442748,237
P442748,1334
P442748,70
P442748,460
P442748,2179
P442748,3158
P442748,20
P442748,18
P442748,4429
P442748,2959
P442748,2960
P442748,2961
P442748,3664
P442748,428
P442748,238
P442748,90
P442748,4430
P442748,2926
P442748,2470
P442748,2178
P442748,2183
P442748,2180
P442748,2182
P442748,2181
P442748,2187
P442748,2031
P442748,563
P442748,4431
P442748,4432
P442748,2687
P442748,913
P442748,441
P442748,426
P442748,75
P442748,885
P442748,4433
P442748,4434
P481058,83
P481058,20
P481058,527
P481058,234
P481058,4
P481058,835
P481058,555
P481058,557
P481058,892
P481058,402
P481058,235
P481058,393
P481058,341
P481058,57
P481058,394
P481058,391
P481058,206
P481058,90
P481058,3078
P481058,634
P481058,102
P481058,33
P481058,342
P481058,266
P481058,29
P481058,70
P481058,237
P481058,322
P481058,1863
P481058,4435
P481058,265
P481058,117
P481058,1872
P481058,673
P481058,1112
P481058,189
P481058,4436
P481058,2066
P481058,1467
P481058,627
P481058,2624
P481058,4437
P481058,3050
P481058,4130
P481058,4438
P429676,55
P429676,4
P429676,59
P429676,7
P429676,9
P429676,304
P429676,1784
P429676,323
P429676,118
P429676,1042
P429676,91
P429676,1449
P429676,8
P429676,166
P429676,1355
P429676,850
P429676,1606
P429676,78
P429676,74
P429676,1780
P429676,568
P429676,1690
P429676,445
P429676,3848
P429676,206
P429676,79
P429676,4439
P429676,585
P429676,391
P429676,51
P429676,2379
P429676,471
P440302,100
P440302,1631
P440302,9
P440302,4
P440302,71
P440302,1041
P440302,244
P440302,119
P440302,454
P440302,4440
P440302,7
P440302,358
P440302,107
P440302,1253
P440302,166
P440302,777
P440302,1279
P440302,833
P440302,762
P440302,329
P440302,4441
P440302,4442
P440302,57
P440302,749
P440302,750
P440302,72
P440302,1072
P440302,113
P440302,322
P440302,390
P440302,20
P440302,12
P440302,161
P440302,78
P440302,430
P440302,252
P440302,156
P440302,242
P440302,4443
P440302,265
P440302,118
P440302,91
P440302,177
P457520,757
P457520,100
P457520,89
P457520,7
P457520,457
P457520,4
P457520,1293
P457520,454
P457520,90
P457520,1738
P457520,2664
P457520,2139
P457520,1590
P457520,736
P457520,2064
P457520,1668
P457520,20
P457520,91
P457520,155
P457520,4444
P457520,132
P457520,441
P457520,119
P457520,75
P457520,106
P457520,261
P457520,588
P457520,78
P457520,93
P457520,72
P457520,390
P457520,266
P457520,79
P457520,12
P457520,2790
P457520,2886
P457520,3183
P440493,83
P440493,4
P440493,2540
P440493,89
P440493,88
P440493,1694
P440493,526
P440493,85
P440493,291
P440493,588
P440493,66
P440493,882
P440493,3688
P440493,12
P440493,263
P440493,170
P440493,72
P440493,8
P440493,467
P440493,91
P440493,2302
P467650,55
P467650,66
P467650,813
P467650,9
P467650,7
P467650,4
P467650,261
P467650,1661
P467650,75
P467650,745
P467650,568
P467650,79
P467650,441
P467650,80
P410809,83
P410809,4
P410809,1291
P410809,7
P410809,29
P410809,89
P410809,394
P410809,76
P410809,88
P410809,527
P410809,4445
P410809,86
P410809,552
P410809,170
P410809,2544
P410809,222
P410809,221
P410809,3925
P410809,418
P410809,3071
P410809,2805
P410809,1042
P410809,3480
P410809,436
P410809,454
P410809,257
P410809,2705
P410809,130
P410809,74
P410809,469
P410809,836
P410809,835
P410809,166
P410809,805
P410809,1449
P410809,153
P410809,1127
P410809,262
P410809,546
P410809,8
P410809,4446
P410809,3084
P410809,106
P410809,133
P410809,686
P410809,240
P410809,93
P410809,445
P410809,12
P410809,79
P410809,246
P410809,72
P410809,91
P410809,1476
P480280,83
P480280,90
P480280,4
P480280,71
P480280,1144
P480280,29
P480280,210
P480280,209
P480280,97
P480280,617
P480280,20
P480280,1145
P480280,237
P480280,1146
P480280,238
P480280,1053
P480280,70
P480280,1147
P480280,1148
P480280,1149
P480280,88
P480280,12
P480280,8
P480280,78
P480280,91
P480280,1150
P456204,4447
P456204,55
P456204,813
P456204,4
P456204,7
P456204,261
P456204,278
P456204,91
P456204,428
P456204,897
P456204,489
P456204,266
P456204,75
P456204,568
P456204,272
P456204,174
P456204,271
P456204,173
P456204,581
P456204,2967
P456204,4448
P456204,165
P456204,206
P456204,161
P456204,19
P456204,441
P456204,80
P440923,55
P440923,4
P440923,7
P440923,76
P440923,90
P440923,761
P440923,716
P440923,553
P440923,527
P440923,352
P440923,1042
P440923,71
P440923,1325
P440923,1360
P440923,91
P440923,89
P440923,1355
P440923,72
P440923,1449
P440923,10
P440923,74
P440923,166
P440923,131
P440923,57
P440923,1326
P440923,1116
P440923,770
P440923,568
P440923,20
P440923,1690
P440923,130
P440923,765
P440923,3648
P440923,445
P440923,79
P440923,2778
P440923,4439
P440923,51
P440923,471
P481973,348
P481973,274
P481973,2965
P481973,4
P481973,3491
P481973,208
P481973,892
P481973,132
P481973,428
P481973,161
P481973,61
P481973,3766
P481973,961
P481973,88
P481973,555
P481973,313
P481973,57
P481973,12
P481973,70
P481973,75
P481973,2069
P481973,91
P481973,118
P481973,295
P442860,83
P442860,71
P442860,663
P442860,4
P442860,1198
P442860,56
P442860,627
P442860,88
P442860,39
P442860,1127
P442860,1894
P442860,416
P442860,1544
P442860,2527
P442860,4449
P442860,1824
P442860,72
P442860,358
P442860,301
P442860,57
P442860,7
P442860,482
P442860,1130
P442860,667
P442860,4450
P442860,9
P442860,265
P442860,107
P442860,79
P442860,4451
P503820,4452
P503820,100
P503820,249
P503820,102
P503820,4
P503820,4453
P503820,676
P503820,1512
P503820,745
P503820,3207
P503820,627
P503820,1227
P503820,192
P503820,373
P503820,132
P503820,684
P503820,92
P503820,1113
P503820,455
P503820,72
P503820,20
P503820,70
P503820,353
P503820,356
P503820,1583
P503820,5
P503820,1256
P503820,56
P503820,133
P503820,252
P503820,78
P503820,75
P503820,266
P503820,79
P503820,1132
P503820,4454
P503820,7
P503820,278
P503820,107
P503820,4455
P503820,2064
P503820,2969
P503820,4456
P503820,850
P503820,397
P503820,1387
P503820,9
P503820,326
P503820,61
P503820,1284
P503820,1420
P503820,1282
P503820,76
P503820,669
P503820,12
P503820,263
P503820,57
P503820,106
P503820,174
P503820,392
P503820,4457
P503820,90
P503820,4458
P503820,1007
P503820,1399
P503820,18
P503820,19
P503820,73
P503820,1243
P503820,590
P503820,2454
P503820,532
P503820,460
P503820,66
P503820,95
P503820,331
P503820,112
P503820,96
P503820,4459
P503820,691
P503820,633
P503820,2543
P503820,13
P503820,4460
P503820,3852
P503820,4461
P503820,1939
P503820,398
P503820,4462
P503820,225
P503820,2578
P503820,472
P503820,618
P503820,776
P503820,165
P503820,4463
P503820,313
P503820,39
P503820,1483
P503820,2579
P501024,20
P501024,667
P501024,4
P501024,455
P501024,1567
P501024,9
P501024,627
P501024,7
P501024,72
P501024,5
P501024,339
P501024,12
P501024,119
P501024,828
P501024,3026
P501024,4323
P483092,55
P483092,264
P483092,107
P483092,78
P483092,4
P483092,75
P483092,7
P483092,79
P483092,666
P483092,1072
P483092,749
P483092,750
P483092,583
P483092,1660
P483092,416
P483092,80
P455227,4464
P455227,55
P455227,240
P455227,107
P455227,1943
P455227,1944
P455227,317
P455227,39
P455227,1258
P455227,122
P455227,1945
P455227,1911
P455227,326
P455227,1910
P455227,1946
P455227,1909
P455227,1132
P455227,4465
P455227,4466
P455227,527
P455227,88
P455227,1165
P455227,4
P455227,476
P455227,627
P455227,90
P455227,224
P455227,206
P455227,161
P455227,3314
P455227,374
P455227,391
P455227,809
P455227,2124
P455227,117
P455227,75
P455227,78
P455227,175
P455227,174
P455227,177
P455227,4467
P455227,156
P455227,764
P455227,768
P455227,750
P455227,57
P455227,1050
P455227,265
P455227,183
P455227,903
P455227,1908
P455227,575
P455227,891
P455227,137
P455227,91
P455227,266
P455227,70
P455227,1883
P455227,61
P455227,637
P455227,1912
P455227,176
P416725,4098
P416725,2513
P416725,7
P416725,4
P416725,1788
P416725,3666
P416725,169
P416725,71
P416725,809
P416725,767
P416725,1790
P416725,1793
P416725,453
P416725,1794
P416725,1791
P416725,1795
P416725,1796
P416725,338
P416725,340
P416725,1797
P416725,1798
P416725,1799
P416725,1792
P416725,1684
P416725,1969
P416725,2394
P416725,450
P416725,1179
P416725,2602
P416725,4080
P416725,2352
P416725,863
P416725,2167
P416725,808
P416725,989
P416725,840
P416725,90
P416725,158
P416725,454
P416725,2063
P416725,2351
P416725,422
P416725,2516
P416725,400
P416725,2124
P416725,1143
P416725,828
P416725,455
P416725,2791
P416725,89
P416725,117
P416725,850
P416725,1667
P416725,637
P416725,4166
P416725,2792
P416725,238
P416725,3476
P416725,449
P416725,531
P416725,831
P416725,398
P416725,4167
P416725,12
P416725,133
P416725,604
P416725,237
P416725,842
P416725,684
P416725,131
P416725,76
P416725,20
P416725,1113
P416725,3930
P416725,1548
P416725,538
P416725,4170
P416725,78
P416725,200
P416725,8
P416725,57
P416725,266
P416725,121
P416725,93
P416725,51
P416725,91
P416725,1554
P416725,271
P416725,207
P416725,173
P416725,174
P416725,204
P416725,272
P416725,1887
P416725,1942
P457439,55
P457439,200
P457439,4468
P457439,640
P457439,4
P457439,1660
P457439,777
P457439,366
P457439,749
P457439,750
P457439,4469
P457439,78
P457439,4470
P447607,83
P447607,4
P447607,89
P447607,71
P447607,358
P447607,1197
P447607,65
P447607,88
P447607,91
P447607,617
P447607,246
P447607,745
P447607,668
P447607,748
P447607,1213
P447607,527
P447607,2000
P447607,555
P447607,3047
P447607,70
P447607,9
P447607,441
P447607,271
P447607,75
P447607,1572
P447607,224
P447607,4471
P447607,57
P447607,176
P447607,205
P447607,366
P447607,20
P447607,687
P448715,1
P448715,3491
P448715,390
P448715,3567
P448715,161
P448715,91
P448715,1712
P448715,20
P448715,12
P448715,3511
P448715,1243
P448715,132
P448715,75
P448715,2069
P448715,4298
P501185,4472
P501185,4473
P501185,4474
P501185,4475
P501185,4476
P501185,4477
P501185,4478
P501185,4479
P501185,4480
P443550,83
P443550,4
P443550,308
P443550,89
P443550,7
P443550,274
P443550,3025
P443550,443
P443550,4481
P443550,4482
P443550,4483
P443550,4484
P443550,4485
P443550,4486
P443550,174
P443550,272
P443550,173
P443550,176
P443550,1153
P443550,4151
P443550,4152
P443550,2454
P443550,460
P443550,4153
P443550,4154
P443550,4155
P443550,4487
P443550,834
P443550,454
P443550,252
P443550,4156
P443550,1137
P443550,2371
P443550,841
P443550,838
P443550,116
P443550,106
P443550,449
P443550,12
P443550,90
P443550,786
P443550,131
P443550,265
P443550,75
P443550,51
P443550,266
P443550,4488
P464799,100
P464799,4
P464799,3670
P464799,7
P464799,652
P464799,20
P464799,747
P464799,1556
P464799,1738
P464799,131
P464799,274
P464799,130
P464799,666
P464799,750
P464799,864
P464799,835
P464799,575
P464799,749
P464799,4489
P464799,3948
P464799,92
P464799,246
P464799,454
P464799,5
P464799,2769
P464799,57
P464799,4490
P464799,762
P464799,4491
P464799,811
P464799,11
P464799,1303
P464799,342
P464799,93
P464799,1449
P464799,445
P464799,392
P432256,83
P432256,4
P432256,2251
P432256,4492
P432256,4493
P432256,76
P432256,756
P432256,878
P432256,2430
P432256,4494
P432256,95
P432256,554
P432256,4495
P432256,4496
P432256,2804
P432256,4497
P432256,943
P432256,69
P432256,20
P432256,130
P432256,4498
P432256,4499
P432256,70
P432256,404
P432256,4500
P432256,7
P432256,2294
P432256,4501
P432256,169
P432256,1606
P432256,265
P432256,74
P432256,4502
P432256,4503
P432256,2220
P432256,546
P432256,4504
P432256,901
P432256,441
P432256,72
P432256,75
P432256,77
P432256,390
P432256,266
P432256,51
P432256,1388
P432256,91
P432256,177
P500982,50
P500982,4
P500982,593
P500982,84
P500982,844
P500982,103
P500982,595
P500982,596
P500982,410
P500982,86
P500982,170
P500982,358
P500982,38
P500982,252
P500982,93
P500982,7
P500982,79
P500982,3839
P500982,19
P500982,4505
P500982,37
P500982,9
P500982,5
P500982,107
P500982,995
P500982,2055
P500982,243
P500982,12
P500982,310
P500982,321
P500982,3658
P500982,161
P500982,365
P500982,543
P500982,1603
P500982,1352
P500982,4506
P500982,1658
P500982,3948
P500982,4507
P500982,91
P500982,2331
P423690,83
P423690,1082
P423690,107
P423690,3450
P423690,410
P423690,4508
P423690,1717
P423690,71
P423690,131
P423690,78
P423690,93
P423690,91
P423690,72
P423690,4509
P423690,390
P423690,37
P423690,173
P423690,694
P423690,176
P423690,174
P423690,272
P423690,896
P423690,61
P423690,4510
P423690,4511
P423690,4340
P423690,4512
P423690,3461
P423690,4278
P423690,4513
P471086,55
P471086,9
P471086,235
P471086,76
P471086,670
P471086,1872
P471086,676
P471086,244
P471086,79
P471086,39
P471086,86
P471086,61
P471086,156
P471086,242
P471086,637
P471086,471
P380030,524
P380030,1364
P380030,9
P380030,308
P380030,181
P380030,89
P380030,7
P380030,24
P380030,658
P380030,1507
P380030,3282
P380030,1210
P380030,297
P380030,826
P380030,827
P380030,20
P380030,828
P380030,422
P380030,3831
P380030,830
P380030,831
P380030,131
P380030,832
P380030,90
P380030,3476
P380030,833
P380030,4082
P380030,60
P380030,837
P380030,4163
P380030,839
P380030,840
P380030,454
P380030,1137
P380030,841
P380030,458
P380030,808
P380030,1481
P380030,809
P380030,4
P380030,2832
P380030,2833
P380030,390
P380030,72
P380030,323
P380030,265
P380030,397
P380030,43
P380030,2950
P380030,457
P380030,1116
P380030,277
P380030,311
P380030,825
P380030,786
P380030,75
P380030,3916
P380030,321
P380030,93
P380030,51
P380030,266
P380030,246
P380030,91
P380030,37
P380030,845
P456210,1115
P456210,49
P456210,4
P456210,275
P456210,76
P456210,9
P456210,1120
P456210,20
P456210,1556
P456210,1123
P456210,1121
P456210,1131
P456210,261
P456210,547
P456210,441
P456210,1128
P456210,1129
P456210,78
P456210,75
P456210,426
P456210,12
P456210,266
P456210,474
P504023,185
P504023,764
P504023,4514
P504023,4515
P504023,4516
P504023,71
P504023,2250
P504023,520
P504023,1715
P504023,4517
P504023,3703
P504023,574
P504023,1598
P504023,4518
P461200,55
P461200,7
P461200,9
P461200,2256
P461200,4
P461200,5
P461200,428
P461200,878
P461200,745
P461200,317
P461200,6
P461200,1281
P461200,224
P461200,8
P461200,649
P461200,161
P461200,73
P461200,568
P461200,546
P461200,20
P461200,469
P461200,75
P461200,441
P461200,3475
P461200,199
P461200,156
P461200,1304
P461200,716
P461200,584
P461200,2747
P461200,1876
P461200,4519
P461200,4520
P408542,55
P408542,7
P408542,4
P408542,852
P408542,1503
P408542,298
P408542,1387
P408542,91
P408542,1284
P408542,166
P408542,72
P408542,842
P408542,118
P408542,581
P408542,78
P408542,57
P408542,667
P408542,568
P408542,1637
P408542,1690
P408542,242
P408542,93
P408542,4521
P408542,106
P408542,239
P408542,1968
P408542,668
P408542,3847
P408542,489
P408542,3848
P408542,1595
P408542,206
P408542,75
P408542,174
P408542,1677
P408542,266
P408542,2590
P408542,1692
P408542,1572
P408542,176
P408542,3849
P408542,441
P408542,391
P408542,1678
P408542,221
P408542,51
P408542,471
P422649,524
P422649,662
P422649,1134
P422649,664
P422649,7
P422649,89
P422649,743
P422649,170
P422649,88
P422649,86
P422649,9
P422649,832
P422649,60
P422649,4163
P422649,1137
P422649,1770
P422649,520
P422649,3831
P422649,454
P422649,1401
P422649,833
P422649,422
P422649,2950
P422649,828
P422649,450
P422649,2454
P422649,3092
P422649,455
P422649,842
P422649,4
P422649,1529
P422649,158
P422649,155
P422649,831
P422649,646
P422649,748
P422649,2790
P422649,4522
P422649,397
P422649,72
P422649,166
P422649,71
P422649,131
P422649,237
P422649,119
P422649,531
P422649,458
P422649,116
P422649,453
P422649,390
P422649,1293
P422649,20
P422649,1852
P422649,10
P422649,84
P422649,1530
P422649,47
P422649,75
P422649,265
P422649,310
P422649,121
P422649,266
P422649,1623
P422649,93
P422649,51
P422649,91
P422649,1887
P422649,1808
P422649,1476
P449150,627
P449150,138
P449150,559
P449150,62
P449150,767
P449150,768
P449150,71
P449150,3933
P449150,322
P449150,4523
P449150,69
P449150,4524
P449150,4525
P449150,1862
P449150,1859
P449150,4526
P449150,95
P449150,1842
P449150,1675
P449150,70
P449150,1851
P449150,4076
P449150,173
P449150,176
P449150,174
P449150,177
P447608,83
P447608,200
P447608,9
P447608,940
P447608,4527
P447608,4
P447608,2000
P447608,872
P447608,4528
P447608,70
P447608,20
P447608,224
P447608,3650
P447608,366
P447608,4472
P447608,884
P447608,65
P447608,75
P447608,7
P447608,3047
P447608,687
P442267,83
P442267,813
P442267,4529
P442267,9
P442267,261
P442267,56
P442267,4245
P442267,454
P442267,341
P442267,4530
P442267,1352
P442267,1612
P442267,4531
P442267,3970
P442267,4110
P442267,4532
P442267,4244
P442267,117
P442267,601
P442267,1349
P442267,356
P442267,4533
P442267,1128
P442267,1129
P442267,118
P442267,57
P442267,467
P442267,264
P442267,266
P442267,79
P442267,376
P481975,4534
P481975,99
P481975,83
P481975,101
P481975,102
P481975,103
P481975,104
P481975,105
P481975,106
P481975,75
P481975,107
P481975,109
P481975,95
P481975,111
P481975,112
P481975,113
P481975,4
P481975,115
P481975,116
P481975,117
P481975,118
P481975,119
P481975,93
P481975,467
P481975,91
P481975,122
P481975,79
P481975,4535
P481975,124
P481975,125
P481975,49
P481975,127
P481975,131
P481975,126
P481975,128
P481975,130
P481975,129
P481975,132
P481975,133
P481975,134
P481975,135
P481975,80
P481975,4536
P481975,9
P481975,846
P481975,249
P481975,3489
P481975,2977
P481975,4537
P481975,165
P481975,108
P481975,110
P481975,776
P481975,205
P481975,4307
P481975,20
P481975,3232
P481975,66
P481975,398
P481975,63
P481975,275
P481975,7
P481975,1916
P481975,1597
P481975,78
P481975,252
P481975,264
P481975,430
P481975,71
P481975,1655
P481975,1920
P481975,1309
P481975,575
P481975,4538
P481975,100
P481975,676
P481975,90
P481975,661
P481975,879
P481975,1356
P481975,97
P481975,428
P481975,366
P481975,539
P481975,2744
P481975,1757
P481975,1760
P481975,685
P481975,617
P481975,70
P481975,1399
P481975,404
P481975,89
P481975,3180
P481975,1144
P481975,155
P481975,628
P481975,152
P481975,72
P481975,743
P481975,153
P481975,463
P481975,156
P481975,60
P481975,835
P481975,1770
P481975,1653
P481975,543
P481975,1767
P481975,1771
P481975,266
P481975,37
P481975,3183
P478274,45
P478274,513
P478274,627
P478274,762
P478274,61
P478274,1598
P478274,1903
P478274,1251
P478274,70
P478274,29
P478274,363
P478274,4539
P478274,677
P478274,1649
P478274,987
P478274,1663
P504040,201
P504040,4540
P504040,383
P504040,4541
P504040,209
P504040,9
P504040,210
P504040,4542
P504040,4543
P504040,2919
P504040,256
P504040,1970
P504040,4544
P504040,4545
P504040,185
P504040,4546
P504040,557
P504040,57
P504040,342
P504040,75
P504040,1464
P504040,39
P504040,15
P504040,76
P504040,426
P504040,72
P504040,1119
P504040,4547
P504040,4548
P500428,100
P500428,4
P500428,9
P500428,4110
P500428,1872
P500428,679
P500428,2064
P500428,3852
P500428,4549
P500428,256
P500428,454
P500428,12
P500428,88
P500428,86
P500428,3021
P500428,57
P500428,84
P500428,362
P500428,75
P500428,392
P503928,100
P503928,4
P503928,593
P503928,596
P503928,103
P503928,84
P503928,86
P503928,1717
P503928,595
P503928,4550
P503928,4551
P503928,468
P503928,9
P503928,38
P503928,2530
P503928,5
P503928,885
P503928,2309
P503928,93
P503928,7
P503928,224
P503928,236
P503928,806
P503928,12
P503928,4552
P503928,4553
P503928,2753
P503928,135
P503928,18
P503928,57
P503928,97
P503928,4554
P481339,4555
P481339,99
P481339,83
P481339,101
P481339,102
P481339,103
P481339,104
P481339,366
P481339,106
P481339,107
P481339,108
P481339,109
P481339,75
P481339,110
P481339,95
P481339,111
P481339,112
P481339,113
P481339,114
P481339,4
P481339,115
P481339,116
P481339,117
P481339,118
P481339,119
P481339,93
P481339,120
P481339,467
P481339,91
P481339,122
P481339,79
P481339,80
P481339,124
P481339,125
P481339,126
P481339,127
P481339,49
P481339,128
P481339,129
P481339,130
P481339,131
P481339,132
P481339,133
P481339,134
P481339,135
P481339,4536
P481339,9
P481339,846
P481339,249
P481339,3489
P481339,2977
P481339,4537
P481339,165
P481339,776
P481339,205
P481339,4307
P481339,20
P481339,3232
P481339,66
P481339,398
P481339,63
P481339,275
P481339,7
P481339,1916
P481339,1597
P481339,78
P481339,252
P481339,264
P481339,430
P481339,71
P481339,1655
P481339,1920
P481339,1309
P481339,575
P481339,4538
P481339,100
P481339,676
P481339,90
P481339,661
P481339,879
P481339,1356
P481339,97
P481339,428
P481339,539
P481339,2744
P481339,1757
P481339,1760
P481339,3178
P481339,3179
P481339,617
P481339,70
P481339,1399
P481339,404
P481339,89
P481339,3180
P481339,1144
P481339,155
P481339,628
P481339,152
P481339,72
P481339,743
P481339,153
P481339,463
P481339,156
P481339,60
P481339,835
P481339,1770
P481339,1653
P481339,543
P481339,1767
P481339,4556
P481339,943
P481339,266
P481339,37
P481339,3183
P433621,83
P433621,2
P433621,4
P433621,304
P433621,796
P433621,7
P433621,878
P433621,4396
P433621,11
P433621,91
P433621,40
P433621,476
P433621,780
P433621,93
P433621,441
P433621,467
P433621,118
P433621,1241
P433621,790
P433621,1276
P433621,4557
P433621,75
P433621,272
P433621,1754
P433621,489
P433621,173
P433621,176
P433621,2886
P433621,2380
P433621,1437
P433621,230
P433621,1699
P433621,70
P433621,481
P433621,1275
P433621,4558
P444990,71
P444990,404
P444990,83
P444990,4559
P444990,663
P444990,813
P444990,4560
P444990,7
P444990,89
P444990,518
P444990,4561
P444990,4562
P444990,70
P444990,774
P444990,79
P444990,467
P444990,66
P444990,627
P444990,2083
P444990,1572
P444990,4563
P408273,83
P408273,349
P408273,7
P408273,1083
P408273,1717
P408273,4
P408273,809
P408273,1445
P408273,836
P408273,835
P408273,166
P408273,837
P408273,999
P408273,45
P408273,405
P408273,322
P408273,450
P408273,454
P408273,158
P408273,1462
P408273,133
P408273,833
P408273,2055
P408273,240
P408273,3
P408273,252
P408273,596
P408273,1582
P408273,3718
P408273,131
P408273,12
P408273,78
P408273,266
P408273,93
P408273,51
P408273,91
P408273,272
P408273,4564
P439648,4565
P439648,83
P439648,7
P439648,78
P439648,102
P439648,107
P439648,76
P439648,454
P439648,449
P439648,72
P439648,89
P439648,152
P439648,461
P439648,462
P439648,877
P439648,57
P439648,93
P439648,266
P439648,91
P439648,3989
P439648,1397
P439648,4566
P439648,524
P439648,308
P439648,448
P439648,4
P439648,451
P439648,450
P439648,460
P439648,60
P439648,459
P439648,453
P439648,1137
P439648,457
P439648,131
P439648,20
P439648,455
P439648,463
P439648,312
P439648,458
P439648,10
P439648,387
P439648,390
P439648,1803
P439648,8
P439648,74
P439648,3942
P439648,51
P439648,79
P439648,1331
P439648,1753
P439648,1974
P439648,1476
P505140,24
P505140,45
P505140,90
P505140,1173
P505140,1697
P505140,404
P505140,71
P505140,1696
P505140,29
P505140,275
P505140,2789
P505140,20
P505140,2066
P505140,61
P505140,4567
P505140,637
P505140,4568
P505140,4569
P505140,4570
P505140,3926
P505140,633
P505140,794
P505140,118
P505140,7
P505140,76
P505140,1412
P505140,4226
P505140,2147
P505140,471
P505408,348
P505408,4
P505408,671
P505408,234
P505408,274
P505408,9
P505408,527
P505408,2135
P505408,1847
P505408,1165
P505408,402
P505408,747
P505408,454
P505408,4571
P505408,4572
P505408,4573
P505408,70
P505408,627
P505408,4574
P505408,2324
P505408,224
P505408,672
P505408,2325
P505408,90
P505408,393
P505408,75
P505408,4575
P505408,4576
P505408,590
P505408,235
P505408,37
P505408,4577
P505408,4578
P505408,79
P505408,74
P505408,1731
P446822,83
P446822,4
P446822,2250
P446822,783
P446822,3483
P446822,2017
P446822,761
P446822,85
P446822,91
P446822,274
P446822,467
P446822,1412
P446822,670
P446822,297
P446822,161
P446822,555
P446822,3082
P446822,815
P446822,2143
P446822,8
P446822,93
P446822,3822
P446822,12
P446822,51
P446822,1184
P446822,2144
P446822,2044
P446822,78
P446822,153
P446822,74
P446822,266
P446822,79
P446822,4579
P446822,75
P446822,4427
P446822,2378
P446822,2379
P446822,441
P446822,57
P446822,471
P455235,4580
P455235,83
P455235,9
P455235,275
P455235,1725
P455235,89
P455235,4
P455235,76
P455235,1238
P455235,290
P455235,1507
P455235,393
P455235,843
P455235,1415
P455235,4458
P455235,289
P455235,127
P455235,4581
P455235,1249
P455235,472
P455235,833
P455235,4582
P455235,2448
P455235,398
P455235,29
P455235,129
P455235,544
P455235,117
P455235,660
P455235,24
P455235,5
P455235,4583
P455235,1254
P455235,72
P455235,4584
P455235,842
P455235,1999
P455235,457
P455235,122
P455235,391
P455235,430
P455235,669
P455235,4585
P455235,2390
P455235,84
P455235,4586
P455235,1312
P455235,402
P455235,79
P455235,118
P455235,678
P455235,261
P455235,91
P455235,390
P455235,266
P455235,471
P455235,4587
P455235,1376
P455235,955
P455235,1197
P455235,761
P455235,1441
P455235,244
P455235,789
P455235,4588
P455235,323
P455235,807
P455235,617
P455235,522
P455235,1213
P455235,4249
P455235,1352
P455235,1420
P455235,4589
P455235,454
P455235,469
P455235,835
P455235,4590
P455235,133
P455235,240
P455235,1446
P455235,1447
P455235,4591
P455235,102
P455235,1449
P455235,74
P455235,33
P455235,342
P455235,405
P455235,4592
P455235,317
P455235,527
P455235,1661
P455235,156
P455235,242
P455235,206
P455235,75
P455235,272
P455235,1132
P455235,4593
P455235,747
P455235,90
P455235,1746
P455235,1380
P455235,1381
P455235,1382
P455235,1379
P455235,70
P455235,4594
P455235,246
P455235,4595
P455235,4596
P455235,4597
P455235,4598
P455235,4599
P455235,4600
P455235,1626
P455235,1627
P455235,1628
P455235,1629
P455235,4601
P455235,71
P455235,7
P455235,1631
P455235,1632
P455235,88
P455235,1633
P455235,86
P455235,170
P455235,1634
P455235,1635
P455235,96
P455235,294
P455235,804
P455235,1636
P455235,1637
P455235,1638
P468634,524
P468634,138
P468634,525
P468634,7
P468634,526
P468634,527
P468634,528
P468634,529
P468634,90
P468634,86
P468634,394
P468634,530
P468634,531
P468634,532
P468634,20
P468634,326
P468634,131
P468634,533
P468634,534
P468634,535
P468634,166
P468634,8
P468634,536
P468634,537
P468634,135
P468634,78
P468634,161
P468634,538
P468634,174
P468634,173
P468634,176
P468634,272
P468634,246
P468634,392
P481699,100
P481699,7
P481699,274
P481699,4
P481699,331
P481699,304
P481699,8
P481699,10
P481699,454
P481699,92
P481699,5
P481699,58
P481699,57
P481699,72
P481699,12
P481699,130
P481699,189
P481699,190
P481699,1815
P481699,4602
P481699,811
P481699,1169
P481699,4603
P481699,4604
P481699,319
P481699,717
P481699,93
P481699,745
P481699,4605
P469521,1
P469521,4
P469521,278
P469521,274
P469521,831
P469521,1258
P469521,126
P469521,20
P469521,221
P469521,222
P469521,129
P469521,2221
P469521,1749
P469521,2156
P469521,96
P469521,130
P469521,57
P469521,75
P469521,106
P469521,7
P469521,12
P469521,8
P469521,135
P469521,392
P461535,4599
P461535,280
P461535,281
P461535,282
P461535,283
P461535,284
P461535,285
P461535,286
P461535,287
P461535,132
P461535,71
P461535,90
P461535,107
P461535,1380
P461535,9
P461535,7
P461535,84
P461535,89
P461535,88
P461535,289
P461535,290
P461535,291
P461535,86
P461535,170
P461535,292
P461535,293
P461535,294
P461535,103
P461535,91
P461535,57
P461535,72
P461535,246
P461535,295
P461535,4606
P461535,951
P461535,1412
P461535,1602
P461535,4607
P461535,2976
P461535,349
P461535,843
P461535,311
P461535,382
P461535,384
P461535,3126
P461535,4608
P461535,430
P461535,76
P461535,2772
P461535,412
P461535,1583
P461535,3550
P461535,4609
P461535,252
P461535,129
P461535,815
P461535,122
P461535,4610
P461535,391
P461535,1312
P461535,398
P461535,2621
P461535,441
P461535,1090
P461535,608
P461535,4611
P461535,275
P461535,1725
P461535,4
P461535,4612
P461535,1238
P461535,393
P461535,4458
P461535,1415
P461535,660
P461535,61
P461535,1249
P461535,4613
P461535,29
P461535,127
P461535,472
P461535,128
P461535,4582
P461535,70
P461535,24
P461535,117
P461535,5
P461535,4614
P461535,1254
P461535,842
P461535,1999
P461535,457
P461535,402
P461535,669
P461535,118
P461535,106
P461535,4586
P461535,2390
P461535,79
P461535,678
P461535,206
P461535,261
P461535,833
P461535,390
P461535,80
P461535,4615
P461535,1046
P461535,1047
P461535,1048
P461535,782
P461535,1049
P461535,1050
P461535,4616
P461535,1052
P461535,1053
P461535,1054
P461535,96
P461535,366
P461535,892
P461535,1055
P461535,1056
P461535,1057
P461535,1058
P461535,637
P461535,1059
P461535,1060
P461535,1061
P461535,195
P461535,1062
P461535,1063
P461535,196
P461535,1064
P461535,1065
P461535,198
P461535,1066
P461535,197
P461535,191
P461535,627
P461535,1067
P461535,1068
P461535,4617
P461535,100
P461535,178
P461535,1144
P461535,274
P461535,1363
P461535,2314
P461535,2315
P461535,383
P461535,4618
P461535,2252
P461535,116
P461535,850
P461535,92
P461535,165
P461535,93
P461535,4619
P461535,2468
P461535,189
P461535,193
P461535,190
P461535,4620
P461535,1255
P461535,4621
P461535,642
P461535,4622
P392522,2071
P392522,4623
P392522,4624
P392522,4625
P392522,4626
P392522,467
P392522,272
P392522,174
P392522,4627
P392522,1235
P480358,4628
P480358,4629
P480358,4630
P480358,4631
P480358,3106
P480358,3105
P480358,4632
P480358,4633
P480358,695
P480358,4634
P480358,4635
P480358,4636
P480358,4637
P480358,4638
P480358,4639
P480358,4640
P480358,4641
P480358,4642
P480358,4643
P480358,4644
P480358,4645
P480358,4646
P480358,4647
P431419,83
P431419,684
P431419,125
P431419,278
P431419,102
P431419,4
P431419,165
P431419,91
P431419,816
P431419,2494
P431419,1513
P431419,1035
P431419,2496
P431419,2497
P431419,2495
P431419,2498
P431419,2499
P431419,12
P431419,410
P431419,135
P431419,252
P431419,467
P431419,1294
P469523,1
P469523,138
P469523,3673
P469523,795
P469523,4
P469523,1664
P469523,527
P469523,274
P469523,89
P469523,88
P469523,7
P469523,86
P469523,170
P469523,130
P469523,2221
P469523,2792
P469523,2791
P469523,2439
P469523,1070
P469523,420
P469523,457
P469523,252
P469523,4648
P469523,808
P469523,57
P469523,291
P469523,261
P469523,75
P469523,392
P474125,4649
P474125,2567
P474125,1346
P474125,29
P474125,7
P474125,4
P474125,297
P474125,71
P474125,2569
P474125,85
P474125,86
P474125,170
P474125,671
P474125,89
P474125,352
P474125,527
P474125,76
P474125,1360
P474125,484
P474125,1503
P474125,3933
P474125,2797
P474125,262
P474125,2142
P474125,2066
P474125,19
P474125,4650
P474125,2805
P474125,2266
P474125,121
P474125,677
P474125,96
P474125,4061
P474125,4651
P474125,685
P474125,1218
P474125,3113
P474125,1868
P474125,363
P474125,398
P474125,679
P474125,161
P474125,672
P474125,2268
P474125,2264
P474125,166
P474125,2800
P474125,57
P474125,546
P474125,78
P474125,107
P474125,135
P474125,51
P474125,72
P474125,91
P474125,246
P474125,4652
P474125,74
P474125,1212
P474125,4653
P474125,39
P474125,4065
P474125,589
P474125,590
P474125,75
P474125,79
P474125,266
P474125,686
P474125,122
P474125,206
P474125,1132
P474125,4654
P474125,4655
P474125,18
P474125,4656
P474125,4657
P474125,4658
P474125,4659
P474125,160
P474125,2755
P474125,552
P474125,9
P474125,88
P474125,3023
P474125,3024
P474125,394
P474125,3025
P474125,5
P474125,1546
P474125,221
P474125,36
P474125,222
P474125,3026
P474125,428
P474125,1729
P474125,528
P474125,3027
P474125,457
P474125,291
P474125,1130
P474125,3028
P474125,3029
P474125,66
P474125,2572
P474125,637
P474125,306
P474125,3030
P474125,987
P474125,3031
P474125,472
P474125,3032
P474125,3033
P474125,2793
P474125,130
P474125,155
P474125,242
P474125,1548
P474125,3034
P474125,805
P474125,628
P474125,3035
P474125,2433
P474125,3036
P474125,156
P474125,126
P474125,93
P474125,33
P474125,3037
P474125,70
P474125,441
P474125,1355
P474125,1105
P476677,348
P476677,4
P476677,1544
P476677,90
P476677,71
P476677,274
P476677,1934
P476677,88
P476677,767
P476677,7
P476677,2297
P476677,61
P476677,617
P476677,878
P476677,1599
P476677,133
P476677,2124
P476677,241
P476677,230
P476677,223
P476677,225
P476677,97
P476677,806
P476677,396
P476677,401
P476677,158
P476677,2298
P476677,231
P476677,224
P476677,2299
P476677,229
P476677,2300
P476677,395
P476677,2301
P476677,57
P476677,86
P476677,1127
P476677,403
P476677,1784
P476677,107
P476677,8
P476677,252
P476677,240
P476677,70
P476677,374
P476677,206
P476677,391
P476677,79
P476677,91
P476677,12
P476677,75
P476677,2302
P482322,89
P482322,535
P482322,71
P482322,2272
P482322,1598
P482322,1295
P482322,4
P482322,1753
P482322,12
P482322,1
P482322,235
P482322,74
P482322,84
P482322,1331
P482322,1974
P482322,868
P482322,2275
P482322,132
P482322,37
P482322,2277
P482322,2278
P483075,4
P483075,55
P483075,4660
P483075,905
P483075,468
P483075,244
P483075,79
P483075,75
P483075,57
P483075,132
P483075,441
P483075,156
P483075,4661
P405032,83
P405032,7
P405032,89
P405032,90
P405032,4183
P405032,76
P405032,834
P405032,60
P405032,2751
P405032,460
P405032,828
P405032,994
P405032,454
P405032,809
P405032,20
P405032,831
P405032,4202
P405032,455
P405032,833
P405032,1527
P405032,3716
P405032,842
P405032,428
P405032,8
P405032,1211
P405032,169
P405032,131
P405032,562
P405032,10
P405032,252
P405032,93
P405032,246
P405032,4662
P456407,4663
P456407,612
P456407,1160
P456407,2540
P456407,903
P456407,3915
P456407,1162
P456407,29
P456407,85
P456407,1769
P456407,71
P456407,72
P456407,88
P456407,246
P456407,2543
P456407,1550
P456407,1652
P456407,1070
P456407,45
P456407,1352
P456407,3703
P456407,849
P456407,4664
P456407,1905
P456407,93
P456407,4
P456407,39
P456407,86
P456407,1464
P456407,634
P456407,161
P456407,3143
P456407,520
P456407,4665
P456407,555
P456407,703
P456407,1202
P456407,1350
P456407,835
P456407,1653
P456407,543
P456407,778
P456407,627
P456407,1169
P456407,70
P456407,455
P456407,1353
P456407,2146
P430338,83
P430338,4
P430338,1162
P430338,29
P430338,89
P430338,85
P430338,88
P430338,298
P430338,555
P430338,446
P430338,748
P430338,658
P430338,91
P430338,7
P430338,166
P430338,72
P430338,10
P430338,554
P430338,93
P430338,131
P430338,57
P430338,152
P430338,70
P430338,2959
P430338,71
P430338,878
P430338,74
P430338,842
P430338,3411
P430338,265
P430338,3412
P430338,79
P430338,865
P430338,4666
P430338,4667
P430338,75
P430338,4668
P430338,3414
P430338,3415
P430338,4001
P430338,266
P430338,4669
P431418,83
P431418,4
P431418,4670
P431418,815
P431418,2264
P431418,2266
P431418,2494
P431418,49
P431418,1513
P431418,2495
P431418,1035
P431418,2496
P431418,2497
P431418,2498
P431418,2499
P431418,2268
P431418,131
P431418,161
P431418,33
P431418,342
P431418,467
P431418,91
P431418,2347
P431418,2500
P431418,2502
P431418,2501
P431418,2503
P431418,2504
P424987,1019
P424987,4406
P424987,1916
P424987,83
P424987,813
P424987,9
P424987,4407
P424987,2343
P424987,4281
P424987,2344
P424987,2
P424987,71
P424987,4408
P424987,4671
P424987,2349
P424987,4672
P424987,1969
P424987,1953
P424987,1251
P424987,892
P424987,211
P424987,4673
P424987,4674
P424987,174
P424987,176
P424987,271
P424987,202
P424987,1595
P424987,4
P424987,117
P424987,454
P424987,4675
P424987,4409
P424987,4676
P451745,348
P451745,102
P451745,4677
P451745,133
P451745,20
P451745,104
P451745,118
P451745,112
P451745,1227
P451745,60
P451745,4
P451745,91
P451745,12
P451745,2302
P469200,348
P469200,66
P469200,4
P469200,747
P469200,3491
P469200,208
P469200,892
P469200,475
P469200,1123
P469200,20
P469200,1120
P469200,49
P469200,75
P469200,132
P469200,61
P469200,116
P469200,91
P469200,88
P469200,961
P469200,555
P469200,57
P469200,3766
P469200,2989
P469200,12
P469200,313
P469200,471
P457468,100
P457468,815
P457468,813
P457468,3
P457468,4678
P457468,1916
P457468,2052
P457468,3944
P457468,91
P457468,72
P457468,266
P457468,390
P457468,278
P457468,814
P457468,4
P457468,268
P457468,66
P457468,261
P457468,1344
P457468,2017
P457468,1251
P457468,1812
P457468,45
P457468,627
P457468,559
P457468,764
P457468,520
P457468,60
P457468,49
P457468,161
P457468,202
P457468,204
P457468,77
P457468,1808
P457468,1887
P457468,464
P457468,3953
P469449,348
P469449,349
P469449,4
P469449,2052
P469449,90
P469449,9
P469449,1564
P469449,4679
P469449,1583
P469449,1198
P469449,167
P469449,676
P469449,351
P469449,446
P469449,441
P469449,246
P469449,75
P469449,2328
P469449,666
P469449,93
P469449,265
P469449,826
P469449,4680
P469449,1256
P469449,4681
P469449,4682
P469449,4683
P469449,79
P469449,80
P504288,4684
P504288,4685
P504288,4686
P504288,4687
P504288,4688
P504288,4689
P504288,4690
P504288,679
P504288,1128
P504288,4691
P504288,4692
P504288,2157
P504288,4693
P504288,4694
P504288,4695
P505145,100
P505145,7
P505145,4696
P505145,89
P505145,76
P505145,252
P505145,4697
P505145,185
P505145,331
P505145,1112
P505145,889
P505145,322
P505145,194
P505145,1456
P505145,192
P505145,4698
P505145,430
P505145,5
P505145,93
P505145,441
P505145,75
P505145,91
P505145,174
P505145,173
P505145,177
P433962,524
P433962,1788
P433962,4
P433962,879
P433962,448
P433962,7
P433962,834
P433962,809
P433962,9
P433962,1790
P433962,1793
P433962,453
P433962,1794
P433962,1791
P433962,1795
P433962,1796
P433962,338
P433962,340
P433962,1797
P433962,1798
P433962,1799
P433962,1792
P433962,1684
P433962,1143
P433962,828
P433962,2805
P433962,2516
P433962,2394
P433962,838
P433962,454
P433962,449
P433962,2167
P433962,850
P433962,743
P433962,422
P433962,2124
P433962,4167
P433962,1691
P433962,562
P433962,12
P433962,133
P433962,684
P433962,4100
P433962,1007
P433962,106
P433962,8
P433962,531
P433962,20
P433962,57
P433962,76
P433962,455
P433962,4699
P433962,4202
P433962,546
P433962,72
P433962,121
P433962,604
P433962,1548
P433962,1667
P433962,200
P433962,78
P433962,117
P433962,1113
P433962,93
P433962,173
P433962,176
P433962,203
P433962,272
P433962,174
P433962,266
P433962,246
P433962,392
P428636,2513
P428636,593
P428636,4
P428636,594
P428636,595
P428636,412
P428636,103
P428636,596
P428636,84
P428636,1788
P428636,1790
P428636,1793
P428636,453
P428636,1794
P428636,1791
P428636,1795
P428636,1796
P428636,338
P428636,340
P428636,1797
P428636,1798
P428636,1799
P428636,1792
P428636,2514
P428636,2515
P428636,1067
P428636,454
P428636,2516
P428636,2517
P428636,20
P428636,809
P428636,604
P428636,2518
P428636,1113
P428636,622
P428636,455
P428636,716
P428636,7
P428636,2054
P428636,125
P428636,133
P428636,603
P428636,684
P428636,121
P428636,93
P428636,272
P428636,174
P428636,91
P428636,607
P428636,1518
P428636,464
P428636,758
P428636,1887
P428636,2519
P408271,2189
P408271,4700
P408271,4701
P408271,4702
P408271,4703
P408271,4704
P408271,4705
P408271,4706
P408271,1962
P454939,524
P454939,7
P454939,4
P454939,743
P454939,297
P454939,89
P454939,9
P454939,475
P454939,833
P454939,809
P454939,831
P454939,1399
P454939,836
P454939,469
P454939,835
P454939,4034
P454939,4707
P454939,554
P454939,841
P454939,1137
P454939,651
P454939,366
P454939,2267
P454939,454
P454939,240
P454939,850
P454939,90
P454939,1501
P454939,126
P454939,20
P454939,133
P454939,12
P454939,448
P454939,131
P454939,995
P454939,1003
P454939,842
P454939,72
P454939,1004
P454939,1402
P454939,1005
P454939,166
P454939,4309
P454939,811
P454939,531
P454939,1006
P454939,8
P454939,78
P454939,1008
P454939,57
P454939,121
P454939,993
P454939,75
P454939,441
P454939,93
P454939,51
P454939,266
P454939,79
P454939,392
P456569,100
P456569,349
P456569,4
P456569,405
P456569,382
P456569,87
P456569,170
P456569,9
P456569,1583
P456569,7
P456569,385
P456569,4708
P456569,1924
P456569,2339
P456569,326
P456569,595
P456569,351
P456569,286
P456569,1057
P456569,410
P456569,131
P456569,593
P456569,1119
P456569,84
P456569,12
P456569,75
P456569,3237
P456569,88
P456569,156
P456569,76
P456569,676
P456569,72
P456569,263
P456569,78
P456569,93
P456569,175
P456569,174
P456569,4709
P423164,593
P423164,4
P423164,84
P423164,103
P423164,842
P423164,2
P423164,596
P423164,4710
P423164,796
P423164,844
P423164,412
P423164,87
P423164,1717
P423164,606
P423164,121
P423164,171
P423164,4711
P423164,7
P423164,272
P423164,173
P423164,176
P423164,1595
P423164,489
P423164,4356
P423164,1753
P423164,845
P469451,100
P469451,4
P469451,1082
P469451,74
P469451,963
P469451,1083
P469451,7
P469451,809
P469451,249
P469451,20
P469451,2974
P469451,449
P469451,183
P469451,454
P469451,221
P469451,222
P469451,831
P469451,2054
P469451,366
P469451,1089
P469451,1512
P469451,250
P469451,106
P469451,252
P469451,8
P469451,75
P469451,1090
P469451,1517
P469451,78
P469451,51
P469451,901
P469451,93
P469451,392
P456401,83
P456401,813
P456401,7
P456401,77
P456401,165
P456401,278
P456401,676
P456401,428
P456401,390
P456401,91
P456401,206
P456401,568
P456401,225
P456401,1142
P456401,489
P456401,272
P456401,202
P456401,271
P456401,19
P456401,1256
P456401,173
P456401,174
P456401,176
P456401,75
P456401,441
P456401,203
P456401,1168
P456401,1572
P456401,4712
P456401,204
P456401,4713
P456401,2428
P455421,1745
P455421,4
P455421,1082
P455421,410
P455421,4714
P455421,790
P455421,12
P455421,162
P455421,412
P455421,7
P455421,200
P455421,441
P455421,79
P455421,91
P455421,121
P455421,75
P455421,93
P455421,51
P455421,272
P455421,1174
P455421,118
P455421,70
P455421,1699
P455421,878
P455421,4715
P380001,524
P380001,89
P380001,1162
P380001,7
P380001,1904
P380001,2355
P380001,553
P380001,1360
P380001,4445
P380001,662
P380001,457
P380001,3712
P380001,1525
P380001,450
P380001,352
P380001,1137
P380001,3296
P380001,637
P380001,841
P380001,2950
P380001,4081
P380001,454
P380001,76
P380001,4428
P380001,3476
P380001,1179
P380001,4079
P380001,786
P380001,1401
P380001,484
P380001,4716
P380001,4717
P380001,4
P380001,85
P380001,237
P380001,158
P380001,90
P380001,133
P380001,5
P380001,684
P380001,71
P380001,4718
P380001,131
P380001,1293
P380001,747
P380001,20
P380001,2454
P380001,155
P380001,4719
P380001,1474
P380001,455
P380001,1113
P380001,119
P380001,117
P380001,169
P380001,4084
P380001,4083
P380001,72
P380001,369
P380001,78
P380001,4170
P380001,252
P380001,4720
P380001,121
P380001,75
P380001,3930
P380001,47
P380001,93
P380001,51
P380001,374
P380001,91
P380001,1887
P380001,464
P380001,1613
P380001,4721
P380001,4722
P429508,83
P429508,9
P429508,813
P429508,4723
P429508,4724
P429508,4725
P429508,104
P429508,4726
P429508,112
P429508,4727
P429508,13
P429508,563
P429508,4110
P429508,4532
P429508,1281
P429508,3273
P429508,6
P429508,4728
P429508,118
P429508,77
P429508,516
P429508,264
P429508,266
P429508,1294
P464250,1
P464250,29
P464250,4
P464250,235
P464250,1725
P464250,628
P464250,87
P464250,527
P464250,383
P464250,1148
P464250,5
P464250,4729
P464250,4730
P464250,2322
P464250,4731
P464250,1119
P464250,4732
P464250,1173
P464250,4733
P464250,2380
P464250,4734
P464250,90
P464250,4735
P464250,61
P464250,405
P464250,4736
P464250,4737
P464250,4525
P464250,4523
P464250,534
P464250,4738
P464250,70
P464250,57
P464250,317
P464250,4739
P464250,3552
P464250,484
P464250,72
P464250,206
P464250,12
P464250,272
P464250,174
P464250,173
P464250,376
P503294,4740
P503294,100
P503294,275
P503294,49
P503294,461
P503294,4
P503294,70
P503294,691
P503294,211
P503294,850
P503294,96
P503294,540
P503294,1556
P503294,899
P503294,95
P503294,905
P503294,9
P503294,264
P503294,472
P503294,20
P503294,363
P503294,1182
P503294,1557
P503294,1558
P503294,1559
P503294,76
P503294,1130
P503294,132
P503294,686
P503294,91
P503294,79
P503294,72
P503294,1457
P503294,549
P503294,4741
P503294,83
P503294,234
P503294,463
P503294,902
P503294,903
P503294,904
P503294,469
P503294,836
P503294,835
P503294,235
P503294,161
P503294,133
P503294,274
P503294,369
P503294,240
P503294,736
P503294,15
P503294,75
P503294,246
P503868,4742
P503868,23
P503868,24
P503868,1205
P503868,27
P503868,26
P503868,4266
P503868,29
P503868,30
P503868,31
P503868,32
P503868,33
P503868,4743
P503868,35
P503868,36
P503868,268
P503868,39
P503868,37
P503868,41
P503868,44
P503868,40
P503868,4268
P503868,43
P503868,3818
P503868,45
P503868,47
P503868,100
P503868,4
P503868,9
P503868,51
P503868,52
P503868,53
P503868,4270
P503868,4744
P503868,4267
P503868,265
P503868,89
P503868,391
P503868,4745
P503868,75
P503868,272
P503868,4746
P503868,118
P503868,5
P503868,91
P503868,3658
P503868,543
P503868,1603
P503868,1352
P503868,4506
P503868,1658
P503868,3948
P503868,4507
P503868,857
P503868,1481
P503868,1437
P503868,20
P503868,1270
P503868,12
P503868,4747
P503868,621
P503868,93
P503868,4748
P503868,4749
P503868,503
P503868,49
P433466,83
P433466,1420
P433466,4
P433466,5
P433466,161
P433466,745
P433466,878
P433466,8
P433466,224
P433466,244
P433466,7
P433466,634
P433466,546
P433466,2
P433466,467
P433466,242
P433466,156
P433466,4750
P433466,3829
P433466,4751
P467628,1567
P467628,815
P467628,4
P467628,200
P467628,141
P467628,2078
P467628,742
P467628,1543
P467628,91
P467628,366
P467628,57
P467628,546
P467628,103
P467628,75
P467628,441
P467628,131
P467628,2022
P467628,93
P467628,130
P467628,272
P467628,7
P467628,70
P467628,4752
P467628,4753
P472311,348
P472311,2525
P472311,3489
P472311,410
P472311,252
P472311,58
P472311,4
P472311,166
P472311,1717
P472311,809
P472311,4754
P472311,4755
P472311,95
P472311,1459
P472311,367
P472311,131
P472311,1583
P472311,4756
P472311,489
P472311,606
P472311,2145
P472311,7
P472311,72
P472311,79
P472311,91
P472311,446
P472311,202
P472311,1887
P472311,1555
P472311,37
P472311,464
P472311,4757
P440505,4758
P440505,71
P440505,234
P440505,4
P440505,661
P440505,83
P440505,235
P440505,2679
P440505,1220
P440505,1665
P440505,774
P440505,467
P440505,4730
P440505,913
P440505,1686
P440505,61
P440505,70
P440505,889
P440505,2687
P440505,532
P440505,1939
P440505,1938
P440505,563
P440505,173
P440505,176
P440505,174
P440505,177
P440505,4759
P440505,2525
P440505,410
P440505,547
P440505,261
P440505,75
P440505,385
P440505,274
P440505,4760
P440505,252
P440505,441
P440505,57
P440505,79
P440505,266
P440505,91
P428637,4098
P428637,2513
P428637,89
P428637,713
P428637,138
P428637,24
P428637,770
P428637,662
P428637,457
P428637,170
P428637,2849
P428637,825
P428637,1788
P428637,1790
P428637,1793
P428637,453
P428637,1794
P428637,1791
P428637,1795
P428637,1796
P428637,338
P428637,340
P428637,1797
P428637,1798
P428637,1799
P428637,1792
P428637,1179
P428637,1684
P428637,840
P428637,765
P428637,4162
P428637,450
P428637,837
P428637,4026
P428637,2602
P428637,4080
P428637,4163
P428637,832
P428637,416
P428637,451
P428637,1534
P428637,3831
P428637,3829
P428637,4
P428637,4164
P428637,2354
P428637,422
P428637,4165
P428637,3296
P428637,4166
P428637,842
P428637,191
P428637,4034
P428637,1143
P428637,604
P428637,454
P428637,238
P428637,169
P428637,436
P428637,605
P428637,4167
P428637,1527
P428637,744
P428637,994
P428637,2167
P428637,7
P428637,3832
P428637,850
P428637,117
P428637,831
P428637,20
P428637,461
P428637,828
P428637,237
P428637,2789
P428637,4168
P428637,531
P428637,71
P428637,462
P428637,131
P428637,1905
P428637,76
P428637,562
P428637,266
P428637,4169
P428637,1548
P428637,4170
P428637,369
P428637,265
P428637,809
P428637,1211
P428637,121
P428637,153
P428637,74
P428637,3930
P428637,93
P428637,91
P428637,272
P428637,203
P428637,173
P428637,176
P428637,174
P428637,2519
P461199,55
P461199,7
P461199,5
P461199,274
P461199,1660
P461199,1712
P461199,1713
P461199,11
P461199,777
P461199,1128
P461199,749
P461199,750
P461199,568
P461199,808
P461199,92
P461199,161
P461199,244
P461199,1072
P461199,57
P461199,12
P461199,4
P461199,430
P461199,2378
P461199,156
P461199,242
P461199,4338
P461199,118
P461199,224
P461199,471
P472180,4761
P472180,83
P472180,349
P472180,261
P472180,410
P472180,4
P472180,963
P472180,1717
P472180,91
P472180,102
P472180,107
P472180,78
P472180,72
P472180,819
P472180,570
P472180,462
P472180,12
P472180,390
P472180,1455
P472180,237
P472180,95
P472180,1718
P472180,1456
P472180,1317
P472180,776
P472180,238
P472180,79
P472180,70
P472180,1132
P472180,4762
P472180,106
P472180,104
P472180,1452
P472180,264
P472180,4763
P472180,1453
P472180,366
P472180,675
P472180,1454
P472180,1457
P472180,338
P472180,122
P472180,4764
P472180,348
P472180,9
P472180,208
P472180,2256
P472180,209
P472180,156
P472180,210
P472180,2079
P472180,88
P472180,89
P472180,924
P472180,352
P472180,166
P472180,1581
P472180,446
P472180,632
P472180,850
P472180,730
P472180,430
P472180,75
P472180,266
P472180,3163
P472180,464
P472180,1887
P474968,100
P474968,9
P474968,4765
P474968,19
P474968,130
P474968,4766
P474968,2753
P474968,878
P474968,4
P474968,8
P474968,546
P474968,12
P474968,72
P474968,441
P474968,70
P474968,206
P474968,39
P474968,1464
P474968,266
P474968,199
P474968,1304
P474968,489
P474968,91
P474968,78
P474968,4767
P423145,83
P423145,4768
P423145,138
P423145,527
P423145,304
P423145,89
P423145,76
P423145,892
P423145,4769
P423145,155
P423145,9
P423145,4770
P423145,274
P423145,221
P423145,1664
P423145,422
P423145,127
P423145,451
P423145,2064
P423145,554
P423145,4771
P423145,3071
P423145,1671
P423145,563
P423145,20
P423145,3070
P423145,63
P423145,96
P423145,398
P423145,454
P423145,1043
P423145,4772
P423145,2592
P423145,70
P423145,1395
P423145,222
P423145,157
P423145,117
P423145,3925
P423145,1276
P423145,95
P423145,60
P423145,131
P423145,191
P423145,152
P423145,1670
P423145,2069
P423145,97
P423145,240
P423145,132
P423145,166
P423145,461
P423145,363
P423145,684
P423145,1784
P423145,61
P423145,1148
P423145,1930
P423145,7
P423145,8
P423145,266
P423145,1453
P423145,660
P423145,482
P423145,1637
P423145,106
P423145,1052
P423145,93
P423145,79
P423145,2461
P423145,625
P423145,75
P423145,51
P423145,78
P423145,805
P423145,12
P423145,392
P443376,1745
P443376,89
P443376,2
P443376,4
P443376,4392
P443376,1746
P443376,825
P443376,842
P443376,164
P443376,4773
P443376,23
P443376,442
P443376,311
P443376,4774
P443376,455
P443376,4393
P443376,91
P443376,239
P443376,546
P443376,7
P443376,171
P443376,713
P443376,441
P443376,850
P443376,4355
P443376,118
P443376,121
P443376,454
P443376,75
P443376,488
P443376,790
P443376,788
P443376,272
P443376,70
P443376,173
P443376,489
P443376,176
P443376,1844
P443376,74
P443376,1331
P443376,1756
P443376,174
P443376,1758
P443376,4397
P443376,4181
P443376,1176
P443376,4398
P443376,4399
P443376,111
P443376,4381
P448553,1
P448553,1412
P448553,684
P448553,4
P448553,29
P448553,1800
P448553,4775
P448553,4776
P448553,88
P448553,961
P448553,764
P448553,3491
P448553,520
P448553,842
P448553,9
P448553,555
P448553,131
P448553,89
P448553,635
P448553,91
P448553,3766
P448553,161
P448553,634
P448553,8
P448553,57
P448553,12
P448553,266
P448553,118
P448553,132
P448553,71
P448553,4297
P448553,563
P448553,2069
P448553,75
P448553,4777
P405589,348
P405589,71
P405589,4
P405589,852
P405589,76
P405589,9
P405589,5
P405589,716
P405589,244
P405589,446
P405589,166
P405589,91
P405589,854
P405589,2368
P405589,1449
P405589,12
P405589,131
P405589,20
P405589,1320
P405589,78
P405589,75
P405589,7
P405589,93
P405589,4778
P405589,866
P405589,426
P405589,3415
P405589,441
P405589,49
P405589,243
P405589,872
P405589,3414
P405589,3545
P405589,220
P405589,239
P405589,4528
P405589,219
P405589,4779
P448558,1
P448558,1812
P448558,7
P448558,764
P448558,4
P448558,670
P448558,842
P448558,3080
P448558,3491
P448558,1412
P448558,88
P448558,4780
P448558,961
P448558,131
P448558,91
P448558,89
P448558,161
P448558,166
P448558,224
P448558,240
P448558,133
P448558,116
P448558,57
P448558,92
P448558,1696
P448558,12
P448558,61
P448558,4781
P448558,1243
P448558,93
P448558,390
P448558,3112
P448558,118
P448558,132
P448558,71
P448558,1698
P448558,79
P448558,2069
P448558,72
P448558,807
P448558,225
P448558,649
P448558,107
P448558,274
P448558,684
P448558,563
P448558,75
P448558,70
P448558,4777
P440500,83
P440500,382
P440500,783
P440500,815
P440500,708
P440500,842
P440500,641
P440500,2199
P440500,2362
P440500,668
P440500,1282
P440500,252
P440500,467
P440500,780
P440500,91
P440500,2379
P440500,2378
P454822,83
P454822,546
P454822,20
P454822,93
P454822,2606
P454822,833
P454822,3487
P454822,4
P454822,392
P470545,661
P470545,308
P470545,178
P470545,2997
P470545,2691
P470545,787
P470545,551
P470545,33
P470545,1251
P470545,131
P470545,153
P470545,552
P470545,90
P470545,71
P470545,4782
P470545,298
P470545,18
P470545,1331
P470545,91
P470545,398
P470545,13
P470545,1974
P470545,37
P470545,58
P470545,4
P470545,1
P470545,3843
P470545,4783
P433619,83
P433619,412
P433619,410
P433619,4784
P433619,1717
P433619,388
P433619,4
P433619,2
P433619,2055
P433619,91
P433619,79
P433619,467
P433619,75
P433619,1174
P433619,93
P433619,272
P433619,176
P433619,173
P433619,118
P433619,878
P433619,758
P433619,1275
P433619,1759
P433619,70
P433619,1808
P433619,4715
P504786,83
P504786,107
P504786,102
P504786,264
P504786,9
P504786,278
P504786,2886
P504786,78
P504786,2754
P504786,274
P504786,878
P504786,649
P504786,75
P504786,4
P504786,776
P504786,76
P504786,11
P504786,72
P504786,12
P504786,467
P504786,562
P504786,66
P504786,698
P504786,103
P504786,377
P422848,2335
P422848,527
P422848,4
P422848,83
P422848,88
P422848,87
P422848,617
P422848,627
P422848,237
P422848,2013
P422848,9
P422848,2856
P422848,4785
P422848,71
P422848,748
P422848,2179
P422848,2471
P422848,3228
P422848,1181
P422848,1325
P422848,3279
P422848,1248
P422848,2958
P422848,20
P422848,1326
P422848,18
P422848,870
P422848,2184
P422848,238
P422848,863
P422848,4786
P422848,4787
P422848,428
P422848,1245
P422848,2926
P422848,2923
P422848,110
P422848,2183
P422848,2180
P422848,2182
P422848,2181
P422848,2187
P422848,70
P422848,1334
P422848,1464
P422848,4788
P422848,590
P422848,1363
P422848,57
P422848,2177
P422848,441
P422848,265
P422848,1483
P422848,39
P422848,885
P422848,2188
P422848,90
P422848,75
P422848,175
P422848,173
P422848,694
P422848,174
P422848,272
P422848,566
P470246,1889
P470246,1346
P470246,7
P470246,274
P470246,393
P470246,402
P470246,4
P470246,4382
P470246,4383
P470246,91
P470246,12
P470246,76
P470246,2586
P470246,4789
P470246,20
P470246,57
P470246,112
P470246,4790
P470246,2452
P470246,764
P470246,260
P470246,263
P470246,1660
P470246,583
P470246,1072
P470246,749
P470246,750
P470246,33
P470246,342
P470246,4791
P455010,4792
P455010,4793
P455010,3576
P455010,4794
P455010,4795
P455010,4796
P455010,4797
P455010,2599
P455010,4798
P455010,2719
P455010,4799
P468229,348
P468229,434
P468229,90
P468229,9
P468229,4
P468229,138
P468229,484
P468229,646
P468229,513
P468229,86
P468229,74
P468229,355
P468229,4800
P468229,1844
P468229,1908
P468229,1842
P468229,3765
P468229,1361
P468229,1173
P468229,652
P468229,989
P468229,649
P468229,4801
P468229,131
P468229,20
P468229,679
P468229,482
P468229,7
P468229,1307
P468229,662
P468229,154
P468229,1053
P468229,93
P468229,5
P468229,72
P468229,12
P468229,352
P468229,446
P468229,392
P392891,524
P392891,89
P392891,155
P392891,4
P392891,448
P392891,7
P392891,825
P392891,9
P392891,1134
P392891,311
P392891,809
P392891,834
P392891,1603
P392891,1269
P392891,4506
P392891,651
P392891,60
P392891,1137
P392891,1658
P392891,3130
P392891,2148
P392891,1143
P392891,308
P392891,831
P392891,842
P392891,131
P392891,2222
P392891,454
P392891,2454
P392891,531
P392891,458
P392891,20
P392891,453
P392891,457
P392891,4027
P392891,72
P392891,843
P392891,181
P392891,747
P392891,811
P392891,75
P392891,844
P392891,796
P392891,121
P392891,390
P392891,441
P392891,93
P392891,51
P392891,175
P392891,91
P392891,1390
P392891,491
P392891,492
P428005,4802
P428005,100
P428005,9
P428005,4765
P428005,19
P428005,130
P428005,4766
P428005,2753
P428005,878
P428005,4
P428005,8
P428005,546
P428005,12
P428005,72
P428005,441
P428005,70
P428005,206
P428005,39
P428005,1464
P428005,266
P428005,199
P428005,1304
P428005,489
P428005,91
P428005,78
P428005,4767
P504773,100
P504773,71
P504773,9
P504773,4
P504773,90
P504773,2208
P504773,209
P504773,210
P504773,160
P504773,2381
P504773,472
P504773,97
P504773,396
P504773,4803
P504773,616
P504773,745
P504773,86
P504773,57
P504773,244
P504773,88
P504773,166
P504773,1382
P504773,1284
P504773,911
P504773,103
P504773,156
P504773,242
P504773,1661
P504773,588
P504773,72
P504773,5
P504773,76
P504773,266
P504773,79
P504773,3776
P500096,1
P500096,404
P500096,87
P500096,7
P500096,88
P500096,235
P500096,593
P500096,274
P500096,4
P500096,2430
P500096,1127
P500096,90
P500096,1725
P500096,10
P500096,117
P500096,106
P500096,39
P500096,75
P500096,1295
P500096,2550
P500096,4804
P500096,1387
P500096,1903
P500096,764
P500096,2700
P500096,1660
P500096,261
P500096,1284
P500096,8
P500096,546
P500096,777
P500096,463
P500096,1464
P500096,5
P500096,749
P500096,750
P500096,242
P500096,1072
P500096,4805
P500096,4806
P500096,4807
P500096,745
P500096,1404
P500096,4808
P500096,79
P500096,72
P500096,4809
P500096,199
P500096,156
P500096,2554
P504327,4810
P504327,178
P504327,1321
P504327,1017
P504327,1018
P504327,1173
P504327,434
P504327,348
P504327,1322
P504327,9
P504327,70
P504327,12
P504327,446
P504327,91
P504327,4811
P504327,4812
P504327,250
P504327,4
P504327,963
P504327,408
P504327,1015
P504327,103
P504327,1014
P504327,1016
P504327,438
P504327,437
P504327,252
P504327,7
P504327,135
P504327,118
P504327,4813
P504327,645
P504327,95
P504327,651
P504327,4302
P504327,89
P504327,90
P504327,23
P504327,484
P504327,646
P504327,647
P504327,525
P504327,648
P504327,649
P504327,650
P504327,486
P504327,652
P504327,653
P504327,363
P504327,67
P504327,654
P504327,655
P504327,68
P504327,20
P504327,436
P504327,656
P504327,657
P504327,244
P504327,242
P504327,156
P504327,658
P504327,79
P504327,264
P504327,175
P504327,174
P504327,272
P504327,33
P504327,445
P504327,37
P504327,4303
P504327,4814
P504327,304
P504327,435
P504327,330
P504327,439
P504327,117
P504327,440
P504327,441
P504327,442
P504327,443
P504327,444
P504327,93
P504327,342
P504327,4301
P504327,4300
P504327,358
P504327,964
P504327,965
P504327,468
P504327,966
P504327,548
P436346,83
P436346,4
P436346,178
P436346,7
P436346,4815
P436346,1738
P436346,29
P436346,634
P436346,627
P436346,131
P436346,2753
P436346,1749
P436346,2064
P436346,161
P436346,92
P436346,850
P436346,130
P436346,743
P436346,745
P436346,88
P436346,86
P436346,170
P436346,156
P436346,10
P436346,4816
P436346,394
P436346,166
P436346,8
P436346,72
P436346,57
P436346,12
P436346,687
P483057,3675
P483057,4817
P483057,4818
P483057,4819
P483057,558
P483057,71
P483057,1694
P483057,516
P483057,39
P483057,61
P483057,677
P483057,4820
P483057,4539
P483057,627
P483057,2231
P483057,523
P474057,609
P474057,4821
P474057,1134
P474057,522
P474057,4822
P474057,513
P474057,519
P474057,1213
P474057,516
P474057,29
P474057,4823
P474057,520
P474057,131
P474057,138
P474057,518
P474057,256
P456203,55
P456203,813
P456203,77
P456203,815
P456203,278
P456203,4
P456203,4100
P456203,261
P456203,91
P456203,568
P456203,1142
P456203,2793
P456203,275
P456203,489
P456203,12
P456203,272
P456203,202
P456203,4713
P456203,271
P456203,2378
P456203,173
P456203,2379
P456203,174
P456203,66
P456203,176
P456203,204
P456203,1572
P456203,203
P456203,266
P456203,376
P476860,4824
P476860,4825
P476860,4826
P476860,4827
P476860,4828
P476860,4829
P454377,100
P454377,875
P454377,249
P454377,250
P454377,4
P454377,835
P454377,107
P454377,102
P454377,252
P454377,9
P454377,261
P454377,3742
P454377,75
P454377,91
P454377,2055
P454377,819
P454377,570
P454377,72
P454377,12
P454377,390
P454377,366
P454377,78
P454377,174
P454377,263
P454377,272
P454377,1470
P454377,269
P454377,3743
P474114,4649
P474114,2567
P474114,1346
P474114,29
P474114,7
P474114,4
P474114,297
P474114,71
P474114,2569
P474114,85
P474114,86
P474114,170
P474114,671
P474114,89
P474114,352
P474114,527
P474114,76
P474114,1360
P474114,484
P474114,1503
P474114,3933
P474114,2797
P474114,262
P474114,2142
P474114,2066
P474114,19
P474114,4650
P474114,2805
P474114,2266
P474114,121
P474114,677
P474114,96
P474114,4061
P474114,4651
P474114,685
P474114,1218
P474114,3113
P474114,1868
P474114,363
P474114,398
P474114,679
P474114,161
P474114,672
P474114,2268
P474114,2264
P474114,166
P474114,2800
P474114,57
P474114,546
P474114,78
P474114,107
P474114,135
P474114,51
P474114,72
P474114,91
P474114,246
P474114,3822
P474114,74
P474114,1212
P474114,4653
P474114,39
P474114,4065
P474114,589
P474114,590
P474114,75
P474114,79
P474114,266
P474114,686
P474114,122
P474114,206
P474114,1132
P474114,4830
P474114,208
P474114,1311
P474114,528
P474114,3023
P474114,424
P474114,4059
P474114,2571
P474114,1120
P474114,4060
P474114,637
P474114,4062
P474114,4063
P474114,4064
P474114,987
P474114,130
P474114,129
P474114,119
P474114,3998
P474114,47
P474114,2825
P474114,1128
P474114,1293
P474114,169
P474114,805
P474114,5
P474114,1795
P474114,588
P474114,70
P474114,117
P474114,1129
P474114,155
P474114,463
P474114,568
P474114,265
P474114,1481
P474114,174
P474114,176
P474114,175
P474114,177
P474114,4831
P474114,4050
P474114,9
P474114,4051
P474114,4052
P474114,811
P474114,221
P474114,4053
P474114,1671
P474114,454
P474114,4054
P474114,1846
P474114,660
P474114,2299
P474114,1521
P474114,1254
P474114,1746
P474114,1637
P474114,66
P474114,61
P474114,263
P474114,1670
P474114,1130
P474114,1680
P474114,12
P474114,33
P474114,441
P474114,2270
P457854,1585
P457854,4832
P457854,4833
P457854,4834
P457854,83
P457854,2
P457854,4
P457854,89
P457854,785
P457854,484
P457854,435
P457854,1746
P457854,486
P457854,74
P457854,155
P457854,352
P457854,1993
P457854,4393
P457854,57
P457854,1241
P457854,131
P457854,790
P457854,4396
P457854,65
P457854,657
P457854,454
P457854,322
P457854,1756
P457854,1123
P457854,4835
P457854,649
P457854,95
P457854,4836
P457854,1176
P457854,637
P457854,1324
P457854,1113
P457854,4026
P457854,792
P457854,1994
P457854,4837
P457854,7
P457854,239
P457854,668
P457854,51
P457854,488
P457854,171
P457854,118
P457854,70
P457854,788
P457854,489
P457854,716
P457854,91
P457854,467
P457854,799
P505233,3777
P505233,957
P505233,764
P505233,405
P505233,61
P505233,3679
P505233,2629
P505233,4838
P505233,4839
P505233,2380
P505233,559
P505233,70
P505233,404
P505233,2220
P505233,20
P505233,3924
P505233,2597
P505233,1227
P505233,1939
P505233,1656
P505233,4840
P505233,4841
P505233,173
P505233,176
P505233,272
P505233,174
P505233,1235
P505142,1
P505142,4
P505142,671
P505142,84
P505142,88
P505142,522
P505142,527
P505142,1783
P505142,617
P505142,394
P505142,4842
P505142,19
P505142,637
P505142,3115
P505142,3332
P505142,839
P505142,363
P505142,672
P505142,90
P505142,240
P505142,229
P505142,398
P505142,70
P505142,236
P505142,225
P505142,223
P505142,230
P505142,232
P505142,227
P505142,231
P505142,226
P505142,228
P505142,224
P505142,454
P505142,338
P505142,264
P505142,430
P505142,118
P505142,169
P505142,241
P505142,133
P505142,79
P505142,1127
P505142,4843
P505142,4844
P505142,174
P505142,2302
P481712,55
P481712,4
P481712,4845
P481712,4846
P481712,20
P481712,19
P481712,18
P481712,2769
P481712,4847
P481712,92
P481712,57
P481712,1303
P481712,4848
P481712,39
P481712,675
P481712,1449
P481712,809
P481712,93
P481712,131
P481712,745
P481712,4849
P481712,1355
P481712,4850
P481712,4851
P433465,2315
P433465,546
P433465,2
P433465,467
P433465,242
P433465,156
P433465,7
P433465,3829
P433465,4852
P433465,20
P433465,19
P433465,4853
P500774,55
P500774,274
P500774,1797
P500774,745
P500774,5
P500774,72
P500774,79
P500774,441
P500774,2769
P500774,57
P500774,376
P460704,4385
P460704,55
P460704,56
P460704,4
P460704,57
P460704,133
P460704,568
P460704,75
P460704,79
P460704,266
P460704,818
P460704,2302
P460704,4854
P460704,815
P460704,7
P460704,8
P460704,4373
P460704,78
P460704,1660
P460704,9
P460704,122
P460704,777
P460704,20
P460704,1905
P460704,749
P460704,750
P460704,1072
P460704,71
P460704,2379
P460704,3446
P460704,4855
P460704,235
P460704,297
P460704,761
P460704,1800
P460704,1357
P460704,1178
P460704,2915
P460704,2740
P460704,748
P460704,86
P460704,210
P460704,2917
P460704,244
P460704,520
P460704,2091
P460704,211
P460704,88
P460704,90
P460704,745
P460704,1882
P460704,70
P460704,812
P460704,5
P460704,72
P460704,3237
P460704,756
P460704,156
P460704,61
P460704,242
P460704,252
P460704,376
P458573,3675
P458573,3739
P458573,4856
P458573,522
P458573,4822
P458573,513
P458573,519
P458573,1213
P458573,516
P458573,29
P458573,4823
P458573,520
P458573,131
P458573,138
P458573,518
P458573,4857
P471011,404
P471011,405
P471011,71
P471011,406
P471011,181
P471011,407
P471011,100
P471011,70
P471011,392
P454807,55
P454807,4
P454807,7
P454807,274
P454807,2433
P454807,1465
P454807,1521
P454807,235
P454807,2074
P454807,76
P454807,4858
P454807,527
P454807,352
P454807,4076
P454807,553
P454807,1692
P454807,3734
P454807,2745
P454807,2623
P454807,4859
P454807,1042
P454807,4439
P454807,1968
P454807,63
P454807,475
P454807,3648
P454807,130
P454807,1128
P454807,455
P454807,1691
P454807,20
P454807,3926
P454807,1199
P454807,181
P454807,1360
P454807,842
P454807,166
P454807,72
P454807,568
P454807,246
P454807,74
P454807,89
P454807,2264
P454807,131
P454807,667
P454807,1449
P454807,2266
P454807,1355
P454807,57
P454807,239
P454807,78
P454807,668
P454807,2268
P454807,445
P454807,75
P454807,79
P454807,266
P454807,563
P454807,471
P503262,4860
P503262,83
P503262,20
P503262,527
P503262,234
P503262,4
P503262,835
P503262,555
P503262,557
P503262,892
P503262,402
P503262,235
P503262,393
P503262,341
P503262,57
P503262,394
P503262,391
P503262,206
P503262,90
P503262,3078
P503262,634
P503262,102
P503262,33
P503262,342
P503262,266
P503262,29
P503262,70
P503262,237
P503262,322
P503262,1863
P503262,4435
P503262,265
P503262,117
P503262,1872
P503262,673
P503262,1112
P503262,189
P503262,4436
P503262,2066
P503262,1467
P503262,627
P503262,2624
P503262,4437
P503262,3050
P503262,4130
P503262,4438
P503262,4861
P503262,1117
P503262,88
P503262,4862
P503262,87
P503262,61
P503262,4863
P503262,4864
P503262,4865
P503262,470
P503262,430
P503262,2700
P503262,1556
P503262,1282
P503262,808
P503262,4866
P503262,112
P503262,185
P503262,691
P503262,4867
P503262,675
P503262,4868
P503262,107
P503262,1660
P503262,583
P503262,75
P503262,749
P503262,750
P503262,1072
P503262,4869
P503262,109
P503262,261
P503262,468
P503262,1603
P503262,71
P503262,2543
P503262,1353
P503262,64
P503262,543
P503262,862
P503262,2149
P503262,4870
P503262,118
P503262,4871
P503262,245
P503262,4872
P461950,138
P461950,833
P461950,4
P461950,89
P461950,457
P461950,297
P461950,443
P461950,302
P461950,1790
P461950,1793
P461950,453
P461950,1794
P461950,1791
P461950,1795
P461950,1796
P461950,338
P461950,340
P461950,1797
P461950,1798
P461950,1799
P461950,1792
P461950,100
P461950,535
P461950,4365
P461950,3296
P461950,4873
P461950,1684
P461950,765
P461950,2527
P461950,416
P461950,1366
P461950,158
P461950,237
P461950,70
P461950,3832
P461950,71
P461950,327
P461950,2414
P461950,322
P461950,3095
P461950,2
P461950,200
P461950,441
P461950,694
P461950,174
P461950,272
P461950,51
P461950,91
P461950,80
P389097,4874
P389097,4875
P389097,4876
P389097,4877
P389097,4878
P389097,4879
P389097,4880
P389097,4881
P389097,199
P389097,4882
P454029,1567
P454029,4
P454029,89
P454029,1614
P454029,76
P454029,1412
P454029,527
P454029,170
P454029,86
P454029,742
P454029,131
P454029,84
P454029,2078
P454029,595
P454029,815
P454029,2264
P454029,2266
P454029,3822
P454029,91
P454029,75
P454029,441
P454029,4883
P454029,4884
P454029,246
P454029,166
P454029,57
P454029,103
P454029,1660
P454029,2080
P454029,2268
P454029,130
P454029,3071
P454029,93
P454029,4885
P454029,47
P454029,4886
P454029,593
P454029,1243
P454029,4887
P454029,4888
P454029,79
P454029,4324
P454029,4889
P454029,271
P454029,1572
P454029,174
P454029,206
P454029,4325
P454029,176
P454029,266
P454029,39
P454029,4065
P454029,589
P454029,51
P454029,590
P454029,433
P438642,83
P438642,4890
P438642,4891
P438642,4892
P438642,4893
P438642,4894
P438642,39
P438642,4895
P438642,4896
P438642,4897
P438642,4578
P438642,5
P438642,265
P438642,4898
P438642,156
P438642,72
P438642,4899
P438642,119
P438642,389
P438642,376
P481837,55
P481837,89
P481837,813
P481837,88
P481837,71
P481837,4
P481837,170
P481837,86
P481837,85
P481837,1363
P481837,1019
P481837,90
P481837,411
P481837,4900
P481837,2707
P481837,231
P481837,230
P481837,4901
P481837,229
P481837,225
P481837,228
P481837,2708
P481837,2706
P481837,227
P481837,224
P481837,1297
P481837,226
P481837,806
P481837,232
P481837,7
P481837,223
P481837,264
P481837,131
P481837,4258
P481837,568
P481837,174
P481837,176
P481837,271
P481837,236
P481837,338
P481837,940
P481837,4902
P481837,79
P481837,122
P481837,391
P481837,776
P481837,392
P455332,524
P455332,4
P455332,529
P455332,662
P455332,7
P455332,552
P455332,833
P455332,131
P455332,20
P455332,453
P455332,1143
P455332,469
P455332,2128
P455332,836
P455332,835
P455332,1137
P455332,754
P455332,460
P455332,458
P455332,676
P455332,842
P455332,1402
P455332,117
P455332,455
P455332,235
P455332,4903
P455332,240
P455332,60
P455332,1256
P455332,133
P455332,1399
P455332,1295
P455332,660
P455332,9
P455332,75
P455332,93
P455332,266
P455332,79
P455332,246
P455332,392
P500856,4904
P500856,90
P500856,30
P500856,23
P500856,1840
P500856,1870
P500856,525
P500856,258
P500856,1722
P500856,33
P500856,3532
P500856,1878
P500856,794
P500856,1872
P500856,2343
P500856,4905
P500856,1871
P500856,1226
P500856,127
P500856,1875
P500856,224
P500856,806
P500856,634
P500856,72
P500856,47
P500856,1879
P500856,4906
P500856,4907
P500856,4559
P500856,181
P500856,71
P500856,1874
P500856,1873
P500856,4
P500856,97
P500856,1877
P500856,128
P500856,20
P500856,4908
P500856,4909
P500856,3721
P500856,4910
P500856,1876
P500856,1823
P500856,4911
P500856,405
P500856,1146
P500856,106
P500856,117
P500856,4505
P500856,70
P500856,5
P500856,83
P500856,4912
P447788,4913
P447788,208
P447788,4
P447788,1412
P447788,3491
P447788,88
P447788,86
P447788,1696
P447788,1697
P447788,1243
P447788,132
P447788,1698
P447788,161
P447788,91
P447788,362
P447788,84
P447788,89
P447788,8
P447788,12
P447788,78
P447788,2069
P447788,70
P447788,376
P458961,1889
P458961,1346
P458961,4914
P458961,4915
P458961,56
P458961,249
P458961,4
P458961,3928
P458961,1979
P458961,1980
P458961,1981
P458961,534
P458961,1310
P458961,819
P458961,327
P458961,2847
P458961,570
P458961,1866
P458961,4738
P458961,57
P458961,9
P458961,3462
P458961,4916
P458961,76
P458961,374
P458961,426
P458961,15
P458961,317
P458961,75
P458961,174
P458961,1681
P470248,1889
P470248,1346
P470248,393
P470248,402
P470248,71
P470248,127
P470248,4
P470248,4382
P470248,4383
P470248,557
P470248,91
P470248,12
P470248,1851
P470248,4917
P470248,4918
P470248,1445
P470248,835
P470248,836
P470248,133
P470248,240
P470248,20
P470248,1660
P470248,583
P470248,1072
P470248,749
P470248,750
P470248,107
P470248,102
P470248,75
P470248,109
P470248,539
P470248,260
P470248,263
P470248,274
P470248,2302
P500012,55
P500012,4
P500012,76
P500012,65
P500012,64
P500012,1361
P500012,329
P500012,5
P500012,441
P500012,75
P500012,72
P500012,246
P500012,79
P500012,266
P500012,173
P500012,566
P504774,100
P504774,274
P504774,4
P504774,9
P504774,116
P504774,424
P504774,4919
P504774,75
P504774,92
P504774,546
P504774,156
P504774,199
P504774,2554
P468412,4920
P468412,83
P468412,362
P468412,815
P468412,4921
P468412,779
P468412,133
P468412,3548
P468412,7
P468412,3687
P468412,426
P468412,780
P468412,1569
P468412,559
P468412,3551
P468412,76
P468412,110
P468412,850
P468412,4922
P468412,4923
P468412,79
P468412,781
P468412,4924
P468412,2244
P468412,4
P468412,274
P468412,155
P468412,1128
P468412,89
P468412,1216
P468412,2264
P468412,795
P468412,352
P468412,2266
P468412,527
P468412,161
P468412,131
P468412,484
P468412,206
P468412,152
P468412,1382
P468412,2268
P468412,170
P468412,467
P468412,394
P468412,93
P468412,1844
P468412,88
P468412,748
P468412,1752
P468412,595
P468412,84
P468412,153
P468412,119
P468412,1916
P468412,78
P468412,588
P468412,330
P468412,4009
P468412,4925
P468412,4926
P468412,606
P468412,43
P468412,4927
P468412,4928
P460511,348
P460511,3426
P460511,107
P460511,78
P460511,102
P460511,9
P460511,776
P460511,4
P460511,365
P460511,1766
P460511,3427
P460511,95
P460511,2254
P460511,695
P460511,2322
P460511,2255
P460511,3423
P460511,132
P460511,5
P460511,7
P460511,75
P460511,109
P460511,539
P460511,1130
P460511,91
P460511,79
P460511,265
P460511,173
P460511,176
P460511,177
P467112,358
P467112,359
P467112,349
P467112,360
P467112,361
P467112,362
P467112,363
P467112,364
P467112,350
P467112,92
P467112,365
P467112,366
P467112,367
P467112,95
P467112,96
P467112,241
P467112,368
P467112,369
P467112,351
P467112,370
P467112,265
P467112,371
P467112,372
P467112,373
P467112,374
P467112,375
P467112,100
P467112,174
P467112,376
P482698,100
P482698,7
P482698,2
P482698,5
P482698,878
P482698,455
P482698,4929
P482698,3918
P482698,57
P482698,12
P482698,38
P482698,3839
P482698,93
P482698,19
P482698,9
P482698,264
P482698,4277
P482698,4930
P482698,1579
P482698,70
P482698,2331
P482697,100
P482697,7
P482697,4
P482697,743
P482697,2
P482697,5
P482697,161
P482697,1113
P482697,9
P482697,3918
P482697,166
P482697,12
P482697,10
P482697,668
P482697,93
P482697,19
P482697,38
P482697,1270
P482697,20
P482697,1404
P482697,70
P482697,2331
P503901,4931
P503901,100
P503901,9
P503901,4
P503901,200
P503901,5
P503901,455
P503901,274
P503901,878
P503901,428
P503901,2209
P503901,209
P503901,169
P503901,210
P503901,166
P503901,1404
P503901,7
P503901,90
P503901,161
P503901,92
P503901,244
P503901,10
P503901,2769
P503901,12
P503901,93
P503901,38
P503901,850
P503901,95
P503901,20
P503901,18
P503901,811
P503901,858
P503901,742
P503901,242
P503901,441
P503901,75
P503901,272
P503901,174
P503901,4932
P503901,809
P503901,107
P503901,2221
P503901,278
P503901,4933
P503901,3822
P503901,19
P503901,472
P503901,72
P503901,4853
P503901,4934
P503901,23
P503901,26
P503901,71
P503901,746
P503901,1364
P503901,2741
P503901,670
P503901,167
P503901,463
P503901,1212
P503901,2740
P503901,153
P503901,484
P503901,2328
P503901,168
P503901,39
P503901,268
P503901,4935
P503901,808
P503901,97
P503901,401
P503901,70
P503901,4936
P503901,4937
P503901,1784
P503901,3918
P503901,57
P503901,668
P503901,4938
P503901,2753
P503901,1275
P503901,4939
P503901,4940
P503901,593
P503901,596
P503901,103
P503901,84
P503901,86
P503901,1717
P503901,595
P503901,4550
P503901,4551
P503901,468
P503901,2530
P503901,885
P503901,2309
P503901,224
P503901,236
P503901,806
P503901,4552
P503901,4553
P503901,135
P503901,4554
P470508,55
P470508,71
P470508,76
P470508,815
P470508,4075
P470508,4
P470508,842
P470508,131
P470508,29
P470508,57
P470508,7
P470508,161
P470508,3021
P470508,66
P470508,118
P470508,418
P470508,90
P470508,61
P470508,91
P470508,78
P470508,8
P470508,117
P470508,158
P470508,169
P470508,563
P470508,97
P470508,1667
P470508,1674
P470508,75
P470508,1623
P470508,1619
P470508,2858
P470508,224
P470508,2066
P470508,225
P470508,2708
P470508,1146
P470508,595
P470508,228
P470508,229
P470508,4941
P470508,49
P470508,696
P470508,79
P470508,266
P470508,12
P470508,1679
P470508,4942
P470508,93
P470508,2859
P470508,3177
P470508,471
P466878,100
P466878,101
P466878,102
P466878,103
P466878,107
P466878,105
P466878,90
P466878,4
P466878,1054
P466878,2252
P466878,1872
P466878,695
P466878,365
P466878,776
P466878,237
P466878,238
P466878,113
P466878,66
P466878,428
P466878,20
P466878,110
P466878,129
P466878,115
P466878,116
P466878,1399
P466878,93
P466878,75
P466878,441
P466878,132
P466878,265
P466878,104
P466878,120
P466878,575
P466878,1655
P466878,1920
P466878,71
P466878,1309
P466878,91
P466878,4381
P442537,83
P442537,71
P442537,88
P442537,1746
P442537,84
P442537,4
P442537,1773
P442537,618
P442537,457
P442537,291
P442537,274
P442537,153
P442537,91
P442537,161
P442537,520
P442537,4943
P442537,7
P442537,4944
P442537,2922
P442537,72
P442537,2954
P442537,92
P442537,4238
P442537,1795
P442537,75
P442537,3977
P442537,200
P442537,79
P442537,266
P442537,441
P442537,12
P442537,4945
P442537,811
P442537,199
P442537,1556
P442537,4946
P442537,1304
P442537,2590
P442537,2671
P442537,686
P442537,4947
P442537,828
P442537,3738
P456992,524
P456992,2144
P456992,2043
P456992,1162
P456992,89
P456992,1904
P456992,2044
P456992,88
P456992,86
P456992,170
P456992,2013
P456992,7
P456992,1134
P456992,2406
P456992,4
P456992,274
P456992,455
P456992,3539
P456992,1939
P456992,4948
P456992,1658
P456992,126
P456992,1924
P456992,3986
P456992,1603
P456992,366
P456992,254
P456992,3987
P456992,255
P456992,60
P456992,460
P456992,3985
P456992,1137
P456992,840
P456992,1042
P456992,4949
P456992,2124
P456992,155
P456992,363
P456992,555
P456992,131
P456992,454
P456992,12
P456992,833
P456992,2354
P456992,2454
P456992,20
P456992,2783
P456992,72
P456992,710
P456992,3766
P456992,166
P456992,458
P456992,2407
P456992,453
P456992,181
P456992,531
P456992,10
P456992,152
P456992,1002
P456992,119
P456992,117
P456992,2586
P456992,57
P456992,1293
P456992,747
P456992,4309
P456992,776
P456992,93
P456992,51
P456992,91
P456992,33
P456992,1476
P443810,83
P443810,538
P443810,4
P443810,546
P443810,684
P443810,4950
P443810,111
P443810,4951
P443810,118
P443810,1690
P443810,1842
P443810,3142
P443810,4952
P443810,78
P443810,4953
P443810,72
P443810,91
P443810,279
P469448,348
P469448,349
P469448,4
P469448,2052
P469448,90
P469448,9
P469448,1717
P469448,1583
P469448,1198
P469448,1512
P469448,167
P469448,676
P469448,351
P469448,446
P469448,618
P469448,7
P469448,441
P469448,250
P469448,716
P469448,246
P469448,75
P469448,2328
P469448,93
P469448,4954
P469448,3163
P469448,265
P469448,826
P469448,3650
P469448,4680
P469448,1256
P469448,4681
P469448,312
P469448,317
P469448,4955
P469448,355
P469448,79
P469448,80
P500771,100
P500771,29
P500771,7
P500771,88
P500771,4
P500771,289
P500771,24
P500771,809
P500771,170
P500771,1520
P500771,1213
P500771,713
P500771,1291
P500771,748
P500771,221
P500771,833
P500771,20
P500771,1204
P500771,840
P500771,1201
P500771,1292
P500771,1143
P500771,454
P500771,831
P500771,237
P500771,397
P500771,89
P500771,27
P500771,72
P500771,828
P500771,222
P500771,1203
P500771,533
P500771,562
P500771,1521
P500771,457
P500771,1211
P500771,84
P500771,5
P500771,8
P500771,74
P500771,106
P500771,805
P500771,93
P500771,441
P500771,131
P500771,51
P500771,91
P500771,374
P500771,80
P479861,4956
P479861,90
P479861,55
P479861,235
P479861,4
P479861,913
P479861,2691
P479861,71
P479861,1305
P479861,2679
P479861,676
P479861,277
P479861,756
P479861,70
P479861,2573
P479861,15
P479861,109
P479861,12
P479861,279
P479861,4957
P479861,454
P479861,265
P479861,9
P479861,1139
P479861,1140
P479861,18
P479861,1141
P479861,1142
P479861,1143
P479861,76
P479861,546
P479861,57
P479861,107
P479861,391
P479861,1109
P479861,275
P479861,206
P479861,5
P479861,91
P479861,474
P479861,4958
P479861,4161
P479861,4959
P479861,102
P479861,65
P479861,59
P479861,622
P479861,804
P479861,805
P479861,67
P479861,626
P479861,236
P479861,223
P479861,225
P479861,230
P479861,232
P479861,227
P479861,229
P479861,231
P479861,226
P479861,228
P479861,806
P479861,224
P479861,241
P479861,133
P479861,240
P479861,807
P479861,808
P479861,809
P479861,684
P479861,810
P479861,811
P479861,75
P479861,106
P479861,812
P479861,252
P479861,390
P479861,266
P479861,79
P430809,366
P430809,4960
P430809,4961
P430809,274
P430809,4962
P423163,2
P423163,878
P423163,4
P423163,89
P423163,4392
P423163,178
P423163,4774
P423163,4393
P423163,1382
P423163,91
P423163,155
P423163,8
P423163,2660
P423163,482
P423163,7
P423163,103
P423163,119
P423163,1241
P423163,790
P423163,4353
P423163,825
P423163,483
P423163,121
P423163,166
P423163,131
P423163,4355
P423163,588
P423163,171
P423163,57
P423163,488
P423163,118
P423163,272
P423163,1595
P423163,174
P423163,489
P423163,1572
P423163,4356
P423163,173
P423163,176
P423163,207
P423163,1532
P423163,4357
P423163,95
P423163,1331
P423163,1753
P423163,79
P423163,471
P410657,83
P410657,4
P410657,71
P410657,118
P410657,4963
P410657,29
P410657,1784
P410657,4964
P410657,160
P410657,87
P410657,4965
P410657,467
P410657,4966
P410657,12
P410657,756
P410657,131
P410657,4967
P410657,20
P410657,4968
P410657,4969
P410657,862
P410657,4970
P410657,4971
P410657,4528
P410657,266
P410657,4972
P410657,4973
P480150,55
P480150,102
P480150,4
P480150,7
P480150,9
P480150,208
P480150,89
P480150,103
P480150,527
P480150,73
P480150,879
P480150,1817
P480150,3338
P480150,61
P480150,275
P480150,91
P480150,1556
P480150,86
P480150,170
P480150,772
P480150,581
P480150,72
P480150,1415
P480150,20
P480150,128
P480150,4974
P480150,4975
P480150,12
P480150,4976
P481347,4977
P481347,4978
P481347,1
P481347,4979
P481347,4980
P481347,2096
P481347,4981
P481347,4982
P481347,4983
P481347,4984
P481347,4985
P481347,4986
P481347,4987
P481347,2119
P481347,4988
P481347,4989
P481347,2122
P481347,4990
P481347,4991
P481347,4992
P481347,1594
P481347,4993
P481347,4994
P481347,4995
P481347,2105
P481347,4996
P481347,4997
P481347,4998
P481347,2114
P481347,4999
P481347,5000
P481347,5001
P481347,5002
P481347,5003
P481347,5004
P481347,5005
P481347,5006
P481347,5007
P481347,5008
P481347,5009
P481347,5010
P481347,5011
P481347,5012
P481347,5013
P481347,5014
P481347,5015
P481347,5016
P481347,5017
P481347,5018
P481347,5019
P481347,5020
P481347,5021
P481347,5022
P481347,5023
P481347,5024
P481347,86
P481347,5025
P481347,5026
P481347,5027
P481347,5028
P481347,5029
P481347,5030
P481347,2095
P481347,5031
P481347,97
P481347,396
P481347,5032
P481347,5033
P481347,3631
P481347,3630
P481347,3641
P481347,3636
P481347,5034
P481347,5035
P481347,5036
P481347,5037
P481347,57
P481347,5038
P481347,91
P481347,3646
P443377,83
P443377,5039
P443377,89
P443377,2
P443377,4
P443377,782
P443377,11
P443377,4393
P443377,1241
P443377,57
P443377,131
P443377,790
P443377,4396
P443377,850
P443377,4355
P443377,454
P443377,774
P443377,657
P443377,1756
P443377,1844
P443377,1758
P443377,4397
P443377,1176
P443377,4398
P443377,4399
P443377,1113
P443377,792
P443377,4315
P443377,804
P443377,74
P443377,7
P443377,482
P443377,788
P443377,713
P443377,8
P443377,166
P443377,51
P443377,488
P443377,118
P443377,70
P443377,93
P443377,489
P443377,4181
P443377,91
P443377,122
P443377,467
P443377,342
P443377,33
P443377,5040
P443377,5041
P443377,4833
P443377,5042
P483090,55
P483090,4
P483090,90
P483090,770
P483090,628
P483090,802
P483090,71
P483090,646
P483090,76
P483090,88
P483090,86
P483090,5
P483090,1903
P483090,676
P483090,1581
P483090,756
P483090,670
P483090,75
P483090,2836
P483090,20
P483090,3237
P483090,3734
P483090,266
P483090,79
P483090,70
P483090,711
P448557,1
P448557,9
P448557,3491
P448557,116
P448557,91
P448557,57
P448557,93
P448557,12
P448557,3522
P448557,20
P448557,390
P448557,3112
P448557,78
P448557,132
P448557,75
P448557,474
P448542,1
P448542,382
P448542,200
P448542,88
P448542,627
P448542,3491
P448542,1412
P448542,37
P448542,2001
P448542,748
P448542,161
P448542,91
P448542,57
P448542,116
P448542,92
P448542,411
P448542,5043
P448542,1696
P448542,5044
P448542,118
P448542,12
P448542,71
P448542,1697
P448542,93
P448542,20
P448542,390
P448542,3112
P448542,224
P448542,132
P448542,563
P448542,1698
P448542,2069
P448542,72
P448542,75
P448542,49
P448542,471
P474967,100
P474967,71
P474967,29
P474967,9
P474967,660
P474967,4765
P474967,398
P474967,19
P474967,130
P474967,4766
P474967,2753
P474967,878
P474967,1418
P474967,4338
P474967,4103
P474967,685
P474967,730
P474967,710
P474967,5045
P474967,70
P474967,2256
P474967,117
P474967,4
P474967,61
P474967,441
P474967,39
P474967,1464
P474967,76
P474967,122
P474967,72
P474967,5
P474967,206
P474967,266
P474967,12
P474967,79
P474967,489
P474967,91
P474967,376
P448564,524
P448564,4
P448564,1409
P448564,7
P448564,200
P448564,89
P448564,308
P448564,825
P448564,2
P448564,1202
P448564,1770
P448564,520
P448564,451
P448564,831
P448564,989
P448564,1292
P448564,828
P448564,221
P448564,1203
P448564,158
P448564,1529
P448564,3986
P448564,454
P448564,3987
P448564,840
P448564,222
P448564,450
P448564,2913
P448564,1667
P448564,2454
P448564,4522
P448564,164
P448564,786
P448564,617
P448564,1475
P448564,3985
P448564,131
P448564,107
P448564,531
P448564,237
P448564,20
P448564,2817
P448564,1143
P448564,311
P448564,843
P448564,3988
P448564,355
P448564,679
P448564,1113
P448564,78
P448564,1437
P448564,8
P448564,2586
P448564,106
P448564,72
P448564,747
P448564,75
P448564,1530
P448564,2914
P448564,441
P448564,266
P448564,79
P448564,392
P482318,55
P482318,663
P482318,813
P482318,77
P482318,88
P482318,2916
P482318,748
P482318,89
P482318,4
P482318,278
P482318,789
P482318,764
P482318,1715
P482318,1243
P482318,2343
P482318,20
P482318,2629
P482318,70
P482318,61
P482318,71
P482318,5046
P482318,568
P482318,291
P482318,91
P482318,72
P482318,716
P482318,33
P482318,57
P482318,5047
P482318,47
P482318,5048
P482318,745
P482318,202
P482318,272
P482318,204
P482318,174
P482318,173
P482318,4427
P482318,1355
P482318,4713
P482318,2428
P469830,2874
P469830,5049
P469830,3739
P469830,5050
P469830,85
P469830,72
P469830,2793
P469830,246
P469830,75
P469830,235
P469830,234
P469830,93
P469830,4
P469830,5051
P469830,91
P469830,3565
P469830,5052
P469830,5053
P469830,131
P469830,83
P469830,1731
P504795,100
P504795,404
P504795,4
P504795,71
P504795,9
P504795,1968
P504795,20
P504795,161
P504795,533
P504795,57
P504795,166
P504795,93
P504795,5
P504795,72
P504795,246
P504795,2302
P500743,55
P500743,7
P500743,4
P500743,58
P500743,5
P500743,745
P500743,117
P500743,4372
P500743,756
P500743,1305
P500743,57
P500743,568
P500743,4373
P500743,20
P500743,5054
P500743,475
P500743,1703
P500743,75
P500743,79
P500743,80
P504919,100
P504919,155
P504919,165
P504919,161
P504919,4
P504919,880
P504919,3782
P504919,79
P504919,93
P504919,75
P504919,4451
P417110,4098
P417110,2513
P417110,9
P417110,4
P417110,1788
P417110,1202
P417110,1790
P417110,1793
P417110,453
P417110,1794
P417110,1791
P417110,1795
P417110,1796
P417110,338
P417110,340
P417110,1797
P417110,1798
P417110,1799
P417110,1792
P417110,809
P417110,835
P417110,1445
P417110,989
P417110,836
P417110,422
P417110,451
P417110,2351
P417110,2124
P417110,4365
P417110,1684
P417110,604
P417110,840
P417110,2352
P417110,828
P417110,454
P417110,679
P417110,455
P417110,240
P417110,842
P417110,133
P417110,5055
P417110,355
P417110,20
P417110,390
P417110,7
P417110,795
P417110,200
P417110,57
P417110,308
P417110,121
P417110,12
P417110,72
P417110,789
P417110,93
P417110,91
P417110,3540
P417110,1397
P442542,5056
P442542,5057
P442542,259
P442542,5058
P442542,4475
P442542,4474
P442542,5059
P442542,3243
P503216,5060
P503216,1
P503216,4
P503216,410
P503216,110
P503216,106
P503216,668
P503216,1512
P503216,1064
P503216,2911
P503216,7
P503216,112
P503216,326
P503216,195
P503216,56
P503216,1583
P503216,191
P503216,60
P503216,197
P503216,12
P503216,1647
P503216,96
P503216,468
P503216,108
P503216,190
P503216,189
P503216,5061
P503216,198
P503216,91
P503216,79
P503216,252
P503216,441
P503216,250
P503216,269
P503216,846
P503216,847
P503216,430
P503216,196
P503216,5062
P503216,5063
P503216,5064
P503216,5065
P503216,66
P503216,4950
P503216,1388
P503216,882
P503216,75
P503216,18
P503216,546
P503216,2892
P503216,117
P503216,265
P503216,899
P503216,266
P503216,679
P503216,835
P503216,2801
P503216,366
P503216,313
P503216,74
P503216,135
P503216,70
P503216,1731
P467129,5066
P467129,5067
P467129,1
P467129,875
P467129,410
P467129,684
P467129,876
P467129,455
P467129,649
P467129,877
P467129,878
P467129,879
P467129,880
P467129,165
P467129,7
P467129,881
P467129,882
P467129,883
P467129,386
P467129,884
P467129,409
P467129,885
P467129,886
P467129,86
P467129,624
P467129,119
P467129,75
P467129,93
P467129,91
P467129,72
P467129,246
P467129,174
P467129,887
P467129,888
P467129,889
P467129,188
P467129,890
P467129,891
P467129,892
P467129,893
P467129,5068
P467129,3675
P467129,1586
P467129,1587
P467129,1991
P467129,2017
P467129,457
P467129,298
P467129,5069
P467129,234
P467129,88
P467129,3484
P467129,3569
P467129,5070
P467129,696
P467129,131
P467129,563
P467129,20
P467129,92
P467129,1797
P467129,4
P467129,3825
P467129,235
P467129,169
P467129,56
P467129,3485
P467129,2954
P467129,676
P467129,78
P467129,12
P467129,121
P467129,272
P467129,1235
P467129,5071
P467129,118
P467129,104
P467129,9
P467129,76
P467129,74
P467129,5072
P467129,542
P467129,554
P467129,3123
P467129,3124
P467129,2390
P467129,2013
P467129,4614
P467129,2509
P467129,5073
P467129,89
P467129,49
P467129,2776
P467129,275
P467129,319
P467129,325
P467129,324
P467129,1054
P467129,366
P467129,831
P467129,5074
P467129,789
P467129,1476
P469806,5075
P469806,55
P469806,7
P469806,4
P469806,275
P469806,1784
P469806,1966
P469806,2017
P469806,1967
P469806,244
P469806,165
P469806,679
P469806,72
P469806,5076
P469806,246
P469806,1449
P469806,73
P469806,131
P469806,568
P469806,1355
P469806,454
P469806,441
P469806,166
P469806,20
P469806,57
P469806,637
P469806,156
P469806,242
P469806,1968
P469806,75
P469806,78
P469806,445
P469806,79
P469806,80
P443549,83
P443549,4
P443549,308
P443549,89
P443549,7
P443549,274
P443549,3025
P443549,443
P443549,4481
P443549,4482
P443549,4483
P443549,4484
P443549,4485
P443549,4486
P443549,174
P443549,272
P443549,173
P443549,176
P443549,1153
P443549,4151
P443549,4152
P443549,2454
P443549,460
P443549,4153
P443549,4154
P443549,4155
P443549,3002
P443549,1896
P443549,834
P443549,454
P443549,252
P443549,4156
P443549,1137
P443549,2371
P443549,841
P443549,838
P443549,116
P443549,106
P443549,449
P443549,12
P443549,90
P443549,786
P443549,131
P443549,265
P443549,75
P443549,51
P443549,266
P443549,4488
P422260,83
P422260,4
P422260,89
P422260,86
P422260,2078
P422260,74
P422260,170
P422260,815
P422260,2703
P422260,91
P422260,1935
P422260,84
P422260,208
P422260,527
P422260,595
P422260,2079
P422260,72
P422260,57
P422260,658
P422260,467
P422260,93
P422260,70
P422260,20
P422260,130
P422260,272
P422260,78
P422260,2623
P422260,173
P422260,176
P422260,175
P422260,206
P422260,75
P422260,1160
P422260,4832
P422260,612
P422260,5077
P458962,1889
P458962,1346
P458962,102
P458962,5078
P458962,78
P458962,776
P458962,274
P458962,3426
P458962,5079
P458962,9
P458962,4
P458962,674
P458962,2248
P458962,2965
P458962,1310
P458962,673
P458962,1418
P458962,5080
P458962,1979
P458962,1980
P458962,1981
P458962,454
P458962,57
P458962,75
P458962,252
P458962,76
P458962,2966
P458962,426
P458962,15
P458962,266
P458962,1749
P458962,117
P458962,5081
P504517,557
P504517,1116
P504517,5082
P504517,398
P504517,29
P504517,71
P504517,72
P504517,668
P504517,88
P504517,748
P504517,527
P504517,5083
P504517,75
P504517,93
P504517,404
P504517,12
P504517,808
P504517,4
P504517,86
P504517,4167
P504517,61
P504517,2342
P504517,5040
P504517,33
P504517,358
P504517,5084
P504517,91
P504517,5085
P504517,1598
P504517,627
P504517,20
P504517,1127
P504517,394
P504517,90
P504517,747
P504517,445
P504517,70
P504517,321
P504517,57
P504517,5086
P504517,5087
P460756,2567
P460756,1346
P460756,66
P460756,76
P460756,552
P460756,4
P460756,308
P460756,4816
P460756,90
P460756,20
P460756,673
P460756,95
P460756,2358
P460756,5088
P460756,244
P460756,74
P460756,815
P460756,91
P460756,155
P460756,1387
P460756,1284
P460756,463
P460756,246
P460756,72
P460756,156
P460756,242
P460756,51
P460756,106
P460756,75
P460756,266
P460756,1294
P449601,3581
P449601,5089
P449601,348
P449601,7
P449601,3491
P449601,5090
P449601,208
P449601,5091
P449601,131
P449601,764
P449601,161
P449601,91
P449601,555
P449601,8
P449601,88
P449601,961
P449601,3766
P449601,57
P449601,12
P449601,398
P449601,78
P449601,61
P449601,20
P449601,70
P449601,93
P449601,132
P449601,2069
P449601,75
P449601,5092
P376946,5093
P376946,5094
P376946,5095
P376946,552
P376946,1861
P376946,4
P376946,1134
P376946,3673
P376946,4445
P376946,89
P376946,169
P376946,7
P376946,24
P376946,664
P376946,840
P376946,829
P376946,2128
P376946,416
P376946,1969
P376946,2804
P376946,422
P376946,651
P376946,2124
P376946,36
P376946,828
P376946,117
P376946,181
P376946,76
P376946,5096
P376946,2454
P376946,86
P376946,454
P376946,842
P376946,484
P376946,20
P376946,43
P376946,131
P376946,170
P376946,140
P376946,72
P376946,954
P376946,158
P376946,71
P376946,457
P376946,811
P376946,595
P376946,747
P376946,390
P376946,75
P376946,57
P376946,1116
P376946,463
P376946,78
P376946,93
P376946,266
P376946,91
P376946,465
P376946,464
P376946,37
P376946,5097
P505316,348
P505316,846
P505316,410
P505316,4
P505316,847
P505316,468
P505316,56
P505316,1258
P505316,1259
P505316,116
P505316,903
P505316,590
P505316,1245
P505316,249
P505316,675
P505316,75
P505316,79
P505316,66
P505316,460
P505316,189
P505316,190
P505316,191
P505316,195
P505316,263
P505316,878
P505316,196
P505316,1064
P505316,198
P505316,1255
P505316,5098
P505131,1
P505131,90
P505131,4
P505131,527
P505131,671
P505131,747
P505131,1697
P505131,831
P505131,84
P505131,394
P505131,672
P505131,3034
P505131,126
P505131,4221
P505131,2124
P505131,4949
P505131,2354
P505131,4224
P505131,2454
P505131,4218
P505131,4217
P505131,94
P505131,522
P505131,5099
P505131,4219
P505131,454
P505131,398
P505131,240
P505131,224
P505131,236
P505131,225
P505131,223
P505131,230
P505131,232
P505131,229
P505131,231
P505131,227
P505131,226
P505131,228
P505131,241
P505131,133
P505131,117
P505131,3033
P505131,118
P505131,57
P505131,1127
P505131,3736
P505131,4222
P505131,430
P505131,169
P505131,19
P505131,61
P505131,91
P505131,79
P505131,266
P505131,70
P505131,363
P505131,637
P505131,839
P505131,265
P505131,376
P429538,83
P429538,4
P429538,1465
P429538,76
P429538,88
P429538,3695
P429538,71
P429538,852
P429538,878
P429538,5100
P429538,5101
P429538,553
P429538,449
P429538,5102
P429538,5103
P429538,5104
P429538,5105
P429538,5106
P429538,60
P429538,5107
P429538,943
P429538,3393
P429538,765
P429538,1430
P429538,4358
P429538,5108
P429538,5109
P429538,774
P429538,70
P429538,484
P429538,3410
P429538,5110
P429538,89
P429538,72
P429538,7
P429538,527
P429538,940
P429538,5111
P429538,352
P429538,93
P429538,20
P429538,51
P429538,135
P429538,770
P429538,77
P429538,5112
P429538,5113
P429538,686
P429538,91
P429538,174
P429538,1235
P427731,55
P427731,2
P427731,4
P427731,102
P427731,742
P427731,880
P427731,10
P427731,91
P427731,568
P427731,165
P427731,441
P427731,135
P427731,1120
P427731,57
P427731,130
P427731,3648
P427731,489
P427731,4427
P427731,2778
P427731,51
P427731,471
P417359,83
P417359,879
P417359,995
P417359,448
P417359,7
P417359,9
P417359,743
P417359,651
P417359,837
P417359,5114
P417359,1515
P417359,999
P417359,454
P417359,1352
P417359,2950
P417359,1523
P417359,1368
P417359,3476
P417359,2978
P417359,833
P417359,460
P417359,1000
P417359,90
P417359,85
P417359,1366
P417359,72
P417359,131
P417359,4714
P417359,106
P417359,225
P417359,8
P417359,20
P417359,811
P417359,57
P417359,78
P417359,117
P417359,321
P417359,1598
P417359,171
P417359,91
P417359,845
P480166,83
P480166,4
P480166,1248
P480166,76
P480166,7
P480166,85
P480166,274
P480166,409
P480166,18
P480166,20
P480166,4305
P480166,4306
P480166,4307
P480166,66
P480166,131
P480166,264
P480166,588
P480166,166
P480166,1382
P480166,89
P480166,155
P480166,1694
P480166,119
P480166,57
P480166,78
P480166,75
P480166,103
P480166,70
P480166,15
P480166,12
P480166,79
P480166,266
P480166,91
P480166,467
P480166,202
P480166,175
P480166,271
P480166,174
P480166,272
P480166,4308
P480607,5115
P480607,348
P480607,65
P480607,261
P480607,4
P480607,403
P480607,90
P480607,39
P480607,57
P480607,86
P480607,2753
P480607,1130
P480607,95
P480607,66
P480607,75
P480607,1112
P480607,20
P480607,189
P480607,185
P480607,1344
P480607,5116
P480607,5117
P480607,375
P480607,5118
P480607,757
P480607,1931
P480607,1551
P480607,5119
P480607,132
P480607,358
P480607,430
P480607,5120
P480607,224
P480607,5121
P480607,1060
P480607,5122
P480607,5123
P480607,88
P480607,71
P480607,234
P480607,1144
P480607,29
P480607,235
P480607,1127
P480607,748
P480607,668
P480607,2017
P480607,670
P480607,263
P480607,78
P480607,173
P480607,566
P503890,4937
P503890,7
P503890,9
P503890,4
P503890,5
P503890,455
P503890,161
P503890,1784
P503890,3918
P503890,71
P503890,1404
P503890,57
P503890,12
P503890,268
P503890,93
P503890,668
P503890,95
P503890,90
P503890,2209
P503890,107
P503890,272
P503890,174
P503890,20
P503890,19
P503890,472
P503890,18
P503890,4938
P503890,2753
P503890,1275
P503890,70
P503890,4939
P428414,5124
P428414,83
P428414,875
P428414,354
P428414,1717
P428414,410
P428414,4
P428414,1510
P428414,5125
P428414,5126
P428414,5127
P428414,5128
P428414,5129
P428414,5130
P428414,5131
P428414,1055
P428414,206
P428414,527
P428414,386
P428414,252
P428414,133
P428414,75
P428414,2849
P428414,391
P428414,70
P428414,392
P428414,5132
P428414,86
P428414,390
P428414,4660
P428414,5133
P428414,5134
P428414,675
P428414,71
P428414,617
P428414,92
P428414,1865
P428414,2175
P428414,5135
P428414,5136
P428414,1227
P428414,5137
P428414,2492
P428414,1382
P428414,411
P428414,49
P428414,121
P428414,119
P428414,155
P428414,246
P428414,12
P428414,269
P428414,815
P428414,588
P428414,5138
P428414,342
P428414,1119
P428414,1595
P428414,202
P428414,204
P428414,4085
P428414,91
P428414,173
P428414,174
P428414,177
P428414,5139
P428414,5140
P428414,7
P428414,5141
P428414,8
P428414,748
P428414,138
P428414,5142
P428414,93
P428414,743
P428414,5143
P428414,244
P428414,2740
P428414,5144
P428414,322
P428414,117
P428414,5145
P428414,272
P428414,1842
P428414,3673
P428414,1691
P428414,700
P428414,5146
P428414,5147
P428414,835
P428414,696
P428414,327
P428414,79
P428414,20
P428414,78
P428414,131
P428414,2146
P428414,5148
P428414,513
P428414,29
P428414,514
P428414,256
P428414,516
P428414,517
P428414,518
P428414,519
P428414,520
P428414,1213
P428414,522
P428414,523
P476515,1
P476515,5064
P476515,5065
P476515,66
P476515,4950
P476515,1388
P476515,882
P476515,75
P476515,191
P476515,197
P476515,12
P476515,4
P476515,96
P476515,18
P476515,546
P476515,2892
P476515,117
P476515,265
P476515,190
P476515,189
P476515,5061
P476515,198
P476515,91
P476515,899
P476515,266
P476515,679
P476515,835
P476515,2801
P476515,366
P476515,313
P476515,74
P476515,79
P476515,441
P476515,135
P476515,70
P476515,1731
P504784,100
P504784,71
P504784,9
P504784,90
P504784,484
P504784,527
P504784,4
P504784,394
P504784,5149
P504784,472
P504784,66
P504784,4803
P504784,4058
P504784,5150
P504784,131
P504784,878
P504784,3928
P504784,12
P504784,244
P504784,358
P504784,668
P504784,156
P504784,242
P504784,15
P504784,266
P504784,79
P504784,76
P504784,376
P481376,83
P481376,4
P481376,9
P481376,846
P481376,249
P481376,3489
P481376,2977
P481376,4537
P481376,165
P481376,108
P481376,102
P481376,110
P481376,776
P481376,75
P481376,205
P481376,4307
P481376,133
P481376,20
P481376,3232
P481376,66
P481376,398
P481376,63
P481376,95
P481376,275
P481376,7
P481376,1916
P481376,1597
P481376,78
P481376,252
P481376,264
P481376,430
P481376,71
P481376,1655
P481376,1920
P481376,1309
P481376,575
P481376,91
P481376,122
P481376,79
P481376,80
P446111,83
P446111,118
P446111,1215
P446111,4
P446111,9
P446111,1563
P446111,1564
P446111,208
P446111,454
P446111,5151
P446111,5152
P446111,3057
P446111,446
P446111,24
P446111,554
P446111,856
P446111,12
P446111,20
P446111,5076
P446111,129
P446111,78
P446111,1254
P446111,61
P446111,93
P446111,79
P446111,5153
P446111,4036
P446111,4440
P446111,80
P474964,2567
P474964,1346
P474964,66
P474964,274
P474964,20
P474964,5154
P474964,5155
P474964,2618
P474964,5156
P474964,1156
P474964,336
P474964,79
P474964,2989
P474964,455
P474964,266
P474964,4100
P474964,5
P474964,265
P474964,72
P474964,91
P474964,5157
P474964,376
P457272,55
P457272,7
P457272,4
P457272,9
P457272,90
P457272,71
P457272,1966
P457272,716
P457272,118
P457272,1212
P457272,1967
P457272,807
P457272,761
P457272,1449
P457272,756
P457272,2237
P457272,1355
P457272,484
P457272,527
P457272,352
P457272,3845
P457272,168
P457272,554
P457272,72
P457272,76
P457272,5076
P457272,246
P457272,843
P457272,1127
P457272,131
P457272,441
P457272,4249
P457272,568
P457272,166
P457272,717
P457272,18
P457272,1690
P457272,20
P457272,637
P457272,1968
P457272,75
P457272,79
P457272,445
P457272,266
P457272,808
P457272,77
P457272,70
P457272,78
P457272,2537
P449411,83
P449411,390
P449411,4
P449411,354
P449411,5158
P449411,91
P449411,72
P449411,252
P449411,266
P449411,75
P449411,5159
P449411,93
P449411,95
P449411,5160
P433446,83
P433446,89
P433446,200
P433446,4
P433446,74
P433446,7
P433446,1029
P433446,1030
P433446,599
P433446,1031
P433446,1032
P433446,601
P433446,1033
P433446,1034
P433446,1035
P433446,1036
P433446,598
P433446,174
P433446,272
P433446,173
P433446,175
P433446,176
P433446,694
P433446,535
P433446,463
P433446,835
P433446,60
P433446,3570
P433446,1038
P433446,1039
P433446,1040
P433446,1041
P433446,400
P433446,1042
P433446,366
P433446,454
P433446,224
P433446,20
P433446,584
P433446,449
P433446,422
P433446,129
P433446,73
P433446,1043
P433446,786
P433446,658
P433446,1209
P433446,72
P433446,166
P433446,131
P433446,10
P433446,1045
P433446,390
P433446,756
P433446,93
P433446,91
P433446,33
P433446,37
P433446,845
P480346,100
P480346,846
P480346,410
P480346,847
P480346,349
P480346,9
P480346,666
P480346,20
P480346,1660
P480346,777
P480346,5161
P480346,750
P480346,1072
P480346,161
P480346,265
P480346,91
P480346,70
P480346,2055
P480346,252
P480346,12
P480346,5162
P473185,100
P473185,4
P473185,963
P473185,7
P473185,106
P473185,2530
P473185,410
P473185,252
P473185,3438
P473185,133
P473185,90
P473185,56
P473185,356
P473185,78
P473185,1868
P473185,75
P473185,430
P473185,269
P473185,624
P473185,20
P473185,79
P473185,266
P473185,815
P473185,1324
P473185,12
P473185,70
P473185,353
P473185,117
P473185,563
P473185,91
P473185,591
P450934,5163
P450934,5164
P450934,5165
P450934,55
P450934,4
P450934,9
P450934,1356
P450934,297
P450934,1966
P450934,617
P450934,86
P450934,170
P450934,716
P450934,463
P450934,527
P450934,89
P450934,352
P450934,1967
P450934,91
P450934,475
P450934,72
P450934,553
P450934,568
P450934,29
P450934,166
P450934,554
P450934,131
P450934,57
P450934,78
P450934,135
P450934,1211
P450934,717
P450934,20
P450934,96
P450934,562
P450934,70
P450934,79
P450934,18
P450934,7
P450934,240
P450934,685
P450934,51
P450934,1204
P450934,376
P454375,348
P454375,9
P454375,7
P454375,161
P454375,91
P454375,5166
P454375,5167
P454375,8
P454375,5168
P454375,78
P454375,1243
P454375,174
P454375,2069
P454375,376
P504636,348
P504636,9
P504636,743
P504636,4
P504636,274
P504636,1110
P504636,5
P504636,178
P504636,1111
P504636,20
P504636,1112
P504636,189
P504636,746
P504636,10
P504636,86
P504636,8
P504636,166
P504636,12
P504636,57
P504636,1113
P504636,185
P504636,268
P504636,1114
P475961,1788
P475961,1804
P475961,1134
P475961,4
P475961,155
P475961,1805
P475961,1136
P475961,1789
P475961,1790
P475961,1806
P475961,1792
P475961,1793
P475961,453
P475961,1794
P475961,1795
P475961,1374
P475961,1796
P475961,338
P475961,340
P475961,1797
P475961,1481
P475961,1748
P475961,1798
P475961,1799
P475961,524
P475961,532
P475961,1800
P475961,1801
P475961,1412
P475961,75
P475961,1802
P475961,1803
P475961,161
P475961,174
P475961,176
P475961,272
P475961,203
P475961,173
P475961,202
P475961,175
P475961,79
P475961,200
P475961,893
P483495,4606
P483495,951
P483495,1412
P483495,9
P483495,1602
P483495,4607
P483495,2976
P483495,349
P483495,843
P483495,311
P483495,72
P483495,382
P483495,384
P483495,3126
P483495,4608
P483495,430
P483495,57
P483495,76
P483495,2772
P483495,412
P483495,1583
P483495,3550
P483495,1987
P483495,252
P483495,129
P483495,815
P483495,122
P483495,4610
P483495,391
P483495,1312
P483495,398
P483495,2621
P483495,441
P483495,91
P483495,1090
P483495,608
P483495,5169
P483495,2935
P483495,2371
P483495,1249
P483495,2936
P483495,2937
P483495,2938
P483495,396
P483495,395
P483495,97
P483495,1770
P483495,2922
P483495,674
P483495,2939
P483495,2940
P483495,2941
P483495,1350
P483495,835
P483495,416
P483495,401
P483495,858
P483495,1070
P483495,317
P483495,95
P483495,889
P483495,2543
P483495,749
P483495,2942
P483495,1353
P483495,2943
P483495,543
P483495,2944
P483495,189
P483495,190
P483495,1410
P483495,4
P483495,428
P483495,158
P483495,940
P483495,2945
P483495,191
P483495,195
P483495,878
P483495,106
P483495,275
P483495,12
P483495,8
P483495,745
P483495,1359
P483495,2946
P483495,2947
P483495,118
P483495,295
P483495,4599
P483495,281
P483495,282
P483495,283
P483495,284
P483495,285
P483495,286
P483495,287
P483495,132
P483495,71
P483495,90
P483495,107
P483495,1380
P483495,7
P483495,84
P483495,89
P483495,88
P483495,289
P483495,290
P483495,291
P483495,86
P483495,170
P483495,292
P483495,293
P483495,294
P483495,103
P483495,246
P483495,5170
P483495,5171
P483495,1196
P483495,955
P483495,627
P483495,5172
P483495,5173
P483495,1048
P483495,5174
P483495,747
P483495,197
P483495,1697
P483495,574
P483495,1112
P483495,185
P483495,70
P483495,61
P483495,4614
P483495,768
P483495,1999
P483495,1238
P483495,2390
P483495,2001
P483495,5175
P483495,5176
P483495,5177
P483495,4593
P483495,1115
P483495,1197
P483495,1376
P483495,174
P483495,5178
P483495,1378
P483495,1379
P483495,1381
P483495,244
P483495,1382
P483495,617
P483495,102
P483495,527
P483495,1213
P483495,1383
P483495,156
P483495,242
P483495,177
P483495,5179
P483495,761
P483495,1441
P483495,789
P483495,329
P483495,323
P483495,807
P483495,5180
P483495,1449
P483495,5181
P483495,1420
P483495,454
P483495,33
P483495,457
P483495,342
P483495,1111
P483495,2677
P483495,1661
P483495,5182
P483495,5183
P483495,5184
P483495,2070
P483495,1446
P483495,5185
P483495,1448
P483495,117
P483495,3721
P483495,5186
P483495,240
P483495,74
P483495,266
P483495,133
P483495,206
P483495,79
P483495,75
P483495,272
P483495,1132
P483495,5187
P483495,612
P483495,5188
P483495,5189
P483495,200
P483495,5190
P483495,138
P483495,1598
P483495,5191
P483495,308
P483495,5192
P483495,5193
P483495,658
P483495,5194
P483495,1478
P483495,1803
P483495,321
P483495,47
P483495,535
P483495,405
P483495,1421
P483495,1422
P483495,1481
P483495,5195
P500016,348
P500016,664
P500016,5196
P500016,4
P500016,86
P500016,2916
P500016,1212
P500016,1236
P500016,484
P500016,676
P500016,168
P500016,555
P500016,61
P500016,70
P500016,72
P500016,266
P500016,884
P500016,57
P500016,75
P500016,174
P500016,430
P500016,54
P500016,79
P500016,803
P503942,162
P503942,1484
P503942,71
P503942,406
P503942,178
P503942,634
P503942,45
P503942,38
P503942,235
P503942,272
P503942,174
P503942,61
P503942,892
P503942,627
P503942,1321
P503942,2209
P503942,703
P503942,100
P503942,1408
P503942,5197
P503942,9
P503942,5
P503942,2317
P503942,12
P503942,93
P503942,95
P503942,471
P428639,767
P428639,89
P428639,71
P428639,524
P428639,1398
P428639,703
P428639,627
P428639,3085
P428639,1746
P428639,7
P428639,9
P428639,4
P428639,1788
P428639,3933
P428639,61
P428639,1790
P428639,1791
P428639,2978
P428639,5198
P428639,634
P428639,1883
P428639,1793
P428639,453
P428639,1794
P428639,1795
P428639,1796
P428639,338
P428639,340
P428639,1797
P428639,1798
P428639,1799
P428639,1792
P428639,3296
P428639,449
P428639,1000
P428639,2516
P428639,416
P428639,863
P428639,840
P428639,422
P428639,637
P428639,1181
P428639,531
P428639,765
P428639,1969
P428639,1684
P428639,4034
P428639,809
P428639,828
P428639,831
P428639,454
P428639,131
P428639,289
P428639,252
P428639,747
P428639,200
P428639,121
P428639,271
P428639,272
P428639,1554
P428639,176
P428639,174
P428639,175
P428639,207
P428639,204
P428639,173
P428639,51
P428639,91
P428639,464
P428639,4757
P468354,5199
P468354,83
P468354,84
P468354,4
P468354,85
P468354,71
P468354,86
P468354,87
P468354,88
P468354,29
P468354,89
P468354,90
P468354,91
P468354,72
P468354,57
P468354,92
P468354,78
P468354,93
P468354,94
P468354,95
P468354,96
P468354,97
P468354,98
P393600,2752
P393600,83
P393600,2762
P393600,2763
P393600,72
P393600,1518
P393600,2764
P463792,5200
P463792,100
P463792,4
P463792,76
P463792,3570
P463792,5201
P463792,5202
P463792,95
P463792,225
P463792,12
P463792,72
P463792,166
P463792,8
P463792,9
P463792,7
P463792,669
P463792,93
P463792,489
P463792,2887
P463792,392
P427513,83
P427513,89
P427513,7
P427513,71
P427513,4
P427513,448
P427513,106
P427513,786
P427513,457
P427513,1199
P427513,5203
P427513,1041
P427513,60
P427513,765
P427513,3296
P427513,1969
P427513,841
P427513,1040
P427513,416
P427513,449
P427513,2001
P427513,839
P427513,833
P427513,834
P427513,840
P427513,4423
P427513,831
P427513,454
P427513,2148
P427513,1352
P427513,20
P427513,107
P427513,458
P427513,428
P427513,879
P427513,12
P427513,1293
P427513,453
P427513,72
P427513,155
P427513,131
P427513,166
P427513,1211
P427513,1581
P427513,90
P427513,133
P427513,684
P427513,2951
P427513,829
P427513,1691
P427513,119
P427513,828
P427513,771
P427513,3476
P427513,237
P427513,455
P427513,1667
P427513,1043
P427513,129
P427513,422
P427513,452
P427513,1113
P427513,1204
P427513,2454
P427513,397
P427513,562
P427513,1159
P427513,76
P427513,1146
P427513,595
P427513,57
P427513,467
P427513,78
P427513,75
P427513,74
P427513,1437
P427513,84
P427513,2
P427513,4422
P427513,93
P427513,51
P427513,266
P427513,91
P427513,33
P427513,37
P427513,1390
P427513,491
P427513,5204
P467755,348
P467755,66
P467755,9
P467755,4
P467755,815
P467755,880
P467755,165
P467755,12
P467755,425
P467755,446
P467755,72
P467755,93
P467755,441
P467755,174
P467755,426
P467755,5205
P467755,272
P467755,1459
P467755,75
P467755,266
P467755,79
P467755,5206
P467755,176
P467755,428
P467755,1572
P467755,175
P467755,173
P467755,204
P467755,5207
P429675,55
P429675,4
P429675,7
P429675,118
P429675,76
P429675,878
P429675,1481
P429675,91
P429675,414
P429675,11
P429675,5208
P429675,716
P429675,2280
P429675,568
P429675,441
P429675,1949
P429675,2623
P429675,75
P429675,3848
P429675,1690
P429675,206
P429675,585
P429675,391
P429675,51
P429675,2379
P429675,5209
P429675,471
P461937,348
P461937,4
P461937,9
P461937,138
P461937,304
P461937,1128
P461937,76
P461937,7
P461937,2575
P461937,1211
P461937,743
P461937,790
P461937,90
P461937,18
P461937,20
P461937,472
P461937,19
P461937,878
P461937,2576
P461937,1892
P461937,815
P461937,72
P461937,8
P461937,804
P461937,1363
P461937,2577
P461937,161
P461937,57
P461937,455
P461937,684
P461937,12
P461937,130
P461937,5
P461937,133
P461937,230
P461937,808
P461937,667
P461937,199
P461937,669
P461937,679
P461937,2578
P461937,678
P461937,465
P461937,2579
P461937,2580
P500106,5210
P500106,1
P500106,85
P500106,308
P500106,71
P500106,7
P500106,87
P500106,5211
P500106,90
P500106,4
P500106,2430
P500106,235
P500106,677
P500106,1127
P500106,117
P500106,1725
P500106,88
P500106,1598
P500106,10
P500106,39
P500106,4804
P500106,1295
P500106,5212
P500106,2280
P500106,2550
P500106,809
P500106,1903
P500106,161
P500106,843
P500106,261
P500106,1464
P500106,20
P500106,546
P500106,5213
P500106,5
P500106,5214
P500106,745
P500106,587
P500106,79
P500106,72
P500106,2551
P500106,1766
P500106,450
P500106,95
P500106,1404
P500106,4808
P500106,331
P505133,1
P505133,349
P505133,2530
P505133,84
P505133,4
P505133,235
P505133,394
P505133,3438
P505133,5215
P505133,256
P505133,5216
P505133,286
P505133,5217
P505133,5218
P505133,3142
P505133,428
P505133,274
P505133,161
P505133,1388
P505133,430
P505133,1130
P505133,261
P505133,468
P505133,75
P505133,441
P505133,39
P505133,3841
P505133,5219
P505133,967
P457011,5220
P457011,1810
P457011,2
P457011,4
P457011,71
P457011,274
P457011,7
P457011,5
P457011,4315
P457011,86
P457011,170
P457011,187
P457011,743
P457011,89
P457011,88
P457011,455
P457011,1199
P457011,163
P457011,1738
P457011,993
P457011,12
P457011,93
P457011,878
P457011,92
P457011,130
P457011,1112
P457011,189
P457011,70
P457011,4318
P457011,185
P457011,5221
P457011,862
P457011,3765
P457011,586
P457011,5222
P457011,5223
P457011,5224
P457011,1420
P457011,652
P457011,57
P457011,2769
P457011,1303
P457011,5225
P457011,809
P457011,161
P457011,58
P457011,667
P457011,5226
P457011,72
P457011,1437
P457011,850
P457011,441
P457011,5227
P457011,75
P457011,1712
P457011,1713
P457011,1128
P457011,315
P457011,808
P457011,382
P457011,5228
P427732,55
P427732,4
P427732,89
P427732,91
P427732,20
P427732,7
P427732,658
P427732,166
P427732,72
P427732,18
P427732,568
P427732,11
P427732,5229
P427732,57
P427732,78
P427732,93
P427732,130
P427732,1307
P427732,3648
P427732,71
P427732,2778
P427732,51
P427732,471
P500248,520
P500248,634
P500248,2208
P500248,71
P500248,794
P500248,61
P500248,5230
P500248,2380
P500248,2343
P500248,2629
P500248,858
P500248,322
P500248,3315
P500248,70
P500248,574
P500248,819
P500248,1181
P500248,1361
P500248,69
P500248,272
P500248,174
P500248,176
P500248,173
P500248,3913
P500785,5231
P500785,55
P500785,4
P500785,475
P500785,660
P500785,71
P500785,224
P500785,117
P500785,745
P500785,5
P500785,72
P500785,61
P500785,70
P500785,2601
P500785,206
P500785,75
P500785,78
P500785,2378
P500785,3475
P500785,4451
P500785,5232
P500785,9
P500785,76
P500785,165
P500785,8
P500785,1659
P500785,1660
P500785,39
P500785,1661
P500785,777
P500785,568
P500785,749
P500785,750
P500785,161
P500785,1072
P500785,416
P500785,1662
P500785,1663
P500785,5233
P500785,106
P500785,992
P500785,590
P500785,441
P500785,79
P500785,589
P500785,2769
P500785,1731
P458958,5234
P458958,55
P458958,7
P458958,5
P458958,4
P458958,11
P458958,448
P458958,224
P458958,8
P458958,12
P458958,1241
P458958,72
P458958,92
P458958,469
P458958,93
P458958,850
P458958,546
P458958,130
P458958,5235
P458958,1664
P458958,20
P458958,156
P458958,199
P458958,1304
P458958,803
P458958,5236
P458958,4455
P458958,1551
P458958,3026
P458958,3467
P458958,828
P504203,4812
P504203,348
P504203,250
P504203,9
P504203,4
P504203,963
P504203,408
P504203,1015
P504203,446
P504203,103
P504203,434
P504203,1014
P504203,1016
P504203,438
P504203,437
P504203,252
P504203,1017
P504203,1018
P504203,7
P504203,12
P504203,135
P504203,70
P504203,118
P504203,5237
P504203,4814
P504203,645
P504203,89
P504203,304
P504203,435
P504203,95
P504203,651
P504203,442
P504203,436
P504203,330
P504203,439
P504203,20
P504203,117
P504203,440
P504203,441
P504203,33
P504203,445
P504203,443
P504203,444
P504203,2
P504203,91
P504203,174
P504203,272
P504203,175
P504203,1476
P451728,83
P451728,84
P451728,4
P451728,703
P451728,382
P451728,37
P451728,86
P451728,804
P451728,91
P451728,12
P451728,568
P451728,246
P451728,93
P451728,559
P451728,562
P451728,1331
P451728,1753
P451728,1974
P451728,61
P451728,70
P451728,563
P451728,565
P451728,49
P451728,75
P451728,564
P451728,271
P451728,207
P451728,272
P451728,203
P451728,3715
P481334,348
P481334,4
P481334,88
P481334,71
P481334,5238
P481334,90
P481334,29
P481334,358
P481334,190
P481334,1872
P481334,20
P481334,1072
P481334,1064
P481334,4870
P481334,2149
P481334,749
P481334,2543
P481334,750
P481334,195
P481334,191
P481334,197
P481334,1600
P481334,4103
P481334,189
P481334,862
P481334,5239
P481334,5240
P481334,198
P481334,5241
P481334,835
P481334,64
P481334,4126
P481334,543
P481334,2343
P481334,583
P481334,1334
P481334,196
P481334,1120
P481334,2753
P481334,1603
P481334,5242
P481334,2629
P481334,1660
P481334,1353
P481334,1130
P481334,75
P481334,670
P481334,261
P481334,1127
P481334,748
P481334,5243
P481334,5110
P481334,668
P481334,57
P481334,122
P481334,206
P481334,967
P474080,100
P474080,4
P474080,106
P474080,8
P474080,815
P474080,20
P474080,428
P474080,133
P474080,78
P474080,454
P474080,66
P474080,75
P474080,131
P474080,884
P474080,1456
P474080,441
P474080,1606
P474080,430
P474080,79
P474080,266
P474080,12
P474080,5244
P474080,392
P443812,5245
P443812,83
P443812,2433
P443812,4
P443812,71
P443812,29
P443812,5246
P443812,670
P443812,88
P443812,86
P443812,170
P443812,527
P443812,5247
P443812,1202
P443812,2797
P443812,89
P443812,1673
P443812,2800
P443812,72
P443812,5248
P443812,2264
P443812,91
P443812,539
P443812,107
P443812,93
P443812,1637
P443812,2266
P443812,805
P443812,2786
P443812,2268
P443812,686
P443812,8
P443812,57
P443812,12
P443812,266
P443812,79
P443812,471
P443812,5249
P443812,9
P443812,522
P443812,5250
P443812,5251
P423169,2
P423169,4
P423169,89
P423169,7
P423169,1128
P423169,4353
P423169,1134
P423169,4351
P423169,23
P423169,646
P423169,4352
P423169,484
P423169,87
P423169,352
P423169,140
P423169,487
P423169,535
P423169,486
P423169,91
P423169,4354
P423169,467
P423169,650
P423169,3736
P423169,4396
P423169,131
P423169,441
P423169,51
P423169,57
P423169,171
P423169,489
P423169,272
P423169,75
P423169,488
P423169,1753
P423169,1408
P423169,1595
P423169,118
P423169,174
P423169,4355
P423169,1572
P423169,173
P423169,176
P423169,207
P423169,4356
P423169,1532
P423169,1331
P423169,1757
P423169,4357
P423169,95
P423169,471
P430143,83
P430143,354
P430143,4
P430143,963
P430143,252
P430143,5
P430143,1916
P430143,5252
P430143,410
P430143,1087
P430143,2406
P430143,2530
P430143,56
P430143,75
P430143,390
P430143,1695
P430143,767
P430143,92
P430143,57
P430143,4278
P430143,700
P430143,373
P430143,322
P430143,4004
P430143,7
P430143,1738
P430143,12
P430143,274
P430143,95
P430143,131
P430143,774
P430143,96
P430143,5253
P430143,360
P430143,132
P430143,286
P430143,197
P430143,1057
P430143,86
P430143,595
P430143,84
P430143,1205
P430143,1746
P430143,97
P430143,29
P430143,291
P430143,2885
P430143,4274
P430143,5254
P430143,1242
P430143,615
P430143,396
P430143,5255
P430143,90
P430143,20
P430143,106
P430143,8
P430143,4009
P430143,1637
P430143,1678
P430143,222
P430143,221
P430143,1677
P430143,93
P430143,122
P430143,91
P430143,266
P430143,1680
P430143,5256
P449410,5257
P449410,1489
P449410,1198
P449410,71
P449410,4110
P449410,5258
P449410,761
P449410,1070
P449410,1599
P449410,2478
P449410,5259
P449410,5260
P449410,70
P449410,2495
P449410,2789
P449410,1596
P449410,2336
P449410,1334
P449410,5261
P449410,1876
P449410,128
P449410,440
P449410,5262
P449410,5263
P449410,765
P449410,833
P449410,3564
P449410,1715
P449410,3089
P449410,5264
P449410,563
P449410,2927
P449410,1704
P449410,3227
P449410,1048
P449410,3226
P449410,2923
P449410,2926
P449410,2031
P449410,2183
P449410,2180
P449410,2182
P449410,2181
P449410,2187
P449410,2177
P449410,770
P449410,4432
P449410,2188
P449410,426
P449410,272
P449410,175
P449410,207
P449410,694
P449410,176
P449410,206
P449410,1132
P442545,83
P442545,1916
P442545,66
P442545,4
P442545,106
P442545,91
P442545,72
P442545,2358
P442545,166
P442545,103
P442545,93
P442545,2425
P442545,687
P481138,5265
P481138,100
P481138,9
P481138,4
P481138,1503
P481138,4765
P481138,5266
P481138,5267
P481138,5268
P481138,19
P481138,130
P481138,4766
P481138,2753
P481138,878
P481138,76
P481138,8
P481138,57
P481138,3822
P481138,70
P481138,441
P481138,74
P481138,33
P481138,72
P481138,39
P481138,1464
P481138,12
P481138,206
P481138,266
P481138,5
P481138,243
P481138,239
P481138,91
P481138,78
P481138,489
P481138,3809
P481138,1390
P481138,5269
P433620,83
P433620,2
P433620,4392
P433620,4
P433620,304
P433620,790
P433620,4774
P433620,5270
P433620,5271
P433620,91
P433620,780
P433620,8
P433620,1241
P433620,467
P433620,93
P433620,118
P433620,103
P433620,7
P433620,272
P433620,1754
P433620,489
P433620,173
P433620,176
P433620,2886
P433620,5272
P433620,1437
P433620,230
P433620,1699
P433620,481
P433620,1275
P433620,70
P433620,5273
P504509,627
P504509,31
P504509,404
P504509,71
P504509,61
P504509,41
P504509,45
P504509,2789
P504509,117
P504509,7
P504509,76
P504509,242
P504509,131
P504509,301
P504509,513
P504509,2492
P504509,706
P504509,222
P504509,794
P504509,747
P504509,398
P504509,1102
P504509,1598
P504509,482
P504509,20
P504509,570
P504509,70
P504509,5274
P504049,55
P504049,4
P504049,1144
P504049,1943
P504049,547
P504049,313
P504049,102
P504049,107
P504049,2506
P504049,1872
P504049,78
P504049,265
P504049,454
P504049,777
P504049,1147
P504049,850
P504049,116
P504049,749
P504049,750
P504049,12
P504049,1072
P504049,132
P504049,1120
P504049,15
P504049,18
P504049,5275
P504049,1946
P504049,5276
P457012,5277
P457012,1810
P457012,2
P457012,4
P457012,71
P457012,274
P457012,7
P457012,5
P457012,4315
P457012,86
P457012,170
P457012,89
P457012,743
P457012,5278
P457012,88
P457012,163
P457012,1199
P457012,5279
P457012,455
P457012,993
P457012,93
P457012,878
P457012,5280
P457012,197
P457012,190
P457012,189
P457012,5281
P457012,5282
P457012,198
P457012,185
P457012,4318
P457012,70
P457012,5222
P457012,3765
P457012,586
P457012,5283
P457012,5221
P457012,5284
P457012,5285
P457012,1420
P457012,652
P457012,57
P457012,2769
P457012,1303
P457012,5286
P457012,809
P457012,161
P457012,58
P457012,667
P457012,5226
P457012,72
P457012,92
P457012,1437
P457012,850
P457012,12
P457012,441
P457012,2313
P457012,5287
P457012,75
P457012,1712
P457012,1713
P457012,1128
P457012,315
P457012,808
P457012,382
P457012,5228
P270600,100
P270600,1134
P270600,89
P270600,29
P270600,4
P270600,7
P270600,4559
P270600,289
P270600,786
P270600,1136
P270600,842
P270600,20
P270600,584
P270600,1504
P270600,2351
P270600,2352
P270600,256
P270600,1499
P270600,2128
P270600,835
P270600,828
P270600,767
P270600,2380
P270600,131
P270600,831
P270600,237
P270600,454
P270600,2354
P270600,4445
P270600,764
P270600,1505
P270600,455
P270600,158
P270600,2832
P270600,2833
P270600,809
P270600,84
P270600,595
P270600,117
P270600,103
P270600,74
P270600,76
P270600,1478
P270600,252
P270600,1590
P270600,5288
P270600,484
P270600,121
P270600,202
P270600,2989
P270600,489
P270600,93
P270600,135
P270600,246
P270600,266
P270600,392
P504880,61
P504880,405
P504880,633
P504880,1412
P504880,29
P504880,179
P504880,525
P504880,417
P504880,2220
P504880,311
P504880,1219
P504880,1220
P504880,5289
P504880,1048
P504880,704
P504880,70
P504880,637
P504880,348
P504880,843
P504880,91
P504880,446
P504880,174
P504880,177
P504778,83
P504778,1162
P504778,2
P504778,1364
P504778,710
P504778,1409
P504778,9
P504778,5290
P504778,878
P504778,963
P504778,463
P504778,745
P504778,91
P504778,3086
P504778,1591
P504778,5291
P504778,7
P504778,192
P504778,850
P504778,8
P504778,131
P504778,805
P504778,2987
P504778,93
P504778,76
P504778,286
P504778,74
P504778,2339
P504778,266
P504778,2390
P504778,1924
P504778,12
P504778,95
P504778,563
P504778,1160
P504778,5292
P504778,612
P474943,99
P474943,100
P474943,104
P474943,106
P474943,107
P474943,108
P474943,110
P474943,95
P474943,111
P474943,114
P474943,112
P474943,777
P474943,749
P474943,750
P474943,4
P474943,113
P474943,115
P474943,116
P474943,103
P474943,93
P474943,75
P474943,71
P474943,60
P474943,1652
P474943,1653
P474943,317
P474943,835
P474943,1654
P474943,1657
P474943,1655
P474943,1551
P474943,637
P474943,543
P474943,1658
P474943,1353
P474943,1656
P474943,1309
P474943,122
P474943,91
P474943,79
P474943,80
P474943,124
P474943,125
P474943,20
P474943,360
P474943,331
P474943,129
P474943,130
P474943,126
P474943,128
P474943,132
P474943,133
P474943,7
P474943,134
P474943,135
P504441,55
P504441,4
P504441,71
P504441,88
P504441,9
P504441,208
P504441,1828
P504441,4388
P504441,748
P504441,745
P504441,133
P504441,244
P504441,90
P504441,5
P504441,72
P504441,57
P504441,568
P504441,12
P504441,1931
P504441,156
P504441,75
P504441,242
P504441,78
P504441,206
P504441,79
P504441,266
P504441,131
P504441,70
P504441,4375
P436343,83
P436343,4
P436343,7
P436343,2
P436343,4815
P436343,20
P436343,2753
P436343,627
P436343,1695
P436343,157
P436343,1712
P436343,1713
P436343,1128
P436343,131
P436343,71
P436343,178
P436343,304
P436343,745
P436343,161
P436343,92
P436343,209
P436343,210
P436343,10
P436343,4816
P436343,166
P436343,8
P436343,72
P436343,850
P436343,12
P436343,57
P436343,467
P436343,808
P436343,5293
P438629,5294
P438629,71
P438629,363
P438629,2978
P438629,1119
P438629,637
P438629,987
P438629,685
P438629,5295
P438629,70
P438629,4
P438629,398
P438629,83
P438629,57
P438629,467
P438629,174
P438629,175
P438629,207
P438629,272
P438629,176
P438629,271
P438629,205
P438629,1572
P438629,204
P438629,1595
P438629,1681
P428103,779
P428103,83
P428103,7
P428103,4
P428103,1399
P428103,76
P428103,878
P428103,331
P428103,544
P428103,441
P428103,317
P428103,79
P428103,686
P428103,5296
P482746,5297
P482746,1212
P482746,168
P482746,3027
P482746,484
P482746,398
P482746,1162
P482746,5298
P482746,1130
P482746,71
P482746,402
P482746,72
P482746,668
P482746,88
P482746,527
P482746,75
P482746,56
P482746,393
P482746,1241
P482746,2151
P482746,4
P482746,1823
P482746,617
P482746,1596
P482746,2272
P482746,358
P482746,552
P482746,551
P482746,1904
P482746,1598
P482746,9
P482746,674
P482746,1795
P482746,1127
P482746,70
P482746,2146
P446102,524
P446102,1162
P446102,1904
P446102,1134
P446102,7
P446102,2355
P446102,4078
P446102,553
P446102,1360
P446102,662
P446102,4445
P446102,89
P446102,3712
P446102,1525
P446102,450
P446102,1137
P446102,3296
P446102,841
P446102,4081
P446102,4428
P446102,4079
P446102,3476
P446102,2950
P446102,637
P446102,1179
P446102,352
P446102,529
P446102,1401
P446102,210
P446102,454
P446102,76
P446102,786
P446102,484
P446102,1001
P446102,4717
P446102,4716
P446102,12
P446102,4
P446102,237
P446102,1113
P446102,158
P446102,209
P446102,90
P446102,133
P446102,684
P446102,71
P446102,131
P446102,747
P446102,75
P446102,20
P446102,2454
P446102,1474
P446102,455
P446102,117
P446102,169
P446102,4083
P446102,369
P446102,4170
P446102,4720
P446102,78
P446102,121
P446102,4084
P446102,47
P446102,3930
P446102,93
P446102,51
P446102,91
P446102,202
P446102,4085
P446102,1595
P446102,272
P446102,33
P446102,464
P446102,1887
P446102,1613
P446102,4722
P446102,4721
P446102,5299
P445822,83
P445822,4
P445822,5300
P445822,362
P445822,5301
P445822,4708
P445822,97
P445822,635
P445822,595
P445822,84
P445822,350
P445822,5302
P445822,192
P445822,70
P445822,57
P445822,89
P445822,29
P445822,405
P445822,4463
P445822,703
P445822,263
P445822,72
P445822,373
P445822,887
P445822,593
P445822,1177
P445822,3470
P445822,237
P445822,2416
P445822,194
P445822,889
P445822,4278
P445822,5303
P445822,700
P445822,2072
P445822,750
P445822,261
P445822,3462
P445822,1911
P445822,5304
P445822,69
P445822,186
P445822,93
P445822,5305
P445822,2602
P445822,5306
P445822,637
P445822,390
P445822,238
P445822,76
P445822,805
P445822,252
P445822,940
P445822,5307
P445822,9
P445822,7
P445822,457
P445822,78
P445822,12
P445822,166
P445822,2219
P445822,174
P445822,392
P476432,55
P476432,84
P476432,412
P476432,4
P476432,562
P476432,596
P476432,1306
P476432,593
P476432,595
P476432,78
P476432,1305
P476432,86
P476432,170
P476432,568
P476432,5308
P476432,1692
P476432,3734
P476432,2623
P476432,2745
P476432,475
P476432,274
P476432,1691
P476432,63
P476432,408
P476432,103
P476432,246
P476432,349
P476432,265
P476432,826
P476432,1128
P476432,199
P476432,75
P476432,70
P476432,4859
P476432,79
P476432,266
P476432,455
P476432,72
P476432,4551
P476432,3982
P448548,1
P448548,7
P448548,3491
P448548,4
P448548,5309
P448548,91
P448548,20
P448548,12
P448548,266
P448548,132
P448548,5310
P448548,376
P427640,83
P427640,89
P427640,7
P427640,1398
P427640,4
P427640,463
P427640,455
P427640,809
P427640,833
P427640,60
P427640,2351
P427640,2352
P427640,2454
P427640,1401
P427640,850
P427640,20
P427640,454
P427640,2950
P427640,831
P427640,1691
P427640,3476
P427640,5311
P427640,459
P427640,786
P427640,842
P427640,133
P427640,684
P427640,747
P427640,131
P427640,8
P427640,75
P427640,1113
P427640,3930
P427640,266
P427640,369
P427640,10
P427640,93
P427640,51
P427640,91
P427640,464
P427640,5312
P448565,5313
P448565,5314
P448565,4
P448565,1409
P448565,7
P448565,200
P448565,89
P448565,308
P448565,825
P448565,2
P448565,1202
P448565,1770
P448565,520
P448565,451
P448565,831
P448565,989
P448565,1292
P448565,828
P448565,221
P448565,1203
P448565,158
P448565,1529
P448565,3986
P448565,454
P448565,3987
P448565,840
P448565,222
P448565,450
P448565,2913
P448565,1667
P448565,2454
P448565,4522
P448565,164
P448565,786
P448565,617
P448565,5315
P448565,3985
P448565,131
P448565,107
P448565,5316
P448565,237
P448565,20
P448565,2817
P448565,1143
P448565,311
P448565,843
P448565,3988
P448565,355
P448565,679
P448565,1113
P448565,78
P448565,1437
P448565,8
P448565,2586
P448565,106
P448565,72
P448565,747
P448565,75
P448565,1530
P448565,2914
P448565,441
P448565,266
P448565,79
P448565,392
P448565,5317
P448565,529
P448565,88
P448565,24
P448565,289
P448565,809
P448565,1213
P448565,1520
P448565,1291
P448565,170
P448565,713
P448565,748
P448565,533
P448565,2353
P448565,2354
P448565,457
P448565,1388
P448565,3984
P448565,95
P448565,227
P448565,2371
P448565,2706
P448565,2920
P448565,1521
P448565,1399
P448565,835
P448565,27
P448565,63
P448565,84
P448565,805
P448565,117
P448565,397
P448565,74
P448565,5
P448565,546
P448565,93
P448565,51
P448565,374
P448565,91
P448565,3989
P448565,1138
P476570,100
P476570,4
P476570,1144
P476570,208
P476570,404
P476570,86
P476570,1291
P476570,5318
P476570,588
P476570,71
P476570,527
P476570,352
P476570,127
P476570,1872
P476570,97
P476570,90
P476570,3177
P476570,240
P476570,70
P476570,131
P476570,5319
P476570,417
P476570,633
P476570,57
P476570,60
P476570,112
P476570,1309
P476570,5320
P476570,2510
P476570,1363
P476570,2623
P476570,5321
P476570,441
P476570,5322
P476570,5323
P476570,12
P476570,7
P476570,76
P476570,5324
P476570,8
P476570,78
P476570,484
P476570,759
P500139,5325
P500139,55
P500139,20
P500139,76
P500139,9
P500139,472
P500139,161
P500139,473
P500139,4
P500139,15
P500139,75
P500139,277
P500139,278
P500139,12
P500139,390
P500139,5
P500139,91
P500139,474
P500139,4957
P500139,454
P500139,265
P500139,1139
P500139,1140
P500139,18
P500139,1141
P500139,1142
P500139,1143
P500139,546
P500139,676
P500139,57
P500139,107
P500139,391
P500139,1109
P500139,275
P500139,206
P500139,5326
P500139,1519
P501323,5327
P501323,348
P501323,89
P501323,304
P501323,434
P501323,4
P501323,435
P501323,1196
P501323,7
P501323,23
P501323,825
P501323,9
P501323,311
P501323,958
P501323,5328
P501323,2066
P501323,595
P501323,237
P501323,20
P501323,5329
P501323,527
P501323,913
P501323,2687
P501323,265
P501323,1580
P501323,2371
P501323,5330
P501323,5331
P501323,70
P501323,786
P501323,1481
P501323,169
P501323,635
P501323,12
P501323,91
P501323,2135
P501323,3903
P501323,1476
P501323,5332
P501323,1954
P501323,44
P501323,90
P501323,1955
P501323,787
P501323,1801
P501323,1956
P501323,1173
P501323,1957
P501323,1958
P501323,1700
P501323,1959
P501323,92
P501323,292
P501323,404
P501323,706
P501323,242
P501323,222
P501323,1961
P501323,446
P501323,1331
P501323,1903
P501323,310
P501323,1962
P480279,2164
P480279,90
P480279,747
P480279,71
P480279,440
P480279,1361
P480279,176
P480279,1681
P480279,5333
P480279,23
P480279,402
P480279,525
P480279,4
P480279,5334
P480279,5335
P480279,762
P480279,39
P480279,73
P480279,764
P480279,20
P480279,617
P480279,97
P480279,1464
P480279,5336
P480279,70
P480279,100
P480279,5337
P436347,83
P436347,4
P436347,7
P436347,2
P436347,71
P436347,5338
P436347,274
P436347,131
P436347,2753
P436347,627
P436347,1695
P436347,161
P436347,92
P436347,850
P436347,1712
P436347,1713
P436347,1128
P436347,742
P436347,808
P436347,178
P436347,304
P436347,4815
P436347,745
P436347,209
P436347,210
P436347,10
P436347,4816
P436347,8
P436347,166
P436347,72
P436347,12
P436347,57
P436347,446
P436347,5
P484076,1990
P484076,1586
P484076,1587
P484076,1991
P484076,83
P484076,782
P484076,783
P484076,298
P484076,89
P484076,784
P484076,785
P484076,786
P484076,162
P484076,4
P484076,787
P484076,32
P484076,308
P484076,788
P484076,789
P484076,74
P484076,252
P484076,790
P484076,791
P484076,95
P484076,439
P484076,792
P484076,311
P484076,793
P484076,482
P484076,595
P484076,171
P484076,118
P484076,794
P484076,795
P484076,796
P484076,51
P484076,70
P484076,7
P484076,84
P484076,489
P484076,797
P484076,798
P484076,780
P484076,467
P484076,799
P500287,5339
P500287,5340
P500287,5341
P500287,5342
P500287,118
P500287,85
P500287,1412
P500287,3091
P500287,71
P500287,300
P500287,782
P500287,1904
P500287,1164
P500287,5343
P500287,520
P500287,652
P500287,1715
P500287,131
P500287,764
P500287,29
P500287,1251
P500287,60
P500287,839
P500287,4194
P500287,863
P500287,90
P500287,4
P500287,5344
P500287,633
P500287,767
P500287,2416
P500287,574
P500287,13
P500287,2065
P500287,3671
P500287,61
P500287,5345
P500287,69
P500287,4461
P500287,1353
P500287,5346
P500287,47
P500287,376
P503930,100
P503930,7
P503930,9
P503930,4
P503930,89
P503930,1364
P503930,746
P503930,455
P503930,161
P503930,5
P503930,88
P503930,463
P503930,1404
P503930,86
P503930,90
P503930,166
P503930,39
P503930,38
P503930,10
P503930,169
P503930,84
P503930,12
P503930,93
P503930,595
P503930,95
P503930,2209
P503930,107
P503930,272
P503930,174
P503930,20
P503930,4935
P503930,593
P503930,19
P503930,97
P503930,596
P503930,472
P503930,401
P503930,18
P503930,4853
P503123,5347
P503123,5348
P503123,1191
P503123,5349
P503123,1187
P503123,5350
P503123,4244
P503123,5351
P503123,5352
P503123,5353
P503123,5354
P503123,91
P503123,5355
P503123,5356
P503123,5357
P503123,12
P503123,70
P503123,748
P503123,88
P503123,5358
P503123,5359
P503123,5360
P503123,5361
P503123,5362
P503123,5363
P503123,5364
P503123,5365
P503123,5366
P503123,5367
P503123,5368
P503123,5369
P503123,92
P503123,5370
P503123,5371
P503123,5372
P503123,5373
P503123,5374
P503123,5375
P503123,246
P503123,5376
P503123,5377
P503123,5378
P503123,5379
P503123,5380
P503123,100
P503123,2809
P503123,2491
P503123,5381
P503123,5382
P503123,5383
P503123,244
P503123,5384
P503123,5385
P503123,5386
P503123,242
P503123,5387
P503123,263
P503123,161
P503123,5388
P503123,131
P503123,5389
P503123,79
P503123,5390
P503123,5391
P503123,5392
P503123,78
P503123,266
P503123,5393
P503123,5394
P503123,75
P503123,5395
P503123,1194
P503123,471
P479973,2567
P479973,1346
P479973,66
P479973,274
P479973,20
P479973,5154
P479973,5155
P479973,2618
P479973,5156
P479973,1156
P479973,336
P479973,79
P479973,2989
P479973,455
P479973,266
P479973,4100
P479973,5
P479973,265
P479973,72
P479973,91
P479973,5157
P479973,376
P438640,83
P438640,404
P438640,4
P438640,165
P438640,71
P438640,20
P438640,398
P438640,5396
P438640,275
P438640,161
P438640,747
P438640,4241
P438640,132
P438640,1969
P438640,70
P438640,92
P438640,1415
P438640,2453
P438640,93
P438640,8
P438640,2220
P438640,805
P438640,91
P438640,57
P438640,74
P438640,246
P438640,122
P438640,7
P438640,686
P438640,33
P438640,1995
P457273,1567
P457273,4
P457273,9
P457273,5397
P457273,7
P457273,767
P457273,76
P457273,71
P457273,3720
P457273,1325
P457273,1326
P457273,654
P457273,4521
P457273,331
P457273,1227
P457273,3721
P457273,1593
P457273,61
P457273,633
P457273,454
P457273,130
P457273,265
P457273,161
P457273,856
P457273,4202
P457273,441
P457273,5398
P457273,235
P457273,5399
P457273,8
P457273,5400
P457273,2167
P457273,93
P457273,57
P457273,668
P457273,2042
P457273,70
P457273,91
P457273,3722
P430405,524
P430405,138
P430405,1788
P430405,4
P430405,302
P430405,7
P430405,89
P430405,463
P430405,1684
P430405,2147
P430405,767
P430405,1790
P430405,1793
P430405,453
P430405,1794
P430405,1791
P430405,1795
P430405,1796
P430405,338
P430405,340
P430405,1797
P430405,1798
P430405,1799
P430405,1792
P430405,834
P430405,840
P430405,828
P430405,842
P430405,1204
P430405,2148
P430405,1457
P430405,274
P430405,809
P430405,422
P430405,562
P430405,20
P430405,90
P430405,455
P430405,428
P430405,459
P430405,131
P430405,454
P430405,1211
P430405,200
P430405,169
P430405,121
P430405,93
P430405,51
P430405,272
P430405,203
P430405,173
P430405,176
P430405,174
P430405,266
P430405,91
P463110,50
P463110,239
P463110,200
P463110,4
P463110,7
P463110,5401
P463110,995
P463110,5
P463110,11
P463110,383
P463110,57
P463110,463
P463110,38
P463110,174
P463110,424
P463110,12
P463110,1695
P463110,9
P463110,5402
P463110,3732
P463110,93
P463110,272
P463110,1430
P463110,2743
P463110,2744
P463110,1844
P463110,2745
P463110,67
P463110,2747
P463110,471
P462378,5403
P462378,2567
P462378,1346
P462378,3686
P462378,410
P462378,3687
P462378,804
P462378,5404
P462378,112
P462378,5405
P462378,5406
P462378,2624
P462378,815
P462378,102
P462378,568
P462378,1964
P462378,780
P462378,1569
P462378,175
P462378,272
P462378,173
P462378,176
P462378,1132
P462378,5407
P462378,66
P462378,106
P462378,1550
P462378,2377
P462378,562
P462378,5408
P462378,745
P462378,79
P462378,75
P462378,266
P462378,252
P462378,271
P462378,206
P462378,174
P462378,2379
P462378,3445
P462378,3446
P462378,5409
P462378,2874
P462378,3739
P462378,5410
P462378,24
P462378,2324
P462378,5411
P462378,5412
P462378,84
P462378,527
P462378,2664
P462378,86
P462378,170
P462378,5413
P462378,5414
P462378,78
P462378,132
P462378,91
P462378,72
P462378,2125
P462378,5415
P462378,382
P462378,783
P462378,842
P462378,708
P462378,641
P462378,2199
P462378,668
P462378,652
P462378,5416
P462378,5417
P462378,3406
P462378,1123
P462378,3403
P462378,3404
P462378,5418
P462378,5419
P462378,1091
P462378,1019
P462378,522
P462378,70
P462378,1965
P482058,100
P482058,90
P482058,627
P482058,7
P482058,4
P482058,746
P482058,322
P482058,891
P482058,3096
P482058,3701
P482058,1863
P482058,534
P482058,272
P482058,173
P482058,174
P482058,176
P482058,3132
P482058,833
P482058,836
P482058,835
P482058,4151
P482058,1516
P482058,685
P482058,197
P482058,198
P482058,1896
P482058,20
P482058,61
P482058,460
P482058,131
P482058,469
P482058,2978
P482058,842
P482058,2371
P482058,1127
P482058,751
P482058,454
P482058,235
P482058,809
P482058,106
P482058,78
P482058,240
P482058,2454
P482058,265
P482058,484
P482058,676
P482058,133
P482058,463
P482058,169
P482058,166
P482058,595
P482058,72
P482058,390
P482058,1256
P482058,79
P482058,91
P482058,80
P504515,71
P504515,1162
P504515,661
P504515,2237
P504515,843
P504515,2703
P504515,1599
P504515,1508
P504515,5420
P504515,234
P504515,405
P504515,1598
P504515,301
P504515,482
P504515,117
P504515,91
P504515,317
P504515,72
P504515,286
P504515,12
P504515,390
P504515,83
P504515,235
P504515,5421
P504515,747
P504515,70
P504515,422
P504515,5422
P504515,398
P504515,2680
P504515,5423
P504515,5424
P504515,819
P504515,2682
P504515,5425
P504515,5426
P504515,5427
P504515,3552
P504515,5428
P504515,426
P504515,5429
P504515,5430
P504515,5431
P504515,1028
P504515,1494
P504515,4739
P504515,1102
P504515,4916
P504515,2685
P504515,5432
P504515,5433
P504515,5434
P504515,5435
P504515,5436
P504515,2415
P504515,5437
P504515,5438
P504515,5439
P504515,5440
P504515,700
P504515,5441
P504515,69
P504515,5442
P504515,5443
P504515,272
P504515,176
P504515,173
P504515,1898
P504515,5444
P504515,206
P504515,694
P504515,175
P504515,174
P504515,5445
P448545,1
P448545,410
P448545,362
P448545,252
P448545,91
P448545,75
P448545,161
P448545,815
P448545,684
P448545,3491
P448545,4
P448545,5446
P448545,366
P448545,20
P448545,118
P448545,132
P448545,3474
P448545,5447
P469121,5448
P469121,5449
P469121,2399
P469121,5450
P469121,83
P469121,5196
P469121,4
P469121,71
P469121,89
P469121,404
P469121,527
P469121,352
P469121,342
P469121,88
P469121,5451
P469121,5452
P469121,5453
P469121,5454
P469121,264
P469121,291
P469121,86
P469121,170
P469121,1382
P469121,155
P469121,119
P469121,79
P469121,57
P469121,2329
P469121,135
P469121,467
P469121,5455
P500120,1
P500120,7
P500120,235
P500120,87
P500120,90
P500120,1725
P500120,2549
P500120,677
P500120,1127
P500120,4
P500120,88
P500120,2550
P500120,1295
P500120,39
P500120,10
P500120,106
P500120,29
P500120,8
P500120,161
P500120,809
P500120,1293
P500120,85
P500120,131
P500120,155
P500120,261
P500120,1464
P500120,20
P500120,255
P500120,747
P500120,546
P500120,5
P500120,119
P500120,5214
P500120,745
P500120,128
P500120,588
P500120,79
P500120,72
P500120,4805
P500120,587
P500120,4806
P500120,1404
P500120,4808
P500120,4807
P500120,95
P500120,199
P500120,156
P500120,75
P500120,2554
P444237,83
P444237,71
P444237,467
P444237,91
P444237,4
P444237,206
P444237,12
P444237,86
P444237,403
P444237,468
P444237,1344
P444237,88
P444237,470
P444237,78
P444237,174
P444237,70
P444237,75
P444237,79
P444237,80
P435387,83
P435387,4
P435387,76
P435387,65
P435387,329
P435387,441
P435387,5456
P435387,5457
P435387,173
P435387,176
P435387,5458
P481350,5459
P481350,1
P481350,5460
P481350,2105
P481350,5461
P481350,4995
P481350,5462
P481350,5463
P481350,5464
P481350,5465
P481350,5466
P481350,5467
P481350,2099
P481350,5468
P481350,2096
P481350,5021
P481350,3608
P481350,5469
P481350,5470
P481350,3636
P481350,5471
P481350,5472
P481350,2114
P481350,5010
P481350,5473
P481350,5474
P481350,5475
P481350,5022
P481350,5018
P481350,5476
P481350,5477
P481350,5478
P481350,5479
P481350,5480
P481350,5481
P481350,5482
P481350,5483
P481350,2103
P481350,5484
P481350,5485
P481350,5486
P481350,5487
P481350,5488
P481350,5489
P481350,5490
P481350,5491
P481350,5492
P481350,5493
P481350,5494
P481350,5495
P481350,5496
P481350,5497
P481350,5498
P481350,2109
P481350,5499
P481350,5500
P481350,5501
P481350,5502
P481350,5017
P481350,5503
P481350,5504
P481350,5004
P481350,5505
P481350,5506
P481350,5507
P481350,5508
P481350,5509
P481350,5510
P481350,5511
P481350,5512
P481350,5513
P481350,5514
P481350,5515
P481350,5516
P481350,5517
P481350,5518
P481350,2122
P481350,5519
P501591,4740
P501591,100
P501591,275
P501591,49
P501591,461
P501591,4
P501591,70
P501591,691
P501591,211
P501591,850
P501591,96
P501591,540
P501591,1556
P501591,899
P501591,95
P501591,905
P501591,9
P501591,264
P501591,472
P501591,20
P501591,363
P501591,1182
P501591,1557
P501591,1558
P501591,1559
P501591,76
P501591,1130
P501591,132
P501591,686
P501591,91
P501591,79
P501591,72
P501591,1457
P501591,549
P501591,5520
P501591,102
P501591,7
P501591,78
P501591,107
P501591,366
P501591,539
P501591,66
P501591,541
P501591,542
P501591,543
P501591,544
P501591,545
P501591,92
P501591,546
P501591,547
P501591,75
P501591,263
P501591,57
P501591,390
P501591,266
P501591,548
P501591,252
P501591,199
P501591,1304
P501591,5521
P501591,410
P501591,56
P501591,846
P501591,249
P501591,847
P501591,286
P501591,848
P501591,237
P501591,238
P501591,468
P501591,849
P501591,851
P501591,5522
P501591,1822
P501591,83
P501591,71
P501591,208
P501591,1360
P501591,553
P501591,1598
P501591,88
P501591,74
P501591,652
P501591,1823
P501591,1824
P501591,61
P501591,627
P501591,1825
P501591,605
P501591,131
P501591,674
P501591,831
P501591,748
P501591,1127
P501591,747
P501591,225
P501591,809
P501591,117
P501591,321
P501591,15
P501591,246
P501591,374
P501591,845
P501591,5523
P501591,1486
P501591,5524
P501591,209
P501591,210
P501591,212
P501591,213
P501591,214
P501591,215
P501591,216
P501591,217
P501591,218
P501591,219
P501591,220
P501591,221
P501591,222
P501591,223
P501591,224
P501591,226
P501591,227
P501591,228
P501591,229
P501591,230
P501591,231
P501591,232
P501591,233
P501591,234
P501591,235
P501591,236
P501591,239
P501591,240
P501591,133
P501591,241
P501591,242
P501591,8
P501591,106
P501591,156
P501591,243
P501591,244
P501591,245
P501591,5
P501591,247
P501591,39
P501591,248
P474942,5525
P474942,404
P474942,405
P474942,71
P474942,406
P474942,181
P474942,407
P474942,100
P474942,70
P474942,392
P474942,5526
P474942,382
P474942,265
P474942,7
P474942,74
P474942,411
P474942,86
P474942,170
P474942,412
P474942,1525
P474942,449
P474942,385
P474942,131
P474942,831
P474942,72
P474942,809
P474942,57
P474942,93
P474942,246
P474942,91
P474942,37
P474942,5527
P474942,5528
P474942,89
P474942,4
P474942,1398
P474942,455
P474942,463
P474942,1399
P474942,256
P474942,837
P474942,1400
P474942,451
P474942,622
P474942,286
P474942,1401
P474942,454
P474942,842
P474942,1204
P474942,20
P474942,459
P474942,1402
P474942,1403
P474942,1404
P474942,428
P474942,169
P474942,166
P474942,1211
P474942,10
P474942,562
P474942,390
P474942,538
P474942,75
P474942,51
P474942,441
P474942,266
P474942,79
P474942,465
P474942,1009
P474942,5529
P474942,138
P474942,1502
P474942,457
P474942,1503
P474942,1504
P474942,401
P474942,1505
P474942,584
P474942,1201
P474942,1499
P474942,158
P474942,237
P474942,1506
P474942,413
P474942,1328
P474942,1134
P474942,1507
P474942,843
P474942,252
P474942,1508
P474942,1390
P474942,491
P474942,492
P474942,5530
P474942,2
P474942,2913
P474942,1366
P438362,1567
P438362,7
P438362,4
P438362,138
P438362,91
P438362,1484
P438362,11
P438362,804
P438362,166
P438362,780
P438362,1568
P438362,618
P438362,446
P438362,131
P438362,1569
P438362,20
P438362,369
P438362,1570
P438362,271
P438362,1571
P438362,1572
P438362,1573
P438362,1574
P503572,5531
P503572,348
P503572,4
P503572,1453
P503572,1664
P503572,546
P503572,91
P503572,72
P503572,390
P503572,75
P503572,446
P503572,2219
P503572,131
P503572,755
P503572,2362
P503572,199
P503572,156
P503572,758
P503572,286
P503572,749
P503572,20
P503572,1676
P503572,2364
P503572,1304
P503572,842
P503572,2316
P503572,79
P503572,49
P503572,95
P503572,2365
P503572,753
P503572,132
P503572,266
P503572,2366
P503572,2145
P503572,207
P503572,174
P503572,177
P503572,3208
P503572,627
P503572,29
P503572,308
P503572,234
P503572,747
P503572,5532
P503572,1213
P503572,88
P503572,5533
P503572,957
P503572,153
P503572,4259
P503572,160
P503572,535
P503572,713
P503572,1387
P503572,33
P503572,106
P503572,37
P503572,3273
P503572,1281
P503572,6
P503572,4728
P503572,235
P503572,1284
P503572,166
P503572,1997
P503572,752
P503572,751
P503572,750
P503572,78
P503572,686
P503572,1331
P503572,242
P503572,74
P503572,9
P503572,757
P503572,237
P503572,679
P503572,3113
P503572,238
P503572,70
P503572,175
P503572,5534
P503572,83
P504780,100
P504780,538
P504780,9
P504780,89
P504780,87
P504780,1461
P504780,71
P504780,527
P504780,4
P504780,2285
P504780,627
P504780,29
P504780,61
P504780,3031
P504780,190
P504780,189
P504780,191
P504780,195
P504780,5
P504780,470
P504780,878
P504780,441
P504780,57
P504780,4548
P504810,100
P504810,4
P504810,298
P504810,9
P504810,835
P504810,76
P504810,153
P504810,924
P504810,274
P504810,4660
P504810,89
P504810,1258
P504810,276
P504810,90
P504810,745
P504810,297
P504810,244
P504810,166
P504810,2885
P504810,103
P504810,8
P504810,39
P504810,669
P504810,70
P504810,2889
P504810,2888
P504810,15
P504810,156
P504810,242
P504810,3163
P504810,5
P504810,474
P482259,3675
P482259,4818
P482259,5535
P482259,66
P482259,1162
P482259,4
P482259,463
P482259,1163
P482259,460
P482259,2869
P482259,1169
P482259,2873
P482259,83
P482259,342
P482259,2151
P482259,4049
P482259,33
P482259,745
P482259,9
P482259,7
P482259,1127
P482259,5
P482259,72
P482259,1166
P482259,265
P482259,430
P482259,5536
P503997,5537
P503997,178
P503997,71
P503997,179
P503997,181
P503997,180
P503997,2904
P503997,183
P503997,826
P503997,187
P503997,4
P503997,264
P503997,190
P503997,189
P503997,5538
P503997,191
P503997,195
P503997,196
P503997,197
P503997,627
P503997,1829
P503997,1255
P503997,198
P503997,100
P503997,7
P503997,199
P503997,75
P503997,79
P503997,91
P503997,1064
P503997,185
P503997,5539
P503997,5540
P503997,9
P503997,274
P503997,1356
P503997,161
P503997,5
P503997,209
P503997,88
P503997,210
P503997,29
P503997,878
P503997,131
P503997,1270
P503997,398
P503997,92
P503997,3314
P503997,460
P503997,685
P503997,265
P503997,224
P503997,8
P503997,76
P503997,430
P503997,474
P503935,50
P503935,4
P503935,593
P503935,84
P503935,844
P503935,103
P503935,7
P503935,595
P503935,596
P503935,410
P503935,1117
P503935,468
P503935,86
P503935,5541
P503935,38
P503935,252
P503935,74
P503935,366
P503935,606
P503935,5542
P503935,116
P503935,1970
P503935,488
P503935,79
P503935,9
P503935,107
P503935,243
P503935,328
P503935,102
P503935,339
P503935,75
P503935,2055
P503935,12
P503935,93
P475926,5543
P475926,362
P475926,783
P475926,716
P475926,265
P475926,348
P475926,57
P475926,49
P475926,3762
P475926,3763
P475926,5544
P475926,7
P475926,3491
P475926,20
P475926,132
P475926,91
P475926,12
P475926,80
P475926,5545
P475926,1412
P475926,85
P475926,4
P475926,29
P475926,1800
P475926,4775
P475926,88
P475926,961
P475926,842
P475926,9
P475926,555
P475926,1431
P475926,89
P475926,131
P475926,4297
P475926,161
P475926,90
P475926,3766
P475926,8
P475926,266
P475926,118
P475926,71
P475926,2069
P475926,563
P475926,75
P475926,392
P475926,5546
P475926,703
P475926,86
P475926,3112
P475926,1243
P475926,753
P475926,84
P475926,33
P475926,390
P475926,78
P475926,1449
P475926,72
P475926,1116
P475926,445
P475926,1331
P475926,1476
P504815,100
P504815,4
P504815,9
P504815,178
P504815,661
P504815,527
P504815,29
P504815,209
P504815,234
P504815,210
P504815,555
P504815,878
P504815,5547
P504815,4074
P504815,958
P504815,882
P504815,66
P504815,20
P504815,70
P504815,235
P504815,12
P504815,3548
P504815,86
P504815,71
P504815,265
P504815,57
P504815,122
P504815,78
P504815,8
P504815,1382
P504815,5162
P448546,362
P448546,783
P448546,716
P448546,265
P448546,1
P448546,57
P448546,49
P448546,3762
P448546,3763
P462381,5417
P462381,3406
P462381,2567
P462381,1346
P462381,1123
P462381,3403
P462381,3404
P462381,5418
P462381,5419
P462381,1091
P462381,1019
P462381,522
P462381,102
P462381,70
P462381,527
P462381,815
P462381,1964
P462381,79
P462381,780
P462381,1965
P402993,2752
P402993,83
P402993,2762
P402993,2763
P402993,72
P402993,1518
P402993,2764
P448549,1
P448549,2779
P448549,4
P448549,1420
P448549,3491
P448549,74
P448549,7
P448549,4780
P448549,161
P448549,91
P448549,3371
P448549,166
P448549,118
P448549,92
P448549,12
P448549,117
P448549,57
P448549,67
P448549,78
P448549,93
P448549,20
P448549,2527
P448549,132
P448549,2069
P448549,4062
P448549,113
P448549,686
P448549,75
P448549,1331
P448549,1476
P448544,1
P448544,670
P448544,1812
P448544,4
P448544,71
P448544,7
P448544,88
P448544,1431
P448544,5548
P448544,3491
P448544,663
P448544,90
P448544,131
P448544,5549
P448544,91
P448544,161
P448544,8
P448544,265
P448544,57
P448544,3569
P448544,117
P448544,240
P448544,133
P448544,92
P448544,12
P448544,5550
P448544,20
P448544,78
P448544,93
P448544,118
P448544,5310
P448544,5551
P448544,2069
P448544,563
P448544,1181
P448544,79
P448544,75
P448544,807
P448544,225
P448544,70
P448544,649
P448544,107
P448544,274
P448544,684
P448544,3825
P448544,49
P448544,5552
P474036,66
P474036,4
P474036,3491
P474036,348
P474036,878
P474036,161
P474036,132
P474036,57
P474036,812
P474036,2069
P474036,1243
P474036,12
P474036,78
P474036,91
P474036,376
P471017,348
P471017,71
P471017,1800
P471017,29
P471017,4
P471017,169
P471017,76
P471017,3491
P471017,634
P471017,520
P471017,131
P471017,97
P471017,20
P471017,3112
P471017,132
P471017,2124
P471017,91
P471017,161
P471017,954
P471017,595
P471017,90
P471017,57
P471017,8
P471017,12
P471017,61
P471017,70
P471017,5550
P471017,78
P471017,390
P471017,2069
P471017,72
P471017,376
P457010,5553
P457010,1810
P457010,2
P457010,4
P457010,71
P457010,274
P457010,7
P457010,5
P457010,4315
P457010,86
P457010,170
P457010,743
P457010,89
P457010,187
P457010,88
P457010,163
P457010,1199
P457010,92
P457010,455
P457010,993
P457010,93
P457010,12
P457010,878
P457010,189
P457010,190
P457010,4318
P457010,70
P457010,586
P457010,5283
P457010,5222
P457010,3765
P457010,5221
P457010,5284
P457010,5554
P457010,1420
P457010,652
P457010,5555
P457010,57
P457010,2769
P457010,1303
P457010,5556
P457010,809
P457010,161
P457010,58
P457010,667
P457010,5226
P457010,72
P457010,1437
P457010,5557
P457010,195
P457010,441
P457010,196
P457010,1064
P457010,75
P457010,198
P457010,5558
P457010,1713
P457010,197
P457010,5282
P457010,1128
P457010,5559
P457010,315
P457010,808
P457010,382
P457010,5560
P451737,5561
P451737,83
P451737,994
P451737,4
P451737,200
P451737,89
P451737,947
P451737,475
P451737,20
P451737,78
P451737,79
P451737,91
P451737,130
P451737,1560
P451737,536
P451737,11
P451737,861
P451737,1561
P451737,174
P451737,57
P451737,72
P451737,93
P451737,1412
P451737,173
P451737,687
P451737,5562
P451737,9
P451737,2266
P451737,856
P451737,131
P451737,454
P451737,2264
P451737,246
P451737,153
P451737,416
P451737,658
P451737,5563
P451737,152
P451737,140
P451737,71
P451737,5564
P451737,51
P451737,5565
P504320,5566
P504320,83
P504320,963
P504320,782
P504320,4
P504320,476
P504320,308
P504320,1164
P504320,527
P504320,555
P504320,3783
P504320,363
P504320,209
P504320,463
P504320,745
P504320,210
P504320,1905
P504320,4340
P504320,246
P504320,192
P504320,889
P504320,12
P504320,819
P504320,1255
P504320,700
P504320,699
P504320,76
P504320,5
P504320,72
P504320,57
P504320,987
P504320,594
P504320,3785
P504320,1357
P504320,15
P504320,70
P504320,92
P504320,637
P504320,71
P504320,161
P504320,3786
P504320,75
P504320,1160
P504320,2875
P504320,612
P504320,5567
P504320,5568
P504320,9
P504320,1162
P504320,85
P504320,153
P504320,274
P504320,670
P504320,1163
P504320,33
P504320,342
P504320,86
P504320,1165
P504320,663
P504320,1166
P504320,7
P504320,224
P504320,305
P504320,20
P504320,166
P504320,129
P504320,1167
P504320,1168
P504320,1169
P504320,1170
P504320,61
P504320,1556
P504320,1161
P504320,5569
P504320,535
P504320,614
P504320,155
P504320,208
P504320,615
P504320,551
P504320,552
P504320,616
P504320,29
P504320,617
P504320,618
P504320,5570
P504320,117
P504320,358
P504320,620
P504320,621
P504320,74
P504320,611
P504320,613
P503655,1432
P503655,1433
P503655,1434
P501474,3326
P501474,100
P501474,249
P501474,250
P501474,251
P501474,106
P501474,252
P501474,253
P501474,254
P501474,255
P501474,256
P501474,257
P501474,112
P501474,258
P501474,4
P501474,259
P501474,260
P501474,261
P501474,262
P501474,263
P501474,264
P501474,12
P501474,265
P501474,75
P501474,91
P501474,266
P501474,79
P501474,267
P501474,268
P501474,78
P501474,269
P501474,270
P501474,271
P501474,272
P501474,174
P501474,273
P501474,5571
P501474,7
P501474,76
P501474,5572
P501474,222
P501474,221
P501474,2453
P501474,20
P501474,673
P501474,472
P501474,1275
P501474,5573
P501474,469
P501474,836
P501474,835
P501474,5574
P501474,133
P501474,2330
P501474,1310
P501474,355
P501474,1709
P501474,5575
P501474,72
P501474,240
P501474,8
P501474,9
P501474,546
P501474,57
P501474,199
P501474,156
P501474,206
P501474,39
P501474,1304
P501474,4381
P501474,3335
P501474,61
P501474,86
P501474,527
P501474,117
P501474,1467
P501474,1468
P501474,1469
P501474,18
P501474,378
P501474,70
P501474,1470
P501474,640
P501474,815
P501474,716
P501474,1471
P501474,207
P501474,1472
P501474,173
P501474,1473
P501474,5576
P501474,208
P501474,19
P501474,2755
P501474,648
P501474,5577
P501474,746
P501474,161
P501474,274
P501474,229
P501474,131
P501474,66
P501474,5578
P501474,418
P501474,5579
P501474,4455
P501474,2936
P501474,2937
P501474,5580
P501474,4192
P501474,744
P501474,5581
P501474,1593
P501474,396
P501474,97
P501474,88
P501474,748
P501474,235
P501474,5582
P501474,685
P501474,398
P501474,275
P501474,2
P501474,1241
P501474,808
P501474,5
P501474,15
P501474,5583
P501474,5584
P501474,676
P501474,1130
P501474,225
P501474,745
P501474,5585
P501474,441
P501474,1725
P501474,1731
P501474,5586
P501474,1019
P501474,878
P501474,84
P501474,1020
P501474,5587
P501474,1022
P501474,1023
P501474,1024
P501474,670
P501474,413
P501474,90
P501474,92
P501474,1025
P501474,317
P501474,1026
P501474,1027
P501474,1028
P501474,1132
P501474,5588
P501474,162
P501474,369
P501474,169
P501474,3843
P501474,5589
P501474,5590
P501474,224
P501474,3653
P501474,5591
P501474,4194
P501474,5592
P501474,1048
P501474,424
P501474,401
P501474,158
P501474,5593
P501474,423
P501474,4225
P501474,395
P501474,403
P501474,166
P501474,402
P501474,2578
P501474,393
P501474,635
P501474,2579
P501474,2580
P501474,5594
P501474,348
P501474,404
P501474,1151
P501474,1152
P501474,1153
P501474,1154
P501474,627
P501474,1155
P501474,29
P501474,62
P501474,1156
P501474,426
P501474,1157
P501474,5595
P501474,5596
P501474,5597
P501474,5598
P501474,5599
P501474,3970
P501474,5600
P501474,5601
P501474,2882
P501474,2886
P501474,1668
P501474,2064
P501474,2790
P501474,177
P501474,5602
P501474,382
P501474,352
P501474,364
P501474,5603
P501474,411
P501474,5604
P501474,5605
P501474,5606
P501474,366
P501474,5607
P501474,2801
P501474,405
P501474,5608
P501474,993
P501474,209
P501474,210
P501474,5609
P501474,107
P501474,394
P501474,385
P501474,1119
P501474,74
P501474,2426
P501474,3347
P501474,2541
P501474,2543
P501474,185
P501474,3348
P501474,3349
P501474,3350
P501474,1127
P501474,245
P501474,129
P501474,376
P501474,3351
P501474,2974
P501474,620
P501474,557
P501474,87
P501474,1382
P501474,1356
P501474,3332
P501474,3352
P501474,3353
P501474,3354
P501474,430
P501474,3355
P501474,1410
P501474,186
P501474,3356
P501474,3357
P501474,3358
P501474,588
P501474,3359
P501474,242
P501474,1294
P476496,348
P476496,4
P476496,71
P476496,208
P476496,743
P476496,274
P476496,18
P476496,20
P476496,161
P476496,131
P476496,1220
P476496,5610
P476496,5611
P476496,3481
P476496,1219
P476496,1460
P476496,95
P476496,66
P476496,627
P476496,70
P476496,129
P476496,73
P476496,748
P476496,39
P476496,1464
P476496,746
P476496,244
P476496,88
P476496,744
P476496,47
P476496,156
P476496,242
P476496,430
P476496,57
P476496,75
P476496,132
P476496,745
P476496,9
P476496,7
P476496,12
P476496,91
P476496,446
P476496,202
P476496,271
P476496,272
P476496,174
P476496,465
P476496,1138
P429504,348
P429504,71
P429504,852
P429504,4
P429504,208
P429504,88
P429504,1783
P429504,5
P429504,29
P429504,86
P429504,170
P429504,244
P429504,748
P429504,39
P429504,446
P429504,2959
P429504,93
P429504,12
P429504,131
P429504,7
P429504,878
P429504,842
P429504,10
P429504,4778
P429504,865
P429504,4666
P429504,4667
P429504,79
P429504,75
P429504,1117
P429504,426
P429504,3415
P429504,266
P429504,3414
P429504,4669
P504303,5612
P504303,348
P504303,89
P504303,304
P504303,434
P504303,4
P504303,435
P504303,1196
P504303,7
P504303,23
P504303,825
P504303,9
P504303,311
P504303,958
P504303,5328
P504303,2066
P504303,595
P504303,237
P504303,20
P504303,5329
P504303,527
P504303,913
P504303,2687
P504303,265
P504303,1580
P504303,2371
P504303,5330
P504303,5331
P504303,70
P504303,786
P504303,1481
P504303,169
P504303,635
P504303,12
P504303,91
P504303,2135
P504303,3903
P504303,5613
P504303,5614
P504303,645
P504303,90
P504303,484
P504303,646
P504303,87
P504303,1576
P504303,649
P504303,74
P504303,662
P504303,95
P504303,651
P504303,1577
P504303,1324
P504303,656
P504303,1578
P504303,652
P504303,1579
P504303,482
P504303,1127
P504303,1581
P504303,352
P504303,242
P504303,156
P504303,131
P504303,244
P504303,79
P504303,264
P504303,446
P504303,175
P504303,174
P504303,272
P504303,33
P504303,445
P504303,1476
P504303,4813
P504303,392
P504790,100
P504790,261
P504790,410
P504790,5253
P504790,2052
P504790,4
P504790,403
P504790,274
P504790,540
P504790,107
P504790,842
P504790,575
P504790,2430
P504790,3143
P504790,1227
P504790,109
P504790,224
P504790,70
P504790,9
P504790,5615
P504790,12
P504790,75
P504790,78
P504790,76
P504790,72
P504790,266
P504790,1294
P451727,4
P451727,83
P451727,762
P451727,71
P451727,913
P451727,2433
P451727,5616
P451727,1207
P451727,2434
P451727,2435
P451727,476
P451727,7
P451727,91
P451727,358
P451727,1576
P451727,106
P451727,12
P451727,246
P451727,668
P451727,467
P451727,342
P451727,57
P451727,1548
P451727,652
P451727,90
P451727,61
P451727,271
P451727,207
P451727,562
P451727,77
P451727,70
P451727,127
P451727,272
P451727,203
P451727,2437
P451727,2436
P451727,694
P451727,563
P451727,565
P451727,564
P451727,128
P451727,117
P451727,49
P451727,75
P451727,774
P451727,122
P451727,1808
P451727,758
P451727,1009
P477761,5617
P477761,5618
P504447,55
P504447,813
P504447,200
P504447,76
P504447,814
P504447,546
P504447,75
P504447,441
P504447,20
P504447,1294
P416589,83
P416589,4
P416589,274
P416589,7
P416589,2930
P416589,363
P416589,1939
P416589,5619
P416589,1924
P416589,586
P416589,5620
P416589,10
P416589,8
P416589,756
P416589,1733
P416589,4272
P416589,5621
P416589,878
P416589,4019
P416589,5622
P416589,4018
P416589,130
P416589,93
P416589,2050
P448713,83
P448713,301
P448713,783
P448713,138
P448713,628
P448713,404
P448713,641
P448713,9
P448713,85
P448713,1431
P448713,274
P448713,627
P448713,37
P448713,161
P448713,3586
P448713,1148
P448713,1803
P448713,1481
P448713,5623
P448713,131
P448713,91
P448713,1753
P448713,1057
P448713,1331
P448713,1974
P448713,12
P448713,75
P448713,2339
P448713,174
P448713,117
P448713,563
P448713,86
P448713,2069
P448713,5624
P467608,524
P467608,71
P467608,1487
P467608,4185
P467608,4
P467608,274
P467608,289
P467608,662
P467608,833
P467608,89
P467608,1399
P467608,527
P467608,127
P467608,840
P467608,1199
P467608,2065
P467608,20
P467608,454
P467608,49
P467608,684
P467608,7
P467608,90
P467608,455
P467608,841
P467608,131
P467608,170
P467608,237
P467608,86
P467608,1137
P467608,828
P467608,842
P467608,555
P467608,166
P467608,70
P467608,463
P467608,484
P467608,133
P467608,78
P467608,72
P467608,8
P467608,2366
P467608,1113
P467608,57
P467608,51
P467608,93
P467608,489
P467608,246
P467608,266
P467608,5625
P456434,100
P456434,5626
P456434,3180
P456434,9
P456434,4
P456434,89
P456434,91
P456434,463
P456434,2
P456434,1382
P456434,90
P456434,155
P456434,131
P456434,57
P456434,72
P456434,75
P456434,266
P456434,79
P456434,174
P456434,365
P456434,119
P456434,588
P456434,328
P456434,8
P456434,667
P456434,189
P456434,190
P456434,191
P456434,78
P456434,195
P456434,1064
P456434,196
P456434,197
P456434,1255
P456434,5627
P474369,100
P474369,249
P474369,408
P474369,349
P474369,4
P474369,963
P474369,7
P474369,1510
P474369,252
P474369,1512
P474369,3471
P474369,889
P474369,322
P474369,1866
P474369,5628
P474369,5629
P474369,327
P474369,694
P474369,174
P474369,272
P474369,66
P474369,454
P474369,366
P474369,385
P474369,2054
P474369,12
P474369,106
P474369,250
P474369,1517
P474369,75
P474369,78
P474369,135
P474369,93
P474369,79
P474369,392
P469452,100
P469452,382
P469452,265
P469452,7
P469452,74
P469452,411
P469452,86
P469452,170
P469452,412
P469452,1525
P469452,449
P469452,385
P469452,131
P469452,831
P469452,72
P469452,809
P469452,57
P469452,93
P469452,246
P469452,91
P469452,37
P469452,5527
P503552,100
P503552,7
P503552,366
P503552,20
P503552,331
P503552,450
P503552,584
P503552,95
P503552,96
P503552,112
P503552,637
P503552,274
P503552,745
P503552,811
P503552,5
P503552,165
P503552,268
P503552,2326
P405825,3739
P405825,5630
P405825,5631
P405825,552
P405825,1861
P405825,4
P405825,1134
P405825,3673
P405825,4445
P405825,89
P405825,169
P405825,7
P405825,24
P405825,140
P405825,664
P405825,181
P405825,76
P405825,5096
P405825,4080
P405825,451
P405825,450
P405825,833
P405825,3115
P405825,36
P405825,2129
P405825,1400
P405825,3987
P405825,3985
P405825,5632
P405825,237
P405825,3476
P405825,736
P405825,841
P405825,452
P405825,840
P405825,1522
P405825,828
P405825,5633
P405825,454
P405825,158
P405825,2433
P405825,842
P405825,404
P405825,1529
P405825,401
P405825,458
P405825,131
P405825,170
P405825,5634
P405825,72
P405825,963
P405825,954
P405825,457
P405825,90
P405825,595
P405825,455
P405825,86
P405825,1002
P405825,2789
P405825,229
P405825,75
P405825,266
P405825,397
P405825,484
P405825,43
P405825,463
P405825,390
P405825,57
P405825,78
P405825,20
P405825,310
P405825,1530
P405825,225
P405825,117
P405825,8
P405825,93
P405825,5635
P467756,348
P467756,9
P467756,4
P467756,1420
P467756,676
P467756,5636
P467756,165
P467756,12
P467756,425
P467756,72
P467756,93
P467756,5637
P467756,5638
P467756,247
P467756,426
P467756,422
P467756,1256
P467756,5639
P467756,5640
P467756,416
P467756,428
P467756,5641
P501003,100
P501003,104
P501003,4
P501003,76
P501003,1399
P501003,244
P501003,89
P501003,153
P501003,2017
P501003,782
P501003,366
P501003,684
P501003,876
P501003,455
P501003,649
P501003,877
P501003,878
P501003,685
P501003,398
P501003,20
P501003,189
P501003,190
P501003,191
P501003,195
P501003,196
P501003,1064
P501003,197
P501003,198
P501003,1255
P501003,1776
P501003,313
P501003,1284
P501003,457
P501003,910
P501003,811
P501003,1166
P501003,679
P501003,57
P501003,911
P501003,274
P501003,230
P501003,7
P501003,2460
P501003,242
P501003,156
P501003,669
P501003,667
P501003,199
P501003,74
P501003,2
P501003,2309
P501003,261
P501003,678
P501003,460
P501003,132
P501003,72
P501003,390
P501003,93
P501003,1548
P501003,75
P501003,91
P501003,122
P501003,174
P501003,203
P501003,893
P500116,404
P500116,1
P500116,71
P500116,703
P500116,5642
P500116,84
P500116,5643
P500116,87
P500116,10
P500116,482
P500116,708
P500116,117
P500116,311
P500116,411
P500116,235
P500116,2052
P500116,394
P500116,382
P500116,2430
P500116,1725
P500116,261
P500116,1295
P500116,2550
P500116,5
P500116,79
P500116,72
P500116,92
P500116,131
P500116,155
P500116,7
P500116,1903
P500116,468
P500116,588
P500116,75
P500116,66
P500116,745
P500116,20
P500116,2987
P500116,161
P500116,114
P500116,95
P500116,1456
P500116,1309
P500116,3841
P500116,5644
P500116,1653
P500116,1119
P500116,4582
P500116,5098
P505378,5645
P505378,100
P505378,4
P505378,249
P505378,875
P505378,261
P505378,252
P505378,878
P505378,428
P505378,116
P505378,6
P505378,5646
P505378,366
P505378,5
P505378,72
P505378,121
P505378,75
P505378,78
P505378,122
P505378,66
P505378,2569
P505378,632
P505378,95
P505378,441
P505378,5647
P505378,745
P505378,266
P505378,5648
P505378,176
P505378,272
P505378,3498
P505378,5649
P505378,9
P505378,200
P505378,1661
P505378,831
P505378,275
P505378,278
P505378,3316
P505378,7
P505378,92
P505378,79
P505378,2701
P505378,776
P505378,1128
P505378,1129
P505378,548
P505378,1256
P505378,1709
P505378,1623
P505378,3165
P505378,3651
P505378,5650
P505378,348
P505378,297
P505378,1725
P505378,1295
P505378,86
P505378,170
P505378,393
P505378,2256
P505378,402
P505378,676
P505378,527
P505378,206
P505378,1872
P505378,730
P505378,5610
P505378,685
P505378,235
P505378,398
P505378,1130
P505378,57
P505378,446
P505378,76
P505378,1270
P505378,1000
P505378,5651
P505378,5652
P454800,83
P454800,102
P454800,104
P454800,107
P454800,78
P454800,106
P454800,91
P454800,467
P454800,776
P454800,12
P454800,4
P454800,112
P454800,750
P454800,96
P454800,777
P454800,778
P454800,122
P454800,132
P454800,70
P454800,175
P454800,174
P454800,177
P502740,5653
P502740,100
P502740,382
P502740,4
P502740,90
P502740,29
P502740,87
P502740,88
P502740,84
P502740,5654
P502740,5655
P502740,5214
P502740,587
P502740,95
P502740,1253
P502740,102
P502740,595
P502740,133
P502740,92
P502740,66
P502740,97
P502740,78
P502740,209
P502740,210
P502740,1803
P502740,75
P502740,237
P502740,1146
P502740,70
P502740,771
P502740,430
P502740,79
P502740,266
P502740,617
P502740,132
P502740,708
P502740,4808
P502740,1404
P502740,71
P502740,117
P502740,1159
P502740,72
P502740,5
P502740,748
P502740,1256
P502740,745
P502740,5226
P502740,5656
P502740,5657
P502740,676
P502740,5658
P502740,5659
P502740,91
P502740,591
P502740,5660
P502740,5661
P502740,1116
P502740,804
P502740,8
P502740,3423
P502740,240
P502740,20
P502740,246
P502740,122
P502740,686
P502740,49
P502740,131
P502740,206
P502740,692
P502740,5662
P502740,454
P502740,4766
P502740,5663
P502740,76
P502740,489
P502740,33
P502740,5664
P502740,1331
P502740,1476
P502740,5665
P502740,7
P502740,60
P502740,903
P502740,183
P502740,1072
P502740,777
P502740,112
P502740,5666
P502740,750
P502740,749
P502740,1078
P502740,815
P502740,93
P502740,106
P502740,464
P502740,1397
P502740,5667
P502740,428
P502740,884
P502740,1456
P502740,441
P502740,1606
P502740,12
P502740,5244
P502740,392
P500238,520
P500238,634
P500238,2208
P500238,71
P500238,794
P500238,61
P500238,5230
P500238,2380
P500238,2343
P500238,2629
P500238,858
P500238,322
P500238,3315
P500238,70
P500238,574
P500238,819
P500238,1181
P500238,1361
P500238,69
P500238,272
P500238,174
P500238,176
P500238,173
P500238,3913
P500983,5668
P500983,100
P500983,4
P500983,107
P500983,208
P500983,90
P500983,78
P500983,5669
P500983,211
P500983,5670
P500983,133
P500983,71
P500983,62
P500983,1276
P500983,1862
P500983,214
P500983,215
P500983,216
P500983,217
P500983,218
P500983,219
P500983,220
P500983,221
P500983,222
P500983,1546
P500983,1204
P500983,3165
P500983,835
P500983,9
P500983,20
P500983,161
P500983,472
P500983,240
P500983,241
P500983,223
P500983,224
P500983,225
P500983,226
P500983,227
P500983,228
P500983,229
P500983,230
P500983,231
P500983,232
P500983,130
P500983,213
P500983,5671
P500983,5672
P500983,1623
P500983,1321
P500983,237
P500983,238
P500983,7
P500983,233
P500983,234
P500983,235
P500983,76
P500983,245
P500983,117
P500983,57
P500983,236
P500983,401
P500983,129
P500983,1242
P500983,70
P500983,75
P500983,243
P500983,239
P500983,91
P500983,79
P500983,1548
P500983,106
P500983,72
P500983,247
P500983,246
P500983,8
P500983,39
P500983,549
P500983,5524
P500983,88
P500983,209
P500983,210
P500983,212
P500983,242
P500983,156
P500983,244
P500983,5
P500983,248
P457274,5673
P457274,1567
P457274,4
P457274,88
P457274,61
P457274,5674
P457274,703
P457274,5675
P457274,45
P457274,244
P457274,5676
P457274,72
P457274,527
P457274,57
P457274,618
P457274,70
P457274,242
P457274,156
P457274,169
P457274,75
P457274,446
P457274,174
P457274,272
P457274,5677
P457274,5678
P457274,83
P457274,29
P457274,764
P457274,208
P457274,89
P457274,322
P457274,760
P457274,637
P457274,748
P457274,91
P457274,5679
P457274,246
P457274,467
P457274,12
P457274,204
P457274,566
P457274,5680
P457274,529
P457274,86
P457274,3097
P457274,5681
P457274,2010
P457274,1868
P457274,2001
P457274,2264
P457274,170
P457274,815
P457274,2266
P457274,137
P457274,2268
P457274,122
P457274,391
P457274,206
P457274,207
P457274,4085
P457274,173
P457274,1595
P457274,5682
P457274,271
P504272,5683
P504272,55
P504272,4
P504272,9
P504272,5
P504272,1784
P504272,988
P504272,65
P504272,64
P504272,438
P504272,1361
P504272,1362
P504272,69
P504272,7
P504272,441
P504272,75
P504272,57
P504272,20
P504272,72
P504272,246
P504272,79
P504272,266
P504272,173
P504272,566
P504272,5684
P504272,235
P504272,1295
P504272,404
P504272,76
P504272,90
P504272,2978
P504272,2091
P504272,60
P504272,70
P504272,252
P504272,12
P504272,5685
P504272,187
P504272,328
P504272,5686
P504272,1356
P504272,1357
P504272,1358
P504272,1359
P504272,484
P504272,1360
P504272,766
P504272,131
P504272,74
P504272,89
P504272,463
P504272,553
P504272,244
P504272,166
P504272,10
P504272,152
P504272,156
P504272,667
P504272,47
P504272,242
P504272,15
P504272,1363
P504272,230
P504272,77
P504272,78
P504272,5687
P504272,56
P504272,58
P504272,59
P504272,61
P504272,62
P504272,63
P504272,66
P504272,67
P504272,68
P504272,71
P504272,73
P504272,80
P483078,5688
P483078,5689
P483078,5690
P483078,5691
P483078,200
P483078,833
P483078,85
P483078,331
P483078,5692
P483078,13
P483078,5693
P483078,516
P483078,4
P483078,1143
P483078,1297
P483078,161
P483078,5694
P483078,1
P483078,5695
P504452,5696
P504452,524
P504452,89
P504452,525
P504452,7
P504452,526
P504452,527
P504452,528
P504452,29
P504452,5697
P504452,475
P504452,90
P504452,1398
P504452,86
P504452,394
P504452,1037
P504452,531
P504452,1939
P504452,255
P504452,1603
P504452,1924
P504452,833
P504452,532
P504452,20
P504452,131
P504452,161
P504452,538
P504452,454
P504452,5698
P504452,1506
P504452,1802
P504452,274
P504452,696
P504452,401
P504452,121
P504452,4
P504452,72
P504452,533
P504452,535
P504452,166
P504452,8
P504452,536
P504452,537
P504452,135
P504452,78
P504452,174
P504452,173
P504452,176
P504452,272
P504452,51
P504452,686
P504452,246
P504452,392
P504452,5699
P504452,138
P504452,529
P504452,530
P504452,326
P504452,534
P504452,5700
P504452,24
P504452,1205
P504452,5701
P504452,1805
P504452,1408
P504452,30
P504452,88
P504452,1412
P504452,71
P504452,3673
P504452,181
P504452,522
P504452,4346
P504452,627
P504452,520
P504452,634
P504452,2542
P504452,1226
P504452,2395
P504452,588
P504452,5702
P504452,563
P504452,47
P504452,70
P504452,175
P504452,3808
P504452,3813
P504452,503
P504452,1753
P504452,1331
P504452,1974
P504452,2257
P504452,3809
P504452,5703
P504452,37
P504452,3814
P504452,48
P504452,5704
P504452,3815
P504452,46
P504452,3810
P504452,2528
P504452,3818
P504452,5705
P503912,5706
P503912,100
P503912,2
P503912,49
P503912,275
P503912,5707
P503912,805
P503912,107
P503912,70
P503912,96
P503912,1556
P503912,2611
P503912,20
P503912,102
P503912,130
P503912,4
P503912,392
P503912,5708
P503912,90
P503912,742
P503912,747
P503912,1896
P503912,274
P503912,331
P503912,2066
P503912,1674
P503912,1651
P503912,129
P503912,673
P503912,681
P503912,2618
P503912,428
P503912,128
P503912,113
P503912,66
P503912,401
P503912,132
P503912,879
P503912,815
P503912,133
P503912,646
P503912,7
P503912,58
P503912,76
P503912,72
P503912,8
P503912,209
P503912,676
P503912,1596
P503912,78
P503912,103
P503912,269
P503912,661
P503912,210
P503912,776
P503912,75
P503912,441
P503912,263
P503912,1650
P503912,95
P503912,60
P503912,317
P503912,1309
P503912,1767
P503912,835
P503912,543
P503912,1769
P503912,2620
P503912,2621
P503912,1352
P503912,1770
P503912,2622
P503912,1657
P503912,2623
P503912,1653
P503912,637
P503912,2624
P503912,1771
P503912,91
P503912,686
P503912,80
P503912,4555
P503912,5709
P503912,101
P503912,104
P503912,105
P503912,106
P503912,108
P503912,109
P503912,110
P503912,111
P503912,112
P503912,114
P503912,115
P503912,116
P503912,117
P503912,118
P503912,119
P503912,93
P503912,120
P503912,121
P503912,122
P503912,79
P503912,123
P503912,5710
P503912,125
P503912,126
P503912,127
P503912,131
P503912,134
P503912,135
P463951,83
P463951,178
P463951,4
P463951,274
P463951,1210
P463951,88
P463951,2
P463951,4392
P463951,71
P463951,657
P463951,86
P463951,89
P463951,23
P463951,486
P463951,91
P463951,118
P463951,131
P463951,1241
P463951,790
P463951,4396
P463951,713
P463951,8
P463951,467
P463951,7
P463951,441
P463951,171
P463951,103
P463951,75
P463951,454
P463951,57
P463951,489
P463951,488
P463951,1753
P463951,788
P463951,272
P463951,70
P463951,1754
P463951,174
P463951,173
P463951,74
P463951,176
P463951,1756
P463951,1572
P463951,95
P463951,1759
P463951,1176
P463951,1331
P463951,1761
P463951,1762
P463951,1763
P463951,5711
P503226,55
P503226,4
P503226,1503
P503226,71
P503226,7
P503226,404
P503226,520
P503226,106
P503226,795
P503226,767
P503226,558
P503226,764
P503226,1969
P503226,2548
P503226,1673
P503226,768
P503226,1243
P503226,131
P503226,774
P503226,70
P503226,563
P503226,756
P503226,74
P503226,160
P503226,1355
P503226,5712
P503226,135
P503226,2789
P503226,57
P503226,130
P503226,568
P503226,77
P503226,2220
P503226,595
P503226,72
P503226,4131
P503226,20
P503226,390
P503226,51
P503226,91
P503226,174
P503226,175
P503226,272
P503226,759
P438630,3148
P467649,55
P467649,7
P467649,4
P467649,1892
P467649,1712
P467649,118
P467649,1713
P467649,304
P467649,1128
P467649,79
P467649,589
P467649,808
P467649,57
P467649,73
P467649,568
P467649,590
P467649,8
P467649,106
P467649,469
P467649,5713
P479974,5714
P479974,2567
P479974,1346
P479974,308
P479974,1409
P479974,9
P479974,235
P479974,4
P479974,1507
P479974,2272
P479974,306
P479974,409
P479974,89
P479974,252
P479974,1926
P479974,1327
P479974,18
P479974,3658
P479974,1603
P479974,1658
P479974,70
P479974,47
P479974,301
P479974,91
P479974,311
P479974,1330
P479974,5
P479974,72
P479974,71
P479974,482
P479974,843
P479974,1150
P444987,55
P444987,628
P444987,4
P444987,297
P444987,3647
P444987,86
P444987,170
P444987,646
P444987,617
P444987,484
P444987,527
P444987,76
P444987,352
P444987,795
P444987,1325
P444987,1688
P444987,91
P444987,760
P444987,89
P444987,568
P444987,72
P444987,8
P444987,756
P444987,1326
P444987,131
P444987,10
P444987,842
P444987,20
P444987,57
P444987,667
P444987,130
P444987,239
P444987,3648
P444987,1916
P444987,668
P444987,51
P444987,2778
P444987,70
P444987,606
P444987,12
P444987,3649
P500502,1
P500502,102
P500502,103
P500502,9
P500502,4
P500502,743
P500502,66
P500502,20
P500502,1660
P500502,777
P500502,749
P500502,750
P500502,1072
P500502,96
P500502,92
P500502,265
P500502,91
P500502,70
P500502,133
P500502,12
P500502,5322
P500502,5715
P409227,83
P409227,235
P409227,4
P409227,1934
P409227,88
P409227,7
P409227,29
P409227,89
P409227,86
P409227,5716
P409227,930
P409227,9
P409227,463
P409227,748
P409227,5717
P409227,5718
P409227,298
P409227,467
P409227,854
P409227,5719
P409227,5720
P409227,1449
P409227,72
P409227,12
P409227,131
P409227,716
P409227,93
P409227,20
P409227,152
P409227,3411
P409227,265
P409227,70
P409227,3412
P409227,135
P409227,3413
P409227,75
P409227,3414
P409227,3415
P409227,441
P409227,4575
P409227,4576
P409227,49
P409227,102
P409227,107
P409227,3545
P409227,872
P409227,5721
P409227,5722
P409227,239
P409227,219
P409227,5723
P448551,1
P448551,4
P448551,663
P448551,1420
P448551,3491
P448551,74
P448551,7
P448551,628
P448551,961
P448551,767
P448551,131
P448551,89
P448551,161
P448551,91
P448551,555
P448551,3371
P448551,88
P448551,3766
P448551,57
P448551,118
P448551,8
P448551,12
P448551,117
P448551,78
P448551,67
P448551,93
P448551,20
P448551,71
P448551,2527
P448551,1243
P448551,1168
P448551,2069
P448551,4062
P448551,113
P448551,563
P448551,75
P448551,49
P448551,4292
P448551,1476
P472471,3271
P472471,83
P472471,89
P472471,7
P472471,76
P472471,4
P472471,88
P472471,676
P472471,107
P472471,2207
P472471,102
P472471,9
P472471,78
P472471,71
P472471,109
P472471,108
P472471,539
P472471,776
P472471,1876
P472471,398
P472471,197
P472471,5724
P472471,3037
P472471,20
P472471,66
P472471,95
P472471,75
P472471,261
P472471,117
P472471,91
P472471,457
P472471,8
P472471,2
P472471,549
P439099,83
P439099,200
P439099,4
P439099,1425
P439099,884
P439099,831
P439099,455
P439099,20
P439099,7
P439099,125
P439099,48
P439099,1808
P439099,1809
P505209,55
P505209,208
P505209,4
P505209,209
P505209,1828
P505209,3987
P505209,274
P505209,90
P505209,244
P505209,210
P505209,5
P505209,72
P505209,88
P505209,86
P505209,265
P505209,414
P505209,57
P505209,2066
P505209,460
P505209,430
P505209,1227
P505209,331
P505209,112
P505209,75
P505209,4976
P502365,4812
P502365,348
P502365,250
P502365,9
P502365,4
P502365,963
P502365,408
P502365,1015
P502365,446
P502365,103
P502365,434
P502365,1014
P502365,1016
P502365,438
P502365,437
P502365,252
P502365,1017
P502365,1018
P502365,7
P502365,12
P502365,135
P502365,70
P502365,118
P502365,392
P502365,4814
P502365,645
P502365,89
P502365,304
P502365,435
P502365,95
P502365,651
P502365,442
P502365,436
P502365,330
P502365,439
P502365,20
P502365,117
P502365,440
P502365,441
P502365,33
P502365,445
P502365,443
P502365,444
P502365,2
P502365,91
P502365,174
P502365,272
P502365,175
P502365,1476
P502998,5571
P502998,100
P502998,7
P502998,4
P502998,76
P502998,5572
P502998,222
P502998,221
P502998,2453
P502998,20
P502998,673
P502998,472
P502998,1275
P502998,5573
P502998,469
P502998,836
P502998,835
P502998,5574
P502998,133
P502998,2330
P502998,1310
P502998,75
P502998,355
P502998,263
P502998,1709
P502998,5575
P502998,72
P502998,240
P502998,8
P502998,9
P502998,106
P502998,546
P502998,57
P502998,91
P502998,12
P502998,79
P502998,266
P502998,199
P502998,156
P502998,206
P502998,78
P502998,39
P502998,270
P502998,269
P502998,1304
P502998,4381
P502998,5594
P502998,348
P502998,61
P502998,404
P502998,86
P502998,84
P502998,66
P502998,413
P502998,90
P502998,1151
P502998,1152
P502998,1153
P502998,1154
P502998,627
P502998,1155
P502998,29
P502998,62
P502998,169
P502998,1156
P502998,426
P502998,161
P502998,70
P502998,265
P502998,92
P502998,1157
P502771,5725
P502771,100
P502771,716
P502771,7
P502771,815
P502771,118
P502771,5
P502771,695
P502771,903
P502771,365
P502771,183
P502771,75
P502771,107
P502771,109
P502771,366
P502771,539
P502771,102
P502771,685
P502771,4
P502771,1069
P502771,1070
P502771,703
P502771,110
P502771,5726
P502771,1072
P502771,1073
P502771,1074
P502771,1075
P502771,618
P502771,1076
P502771,1077
P502771,1078
P502771,862
P502771,1079
P502771,749
P502771,750
P502771,1080
P502771,1081
P502771,20
P502771,12
P502771,264
P502771,106
P502771,8
P502771,10
P502771,9
P502771,93
P502771,91
P502771,206
P502771,591
P502771,5727
P502771,1420
P502771,2
P502771,274
P502771,18
P502771,19
P502771,222
P502771,221
P502771,4603
P502771,1403
P502771,454
P502771,130
P502771,92
P502771,430
P502771,72
P502771,745
P502771,57
P502771,993
P502771,2346
P502771,165
P502771,70
P502771,268
P502771,272
P502771,1132
P502771,5728
P502771,235
P502771,88
P502771,76
P502771,163
P502771,86
P502771,5729
P502771,331
P502771,339
P502771,2362
P502771,5730
P502771,29
P502771,1251
P502771,67
P502771,131
P502771,132
P502771,850
P502771,1209
P502771,1893
P502771,1387
P502771,352
P502771,484
P502771,1284
P502771,169
P502771,242
P502771,79
P502771,266
P502771,170
P502771,89
P502771,207
P502771,5731
P480174,5732
P480174,348
P480174,65
P480174,261
P480174,4
P480174,403
P480174,90
P480174,39
P480174,57
P480174,86
P480174,2753
P480174,1130
P480174,95
P480174,66
P480174,75
P480174,1112
P480174,20
P480174,189
P480174,185
P480174,1344
P480174,5116
P480174,5733
P480174,183
P480174,1257
P480174,903
P480174,132
P480174,1258
P480174,264
P480174,430
P480174,190
P480174,191
P480174,195
P480174,196
P480174,1064
P480174,198
P480174,1255
P480174,197
P480174,1259
P480174,1260
P480174,5734
P480174,71
P480174,88
P480174,358
P480174,9
P480174,116
P480174,1807
P480174,460
P480174,133
P480174,2285
P480174,1127
P480174,668
P480174,670
P480174,3373
P480174,4548
P483145,55
P483145,4
P483145,475
P483145,660
P483145,71
P483145,224
P483145,117
P483145,745
P483145,5
P483145,72
P483145,61
P483145,70
P483145,2601
P483145,206
P483145,75
P483145,78
P483145,2378
P483145,3475
P483145,4451
P500729,5735
P500729,55
P500729,56
P500729,4
P500729,1828
P500729,57
P500729,79
P500729,75
P500729,266
P500729,666
P500729,2302
P500729,5736
P500729,264
P500729,9
P500729,7
P500729,76
P500729,200
P500729,74
P500729,78
P500729,463
P500729,660
P500729,39
P500729,366
P500729,117
P500729,3569
P500729,430
P500729,61
P500729,637
P500729,1256
P500729,3825
P500729,3826
P500729,4855
P500729,235
P500729,1357
P500729,297
P500729,761
P500729,1178
P500729,2740
P500729,2915
P500729,748
P500729,86
P500729,210
P500729,2917
P500729,244
P500729,520
P500729,211
P500729,88
P500729,90
P500729,745
P500729,2086
P500729,812
P500729,70
P500729,756
P500729,8
P500729,5
P500729,72
P500729,3237
P500729,156
P500729,242
P500729,252
P500729,376
P502237,5737
P502237,100
P502237,4
P502237,89
P502237,7
P502237,435
P502237,358
P502237,442
P502237,153
P502237,112
P502237,416
P502237,331
P502237,70
P502237,428
P502237,72
P502237,444
P502237,443
P502237,2
P502237,93
P502237,668
P502237,107
P502237,9
P502237,246
P502237,91
P502237,441
P502237,4451
P502237,5738
P502237,1
P502237,4890
P502237,4891
P502237,4892
P502237,5739
P502237,39
P502237,4895
P502237,4896
P502237,4897
P502237,4578
P502237,5
P502237,265
P502237,4898
P502237,156
P502237,4899
P502237,119
P502237,389
P502237,376
P480610,348
P480610,71
P480610,2075
P480610,297
P480610,102
P480610,815
P480610,200
P480610,4
P480610,78
P480610,5740
P480610,5741
P480610,90
P480610,75
P480610,5742
P480610,446
P480610,475
P480610,202
P480610,161
P480610,70
P480610,206
P480610,7
P480610,1660
P480610,57
P480610,5743
P480610,5744
P480610,4887
P480610,5745
P480610,5746
P480610,4528
P480610,5747
P480610,5748
P462379,2567
P462379,1346
P462379,66
P462379,4
P462379,104
P462379,592
P462379,76
P462379,106
P462379,1699
P462379,322
P462379,75
P462379,815
P462379,72
P462379,91
P462379,246
P462379,266
P462379,79
P462379,122
P462379,252
P462379,1090
P462379,5749
P462375,2567
P462375,1346
P462375,66
P462375,76
P462375,463
P462375,274
P462375,673
P462375,95
P462375,5088
P462375,416
P462375,20
P462375,815
P462375,106
P462375,5
P462375,72
P462375,9
P462375,75
P462375,266
P462375,79
P462375,4049
P462375,107
P462375,392
P451750,2157
P451750,1052
P451750,4075
P451750,4
P451750,90
P451750,703
P451750,76
P451750,29
P451750,88
P451750,291
P451750,527
P451750,1414
P451750,5750
P451750,5751
P451750,61
P451750,520
P451750,163
P451750,5752
P451750,637
P451750,5753
P451750,5754
P451750,1677
P451750,1678
P451750,1527
P451750,221
P451750,1671
P451750,1670
P451750,2064
P451750,161
P451750,20
P451750,2062
P451750,91
P451750,12
P451750,8
P451750,75
P451750,79
P451750,266
P451750,5447
P483058,348
P483058,4
P483058,9
P483058,75
P483058,441
P483058,66
P483058,581
P483058,3156
P483058,20
P483058,1997
P483058,2689
P483058,264
P483058,338
P483058,265
P483058,72
P483058,5
P483058,78
P483058,79
P483058,266
P483058,1150
P477150,348
P477150,61
P477150,4
P477150,555
P477150,1412
P477150,527
P477150,663
P477150,703
P477150,3491
P477150,3766
P477150,1363
P477150,807
P477150,2001
P477150,71
P477150,892
P477150,5755
P477150,1042
P477150,4249
P477150,67
P477150,1000
P477150,20
P477150,132
P477150,97
P477150,1566
P477150,161
P477150,7
P477150,425
P477150,169
P477150,76
P477150,4258
P477150,57
P477150,12
P477150,29
P477150,954
P477150,595
P477150,90
P477150,430
P477150,70
P477150,75
P477150,809
P477150,2069
P477150,79
P477150,91
P477150,266
P477150,118
P468410,83
P468410,2244
P468410,4
P468410,7
P468410,274
P468410,153
P468410,844
P468410,76
P468410,1128
P468410,141
P468410,795
P468410,89
P468410,161
P468410,91
P468410,166
P468410,106
P468410,2264
P468410,206
P468410,152
P468410,805
P468410,2266
P468410,93
P468410,1844
P468410,79
P468410,57
P468410,2268
P468410,1916
P468410,780
P468410,2263
P468410,170
P468410,467
P468410,330
P468410,4009
P468410,4925
P468410,606
P468410,5756
P505274,55
P505274,261
P505274,3114
P505274,57
P505274,70
P505274,776
P505274,206
P505274,549
P482021,349
P482021,84
P482021,595
P482021,946
P482021,1583
P482021,351
P482021,2525
P482021,252
P482021,90
P482021,2746
P482021,593
P482021,924
P482021,366
P482021,2302
P405285,83
P405285,4
P405285,1162
P405285,529
P405285,1904
P405285,88
P405285,7
P405285,86
P405285,170
P405285,714
P405285,527
P405285,89
P405285,3024
P405285,181
P405285,1210
P405285,36
P405285,95
P405285,1388
P405285,840
P405285,2353
P405285,833
P405285,4371
P405285,829
P405285,1667
P405285,2454
P405285,828
P405285,2371
P405285,2124
P405285,24
P405285,831
P405285,454
P405285,397
P405285,72
P405285,131
P405285,117
P405285,20
P405285,463
P405285,47
P405285,457
P405285,266
P405285,79
P405285,546
P405285,75
P405285,57
P405285,441
P405285,91
P405285,464
P405285,5757
P405285,3675
P405285,1587
P482258,5758
P482258,66
P482258,71
P482258,1162
P482258,2333
P482258,4
P482258,298
P482258,2409
P482258,588
P482258,5408
P482258,1212
P482258,244
P482258,1248
P482258,3679
P482258,2343
P482258,767
P482258,5759
P482258,5760
P482258,2781
P482258,61
P482258,762
P482258,5761
P482258,484
P482258,1598
P482258,482
P482258,206
P482258,168
P482258,57
P482258,5
P482258,72
P482258,75
P482258,24
P482258,305
P482258,4927
P482258,242
P482258,491
P482258,2508
P482258,311
P482258,1107
P482258,843
P482258,264
P482258,1294
P481970,55
P481970,4
P481970,76
P481970,71
P481970,5
P481970,767
P481970,1784
P481970,9
P481970,118
P481970,1690
P481970,131
P481970,20
P481970,1360
P481970,617
P481970,553
P481970,352
P481970,1213
P481970,246
P481970,73
P481970,568
P481970,117
P481970,78
P481970,991
P481970,266
P481970,660
P481970,166
P481970,5762
P482256,5763
P482256,66
P482256,3933
P482256,7
P482256,2978
P482256,72
P482256,1248
P482256,405
P482256,88
P482256,1148
P482256,261
P482256,89
P482256,4
P482256,5
P482256,767
P482256,5764
P482256,2272
P482256,3939
P482256,676
P482256,457
P482256,2343
P482256,74
P482256,78
P482256,430
P482256,588
P482256,1149
P482256,90
P482256,4049
P482256,83
P482256,1731
P439098,83
P439098,200
P439098,366
P439098,1425
P439098,7
P439098,4
P439098,455
P439098,20
P439098,75
P439098,78
P439098,93
P439098,51
P439098,91
P439098,2377
P439098,3989
P439098,48
P439098,5765
P505210,55
P505210,4
P505210,2052
P505210,2281
P505210,546
P505210,72
P505210,12
P505210,1828
P505210,75
P505210,263
P505210,1130
P505210,414
P505210,265
P505210,112
P505210,460
P505210,1227
P505210,132
P505210,18
P505210,3776
P457009,5766
P457009,1810
P457009,2
P457009,4
P457009,71
P457009,274
P457009,5
P457009,7
P457009,4315
P457009,86
P457009,170
P457009,187
P457009,743
P457009,89
P457009,88
P457009,455
P457009,1199
P457009,163
P457009,20
P457009,993
P457009,12
P457009,93
P457009,878
P457009,92
P457009,189
P457009,190
P457009,195
P457009,70
P457009,4318
P457009,196
P457009,1064
P457009,627
P457009,198
P457009,197
P457009,5282
P457009,5221
P457009,862
P457009,3765
P457009,586
P457009,5222
P457009,5223
P457009,5767
P457009,1420
P457009,652
P457009,57
P457009,2769
P457009,1303
P457009,5286
P457009,809
P457009,161
P457009,58
P457009,667
P457009,5226
P457009,72
P457009,1437
P457009,850
P457009,441
P457009,75
P457009,1712
P457009,1713
P457009,1128
P457009,5768
P457009,315
P457009,808
P457009,382
P457009,5228
P454795,348
P454795,645
P454795,4
P454795,9
P454795,89
P454795,90
P454795,23
P454795,484
P454795,646
P454795,647
P454795,525
P454795,648
P454795,649
P454795,650
P454795,486
P454795,95
P454795,651
P454795,652
P454795,653
P454795,363
P454795,67
P454795,654
P454795,655
P454795,68
P454795,20
P454795,436
P454795,656
P454795,657
P454795,70
P454795,244
P454795,242
P454795,156
P454795,7
P454795,658
P454795,79
P454795,264
P454795,12
P454795,446
P454795,118
P454795,91
P454795,175
P454795,174
P454795,272
P454795,33
P454795,445
P454795,37
P454795,659
P502725,5667
P502725,100
P502725,4
P502725,106
P502725,8
P502725,815
P502725,20
P502725,428
P502725,133
P502725,78
P502725,454
P502725,66
P502725,75
P502725,131
P502725,884
P502725,1456
P502725,441
P502725,1606
P502725,430
P502725,79
P502725,266
P502725,12
P502725,5244
P502725,392
P502725,5660
P502725,5661
P502725,1116
P502725,804
P502725,3423
P502725,240
P502725,132
P502725,246
P502725,122
P502725,686
P502725,49
P502725,206
P502725,692
P502725,91
P502725,591
P502725,5662
P502725,4766
P502725,5663
P502725,76
P502725,489
P502725,33
P502725,5664
P502725,1331
P502725,1476
P502725,5665
P502725,7
P502725,60
P502725,903
P502725,1253
P502725,183
P502725,1072
P502725,777
P502725,112
P502725,5666
P502725,750
P502725,749
P502725,1078
P502725,92
P502725,93
P502725,464
P502725,1397
P503872,5596
P503872,61
P503872,84
P503872,4
P503872,86
P503872,527
P503872,1467
P503872,117
P503872,259
P503872,472
P503872,260
P503872,91
P503872,546
P503872,266
P503872,5597
P503872,5598
P503872,5599
P503872,3970
P503872,5600
P503872,5601
P503872,2882
P503872,76
P503872,12
P503872,2886
P503872,1668
P503872,2064
P503872,2790
P503872,207
P503872,173
P503872,271
P503872,174
P503872,177
P462384,5769
P462384,5770
P462384,2567
P462384,1346
P462384,815
P462384,66
P462384,2424
P462384,2425
P462384,4426
P462384,2426
P462384,72
P462384,390
P462384,106
P462384,568
P462384,91
P462384,252
P462384,173
P462384,176
P462384,2427
P462384,2428
P462384,5771
P462384,2375
P462384,2376
P462384,95
P462384,60
P462384,9
P462384,12
P462384,2377
P462384,75
P462384,266
P462384,79
P462384,271
P462384,174
P462384,272
P462384,2378
P462384,5772
P462384,592
P462384,322
P462384,112
P462384,742
P462384,804
P462384,1090
P462384,3044
P500782,5773
P500782,5774
P500782,83
P500782,308
P500782,71
P500782,1162
P500782,9
P500782,4
P500782,90
P500782,5775
P500782,1784
P500782,5776
P500782,457
P500782,88
P500782,86
P500782,1127
P500782,7
P500782,57
P500782,676
P500782,482
P500782,117
P500782,301
P500782,1598
P500782,1130
P500782,75
P500782,66
P500782,2162
P500782,265
P500782,2050
P500782,5777
P500782,2277
P500782,2278
P500782,89
P500782,535
P500782,2272
P500782,1295
P500782,1753
P500782,12
P500782,1
P500782,235
P500782,74
P500782,84
P500782,1331
P500782,1974
P500782,868
P500782,2275
P500782,132
P500782,1476
P500782,5778
P500782,5779
P500782,383
P500782,5780
P500782,72
P500782,405
P500782,112
P500782,56
P500782,61
P500782,4110
P500782,617
P500782,1842
P500782,5781
P500782,5782
P500782,2146
P463106,201
P463106,140
P463106,90
P463106,7
P463106,4
P463106,2
P463106,484
P463106,89
P463106,435
P463106,646
P463106,4393
P463106,24
P463106,352
P463106,486
P463106,4773
P463106,91
P463106,4394
P463106,444
P463106,4395
P463106,239
P463106,4354
P463106,1859
P463106,121
P463106,93
P463106,131
P463106,57
P463106,65
P463106,2345
P463106,441
P463106,61
P463106,51
P463106,118
P463106,454
P463106,489
P463106,322
P463106,75
P463106,488
P463106,788
P463106,174
P463106,271
P463106,70
P463106,272
P463106,1753
P463106,173
P463106,1275
P463106,1532
P463106,1756
P463106,1331
P463106,1123
P463106,1757
P463106,4835
P463106,95
P463106,649
P463106,4836
P463106,5306
P463106,1176
P463106,4380
P463106,1761
P463106,1763
P463106,4026
P463106,5783
P463106,5784
P448550,1
P448550,4
P448550,663
P448550,1420
P448550,3491
P448550,74
P448550,7
P448550,2001
P448550,628
P448550,961
P448550,767
P448550,131
P448550,89
P448550,161
P448550,91
P448550,555
P448550,3371
P448550,88
P448550,3766
P448550,1431
P448550,8
P448550,118
P448550,57
P448550,12
P448550,117
P448550,67
P448550,93
P448550,20
P448550,78
P448550,71
P448550,2527
P448550,1243
P448550,132
P448550,2069
P448550,4062
P448550,113
P448550,563
P448550,75
P448550,49
P448550,1331
P448550,1476
P503933,5785
P503933,348
P503933,349
P503933,3489
P503933,249
P503933,252
P503933,2773
P503933,91
P503933,1863
P503933,1717
P503933,264
P503933,9
P503933,4
P503933,5
P503933,192
P503933,79
P503933,2710
P503933,37
P503933,3206
P503933,317
P503933,1130
P503933,749
P503933,750
P503933,5786
P503933,752
P503933,753
P503933,338
P503933,61
P503933,132
P503933,78
P503933,758
P503933,75
P503933,266
P503933,57
P503933,441
P503933,174
P503933,177
P503933,3204
P503933,102
P503933,104
P503933,107
P503933,106
P503933,446
P503933,776
P503933,12
P503933,112
P503933,96
P503933,777
P503933,778
P503933,122
P503933,70
P503933,175
P503933,5787
P503933,764
P503933,29
P503933,85
P503933,208
P503933,88
P503933,86
P503933,103
P503933,161
P503933,1940
P503933,5788
P503933,131
P503933,1872
P503933,237
P503933,238
P503933,1392
P503933,198
P503933,1896
P503933,5789
P503933,1684
P503933,1686
P503933,889
P503933,527
P503933,588
P503933,748
P503933,430
P503933,808
P503933,1382
P503933,1462
P503933,1637
P503933,47
P503933,745
P503933,89
P503933,156
P503933,119
P503933,2246
P503933,155
P503933,1687
P503933,1102
P503933,272
P503933,1235
P423166,89
P423166,2
P423166,4
P423166,448
P423166,995
P423166,435
P423166,525
P423166,4353
P423166,789
P423166,457
P423166,106
P423166,825
P423166,140
P423166,91
P423166,1382
P423166,2660
P423166,7
P423166,482
P423166,155
P423166,441
P423166,3207
P423166,166
P423166,131
P423166,20
P423166,121
P423166,119
P423166,103
P423166,483
P423166,51
P423166,4355
P423166,57
P423166,75
P423166,489
P423166,93
P423166,588
P423166,488
P423166,118
P423166,272
P423166,96
P423166,1595
P423166,174
P423166,1753
P423166,1572
P423166,4356
P423166,173
P423166,176
P423166,207
P423166,1532
P423166,3724
P423166,4357
P423166,1331
P423166,4358
P423166,95
P423166,70
P423166,1294
P480289,83
P480289,4
P480289,7
P480289,412
P480289,809
P480289,199
P480289,5252
P480289,449
P480289,454
P480289,833
P480289,998
P480289,2586
P480289,1328
P480289,20
P480289,1543
P480289,460
P480289,485
P480289,831
P480289,3567
P480289,5790
P480289,606
P480289,129
P480289,84
P480289,78
P480289,93
P480289,91
P480289,5791
P483141,100
P483141,4
P483141,525
P483141,86
P483141,617
P483141,88
P483141,662
P483141,89
P483141,5792
P483141,274
P483141,1206
P483141,2691
P483141,71
P483141,1748
P483141,1380
P483141,170
P483141,1209
P483141,527
P483141,679
P483141,90
P483141,648
P483141,1042
P483141,3721
P483141,1292
P483141,67
P483141,1695
P483141,20
P483141,331
P483141,109
P483141,70
P483141,1566
P483141,402
P483141,72
P483141,393
P483141,390
P483141,2786
P483141,1637
P483141,756
P483141,57
P483141,91
P483141,79
P483141,2326
P481668,524
P481668,200
P481668,102
P481668,107
P481668,366
P481668,78
P481668,7
P481668,1807
P481668,2129
P481668,2126
P481668,531
P481668,831
P481668,539
P481668,3977
P481668,4
P481668,75
P481668,72
P481668,93
P481668,5793
P481668,5794
P458963,5795
P458963,5796
P458963,5797
P458963,5798
P458963,5799
P458963,5800
P458963,5801
P458963,5802
P458963,5803
P505452,100
P505452,264
P505452,274
P505452,7
P505452,141
P505452,137
P505452,76
P505452,103
P505452,879
P505452,70
P505452,546
P505452,20
P505452,1543
P505452,5804
P505452,366
P505452,246
P505452,5747
P505452,122
P505452,686
P505452,5805
P505452,5806
P505452,776
P505452,102
P505452,433
P440922,55
P440922,4
P440922,7
P440922,89
P440922,9
P440922,879
P440922,91
P440922,880
P440922,1251
P440922,165
P440922,568
P440922,166
P440922,658
P440922,76
P440922,78
P440922,2042
P440922,5807
P440922,8
P440922,717
P440922,93
P440922,130
P440922,2090
P440922,3648
P440922,2778
P440922,51
P440922,2378
P440922,4713
P440922,471
P502977,3326
P502977,100
P502977,249
P502977,250
P502977,251
P502977,106
P502977,252
P502977,253
P502977,254
P502977,255
P502977,256
P502977,257
P502977,112
P502977,258
P502977,4
P502977,259
P502977,260
P502977,261
P502977,262
P502977,263
P502977,264
P502977,12
P502977,265
P502977,75
P502977,91
P502977,266
P502977,79
P502977,267
P502977,268
P502977,78
P502977,269
P502977,270
P502977,271
P502977,272
P502977,174
P502977,273
P502977,3335
P502977,61
P502977,86
P502977,527
P502977,117
P502977,7
P502977,472
P502977,1467
P502977,546
P502977,1468
P502977,1469
P502977,18
P502977,76
P502977,378
P502977,70
P502977,1470
P502977,640
P502977,815
P502977,716
P502977,1471
P502977,207
P502977,1472
P502977,173
P502977,1473
P477812,348
P477812,85
P477812,87
P477812,7
P477812,4
P477812,550
P477812,297
P477812,527
P477812,404
P477812,138
P477812,89
P477812,551
P477812,91
P477812,552
P477812,29
P477812,553
P477812,554
P477812,8
P477812,152
P477812,555
P477812,246
P477812,72
P477812,57
P477812,556
P477812,92
P477812,557
P477812,93
P477812,131
P477812,558
P477812,559
P477812,560
P477812,78
P477812,61
P477812,561
P477812,240
P477812,56
P477812,562
P477812,12
P477812,20
P477812,70
P477812,221
P477812,222
P477812,563
P477812,564
P477812,49
P477812,75
P477812,565
P477812,272
P477812,173
P477812,566
P500775,5808
P500775,703
P500775,88
P500775,3
P500775,704
P500775,705
P500775,74
P500775,394
P500775,706
P500775,707
P500775,708
P500775,709
P500775,206
P500775,91
P500775,117
P500775,5
P500775,563
P500775,70
P500775,710
P500775,711
P500775,5809
P500775,201
P500775,9
P500775,20
P500775,4
P500775,7
P500775,463
P500775,132
P500775,18
P500775,8
P500775,240
P500775,106
P500775,221
P500775,1225
P500775,5810
P500775,83
P500775,208
P500775,1197
P500775,527
P500775,244
P500775,617
P500775,1562
P500775,1042
P500775,90
P500775,454
P500775,1213
P500775,129
P500775,12
P500775,57
P500775,960
P500775,156
P500775,93
P500775,1198
P500775,848
P500775,1565
P500775,1566
P500775,222
P500775,392
P481704,55
P481704,7
P481704,297
P481704,852
P481704,1431
P481704,4
P481704,9
P481704,76
P481704,553
P481704,5811
P481704,2801
P481704,2805
P481704,3658
P481704,2802
P481704,2804
P481704,95
P481704,131
P481704,70
P481704,646
P481704,617
P481704,484
P481704,527
P481704,352
P481704,86
P481704,244
P481704,89
P481704,568
P481704,435
P481704,90
P481704,72
P481704,166
P481704,842
P481704,57
P481704,10
P481704,20
P481704,265
P481704,667
P481704,444
P481704,156
P481704,130
P481704,239
P481704,242
P481704,668
P481704,71
P481704,75
P481704,246
P481704,79
P481704,266
P481704,177
P504881,5812
P504881,348
P504881,7
P504881,4
P504881,800
P504881,90
P504881,801
P504881,802
P504881,398
P504881,86
P504881,57
P504881,72
P504881,358
P504881,676
P504881,266
P504881,670
P504881,75
P504881,430
P504881,78
P504881,803
P504881,5813
P504881,1236
P504881,567
P504881,1420
P504881,102
P504881,54
P504881,79
P504881,224
P504881,3734
P504881,247
P504881,272
P504881,1132
P504881,5814
P504881,208
P504881,4078
P504881,3484
P504881,3485
P504881,428
P504881,274
P504881,8
P504881,74
P504881,1355
P504881,12
P504881,33
P504881,20
P504881,445
P504881,441
P504881,70
P472342,304
P472342,4127
P472342,9
P472342,209
P472342,348
P472342,210
P472342,3972
P472342,460
P472342,2179
P472342,776
P472342,428
P472342,382
P472342,414
P472342,909
P472342,3792
P472342,112
P472342,2479
P472342,4130
P472342,257
P472342,61
P472342,75
P472342,78
P472342,2967
P503944,83
P503944,102
P503944,776
P503944,78
P503944,274
P503944,9
P503944,2754
P503944,107
P503944,366
P503944,92
P503944,1153
P503944,1862
P503944,4
P503944,1461
P503944,1321
P503944,70
P503944,2072
P503944,75
P503944,423
P503944,4069
P504594,5815
P504594,100
P504594,9
P504594,71
P504594,4
P504594,878
P504594,76
P504594,90
P504594,274
P504594,5816
P504594,235
P504594,5817
P504594,221
P504594,774
P504594,70
P504594,107
P504594,1678
P504594,1593
P504594,61
P504594,3513
P504594,1449
P504594,166
P504594,15
P504594,4577
P504594,206
P504594,75
P504594,78
P504594,5818
P504594,5819
P504594,175
P504594,173
P504594,176
P504594,174
P504594,177
P504594,5820
P504594,2667
P504594,527
P504594,5821
P504594,4110
P504594,4231
P504594,627
P504594,835
P504594,1596
P504594,2590
P504594,1109
P504594,1140
P504594,1139
P504594,20
P504594,383
P504594,4027
P504594,3415
P504594,430
P504594,2668
P504594,57
P504594,74
P504594,5
P504594,72
P504594,266
P504594,33
P504594,37
P504594,1390
P504594,492
P504594,5822
P504594,765
P504594,276
P504594,808
P504594,668
P504594,358
P504594,1331
P504594,5823
P504594,2685
P504594,205
P504594,5824
P504594,5825
P504594,5826
P504848,5827
P504848,348
P504848,7
P504848,4
P504848,1238
P504848,1239
P504848,90
P504848,131
P504848,801
P504848,3484
P504848,3485
P504848,555
P504848,676
P504848,72
P504848,244
P504848,19
P504848,374
P504848,18
P504848,130
P504848,78
P504848,2805
P504848,430
P504848,5828
P504848,265
P504848,3734
P504848,568
P504848,272
P504848,174
P504848,5829
P504848,5830
P504848,235
P504848,1144
P504848,12
P504848,756
P504848,2915
P504848,313
P504848,57
P504848,857
P504848,2917
P504848,70
P504848,61
P504848,206
P504848,1325
P504848,79
P504848,1326
P504848,5831
P504848,5832
P504848,71
P504848,4078
P504848,1237
P504848,88
P504848,954
P504848,358
P504848,764
P504848,748
P504848,1355
P504848,169
P504848,595
P504848,33
P504848,117
P504848,391
P504848,74
P504848,445
P504848,75
P504848,5833
P480604,5834
P480604,5196
P480604,348
P480604,102
P480604,349
P480604,107
P480604,89
P480604,84
P480604,88
P480604,78
P480604,595
P480604,4
P480604,85
P480604,842
P480604,360
P480604,70
P480604,5835
P480604,95
P480604,96
P480604,1258
P480604,398
P480604,350
P480604,57
P480604,1637
P480604,553
P480604,593
P480604,351
P480604,91
P480604,266
P480604,79
P480604,132
P480604,5836
P480604,5837
P480604,352
P480604,92
P480604,94
P480604,66
P480604,353
P480604,354
P480604,133
P480604,355
P480604,56
P480604,356
P480604,252
P480604,93
P480604,75
P480604,265
P480604,357
P480604,3174
P480604,83
P480604,71
P480604,86
P480604,87
P480604,29
P480604,90
P480604,72
P480604,97
P480604,819
P480604,5838
P483694,100
P483694,200
P483694,878
P483694,7
P483694,1211
P483694,4
P483694,5
P483694,2575
P483694,743
P483694,11
P483694,448
P483694,9
P483694,2200
P483694,166
P483694,1176
P483694,12
P483694,435
P483694,1695
P483694,5839
P483694,5840
P483694,103
P483694,268
P483694,93
P483694,174
P483694,1243
P483694,76
P483694,832
P483694,5841
P483694,1672
P483694,272
P483694,2744
P483694,2747
P483694,3734
P483694,2745
P483694,3735
P483694,1430
P483694,70
P483694,5842
P501550,5843
P501550,1594
P501550,100
P501550,410
P501550,875
P501550,252
P501550,4
P501550,5844
P501550,91
P501550,78
P501550,441
P501550,56
P501550,269
P501550,624
P501550,413
P501550,268
P501550,430
P501550,161
P501550,92
P501550,75
P501550,266
P501550,1294
P501550,5845
P501550,200
P501550,7
P501550,102
P501550,104
P501550,66
P501550,224
P501550,112
P501550,1551
P501550,95
P501550,729
P501550,804
P501550,1554
P501550,272
P501550,174
P501550,122
P501550,176
P501550,1595
P501550,173
P501550,79
P501550,206
P501550,175
P501550,1114
P501550,5846
P501550,297
P501550,76
P501550,71
P501550,89
P501550,9
P501550,86
P501550,1295
P501550,527
P501550,29
P501550,1409
P501550,676
P501550,5847
P501550,131
P501550,74
P501550,1462
P501550,1637
P501550,117
P501550,235
P501550,244
P501550,129
P501550,747
P501550,1905
P501550,90
P501550,118
P501550,127
P501550,106
P501550,132
P501550,156
P501550,1256
P501550,363
P501550,1766
P501550,3427
P501550,678
P501550,1170
P501550,242
P501550,818
P501550,5848
P501550,5849
P501550,546
P501550,308
P501550,745
P501550,199
P501550,285
P501550,96
P501550,1304
P501550,376
P500060,5850
P500060,513
P500060,5851
P500060,398
P500060,1162
P500060,529
P500060,2703
P500060,4110
P500060,2325
P500060,1499
P500060,634
P500060,1501
P500060,1385
P500060,627
P500060,522
P500060,70
P500060,317
P500060,5852
P500880,5853
P500880,3676
P500880,5854
P500880,1991
P500880,66
P500880,3933
P500880,7
P500880,2978
P500880,72
P500880,1248
P500880,405
P500880,88
P500880,1148
P500880,261
P500880,89
P500880,4
P500880,5
P500880,767
P500880,5764
P500880,2272
P500880,3939
P500880,676
P500880,457
P500880,2343
P500880,74
P500880,78
P500880,430
P500880,588
P500880,1149
P500880,90
P500880,4049
P500880,83
P500880,1731
P468196,5855
P468196,2567
P468196,1346
P468196,382
P468196,2199
P468196,4
P468196,119
P468196,641
P468196,842
P468196,708
P468196,815
P468196,747
P468196,668
P468196,5
P468196,72
P468196,1387
P468196,568
P468196,1284
P468196,106
P468196,242
P468196,4049
P468196,207
P468196,2270
P468196,5769
P468196,5770
P468196,5856
P468196,2424
P468196,2425
P468196,4426
P468196,5857
P468196,390
P468196,91
P468196,252
P468196,5858
P468196,176
P468196,2427
P468196,2428
P468196,5407
P468196,66
P468196,102
P468196,804
P468196,1550
P468196,1964
P468196,2377
P468196,780
P468196,562
P468196,5408
P468196,745
P468196,1569
P468196,79
P468196,75
P468196,266
P468196,272
P468196,271
P468196,206
P468196,174
P468196,173
P468196,2379
P468196,3445
P468196,3446
P468196,5859
P468196,76
P468196,742
P468196,5860
P468196,165
P468196,2358
P468196,67
P468196,20
P468196,2664
P468196,322
P468196,883
P468196,3042
P468196,1294
P482661,55
P482661,4
P482661,264
P482661,5861
P482661,776
P482661,78
P482661,266
P482661,57
P482661,79
P482661,366
P482661,4027
P482661,3734
P482661,365
P482661,75
P482661,20
P482661,418
P482661,265
P482661,5
P482661,72
P482661,8
P482661,1677
P482661,95
P482661,169
P482661,131
P482661,667
P482661,2858
P482661,224
P482661,2859
P482661,228
P482661,4418
P482661,4451
P481062,5862
P481062,5863
P481062,524
P481062,4
P481062,7
P481062,412
P481062,809
P481062,199
P481062,5252
P481062,449
P481062,454
P481062,833
P481062,998
P481062,2586
P481062,1328
P481062,20
P481062,1543
P481062,460
P481062,485
P481062,831
P481062,3567
P481062,5790
P481062,606
P481062,129
P481062,84
P481062,78
P481062,93
P481062,91
P481062,5864
P481062,5865
P481062,5866
P481062,200
P481062,166
P481062,1425
P481062,5867
P481062,5868
P481062,9
P481062,448
P481062,835
P481062,107
P481062,116
P481062,455
P481062,745
P481062,366
P481062,3984
P481062,119
P481062,8
P481062,57
P481062,441
P481062,5869
P462383,2567
P462383,1346
P462383,382
P462383,2199
P462383,641
P462383,89
P462383,842
P462383,5870
P462383,5871
P462383,3403
P462383,3404
P462383,5418
P462383,5419
P462383,815
P462383,70
P462383,5872
P462383,5873
P462383,1123
P462383,161
P462383,633
P462383,668
P462383,119
P462383,568
P462383,187
P462383,3568
P462383,1906
P462383,5874
P462383,103
P462383,252
P462383,780
P462383,122
P462383,1569
P462383,202
P462383,272
P462383,1355
P462383,2378
P462383,2428
P416588,83
P416588,4
P416588,274
P416588,7
P416588,2930
P416588,363
P416588,1939
P416588,5619
P416588,1924
P416588,586
P416588,5620
P416588,10
P416588,8
P416588,756
P416588,1733
P416588,4272
P416588,5621
P416588,878
P416588,4019
P416588,5622
P416588,4018
P416588,130
P416588,93
P416588,2050
P460757,2567
P460757,1346
P460757,382
P460757,2199
P460757,4
P460757,119
P460757,641
P460757,842
P460757,708
P460757,815
P460757,747
P460757,668
P460757,5
P460757,72
P460757,1387
P460757,568
P460757,1284
P460757,106
P460757,242
P460757,4049
P460757,207
P460757,2270
P503876,3205
P503876,348
P503876,742
P503876,552
P503876,264
P503876,209
P503876,210
P503876,1863
P503876,192
P503876,317
P503876,3206
P503876,61
P503876,103
P503876,878
P503876,161
P503876,91
P503876,745
P503876,805
P503876,166
P503876,1384
P503876,70
P503876,4
P503876,3207
P503876,776
P503876,33
P503876,489
P503876,20
P503876,18
P503876,77
P503876,850
P503876,756
P503876,47
P503876,430
P503876,750
P503876,753
P503876,751
P503876,49
P503876,752
P503876,749
P503876,132
P503876,174
P503876,272
P503876,175
P503876,37
P503876,464
P503876,1942
P503876,3204
P503876,102
P503876,104
P503876,107
P503876,78
P503876,106
P503876,446
P503876,12
P503876,112
P503876,96
P503876,777
P503876,778
P503876,122
P503876,177
P503876,5875
P503876,9
P503876,208
P503876,1420
P503876,88
P503876,352
P503876,1199
P503876,274
P503876,4064
P503876,828
P503876,1203
P503876,5580
P503876,2805
P503876,222
P503876,221
P503876,1749
P503876,97
P503876,396
P503876,395
P503876,2362
P503876,230
P503876,223
P503876,225
P503876,806
P503876,2298
P503876,231
P503876,224
P503876,229
P503876,237
P503876,238
P503876,133
P503876,240
P503876,131
P503876,241
P503876,1802
P503876,1128
P503876,1713
P503876,1712
P503876,8
P503876,546
P503876,57
P503876,262
P503876,401
P503876,158
P503876,156
P503876,7
P503876,5876
P503876,744
P503876,89
P503876,403
P503876,75
P503876,72
P503876,5877
P504283,5878
P504283,90
P504283,663
P504283,71
P504283,9
P504283,5879
P504283,306
P504283,1598
P504283,2151
P504283,398
P504283,5880
P504283,5881
P504283,5882
P504283,5883
P504283,301
P504283,117
P504283,131
P504283,745
P504283,2430
P504283,1251
P504283,4
P504283,1903
P504283,809
P504283,5884
P504283,5
P504283,72
P504283,317
P504283,482
P504283,252
P504283,5885
P503894,100
P503894,7
P503894,9
P503894,4
P503894,23
P503894,26
P503894,71
P503894,746
P503894,1364
P503894,2741
P503894,5
P503894,455
P503894,90
P503894,161
P503894,670
P503894,167
P503894,463
P503894,1212
P503894,2740
P503894,153
P503894,484
P503894,2328
P503894,244
P503894,168
P503894,1404
P503894,39
P503894,268
P503894,12
P503894,93
P503894,4935
P503894,95
P503894,242
P503894,2209
P503894,107
P503894,272
P503894,174
P503894,808
P503894,97
P503894,811
P503894,858
P503894,20
P503894,169
P503894,401
P503894,19
P503894,70
P503894,472
P503894,18
P503894,4853
P462386,2567
P462386,1346
P462386,641
P462386,527
P462386,66
P462386,5418
P462386,5419
P462386,119
P462386,4
P462386,404
P462386,815
P462386,642
P462386,459
P462386,3403
P462386,3404
P462386,5886
P462386,4202
P462386,2199
P462386,5320
P462386,3468
P462386,274
P462386,161
P462386,5781
P462386,750
P462386,92
P462386,1388
P462386,224
P462386,2706
P462386,2708
P462386,2707
P462386,232
P462386,806
P462386,668
P462386,106
P462386,265
P462386,2887
P462386,993
P462386,1961
P462386,568
P462386,252
P462386,780
P462386,1569
P462386,266
P462386,75
P462386,79
P462386,246
P462386,93
P462386,91
P462386,207
P462386,1572
P462386,174
P462386,272
P462386,2270
P469193,5887
P469193,5888
P469193,5889
P469193,5890
P469193,3963
P469193,4706
P469193,5891
P469193,5892
P469193,5893
P469193,5894
P469193,2877
P469193,5895
P469193,5896
P469193,5897
P469193,5898
P469193,5899
P469193,5900
P469193,5901
P469193,5902
P469193,5903
P469193,5904
P469193,5905
P469193,5906
P469193,5907
P469193,5908
P469193,5909
P469193,5910
P469193,5911
P469193,5912
P469193,5913
P469193,1388
P469193,5914
P469193,5915
P469193,5916
P469193,5917
P469193,5918
P469193,5919
P469193,5920
P469193,5921
P469193,5922
P469193,5923
P469193,5924
P469193,5925
P469193,5926
P469193,5927
P469193,5928
P469193,5929
P469193,5930
P469193,2735
P479946,348
P479946,1631
P479946,7
P479946,4
P479946,813
P479946,5931
P479946,89
P479946,138
P479946,252
P479946,814
P479946,446
P479946,133
P479946,12
P479946,266
P479946,93
P479946,57
P479946,5932
P479946,91
P479946,49
P479946,5933
P504840,4931
P504840,100
P504840,9
P504840,4
P504840,200
P504840,5
P504840,455
P504840,274
P504840,878
P504840,428
P504840,2209
P504840,209
P504840,169
P504840,210
P504840,166
P504840,1404
P504840,7
P504840,90
P504840,161
P504840,92
P504840,244
P504840,10
P504840,2769
P504840,12
P504840,93
P504840,268
P504840,850
P504840,95
P504840,20
P504840,18
P504840,811
P504840,858
P504840,742
P504840,242
P504840,441
P504840,75
P504840,272
P504840,174
P504840,4932
P504840,809
P504840,107
P504840,2221
P504840,278
P504840,4933
P504840,3822
P504840,19
P504840,472
P504840,72
P504840,4853
P504840,4934
P504840,23
P504840,26
P504840,71
P504840,746
P504840,1364
P504840,2741
P504840,670
P504840,167
P504840,463
P504840,1212
P504840,2740
P504840,153
P504840,484
P504840,2328
P504840,168
P504840,39
P504840,4935
P504840,808
P504840,97
P504840,401
P504840,70
P504840,5934
P504840,37
P504840,74
P504840,1970
P504840,239
P504840,383
P504840,382
P504840,86
P504840,84
P504840,88
P504840,1312
P504840,170
P504840,156
P504840,1974
P504840,770
P504840,57
P504840,1976
P504840,394
P504840,409
P504840,1387
P504840,106
P504840,1753
P504840,618
P504840,358
P504840,243
P504840,1284
P504840,1331
P504840,1606
P504840,1978
P504840,310
P504840,321
P504840,471
P500124,5935
P500124,5936
P500124,348
P500124,5937
P500124,56
P500124,963
P500124,3526
P500124,2756
P500124,2759
P500124,352
P500124,5938
P500124,363
P500124,554
P500124,2757
P500124,1766
P500124,484
P500124,4
P500124,57
P500124,72
P500124,390
P500124,7
P500124,91
P500124,446
P500124,75
P500124,78
P500124,12
P500124,93
P500124,2761
P500124,272
P500124,266
P500124,79
P500124,1355
P500124,644
P500124,5939
P500124,5940
P500124,640
P500124,641
P500124,643
P500124,411
P500124,366
P500124,5941
P500124,85
P500124,1458
P500124,2243
P500124,2789
P500124,5942
P500124,1712
P500124,1713
P500124,1128
P500124,1328
P500124,679
P500124,1934
P500124,756
P500124,89
P500124,138
P500124,808
P500124,2083
P500124,3113
P500124,804
P500124,5943
P500124,130
P500124,1294
P481081,524
P481081,633
P481081,662
P481081,4
P481081,703
P481081,89
P481081,352
P481081,7
P481081,1360
P481081,45
P481081,764
P481081,86
P481081,274
P481081,9
P481081,553
P481081,826
P481081,4082
P481081,20
P481081,828
P481081,422
P481081,3831
P481081,831
P481081,830
P481081,131
P481081,469
P481081,520
P481081,5755
P481081,397
P481081,833
P481081,454
P481081,60
P481081,835
P481081,832
P481081,840
P481081,529
P481081,836
P481081,855
P481081,767
P481081,1137
P481081,627
P481081,1812
P481081,634
P481081,787
P481081,78
P481081,8
P481081,484
P481081,72
P481081,1399
P481081,458
P481081,158
P481081,277
P481081,2791
P481081,453
P481081,1402
P481081,842
P481081,808
P481081,527
P481081,1852
P481081,240
P481081,75
P481081,133
P481081,2792
P481081,678
P481081,252
P481081,121
P481081,93
P481081,51
P481081,266
P481081,79
P481081,91
P481081,464
P481081,465
P481081,1331
P481081,1375
P503635,100
P503635,1162
P503635,3673
P503635,3080
P503635,4
P503635,551
P503635,153
P503635,552
P503635,527
P503635,86
P503635,90
P503635,5944
P503635,2246
P503635,91
P503635,673
P503635,835
P503635,398
P503635,85
P503635,5945
P503635,72
P503635,92
P503635,37
P503635,1753
P503635,5946
P503635,1776
P503635,313
P503635,1462
P503635,1637
P503635,1449
P503635,1331
P503635,20
P503635,5947
P503635,12
P503635,390
P503635,93
P503635,5948
P503635,57
P503635,679
P503635,33
P503635,554
P503635,74
P503635,3488
P503635,265
P503635,441
P503635,445
P503635,266
P503635,95
P503635,117
P503635,2784
P503635,809
P503635,5881
P503635,5882
P503635,3177
P503635,471
P467757,61
P467757,1295
P467757,4774
P467757,5949
P467757,892
P467757,348
P467757,9
P467757,446
P467757,70
P467757,4680
P467757,441
P467757,4955
P467757,5456
P467757,5457
P467757,1662
P467757,265
P467757,826
P467757,5950
P481082,524
P481082,1364
P481082,9
P481082,308
P481082,181
P481082,89
P481082,7
P481082,24
P481082,658
P481082,1507
P481082,3282
P481082,1210
P481082,297
P481082,826
P481082,827
P481082,20
P481082,828
P481082,422
P481082,3831
P481082,830
P481082,831
P481082,131
P481082,832
P481082,90
P481082,3476
P481082,833
P481082,4082
P481082,60
P481082,837
P481082,4163
P481082,839
P481082,840
P481082,454
P481082,1137
P481082,841
P481082,458
P481082,808
P481082,1481
P481082,809
P481082,4
P481082,2832
P481082,2833
P481082,390
P481082,72
P481082,323
P481082,265
P481082,397
P481082,43
P481082,2950
P481082,457
P481082,1116
P481082,277
P481082,311
P481082,825
P481082,786
P481082,75
P481082,3916
P481082,321
P481082,93
P481082,51
P481082,266
P481082,246
P481082,91
P481082,37
P481082,845
P435790,83
P435790,24
P435790,5951
P435790,5952
P435790,4
P435790,71
P435790,1420
P435790,1732
P435790,5
P435790,2371
P435790,5953
P435790,86
P435790,170
P435790,88
P435790,84
P435790,878
P435790,745
P435790,7
P435790,5954
P435790,1127
P435790,265
P435790,5955
P435790,756
P435790,8
P435790,2433
P435790,10
P435790,4422
P435790,833
P435790,3512
P435790,463
P435790,5956
P435790,3032
P435790,93
P435790,993
P435790,5957
P435790,1253
P435790,2011
P435790,2083
P435790,5958
P435790,415
P435790,1270
P435790,117
P435790,20
P435790,4337
P435790,89
P435790,90
P435790,200
P435790,749
P435790,750
P435790,106
P435790,1251
P435790,169
P435790,297
P435790,1254
P435790,19
P435790,1072
P435790,5959
P435790,29
P435790,4073
P435790,329
P435790,1320
P435790,4009
P435790,5960
P432240,5961
P432240,7
P432240,106
P432240,9
P432240,107
P432240,366
P432240,4
P432240,675
P432240,3094
P432240,5962
P432240,184
P432240,1386
P432240,5963
P432240,2371
P432240,5964
P432240,2179
P432240,20
P432240,329
P432240,5965
P432240,5966
P432240,5135
P432240,5967
P432240,1388
P432240,696
P432240,131
P432240,441
P432240,75
P432240,79
P432240,266
P432240,122
P432240,1453
P432240,71
P432240,93
P432240,116
P432240,91
P463109,100
P463109,7
P463109,4
P463109,178
P463109,5
P463109,90
P463109,29
P463109,2738
P463109,138
P463109,89
P463109,86
P463109,302
P463109,455
P463109,167
P463109,595
P463109,84
P463109,88
P463109,2739
P463109,2740
P463109,170
P463109,658
P463109,2328
P463109,1387
P463109,2741
P463109,954
P463109,166
P463109,10
P463109,268
P463109,57
P463109,1176
P463109,39
P463109,2742
P463109,174
P463109,1284
P463109,584
P463109,169
P463109,1541
P463109,93
P463109,12
P463109,811
P463109,858
P463109,2200
P463109,272
P463109,106
P463109,1430
P463109,2743
P463109,2744
P463109,1844
P463109,2745
P463109,242
P463109,67
P463109,636
P463109,9
P463109,173
P463109,175
P463109,176
P463109,593
P463109,2746
P463109,808
P463109,207
P463109,2747
P463109,70
P463109,2748
P502978,3327
P502978,100
P502978,3328
P502978,258
P502978,9
P502978,4
P502978,76
P502978,441
P502978,90
P502978,317
P502978,264
P502978,75
P502978,1598
P502978,3324
P502978,57
P502978,20
P502978,454
P502978,3329
P502978,1127
P502978,79
P502978,1903
P502978,3330
P502978,313
P502978,117
P502978,3331
P502978,3332
P502978,679
P502978,618
P502978,3333
P502978,186
P502978,338
P502978,74
P502978,266
P502978,91
P502978,3334
P502978,5586
P502978,61
P502978,1019
P502978,86
P502978,878
P502978,527
P502978,84
P502978,1020
P502978,5587
P502978,1022
P502978,1023
P502978,1024
P502978,670
P502978,260
P502978,413
P502978,8
P502978,18
P502978,92
P502978,259
P502978,12
P502978,1025
P502978,1026
P502978,1027
P502978,1028
P502978,70
P502978,1132
P503934,5968
P503934,23
P503934,24
P503934,1205
P503934,26
P503934,27
P503934,4266
P503934,29
P503934,30
P503934,31
P503934,32
P503934,33
P503934,4267
P503934,35
P503934,36
P503934,37
P503934,268
P503934,39
P503934,40
P503934,41
P503934,4268
P503934,43
P503934,4269
P503934,45
P503934,46
P503934,47
P503934,48
P503934,49
P503934,100
P503934,4
P503934,9
P503934,51
P503934,52
P503934,53
P503934,4270
P503934,3914
P503934,7
P503934,90
P503934,714
P503934,140
P503934,1364
P503934,3091
P503934,5
P503934,86
P503934,746
P503934,3915
P503934,3282
P503934,662
P503934,84
P503934,595
P503934,244
P503934,527
P503934,3916
P503934,166
P503934,57
P503934,811
P503934,10
P503934,12
P503934,93
P503934,242
P503934,92
P503934,19
P503934,1270
P503934,97
P503934,593
P503934,2746
P503934,1404
P503934,70
P503934,2331
P503934,3919
P503934,2
P503934,463
P503934,8
P503934,88
P503934,169
P503934,670
P503934,878
P503934,1712
P503934,1713
P503934,1128
P503934,808
P503934,2886
P503934,2790
P503934,5969
P503934,844
P503934,103
P503934,596
P503934,410
P503934,170
P503934,358
P503934,252
P503934,79
P503934,3839
P503934,4505
P503934,107
P503934,995
P503934,2055
P503934,243
P503934,310
P503934,321
P503934,3658
P503934,161
P503934,365
P503934,543
P503934,1603
P503934,1352
P503934,4506
P503934,1658
P503934,3948
P503934,4507
P503934,91
P503934,4271
P503934,455
P503934,289
P503934,715
P503934,1409
P503934,4272
P503934,4273
P503934,1310
P503934,1320
P503934,2701
P503934,4014
P503934,4274
P503934,174
P503934,4275
P503934,272
P503934,471
P502842,5970
P502842,55
P502842,9
P502842,76
P502842,5
P502842,165
P502842,8
P502842,4
P502842,1659
P502842,1660
P502842,78
P502842,39
P502842,1661
P502842,777
P502842,568
P502842,749
P502842,750
P502842,161
P502842,1072
P502842,416
P502842,61
P502842,475
P502842,70
P502842,1662
P502842,1663
P502842,4855
P502842,235
P502842,1357
P502842,297
P502842,761
P502842,1178
P502842,1828
P502842,2740
P502842,2915
P502842,748
P502842,86
P502842,210
P502842,2917
P502842,244
P502842,7
P502842,520
P502842,211
P502842,88
P502842,90
P502842,745
P502842,2086
P502842,812
P502842,756
P502842,72
P502842,3237
P502842,156
P502842,242
P502842,252
P502842,376
P502842,5971
P502842,56
P502842,410
P502842,57
P502842,366
P502842,79
P502842,1457
P502842,266
P502842,666
P502842,114
P479646,1
P479646,89
P479646,85
P479646,4
P479646,1725
P479646,71
P479646,5972
P479646,1251
P479646,131
P479646,2245
P479646,1598
P479646,153
P479646,658
P479646,554
P479646,5193
P479646,696
P479646,49
P479646,398
P479646,73
P479646,684
P479646,876
P479646,455
P479646,649
P479646,877
P479646,878
P479646,710
P479646,2390
P479646,74
P479646,2017
P479646,809
P479646,76
P479646,7
P479646,443
P479646,786
P479646,2849
P479646,1412
P479646,2851
P479646,1328
P479646,321
P479646,5082
P479646,1116
P479646,12
P479646,91
P479646,845
P457279,100
P457279,5626
P457279,3180
P457279,9
P457279,4
P457279,89
P457279,91
P457279,463
P457279,2
P457279,1382
P457279,90
P457279,155
P457279,131
P457279,57
P457279,72
P457279,75
P457279,266
P457279,79
P457279,174
P457279,365
P457279,119
P457279,588
P457279,328
P457279,8
P457279,667
P457279,189
P457279,190
P457279,191
P457279,78
P457279,195
P457279,1064
P457279,196
P457279,197
P457279,1255
P457279,5627
P503892,5973
P503892,100
P503892,4
P503892,9
P503892,90
P503892,20
P503892,244
P503892,3026
P503892,3721
P503892,2965
P503892,5974
P503892,5266
P503892,115
P503892,161
P503892,578
P503892,95
P503892,1064
P503892,5975
P503892,189
P503892,196
P503892,197
P503892,1255
P503892,195
P503892,190
P503892,198
P503892,191
P503892,676
P503892,1363
P503892,57
P503892,91
P503892,12
P503892,75
P503892,474
P503892,5976
P503892,83
P503892,71
P503892,210
P503892,209
P503892,617
P503892,87
P503892,1148
P503892,1673
P503892,2064
P503892,1149
P503892,2062
P503892,1875
P503892,70
P503892,376
P503892,5977
P503892,1144
P503892,29
P503892,97
P503892,1145
P503892,237
P503892,1146
P503892,238
P503892,1053
P503892,1147
P503892,88
P503892,8
P503892,78
P503892,1150
P480176,1567
P480176,2525
P480176,408
P480176,4
P480176,963
P480176,252
P480176,91
P480176,5978
P480176,174
P480176,78
P480176,135
P480176,815
P480176,3094
P480176,175
P480176,1227
P480176,1951
P480176,333
P480176,376
P502448,100
P502448,90
P502448,7
P502448,746
P502448,89
P502448,9
P502448,178
P502448,86
P502448,88
P502448,5979
P502448,484
P502448,5
P502448,4
P502448,2739
P502448,5980
P502448,1387
P502448,74
P502448,744
P502448,1284
P502448,3731
P502448,39
P502448,633
P502448,268
P502448,1521
P502448,12
P502448,93
P502448,106
P502448,5981
P502448,242
P502448,811
P502448,858
P502448,272
P502448,127
P502448,67
P502448,252
P502448,2200
P502448,174
P502448,169
P502448,2744
P502448,3733
P502448,3734
P502448,2745
P502448,3735
P502448,51
P502448,1430
P502448,401
P502448,1402
P502448,72
P502448,70
P502448,3736
P502448,3737
P502448,2747
P502448,828
P502448,78
P502448,3738
P471784,2567
P471784,1346
P471784,408
P471784,5982
P471784,4
P471784,963
P471784,66
P471784,91
P471784,78
P471784,815
P471784,2801
P471784,51
P471784,12
P471784,2705
P471784,2558
P471784,266
P471784,79
P471784,376
P483693,50
P483693,7
P483693,138
P483693,89
P483693,4
P483693,302
P483693,2147
P483693,767
P483693,5
P483693,88
P483693,463
P483693,715
P483693,86
P483693,8
P483693,3732
P483693,10
P483693,169
P483693,1176
P483693,38
P483693,39
P483693,84
P483693,746
P483693,595
P483693,174
P483693,4489
P483693,12
P483693,130
P483693,93
P483693,5839
P483693,5840
P483693,272
P483693,832
P483693,2626
P483693,20
P483693,5841
P483693,209
P483693,5983
P483693,1672
P483693,210
P483693,173
P483693,175
P483693,2744
P483693,176
P483693,593
P483693,3734
P483693,2745
P483693,3735
P483693,596
P483693,1430
P483693,471
P450935,5984
P450935,5985
P450935,5986
P450935,5987
P450935,55
P450935,90
P450935,9
P450935,4
P450935,435
P450935,1966
P450935,617
P450935,1356
P450935,3024
P450935,1212
P450935,527
P450935,352
P450935,1784
P450935,1967
P450935,484
P450935,761
P450935,444
P450935,91
P450935,568
P450935,1688
P450935,89
P450935,1127
P450935,554
P450935,168
P450935,244
P450935,166
P450935,72
P450935,131
P450935,1213
P450935,441
P450935,75
P450935,57
P450935,93
P450935,1211
P450935,78
P450935,717
P450935,20
P450935,156
P450935,242
P450935,79
P450935,562
P450935,3648
P450935,18
P450935,77
P450935,70
P450935,240
P450935,2378
P450935,4427
P450935,51
P450935,5988
P481971,55
P481971,4
P481971,71
P481971,9
P481971,1199
P481971,7
P481971,88
P481971,90
P481971,1784
P481971,628
P481971,1690
P481971,131
P481971,20
P481971,748
P481971,716
P481971,74
P481971,527
P481971,352
P481971,1127
P481971,246
P481971,568
P481971,991
P481971,78
P481971,266
P481971,808
P481971,70
P481971,463
P481971,76
P481971,72
P481971,89
P481971,5989
P481077,55
P481077,4
P481077,7
P481077,274
P481077,76
P481077,118
P481077,1784
P481077,1692
P481077,3734
P481077,2623
P481077,2745
P481077,20
P481077,475
P481077,130
P481077,3648
P481077,1691
P481077,63
P481077,9
P481077,246
P481077,568
P481077,1404
P481077,1579
P481077,4859
P481077,78
P481077,1949
P481077,1128
P481077,57
P481077,79
P481077,70
P481077,455
P481077,266
P481077,562
P481077,72
P481077,8
P481077,844
P481077,5990
P502235,55
P502235,71
P502235,76
P502235,815
P502235,4075
P502235,4
P502235,842
P502235,131
P502235,29
P502235,57
P502235,7
P502235,161
P502235,3021
P502235,66
P502235,118
P502235,418
P502235,90
P502235,61
P502235,91
P502235,78
P502235,8
P502235,117
P502235,158
P502235,169
P502235,563
P502235,97
P502235,1667
P502235,1674
P502235,75
P502235,1623
P502235,1619
P502235,2858
P502235,224
P502235,2066
P502235,225
P502235,2708
P502235,1146
P502235,595
P502235,228
P502235,229
P502235,4941
P502235,49
P502235,696
P502235,79
P502235,266
P502235,12
P502235,1679
P502235,4942
P502235,93
P502235,2859
P502235,3177
P502235,471
P502195,5991
P502195,5992
P502195,71
P502195,4
P502195,746
P502195,9
P502195,86
P502195,88
P502195,1712
P502195,878
P502195,129
P502195,237
P502195,1242
P502195,97
P502195,396
P502195,395
P502195,5993
P502195,158
P502195,66
P502195,626
P502195,1048
P502195,2965
P502195,2966
P502195,403
P502195,685
P502195,398
P502195,70
P502195,637
P502195,8
P502195,1713
P502195,363
P502195,5
P502195,84
P502195,362
P502195,428
P502195,1128
P502195,15
P502195,1130
P502195,61
P502195,57
P502195,75
P502195,441
P502195,5994
P502195,348
P502195,4202
P502195,7
P502195,1619
P502195,5995
P502195,1883
P502195,12
P502195,5996
P502195,401
P502195,130
P502195,960
P502195,117
P502195,313
P502195,679
P502195,1623
P502195,76
P502195,93
P502195,74
P502195,79
P502195,91
P502195,5997
P502195,2755
P502195,160
P502195,235
P502195,2916
P502195,3023
P502195,29
P502195,1238
P502195,89
P502195,5998
P502195,5999
P502195,2255
P502195,1766
P502195,95
P502195,1143
P502195,1999
P502195,242
P502195,2001
P502195,2254
P502195,805
P502195,2390
P502195,528
P502195,244
P502195,4614
P502195,155
P502195,457
P502195,291
P502195,156
P502195,266
P470548,100
P470548,102
P470548,107
P470548,66
P470548,78
P470548,9
P470548,5
P470548,745
P470548,106
P470548,546
P470548,1130
P470548,313
P470548,90
P470548,174
P470548,548
P470548,326
P470548,75
P470548,266
P470548,79
P470548,128
P470548,199
P470548,156
P470548,2554
P500482,2462
P500482,2335
P500482,88
P500482,209
P500482,2463
P500482,2179
P500482,9
P500482,2464
P500482,6000
P500482,210
P500482,905
P500482,460
P500482,1334
P500482,110
P500482,2183
P500482,2180
P500482,2182
P500482,2181
P500482,2187
P500482,2177
P500482,56
P500482,748
P500482,6001
P500482,313
P500482,6002
P500482,1148
P500482,1149
P500482,348
P500482,430
P500482,6003
P500482,118
P500482,174
P500482,175
P500482,177
P500482,2488
P500482,1306
P500482,1305
P500482,2471
P500482,6004
P500482,885
P500482,6005
P500482,173
P500482,1132
P500482,6006
P500482,4110
P500482,1596
P500482,4
P500482,5259
P500482,1198
P500482,1253
P500482,777
P500482,1072
P500482,749
P500482,750
P500482,6007
P500482,2384
P500482,20
P500482,3293
P500482,6008
P500482,428
P500482,1120
P500482,833
P500482,331
P500482,61
P500482,86
P500482,1765
P500482,57
P500482,6009
P500482,3891
P500482,6010
P500482,6011
P500482,132
P500482,6012
P500482,637
P500482,75
P500482,441
P500482,70
P500482,272
P500482,176
P500482,205
P500482,1114
P500482,6013
P500482,1412
P500482,761
P500482,2013
P500482,304
P500482,1181
P500482,6014
P500482,1212
P500482,39
P500482,1464
P500482,484
P500482,590
P500482,1245
P500482,168
P500482,3972
P500482,426
P500763,1954
P500763,4341
P500763,4388
P500763,2220
P500763,794
P500763,1070
P500763,71
P500763,568
P500763,3296
P500763,6015
P500763,70
P500763,61
P500763,376
P500998,6016
P500998,6017
P500998,6018
P500998,6019
P477706,348
P477706,4
P477706,71
P477706,6020
P477706,6021
P477706,2754
P477706,747
P477706,842
P477706,1664
P477706,475
P477706,1499
P477706,244
P477706,155
P477706,156
P477706,116
P477706,49
P477706,117
P477706,72
P477706,39
P477706,93
P477706,670
P477706,167
P477706,2328
P477706,57
P477706,1127
P477706,91
P477706,549
P476686,2534
P476686,71
P476686,4
P476686,7
P476686,6022
P476686,2972
P476686,274
P476686,76
P476686,90
P476686,1254
P476686,1408
P476686,484
P476686,86
P476686,1892
P476686,304
P476686,91
P476686,57
P476686,70
P476686,441
P476686,1127
P476686,75
P476686,129
P476686,3079
P448547,1
P448547,703
P448547,4
P448547,1215
P448547,7
P448547,670
P448547,6023
P448547,88
P448547,1431
P448547,5548
P448547,520
P448547,6024
P448547,663
P448547,131
P448547,6025
P448547,91
P448547,161
P448547,8
P448547,265
P448547,57
P448547,3569
P448547,117
P448547,12
P448547,5550
P448547,20
P448547,78
P448547,93
P448547,118
P448547,5310
P448547,1168
P448547,2069
P448547,563
P448547,1181
P448547,75
P448547,70
P448547,3825
P448547,49
P448547,5552
P479947,348
P479947,71
P479947,235
P479947,4
P479947,813
P479947,297
P479947,2916
P479947,86
P479947,170
P479947,89
P479947,244
P479947,66
P479947,446
P479947,551
P479947,814
P479947,815
P479947,552
P479947,91
P479947,131
P479947,93
P479947,686
P479947,70
P479947,1459
P479947,61
P479947,75
P479947,266
P479947,6026
P406656,3739
P406656,6027
P406656,178
P406656,7
P406656,3673
P406656,170
P406656,86
P406656,4
P406656,169
P406656,181
P406656,76
P406656,74
P406656,4080
P406656,451
P406656,450
P406656,833
P406656,1505
P406656,3115
P406656,36
P406656,2129
P406656,1400
P406656,3987
P406656,3985
P406656,5632
P406656,237
P406656,3476
P406656,736
P406656,1499
P406656,840
P406656,1522
P406656,828
P406656,5633
P406656,454
P406656,158
P406656,2433
P406656,842
P406656,404
P406656,1529
P406656,401
P406656,458
P406656,5634
P406656,72
P406656,963
P406656,455
P406656,1002
P406656,527
P406656,2789
P406656,229
P406656,397
P406656,484
P406656,43
P406656,390
P406656,57
P406656,20
P406656,103
P406656,1530
P406656,225
P406656,266
P406656,310
P406656,117
P406656,8
P406656,93
P406656,6028
P501566,348
P501566,852
P501566,208
P501566,4
P501566,88
P501566,9
P501566,475
P501566,29
P501566,1783
P501566,89
P501566,86
P501566,170
P501566,748
P501566,7
P501566,8
P501566,39
P501566,78
P501566,446
P501566,1712
P501566,745
P501566,441
P501566,1713
P501566,57
P501566,131
P501566,71
P501566,1128
P501566,93
P501566,118
P501566,240
P501566,808
P501566,75
P501566,3803
P501566,4778
P501566,56
P501566,4666
P501566,426
P501566,3415
P501566,3768
P501566,6029
P501566,6030
P501566,222
P501566,3414
P501566,3545
P501566,872
P501566,1764
P505381,100
P505381,9
P505381,200
P505381,1661
P505381,831
P505381,275
P505381,278
P505381,3316
P505381,7
P505381,78
P505381,366
P505381,92
P505381,121
P505381,79
P505381,266
P505381,2569
P505381,2701
P505381,776
P505381,1128
P505381,1129
P505381,548
P505381,252
P505381,1256
P505381,1709
P505381,1623
P505381,3165
P505381,3651
P505381,272
P505381,176
P505381,3498
P432255,83
P432255,4
P432255,7
P432255,617
P432255,155
P432255,463
P432255,208
P432255,558
P432255,76
P432255,404
P432255,6031
P432255,86
P432255,553
P432255,71
P432255,89
P432255,6032
P432255,529
P432255,760
P432255,6033
P432255,6034
P432255,2371
P432255,95
P432255,2802
P432255,6035
P432255,69
P432255,20
P432255,130
P432255,131
P432255,70
P432255,291
P432255,484
P432255,467
P432255,6036
P432255,88
P432255,441
P432255,1581
P432255,756
P432255,262
P432255,93
P432255,265
P432255,74
P432255,135
P432255,546
P432255,2805
P432255,75
P432255,1355
P432255,51
P432255,266
P432255,1388
P432255,91
P432255,272
P432255,173
P432255,566
P480355,434
P480355,9
P480355,2920
P480355,1327
P480355,83
P480355,12
P480355,1307
P480355,6037
P504289,6038
P504289,297
P504289,27
P504289,1091
P504289,525
P504289,23
P504289,181
P504289,1357
P504289,24
P504289,764
P504289,3773
P504289,31
P504289,795
P504289,29
P504289,3926
P504289,32
P504289,768
P504289,70
P504289,563
P504289,568
P504289,41
P504289,772
P504289,404
P504289,1102
P504289,47
P504289,2220
P504289,20
P504289,174
P504289,175
P504289,206
P504289,177
P504289,6039
P504289,760
P504289,627
P504289,761
P504289,763
P504289,762
P504289,3024
P504289,766
P504289,2492
P504289,767
P504289,770
P504289,665
P504289,765
P504289,1969
P504289,774
P504289,131
P504289,6040
P504289,71
P504289,6041
P504289,7
P504289,51
P504289,72
P504289,390
P504289,91
P504289,272
P504289,566
P479696,6042
P479696,100
P479696,410
P479696,2976
P479696,4
P479696,7
P479696,805
P479696,106
P479696,166
P479696,161
P479696,129
P479696,131
P479696,696
P479696,563
P479696,49
P479696,2401
P479696,6043
P479696,6044
P479696,92
P479696,133
P479696,421
P479696,716
P479696,355
P479696,1109
P479696,93
P479696,91
P479696,72
P479696,246
P479696,174
P479696,272
P479696,1863
P479696,891
P479696,2414
P479696,326
P479696,2688
P479696,121
P479696,1753
P479696,6045
P479696,102
P479696,71
P479696,89
P479696,78
P479696,713
P479696,782
P479696,5972
P479696,676
P479696,275
P479696,684
P479696,876
P479696,455
P479696,649
P479696,877
P479696,878
P479696,2330
P479696,747
P479696,852
P479696,244
P479696,6046
P479696,74
P479696,1054
P479696,457
P479696,1725
P479696,1284
P479696,6047
P479696,6048
P479696,6049
P479696,33
P479696,390
P479696,4859
P479696,5248
P479696,2460
P479696,1120
P479696,842
P479696,445
P479696,57
P479696,1256
P479696,416
P479696,261
P479696,436
P479696,75
P479696,12
P479696,79
P479696,266
P479696,37
P479696,6050
P479696,1
P479696,84
P479696,1431
P479696,1164
P479696,86
P479696,170
P479696,476
P479696,527
P479696,1165
P479696,6051
P479696,2965
P479696,367
P479696,1179
P479696,6052
P479696,3141
P479696,1797
P479696,1053
P479696,411
P479696,758
P479696,1808
P479696,3675
P479696,6053
P479696,3739
P479696,1587
P479696,6054
P479696,6055
P479696,200
P479696,879
P479696,2701
P479696,6056
P479696,2459
P479696,850
P479696,546
P479696,489
P479696,2989
P479696,880
P479696,165
P479696,6057
P479696,202
P479696,893
P501264,6058
P501264,2513
P501264,4098
P501264,1788
P501264,4
P501264,879
P501264,448
P501264,531
P501264,809
P501264,743
P501264,1790
P501264,1793
P501264,453
P501264,1794
P501264,1791
P501264,1795
P501264,1796
P501264,338
P501264,340
P501264,1797
P501264,1798
P501264,1799
P501264,1792
P501264,1684
P501264,1143
P501264,422
P501264,1691
P501264,2394
P501264,449
P501264,2516
P501264,2124
P501264,454
P501264,1113
P501264,117
P501264,7
P501264,850
P501264,1667
P501264,604
P501264,828
P501264,4167
P501264,562
P501264,20
P501264,2167
P501264,133
P501264,684
P501264,4100
P501264,1007
P501264,106
P501264,390
P501264,76
P501264,266
P501264,455
P501264,72
P501264,1548
P501264,121
P501264,93
P501264,174
P501264,176
P501264,272
P501264,203
P501264,173
P501264,392
P501264,6059
P501264,1804
P501264,1134
P501264,155
P501264,1805
P501264,1136
P501264,1789
P501264,1806
P501264,1374
P501264,1481
P501264,1748
P501264,524
P501264,532
P501264,1800
P501264,1801
P501264,1412
P501264,75
P501264,1802
P501264,1803
P501264,161
P501264,202
P501264,175
P501264,79
P501264,200
P395507,100
P395507,29
P395507,7
P395507,662
P395507,24
P395507,527
P395507,2433
P395507,86
P395507,528
P395507,4
P395507,1499
P395507,2128
P395507,327
P395507,1505
P395507,999
P395507,2124
P395507,3933
P395507,534
P395507,326
P395507,2380
P395507,520
P395507,892
P395507,1370
P395507,627
P395507,6060
P395507,764
P395507,767
P395507,6061
P395507,1790
P395507,634
P395507,89
P395507,237
P395507,158
P395507,831
P395507,809
P395507,72
P395507,244
P395507,27
P395507,20
P395507,454
P395507,828
P395507,131
P395507,90
P395507,747
P395507,169
P395507,8
P395507,156
P395507,6062
P395507,390
P395507,4341
P395507,10
P395507,117
P395507,75
P395507,93
P395507,175
P395507,272
P395507,176
P395507,174
P395507,173
P395507,51
P395507,266
P395507,392
P475083,6063
P475083,348
P475083,852
P475083,4
P475083,297
P475083,71
P475083,76
P475083,853
P475083,31
P475083,854
P475083,7
P475083,446
P475083,91
P475083,855
P475083,9
P475083,10
P475083,131
P475083,8
P475083,856
P475083,857
P475083,12
P475083,90
P475083,858
P475083,554
P475083,41
P475083,859
P475083,860
P475083,57
P475083,197
P475083,77
P475083,861
P475083,6064
P475083,863
P475083,864
P475083,865
P475083,79
P475083,75
P475083,70
P475083,866
P475083,93
P475083,752
P475083,265
P475083,867
P475083,868
P475083,869
P475083,266
P475083,47
P475083,870
P475083,49
P475083,441
P475083,871
P475083,872
P475083,6065
P475083,6066
P475083,382
P475083,118
P475083,1934
P475083,88
P475083,878
P475083,527
P475083,1521
P475083,454
P475083,86
P475083,2368
P475083,812
P475083,89
P475083,6067
P475083,5044
P475083,3686
P475083,660
P475083,24
P475083,5076
P475083,129
P475083,1254
P475083,61
P475083,1116
P475083,4036
P475083,1128
P475083,4951
P475083,1533
P475083,6068
P475083,6069
P475083,1971
P475083,6070
P475083,161
P475083,6071
P475083,170
P475083,29
P475083,748
P475083,6072
P475083,6073
P475083,553
P475083,246
P475083,6074
P475083,1449
P475083,152
P475083,78
P475083,3803
P475083,6075
P475083,4440
P475083,6076
P475083,5580
P475083,6077
P502709,5769
P502709,6078
P502709,6079
P502709,2567
P502709,1346
P502709,815
P502709,4425
P502709,567
P502709,2425
P502709,2624
P502709,66
P502709,4426
P502709,9
P502709,12
P502709,2377
P502709,568
P502709,252
P502709,75
P502709,266
P502709,79
P502709,271
P502709,174
P502709,272
P502709,2378
P502709,4427
P502709,4363
P502709,6080
P502709,5678
P502709,592
P502709,106
P502709,322
P502709,112
P502709,1657
P502709,3041
P502709,883
P502709,804
P502709,3042
P502709,1090
P502709,3044
P502709,6081
P502709,6082
P502709,2375
P502709,2376
P502709,95
P502709,60
P502709,2379
P502709,177
P502709,6083
P502709,6084
P502709,274
P502709,20
P502709,5154
P502709,5155
P502709,2618
P502709,5156
P502709,1156
P502709,336
P502709,2989
P502709,455
P502709,4100
P502709,5
P502709,265
P502709,72
P502709,91
P502709,5157
P502709,376
P502709,6085
P502709,6086
P502709,2424
P502709,2426
P502709,390
P502709,173
P502709,176
P502709,2427
P502709,2428
P455229,201
P455229,7
P455229,4
P455229,2
P455229,4393
P455229,89
P455229,484
P455229,162
P455229,435
P455229,783
P455229,487
P455229,23
P455229,91
P455229,796
P455229,844
P455229,594
P455229,2660
P455229,825
P455229,488
P455229,93
P455229,131
P455229,4396
P455229,1408
P455229,74
P455229,441
P455229,1116
P455229,103
P455229,3207
P455229,790
P455229,850
P455229,4355
P455229,57
P455229,37
P455229,118
P455229,121
P455229,454
P455229,489
P455229,75
P455229,272
P455229,70
P455229,173
P455229,176
P455229,1756
P455229,1758
P455229,174
P455229,716
P455229,3768
P455229,4397
P455229,2662
P455229,4181
P455229,1176
P455229,4398
P455229,6087
P504987,1585
P504987,6088
P504987,6089
P504987,1991
P504987,66
P504987,4
P504987,1886
P504987,1248
P504987,2564
P504987,1162
P504987,2492
P504987,210
P504987,6090
P504987,6091
P504987,2869
P504987,189
P504987,190
P504987,191
P504987,196
P504987,1169
P504987,1064
P504987,627
P504987,18
P504987,195
P504987,197
P504987,1255
P504987,198
P504987,2873
P504987,9
P504987,7
P504987,5
P504987,72
P504987,83
P504987,4049
P504987,5536
P504018,6092
P504018,55
P504018,4
P504018,703
P504018,65
P504018,1512
P504018,56
P504018,57
P504018,5
P504018,75
P504018,252
P504018,1282
P504018,1583
P504018,3237
P504018,60
P504018,61
P504018,70
P504018,418
P504018,265
P504018,666
P504018,95
P504018,169
P504018,131
P504018,2858
P504018,224
P504018,2859
P504018,228
P504018,266
P504018,2860
P504018,4813
P504018,264
P504018,5861
P504018,776
P504018,78
P504018,79
P504018,366
P504018,4027
P504018,3734
P504018,365
P504018,20
P504018,72
P504018,8
P504018,1677
P504018,667
P504018,4418
P504018,4451
P504018,6093
P504018,235
P504018,90
P504018,1251
P504018,3428
P504018,520
P504018,2973
P504018,1481
P504018,2380
P504018,161
P504018,4417
P504018,116
P504018,1598
P504018,7
P504018,29
P504018,1623
P504018,4419
P481342,6094
P481342,2534
P481342,628
P481342,71
P481342,9
P481342,61
P481342,484
P481342,2061
P481342,1564
P481342,4
P481342,1893
P481342,86
P481342,352
P481342,3924
P481342,441
P481342,192
P481342,6095
P481342,5457
P481342,96
P481342,194
P481342,6096
P481342,6097
P481342,1057
P481342,6098
P481342,6099
P481342,471
P481342,6100
P481342,304
P481342,76
P481342,6101
P481342,229
P481342,776
P481342,69
P481342,6102
P481342,6103
P481342,4260
P481342,45
P481342,4261
P481342,6104
P481342,29
P481342,7
P481342,6105
P481342,235
P481342,748
P481342,88
P481342,470
P481342,6106
P481342,6107
P481342,6108
P481342,6109
P481342,1412
P481342,6110
P481342,1321
P481342,6
P481342,70
P481342,711
P482747,66
P482747,383
P482747,1162
P482747,1227
P482747,1130
P482747,72
P482747,405
P482747,88
P482747,112
P482747,3114
P482747,4
P482747,61
P482747,4110
P482747,617
P482747,1842
P482747,2272
P482747,5781
P482747,6111
P482747,83
P482747,5779
P423167,4
P423167,2
P423167,484
P423167,7
P423167,155
P423167,785
P423167,74
P423167,71
P423167,646
P423167,89
P423167,6112
P423167,842
P423167,352
P423167,657
P423167,131
P423167,4396
P423167,4353
P423167,4355
P423167,4356
P423167,1532
P423167,4357
P423167,95
P423167,6113
P423167,486
P423167,3207
P423167,171
P423167,441
P423167,118
P423167,51
P423167,488
P423167,75
P423167,783
P423167,787
P423167,70
P423167,780
P423167,1752
P423167,467
P423167,799
P474323,6114
P474323,100
P474323,4
P474323,90
P474323,6046
P474323,628
P474323,9
P474323,6115
P474323,6116
P474323,953
P474323,954
P474323,670
P474323,595
P474323,393
P474323,454
P474323,2608
P474323,1877
P474323,5254
P474323,848
P474323,1042
P474323,363
P474323,2321
P474323,3097
P474323,6117
P474323,6118
P474323,6119
P474323,987
P474323,1120
P474323,6120
P474323,943
P474323,70
P474323,1566
P474323,6121
P474323,117
P474323,1130
P474323,1659
P474323,57
P474323,169
P474323,1146
P474323,12
P474323,266
P474323,206
P474323,79
P474323,263
P474323,78
P474323,441
P474323,376
P474323,6122
P474323,627
P474323,4539
P474323,6123
P474323,6124
P474323,637
P474323,402
P474323,2967
P474323,6125
P474323,3293
P474323,4330
P474323,2380
P474323,4331
P474323,2781
P474323,1173
P474323,2090
P474323,61
P474323,1872
P474323,574
P474323,4332
P474323,13
P474323,1863
P474323,896
P474323,1124
P474323,909
P474323,762
P474323,2072
P474323,3315
P474323,175
P474323,173
P474323,176
P474323,174
P474323,177
P502047,3499
P502047,55
P502047,1934
P502047,88
P502047,1215
P502047,1790
P502047,29
P502047,646
P502047,4
P502047,748
P502047,768
P502047,61
P502047,1127
P502047,1501
P502047,398
P502047,2830
P502047,2987
P502047,1227
P502047,70
P502047,57
P502047,91
P502047,891
P502047,3500
P502047,374
P502047,3501
P502047,700
P502047,3502
P502047,12
P502047,808
P502047,568
P502047,637
P502047,75
P502047,173
P502047,174
P502047,177
P502047,3506
P502047,558
P502047,71
P502047,1725
P502047,1050
P502047,8
P502047,329
P502047,3507
P502047,3296
P502047,3279
P502047,107
P502047,78
P502047,176
P502047,3509
P502047,235
P502047,2289
P502047,1197
P502047,617
P502047,3510
P502047,527
P502047,86
P502047,1697
P502047,39
P502047,1213
P502047,206
P502047,1883
P502047,3511
P502047,391
P502047,1112
P502047,3512
P502047,185
P502047,3513
P483089,6126
P483089,100
P483089,4
P483089,525
P483089,86
P483089,617
P483089,88
P483089,662
P483089,89
P483089,5792
P483089,274
P483089,1206
P483089,2691
P483089,71
P483089,1748
P483089,1380
P483089,170
P483089,1209
P483089,527
P483089,679
P483089,90
P483089,648
P483089,1042
P483089,3721
P483089,1292
P483089,67
P483089,1695
P483089,20
P483089,331
P483089,109
P483089,70
P483089,1566
P483089,402
P483089,72
P483089,393
P483089,390
P483089,2786
P483089,1637
P483089,756
P483089,57
P483089,91
P483089,79
P483089,2326
P500464,4802
P500464,100
P500464,9
P500464,4765
P500464,19
P500464,130
P500464,4766
P500464,2753
P500464,878
P500464,4
P500464,8
P500464,546
P500464,12
P500464,72
P500464,441
P500464,70
P500464,206
P500464,39
P500464,1464
P500464,266
P500464,199
P500464,1304
P500464,489
P500464,91
P500464,78
P500464,4767
P504888,6127
P504888,1810
P504888,2
P504888,4
P504888,1364
P504888,200
P504888,89
P504888,138
P504888,5
P504888,71
P504888,140
P504888,141
P504888,1230
P504888,1231
P504888,1227
P504888,1228
P504888,554
P504888,1229
P504888,1232
P504888,1233
P504888,1234
P504888,29
P504888,161
P504888,97
P504888,158
P504888,163
P504888,289
P504888,160
P504888,164
P504888,244
P504888,90
P504888,165
P504888,152
P504888,166
P504888,167
P504888,156
P504888,1310
P504888,162
P504888,168
P504888,169
P504888,86
P504888,84
P504888,170
P504888,153
P504888,8
P504888,10
P504888,171
P504888,268
P504888,175
P504888,173
P504888,174
P504888,176
P504888,177
P504888,6128
P504888,83
P504888,302
P504888,1746
P504888,448
P504888,352
P504888,528
P504888,6129
P504888,4930
P504888,6130
P504888,88
P504888,6131
P504888,210
P504888,394
P504888,658
P504888,2626
P504888,6132
P504888,1361
P504888,6111
P504888,1868
P504888,729
P504888,730
P504888,728
P504888,2365
P504888,6133
P504888,731
P504888,110
P504888,6134
P504888,684
P504888,947
P504888,4372
P504888,1305
P504888,57
P504888,467
P504888,6135
P504888,1132
P504888,6136
P504888,9
P504888,304
P504888,455
P504888,435
P504888,252
P504888,20
P504888,19
P504888,1937
P504888,472
P504888,230
P504888,842
P504888,443
P504888,442
P504888,440
P504888,117
P504888,633
P504888,70
P504888,49
P504888,61
P504888,563
P504888,532
P504888,1938
P504888,1939
P504888,863
P504888,7
P504888,444
P504888,441
P504888,12
P504888,76
P504888,118
P504888,327
P504888,188
P504888,700
P504888,192
P504888,6137
P504888,712
P504888,713
P504888,714
P504888,715
P504888,716
P504888,717
P504888,74
P504888,24
P504888,732
P504888,733
P504888,734
P504888,735
P504888,736
P504888,6138
P504888,740
P504888,6139
P504888,308
P504888,555
P504888,6140
P504888,1423
P504888,39
P504888,1521
P504888,411
P504888,209
P504888,1320
P504888,1382
P504888,155
P504888,424
P504888,6141
P504221,6142
P504221,348
P504221,71
P504221,2677
P504221,9
P504221,660
P504221,4765
P504221,6143
P504221,5
P504221,130
P504221,6144
P504221,878
P504221,6145
P504221,6146
P504221,398
P504221,72
P504221,75
P504221,12
P504221,4
P504221,1058
P504221,19
P504221,4103
P504221,117
P504221,4338
P504221,5045
P504221,4766
P504221,76
P504221,441
P504221,70
P504221,2753
P504221,6147
P504221,2673
P504221,122
P504221,206
P504221,91
P504221,266
P504221,79
P504221,1724
P504221,6148
P504221,100
P504221,8
P504221,546
P504221,39
P504221,1464
P504221,199
P504221,1304
P504221,489
P504221,78
P504221,4767
P504411,1058
P504411,71
P504411,1241
P504411,4
P504411,716
P504411,100
P504411,913
P504411,2679
P504411,6149
P504411,471
P504053,55
P504053,4
P504053,106
P504053,102
P504053,244
P504053,7
P504053,1355
P504053,24
P504053,118
P504053,75
P504053,78
P504053,627
P504053,1690
P504053,581
P504053,1692
P504053,2623
P504053,850
P504053,475
P504053,1689
P504053,1691
P504053,568
P504053,57
P504053,313
P504053,1128
P504053,246
P504053,156
P504053,242
P504053,1449
P504053,409
P504053,169
P504053,47
P504053,266
P504053,79
P504053,70
P504053,445
P504053,4713
P504053,6150
P500256,6151
P500256,2567
P500256,1346
P500256,308
P500256,1409
P500256,9
P500256,6152
P500256,4
P500256,6153
P500256,2272
P500256,306
P500256,409
P500256,89
P500256,252
P500256,1926
P500256,1327
P500256,18
P500256,3658
P500256,1603
P500256,1658
P500256,70
P500256,47
P500256,301
P500256,91
P500256,311
P500256,1330
P500256,5
P500256,72
P500256,71
P500256,482
P500256,843
P500256,1150
P474941,6154
P474941,524
P474941,1133
P474941,4
P474941,1134
P474941,84
P474941,86
P474941,1135
P474941,684
P474941,1136
P474941,804
P474941,1137
P474941,60
P474941,453
P474941,458
P474941,20
P474941,7
P474941,76
P474941,171
P474941,91
P474941,758
P474941,464
P474941,1138
P474941,6155
P474941,200
P474941,1425
P474941,884
P474941,831
P474941,455
P474941,125
P474941,48
P474941,1808
P474941,1809
P474941,6156
P474941,1082
P474941,252
P474941,249
P474941,1083
P474941,1084
P474941,1085
P474941,1086
P474941,66
P474941,1087
P474941,809
P474941,1088
P474941,390
P474941,606
P474941,1089
P474941,72
P474941,1090
P474941,131
P474941,901
P474941,93
P474941,392
P500151,100
P500151,2256
P500151,4
P500151,76
P500151,304
P500151,5
P500151,71
P500151,72
P500151,1661
P500151,75
P500151,39
P500151,4417
P500151,6149
P500151,1229
P500151,441
P500151,250
P500151,20
P500151,4859
P500151,57
P500151,6157
P500151,1294
P423168,2
P423168,785
P423168,4
P423168,1746
P423168,1128
P423168,308
P423168,89
P423168,6158
P423168,482
P423168,74
P423168,289
P423168,804
P423168,57
P423168,131
P423168,4396
P423168,4353
P423168,657
P423168,4355
P423168,4356
P423168,1532
P423168,4357
P423168,95
P423168,6113
P423168,792
P423168,87
P423168,484
P423168,594
P423168,84
P423168,487
P423168,6159
P423168,7
P423168,8
P423168,93
P423168,118
P423168,51
P423168,668
P423168,488
P423168,783
P423168,787
P423168,70
P423168,1752
P423168,780
P423168,467
P423168,799
P502186,6160
P502186,348
P502186,89
P502186,9
P502186,457
P502186,106
P502186,1458
P502186,2458
P502186,86
P502186,155
P502186,170
P502186,568
P502186,127
P502186,49
P502186,131
P502186,18
P502186,399
P502186,20
P502186,70
P502186,2459
P502186,12
P502186,911
P502186,2460
P502186,130
P502186,244
P502186,5
P502186,7
P502186,1935
P502186,71
P502186,1284
P502186,242
P502186,84
P502186,119
P502186,152
P502186,1130
P502186,2461
P502186,51
P502186,2326
P502186,6161
P502186,100
P502186,4
P502186,1449
P502186,153
P502186,1053
P502186,2320
P502186,1415
P502186,2321
P502186,1872
P502186,19
P502186,2322
P502186,363
P502186,2323
P502186,960
P502186,1859
P502186,2324
P502186,61
P502186,2325
P502186,666
P502186,637
P502186,275
P502186,713
P502186,2264
P502186,91
P502186,1166
P502186,2219
P502186,2266
P502186,72
P502186,261
P502186,166
P502186,390
P502186,805
P502186,2268
P502186,57
P502186,6162
P502186,552
P502186,88
P502186,1431
P502186,1520
P502186,446
P502186,352
P502186,3139
P502186,880
P502186,3023
P502186,161
P502186,1926
P502186,528
P502186,165
P502186,676
P502186,291
P502186,1212
P502186,1256
P502186,75
P502186,93
P502186,527
P502186,175
P502186,272
P502186,1132
P501585,348
P501585,852
P501585,208
P501585,4
P501585,88
P501585,9
P501585,475
P501585,29
P501585,1783
P501585,89
P501585,86
P501585,170
P501585,748
P501585,7
P501585,8
P501585,39
P501585,78
P501585,446
P501585,1712
P501585,745
P501585,441
P501585,1713
P501585,57
P501585,131
P501585,71
P501585,1128
P501585,93
P501585,118
P501585,240
P501585,808
P501585,75
P501585,3803
P501585,4778
P501585,56
P501585,4666
P501585,426
P501585,3415
P501585,3768
P501585,6029
P501585,6030
P501585,222
P501585,3414
P501585,3545
P501585,872
P501585,1764
P502823,946
P502823,4
P502823,7
P502823,994
P502823,448
P502823,200
P502823,141
P502823,947
P502823,6163
P502823,70
P502823,33
P502823,56
P502823,107
P502823,2078
P502823,20
P502823,78
P502823,79
P502823,130
P502823,698
P502823,246
P502823,1935
P502823,174
P502823,445
P502823,272
P502823,122
P502823,815
P502823,72
P502823,8
P502823,6164
P502823,176
P502823,6165
P502823,69
P502823,2084
P502823,4374
P502823,75
P502823,173
P502823,204
P502823,1717
P502823,356
P502823,86
P502823,950
P504985,6166
P504985,55
P504985,4
P504985,1784
P504985,5
P504985,118
P504985,106
P504985,76
P504985,1966
P504985,1967
P504985,618
P504985,716
P504985,246
P504985,568
P504985,676
P504985,9
P504985,15
P504985,441
P504985,75
P504985,1968
P504985,131
P504985,265
P504985,130
P504985,71
P504985,312
P504985,1449
P504985,1969
P504985,317
P504985,1355
P504985,79
P504985,1243
P504985,489
P504985,1184
P504985,266
P504985,1105
P504985,355
P504985,2260
P504985,6167
P504985,264
P504985,7
P504985,90
P504985,1042
P504985,304
P504985,78
P504985,1903
P504985,235
P504985,86
P504985,767
P504985,554
P504985,102
P504985,842
P504985,1099
P504985,8
P504985,880
P504985,107
P504985,2329
P504985,89
P504985,57
P504985,20
P504985,1127
P504985,165
P504985,667
P504985,6168
P504985,1690
P504985,745
P504985,637
P504985,239
P504985,72
P504985,77
P504985,668
P504985,1256
P504985,1404
P504985,1579
P504985,70
P504985,74
P504985,644
P504985,6169
P504985,117
P504985,850
P504985,1362
P504985,711
P455915,1527
P455915,221
P455915,1457
P455915,3925
P455915,95
P455915,112
P455915,554
P455915,63
P455915,129
P455915,696
P455915,563
P455915,237
P455915,532
P455915,107
P455915,634
P455915,2395
P455915,89
P455915,1179
P455915,896
P455915,96
P455915,3782
P455915,6170
P455915,329
P455915,133
P455915,6171
P455915,1606
P455915,555
P455915,756
P455915,772
P455915,4719
P455915,106
P455915,815
P455915,8
P455915,6172
P455915,93
P455915,805
P455915,91
P455915,6173
P501886,6174
P501886,348
P501886,2525
P501886,3489
P501886,410
P501886,252
P501886,58
P501886,4
P501886,166
P501886,1717
P501886,809
P501886,4754
P501886,4755
P501886,95
P501886,1459
P501886,367
P501886,131
P501886,1583
P501886,4756
P501886,489
P501886,606
P501886,2145
P501886,7
P501886,72
P501886,79
P501886,91
P501886,446
P501886,202
P501886,1887
P501886,1555
P501886,37
P501886,464
P501886,4757
P501886,6175
P501886,104
P501886,274
P501886,106
P501886,132
P501886,5610
P501886,882
P501886,5611
P501886,3481
P501886,75
P501886,78
P501886,122
P501886,266
P501886,1138
P501886,6176
P501886,1160
P501886,4333
P501886,3677
P501886,6177
P501886,76
P501886,85
P501886,409
P501886,268
P501886,1382
P501886,155
P501886,89
P501886,1694
P501886,119
P501886,6178
P501886,66
P501886,588
P501886,12
P501886,264
P501886,15
P501886,57
P501886,103
P501886,4307
P501886,4305
P501886,4306
P501886,18
P501886,20
P501886,1808
P501886,6179
P501886,175
P501886,271
P501886,174
P501886,177
P501886,6180
P501886,102
P501886,875
P501886,107
P501886,365
P501886,905
P501886,1658
P501886,581
P501886,990
P501886,161
P501886,1802
P501886,433
P480445,5834
P480445,5196
P480445,348
P480445,102
P480445,349
P480445,107
P480445,89
P480445,84
P480445,88
P480445,78
P480445,595
P480445,4
P480445,85
P480445,842
P480445,360
P480445,70
P480445,5835
P480445,95
P480445,96
P480445,1258
P480445,398
P480445,350
P480445,57
P480445,1637
P480445,553
P480445,593
P480445,351
P480445,91
P480445,266
P480445,79
P480445,132
P480445,5836
P480445,6181
P480445,6182
P480445,83
P480445,71
P480445,86
P480445,87
P480445,29
P480445,90
P480445,72
P480445,92
P480445,93
P480445,94
P480445,97
P480445,98
P502192,6183
P502192,1594
P502192,100
P502192,249
P502192,352
P502192,383
P502192,9
P502192,102
P502192,1512
P502192,274
P502192,2700
P502192,250
P502192,78
P502192,4
P502192,95
P502192,1168
P502192,252
P502192,266
P502192,12
P502192,910
P502192,811
P502192,911
P502192,75
P502192,91
P502192,1731
P502192,6184
P502192,951
P502192,71
P502192,382
P502192,1212
P502192,484
P502192,168
P502192,555
P502192,116
P502192,96
P502192,808
P502192,292
P502192,57
P502192,1294
P503915,55
P503915,4
P503915,90
P503915,558
P503915,88
P503915,9
P503915,5
P503915,475
P503915,6185
P503915,59
P503915,6186
P503915,585
P503915,131
P503915,70
P503915,6187
P503915,748
P503915,527
P503915,352
P503915,1127
P503915,878
P503915,78
P503915,166
P503915,676
P503915,7
P503915,568
P503915,20
P503915,808
P503915,246
P503915,79
P503915,80
P504424,55
P504424,264
P504424,78
P504424,107
P504424,7
P504424,75
P504424,4
P504424,366
P504424,3142
P504424,6188
P504424,666
P504424,132
P504424,1424
P504850,6189
P504850,348
P504850,4
P504850,9
P504850,274
P504850,801
P504850,1240
P504850,72
P504850,2359
P504850,1659
P504850,20
P504850,8
P504850,676
P504850,61
P504850,70
P504850,244
P504850,6190
P504850,6191
P504850,3734
P504850,130
P504850,78
P504850,430
P504850,2370
P504850,242
P504850,568
P504850,176
P504850,272
P504850,1681
P504850,6192
P504850,7
P504850,71
P504850,671
P504850,88
P504850,748
P504850,235
P504850,672
P504850,1790
P504850,764
P504850,1237
P504850,2916
P504850,555
P504850,57
P504850,19
P504850,1288
P504850,266
P504850,6193
P504850,6194
P504850,33
P504850,6195
P504850,2433
P504850,2074
P504850,74
P504850,76
P504850,520
P504850,6196
P504850,1146
P504850,6197
P504850,131
P504850,1355
P504850,1877
P504850,374
P504850,1105
P504850,117
P504850,6198
P501153,6199
P501153,524
P501153,994
P501153,562
P501153,9
P501153,448
P501153,879
P501153,743
P501153,995
P501153,7
P501153,996
P501153,997
P501153,20
P501153,531
P501153,460
P501153,998
P501153,999
P501153,1000
P501153,1001
P501153,454
P501153,117
P501153,1002
P501153,398
P501153,90
P501153,4
P501153,1003
P501153,72
P501153,1004
P501153,1005
P501153,1006
P501153,169
P501153,1007
P501153,1008
P501153,131
P501153,8
P501153,804
P501153,135
P501153,51
P501153,57
P501153,266
P501153,93
P501153,91
P501153,465
P501153,1009
P501153,6200
P501153,89
P501153,1364
P501153,658
P501153,1134
P501153,809
P501153,1293
P501153,455
P501153,1365
P501153,1367
P501153,329
P501153,1368
P501153,469
P501153,836
P501153,835
P501153,12
P501153,133
P501153,401
P501153,6201
P501153,617
P501153,1370
P501153,155
P501153,1371
P501153,1372
P501153,1328
P501153,119
P501153,166
P501153,10
P501153,588
P501153,240
P501153,1373
P501153,1374
P501153,70
P501153,79
P501153,1331
P501153,1375
P501175,50
P501175,4
P501175,89
P501175,879
P501175,7
P501175,6202
P501175,6203
P501175,200
P501175,1784
P501175,1211
P501175,1312
P501175,5
P501175,6204
P501175,6205
P501175,1976
P501175,10
P501175,57
P501175,38
P501175,9
P501175,93
P501175,174
P501175,3732
P501175,3730
P501175,1430
P501175,2743
P501175,6206
P501175,1844
P501175,2745
P501175,67
P501175,6207
P501175,2747
P501175,91
P501175,6208
P501175,549
P483691,55
P483691,393
P483691,2013
P483691,9
P483691,88
P483691,813
P483691,2916
P483691,748
P483691,2017
P483691,2430
P483691,278
P483691,4
P483691,1662
P483691,5046
P483691,6209
P483691,2343
P483691,2629
P483691,19
P483691,20
P483691,70
P483691,1243
P483691,291
P483691,568
P483691,91
P483691,89
P483691,72
P483691,235
P483691,1725
P483691,57
P483691,402
P483691,1903
P483691,5047
P483691,1295
P483691,2512
P483691,47
P483691,202
P483691,272
P483691,204
P483691,174
P483691,79
P483691,75
P483691,173
P483691,3163
P483691,6210
P505208,6211
P505208,5774
P505208,83
P505208,308
P505208,71
P505208,1162
P505208,9
P505208,4
P505208,90
P505208,5775
P505208,1784
P505208,5776
P505208,457
P505208,88
P505208,86
P505208,1127
P505208,7
P505208,57
P505208,676
P505208,482
P505208,117
P505208,301
P505208,1598
P505208,1130
P505208,75
P505208,66
P505208,2162
P505208,265
P505208,2050
P505208,6212
P505208,2277
P505208,2278
P505208,89
P505208,535
P505208,2272
P505208,1295
P505208,1753
P505208,12
P505208,1
P505208,235
P505208,74
P505208,84
P505208,1331
P505208,1974
P505208,868
P505208,2275
P505208,132
P505208,1476
P505208,5778
P505208,5779
P505208,383
P505208,5780
P505208,72
P505208,405
P505208,112
P505208,56
P505208,61
P505208,4110
P505208,617
P505208,1842
P505208,5781
P505208,5782
P505208,2146
P480354,2462
P480354,2335
P480354,88
P480354,209
P480354,2463
P480354,2179
P480354,9
P480354,2464
P480354,6000
P480354,210
P480354,905
P480354,460
P480354,1334
P480354,110
P480354,2183
P480354,2180
P480354,2182
P480354,2181
P480354,2187
P480354,2177
P480354,56
P480354,748
P480354,6001
P480354,313
P480354,6002
P480354,1148
P480354,1149
P480354,348
P480354,430
P480354,6003
P480354,118
P480354,174
P480354,175
P480354,177
P480354,2488
P480354,1306
P480354,1305
P480354,2471
P480354,6004
P480354,885
P480354,6005
P480354,173
P480354,1132
P504464,6213
P504464,1567
P504464,4
P504464,302
P504464,90
P504464,448
P504464,913
P504464,352
P504464,914
P504464,646
P504464,6214
P504464,6215
P504464,91
P504464,6216
P504464,86
P504464,6217
P504464,2082
P504464,6218
P504464,246
P504464,84
P504464,595
P504464,93
P504464,166
P504464,8
P504464,6219
P504464,57
P504464,12
P504464,78
P504464,70
P504464,6220
P504464,924
P504464,593
P504464,6221
P504464,51
P504464,366
P504464,376
P504464,6222
P504464,382
P504464,383
P504464,9
P504464,2368
P504464,71
P504464,88
P504464,3820
P504464,291
P504464,72
P504464,117
P504464,6223
P504464,6224
P504464,3587
P500155,6225
P500155,348
P500155,107
P500155,74
P500155,633
P500155,688
P500155,88
P500155,689
P500155,291
P500155,527
P500155,91
P500155,690
P500155,86
P500155,170
P500155,366
P500155,691
P500155,200
P500155,686
P500155,692
P500155,693
P500155,13
P500155,694
P500155,266
P500155,174
P500155,272
P500155,322
P500155,532
P500155,666
P500155,695
P500155,365
P500155,696
P500155,131
P500155,697
P500155,698
P500155,699
P500155,700
P500155,701
P500155,192
P500155,702
P500155,6226
P500155,5196
P500155,349
P500155,4
P500155,78
P500155,352
P500155,402
P500155,5575
P500155,454
P500155,3423
P500155,132
P500155,286
P500155,1382
P500155,1284
P500155,265
P500155,1583
P500155,351
P500155,1661
P500155,528
P500155,334
P500155,588
P500155,57
P500155,93
P500155,12
P500155,75
P469801,4
P469801,2530
P469801,2534
P469801,7
P469801,3843
P469801,87
P469801,1717
P469801,75
P469801,268
P469801,9
P469801,91
P469801,174
P469801,355
P469801,272
P469801,173
P469801,822
P469801,3565
P469801,117
P469801,2537
P481397,524
P481397,297
P481397,4
P481397,4185
P481397,475
P481397,89
P481397,29
P481397,7
P481397,527
P481397,826
P481397,1533
P481397,20
P481397,828
P481397,422
P481397,3831
P481397,830
P481397,831
P481397,4034
P481397,131
P481397,832
P481397,835
P481397,60
P481397,836
P481397,469
P481397,449
P481397,839
P481397,840
P481397,454
P481397,1137
P481397,240
P481397,989
P481397,1402
P481397,842
P481397,12
P481397,458
P481397,72
P481397,748
P481397,133
P481397,88
P481397,1399
P481397,809
P481397,70
P481397,75
P481397,57
P481397,170
P481397,676
P481397,76
P481397,277
P481397,555
P481397,78
P481397,1256
P481397,463
P481397,121
P481397,51
P481397,93
P481397,441
P481397,79
P481397,266
P481397,374
P481397,392
P504417,1594
P504417,55
P504417,76
P504417,1660
P504417,57
P504417,78
P504417,777
P504417,4
P504417,428
P504417,749
P504417,750
P504417,1072
P504417,1000
P504417,75
P504417,441
P504417,6227
P483086,50
P483086,7
P483086,26
P483086,4078
P483086,4
P483086,746
P483086,178
P483086,767
P483086,770
P483086,88
P483086,5
P483086,86
P483086,1199
P483086,89
P483086,670
P483086,84
P483086,595
P483086,1176
P483086,9
P483086,3732
P483086,244
P483086,8
P483086,29
P483086,39
P483086,10
P483086,12
P483086,38
P483086,93
P483086,118
P483086,174
P483086,1695
P483086,5839
P483086,5840
P483086,832
P483086,20
P483086,242
P483086,156
P483086,272
P483086,1270
P483086,3467
P483086,5841
P483086,1672
P483086,2744
P483086,2747
P483086,173
P483086,3734
P483086,2745
P483086,593
P483086,2746
P483086,3735
P483086,175
P483086,176
P483086,1430
P483086,6228
P483086,471
P504882,5834
P504882,5196
P504882,348
P504882,102
P504882,349
P504882,107
P504882,89
P504882,84
P504882,88
P504882,78
P504882,595
P504882,4
P504882,85
P504882,842
P504882,360
P504882,70
P504882,94
P504882,95
P504882,96
P504882,1258
P504882,398
P504882,350
P504882,57
P504882,1637
P504882,553
P504882,593
P504882,351
P504882,91
P504882,266
P504882,79
P504882,132
P504882,5836
P504882,6229
P504882,2567
P504882,1346
P504882,9
P504882,71
P504882,74
P504882,86
P504882,87
P504882,684
P504882,92
P504882,97
P504882,430
P504882,133
P504882,357
P504882,6230
P504882,106
P504882,104
P504882,366
P504882,6231
P504882,66
P504882,122
P504882,135
P504882,376
P470538,6232
P470538,6233
P470538,6234
P470538,6235
P470538,6236
P505120,4740
P505120,100
P505120,275
P505120,49
P505120,461
P505120,4
P505120,70
P505120,691
P505120,211
P505120,850
P505120,96
P505120,540
P505120,1556
P505120,899
P505120,95
P505120,905
P505120,9
P505120,264
P505120,472
P505120,20
P505120,363
P505120,1182
P505120,1557
P505120,1558
P505120,1559
P505120,76
P505120,1130
P505120,132
P505120,686
P505120,91
P505120,79
P505120,72
P505120,1457
P505120,549
P505120,5524
P505120,208
P505120,88
P505120,209
P505120,210
P505120,212
P505120,213
P505120,214
P505120,215
P505120,216
P505120,217
P505120,218
P505120,219
P505120,220
P505120,221
P505120,222
P505120,223
P505120,224
P505120,225
P505120,226
P505120,227
P505120,228
P505120,229
P505120,230
P505120,231
P505120,232
P505120,233
P505120,234
P505120,235
P505120,236
P505120,237
P505120,238
P505120,117
P505120,7
P505120,239
P505120,240
P505120,133
P505120,241
P505120,242
P505120,8
P505120,106
P505120,156
P505120,243
P505120,244
P505120,57
P505120,245
P505120,5
P505120,246
P505120,247
P505120,39
P505120,248
P505120,4741
P505120,83
P505120,463
P505120,902
P505120,903
P505120,904
P505120,469
P505120,836
P505120,835
P505120,161
P505120,274
P505120,369
P505120,736
P505120,15
P505120,75
P503877,3967
P503877,261
P503877,9
P503877,4020
P503877,209
P503877,6237
P503877,403
P503877,304
P503877,460
P503877,2179
P503877,348
P503877,210
P503877,1658
P503877,4
P503877,848
P503877,331
P503877,428
P503877,762
P503877,6238
P503877,3226
P503877,3224
P503877,2031
P503877,90
P503877,2929
P503877,2180
P503877,2182
P503877,3970
P503877,3971
P503877,2181
P503877,3972
P503877,313
P503877,2463
P503877,776
P503877,78
P503877,75
P503877,2967
P478260,6239
P478260,201
P478260,7
P478260,4
P478260,5
P478260,6240
P478260,91
P478260,166
P478260,138
P478260,535
P478260,828
P478260,1251
P478260,634
P478260,4277
P478260,6241
P478260,1129
P478260,1671
P478260,86
P478260,61
P478260,1670
P478260,1637
P478260,221
P478260,835
P478260,756
P478260,57
P478260,1128
P478260,92
P478260,93
P478260,12
P478260,103
P478260,833
P478260,6242
P478260,6243
P478260,274
P478260,3669
P478260,1457
P478260,11
P478260,331
P478260,428
P478260,850
P478260,441
P478260,20
P478260,75
P478260,416
P478260,568
P478260,392
P478260,6244
P478260,4197
P478260,382
P478260,383
P478260,76
P478260,384
P478260,71
P478260,2264
P478260,777
P478260,2266
P478260,72
P478260,2268
P478260,815
P478260,65
P478260,6245
P478260,465
P478260,109
P478260,49
P478260,581
P478260,1808
P478260,539
P478260,1758
P478260,79
P478260,6246
P478260,266
P478260,110
P478260,2311
P478260,6132
P478260,1695
P478260,584
P478260,4930
P478260,1760
P478260,173
P478260,566
P478260,6247
P478260,9
P478260,875
P478260,1297
P478260,78
P478260,658
P478260,33
P478260,37
P478260,121
P478260,385
P478260,2729
P478260,4450
P478260,66
P478260,326
P478260,903
P478260,864
P478260,6248
P478260,6249
P478260,6250
P478260,6251
P478260,3143
P478260,2588
P478260,2384
P478260,1176
P478260,2836
P478260,3765
P478260,132
P478260,1132
P478270,6252
P478270,6253
P478270,6254
P478270,201
P478270,6255
P478270,385
P478270,568
P478270,252
P478270,4
P478270,135
P478270,6256
P478270,6257
P478270,207
P478270,2508
P478270,1184
P478270,6258
P478270,2270
P478270,6259
P478270,405
P478270,2691
P478270,70
P478270,109
P478270,762
P478270,491
P478270,1185
P478270,1355
P478270,6260
P478270,6261
P478270,6262
P478270,349
P478270,361
P478270,1748
P478270,84
P478270,885
P478270,777
P478270,750
P478270,71
P478270,351
P478270,409
P478270,1253
P478270,86
P478270,366
P478270,634
P478270,1117
P478270,529
P478270,749
P478270,1072
P478270,1554
P478270,202
P478270,176
P478270,203
P478270,272
P481993,55
P481993,4
P481993,767
P481993,1783
P481993,160
P481993,1412
P481993,527
P481993,86
P481993,170
P481993,1966
P481993,5
P481993,1967
P481993,89
P481993,756
P481993,6263
P481993,9
P481993,595
P481993,84
P481993,4202
P481993,8
P481993,246
P481993,617
P481993,850
P481993,131
P481993,1213
P481993,717
P481993,161
P481993,20
P481993,7
P481993,568
P481993,441
P481993,78
P481993,76
P481993,75
P481993,1184
P481993,18
P481993,77
P481993,74
P481993,1105
P481993,6264
P480441,2256
P480441,275
P480441,119
P480441,278
P480441,454
P480441,2155
P480441,127
P480441,106
P480441,1872
P480441,2157
P480441,96
P480441,6265
P480441,1605
P504443,1888
P504443,1889
P504443,1346
P504443,4
P504443,297
P504443,767
P504443,787
P504443,76
P504443,304
P504443,9
P504443,1606
P504443,1895
P504443,1894
P504443,1891
P504443,3721
P504443,6266
P504443,61
P504443,4289
P504443,130
P504443,70
P504443,132
P504443,879
P504443,8
P504443,595
P504443,78
P504443,93
P504443,2042
P504443,2044
P504443,2043
P504443,2045
P504443,686
P504443,79
P504443,266
P504443,91
P504443,6267
P504443,6268
P504443,207
P504443,2046
P469829,2534
P469829,628
P469829,90
P469829,4
P469829,9
P469829,5052
P469829,5053
P469829,742
P469829,6269
P469829,1851
P469829,131
P469829,2062
P469829,1746
P469829,1379
P469829,5051
P469829,3320
P469829,72
P469829,527
P469829,57
P469829,390
P469829,2793
P469829,3565
P469829,93
P469829,20
P469829,392
P505174,2530
P505174,100
P505174,4
P505174,7
P505174,261
P505174,6270
P505174,3548
P505174,6271
P505174,75
P505174,133
P505174,6272
P505174,121
P505174,5975
P505174,860
P505174,6273
P505174,850
P505174,12
P505174,20
P505174,454
P505174,455
P505174,809
P505174,684
P505174,72
P505174,1113
P505174,392
P476571,348
P476571,89
P476571,9
P476571,61
P476571,4
P476571,1596
P476571,819
P476571,5241
P476571,666
P476571,285
P476571,121
P476571,8
P476571,1795
P476571,535
P476571,57
P476571,78
P476571,91
P476571,12
P476571,174
P476571,207
P476571,177
P460622,6274
P460622,930
P460622,463
P460622,627
P460622,57
P460622,170
P460622,91
P460622,107
P460622,120
P460622,72
P460622,92
P460622,93
P460622,131
P460622,79
P460622,286
P460622,1179
P460622,6275
P460622,95
P460622,815
P460622,112
P460622,121
P460622,175
P460622,1132
P460622,6276
P460622,100
P460622,3441
P460622,3442
P460622,29
P460622,3443
P460622,954
P460622,1732
P460622,1521
P460622,660
P460622,4
P460622,1484
P460622,298
P460622,130
P460622,70
P460622,762
P460622,1365
P460622,329
P460622,340
P460622,6277
P460622,7
P460622,1182
P460622,5266
P460622,239
P460622,102
P460622,5267
P460622,169
P460622,595
P460622,250
P460622,86
P460622,84
P460622,88
P460622,117
P460622,12
P460622,78
P460622,6278
P460622,1483
P460622,75
P460622,546
P460622,3359
P460622,246
P460622,430
P460622,4136
P460622,10
P460622,1420
P460622,177
P460622,6279
P460622,83
P460622,2329
P460622,9
P460622,411
P460622,1326
P460622,454
P460622,6280
P460622,6281
P460622,233
P460622,1670
P460622,1325
P460622,342
P460622,390
P460622,1637
P460622,214
P460622,6282
P460622,1671
P460622,20
P460622,216
P460622,6283
P460622,218
P460622,6284
P460622,1766
P460622,331
P460622,221
P460622,2551
P460622,1680
P460622,445
P460622,328
P460622,266
P460622,450
P460622,2219
P460622,1390
P460622,5269
P460622,6285
P460622,138
P460622,535
P460622,2408
P460622,153
P460622,658
P460622,457
P460622,37
P460622,275
P460622,1328
P460622,2256
P460622,404
P460622,2079
P460622,322
P460622,1057
P460622,74
P460622,321
P460622,713
P460622,6286
P460622,794
P460622,730
P460622,2954
P460622,6287
P460622,2508
P460622,492
P505392,348
P505392,9
P505392,297
P505392,1725
P505392,1295
P505392,86
P505392,170
P505392,393
P505392,2256
P505392,402
P505392,4
P505392,676
P505392,527
P505392,206
P505392,428
P505392,1872
P505392,2569
P505392,730
P505392,5610
P505392,685
P505392,235
P505392,398
P505392,1128
P505392,1130
P505392,57
P505392,1129
P505392,446
P505392,76
P505392,1270
P505392,1000
P505392,72
P505392,5651
P505392,75
P505392,441
P505392,5652
P505392,78
P505392,176
P505392,272
P505392,3498
P467976,6288
P467976,2418
P467976,74
P467976,789
P467976,2419
P467976,1521
P467976,1903
P467976,2420
P467976,323
P467976,321
P467976,12
P467976,6289
P467976,6290
P467976,6291
P467976,563
P467976,157
P467976,6292
P467976,2423
P472469,66
P472469,4
P472469,2996
P472469,100
P472469,2997
P472469,2250
P472469,2998
P472469,747
P472469,2999
P472469,3000
P472469,3001
P472469,2139
P472469,1944
P472469,254
P472469,255
P472469,1385
P472469,185
P472469,20
P472469,189
P472469,190
P472469,3002
P472469,60
P472469,3003
P472469,3004
P472469,3005
P472469,2440
P472469,2439
P472469,196
P472469,191
P472469,652
P472469,195
P472469,75
P472469,72
P472469,7
P472469,265
P472469,132
P472469,5
P472469,266
P472469,79
P472469,193
P472469,745
P472469,471
P481697,100
P481697,562
P481697,4
P481697,1420
P481697,9
P481697,4458
P481697,5
P481697,1712
P481697,7
P481697,1399
P481697,161
P481697,745
P481697,107
P481697,18
P481697,20
P481697,2062
P481697,554
P481697,13
P481697,373
P481697,889
P481697,4461
P481697,422
P481697,3852
P481697,652
P481697,3955
P481697,1317
P481697,703
P481697,616
P481697,1863
P481697,2681
P481697,6293
P481697,2415
P481697,6294
P481697,6295
P481697,6296
P481697,418
P481697,76
P481697,133
P481697,1713
P481697,1128
P481697,1709
P481697,460
P481697,2298
P481697,878
P481697,313
P481697,240
P481697,241
P481697,808
P481697,230
P481697,223
P481697,225
P481697,1395
P481697,2069
P481697,806
P481697,231
P481697,224
P481697,229
P481697,57
P481697,263
P481697,106
P481697,242
P481697,75
P481697,78
P481697,244
P481697,911
P481697,546
P481697,79
P481697,266
P481697,174
P481697,177
P460856,55
P460856,7
P460856,4
P460856,58
P460856,5
P460856,745
P460856,117
P460856,756
P460856,469
P460856,4372
P460856,568
P460856,57
P460856,1305
P460856,4373
P460856,60
P460856,1908
P460856,2378
P460856,2379
P460856,266
P460856,79
P460856,4363
P467971,55
P467971,683
P467971,4
P467971,71
P467971,682
P467971,301
P467971,1734
P467971,2013
P467971,704
P467971,842
P467971,617
P467971,1712
P467971,74
P467971,252
P467971,1713
P467971,235
P467971,6297
P467971,9
P467971,206
P467971,745
P467971,2237
P467971,1128
P467971,3314
P467971,6298
P467971,311
P467971,20
P467971,843
P467971,808
P467971,6299
P467971,4968
P467971,1784
P467971,70
P467971,376
P475190,348
P475190,9
P475190,66
P475190,1886
P475190,1128
P475190,1544
P475190,1449
P475190,1453
P475190,4
P475190,469
P475190,836
P475190,454
P475190,835
P475190,107
P475190,18
P475190,559
P475190,6300
P475190,1603
P475190,240
P475190,393
P475190,133
P475190,120
P475190,675
P475190,402
P475190,57
P475190,12
P475190,79
P475190,266
P475190,252
P475190,75
P475190,91
P475190,70
P475190,2085
P475190,6301
P475190,2368
P475190,6302
P475190,6303
P454102,100
P454102,274
P454102,297
P454102,275
P454102,2701
P454102,89
P454102,9
P454102,76
P454102,1052
P454102,2555
P454102,86
P454102,1295
P454102,527
P454102,29
P454102,75
P454102,5065
P454102,6304
P454102,126
P454102,6305
P454102,6306
P454102,90
P454102,2836
P454102,91
P454102,170
P454102,131
P454102,676
P454102,2246
P454102,291
P454102,1637
P454102,74
P454102,744
P454102,152
P454102,235
P454102,244
P454102,342
P454102,430
P454102,1905
P454102,266
P454102,79
P454102,156
P454102,106
P454102,1256
P454102,71
P454102,72
P454102,390
P454102,4661
P480461,100
P480461,7
P480461,4
P480461,684
P480461,876
P480461,455
P480461,649
P480461,877
P480461,878
P480461,960
P480461,4604
P480461,1908
P480461,284
P480461,127
P480461,696
P480461,61
P480461,20
P480461,745
P480461,70
P480461,1158
P480461,117
P480461,57
P480461,5
P480461,756
P480461,165
P480461,4373
P480461,106
P480461,633
P480461,132
P480461,51
P480461,75
P480461,426
P480461,6307
P504045,348
P504045,628
P504045,71
P504045,1162
P504045,306
P504045,74
P504045,3126
P504045,155
P504045,4
P504045,588
P504045,6090
P504045,1598
P504045,3127
P504045,9
P504045,1872
P504045,12
P504045,308
P504045,252
P504045,70
P504045,311
P504045,95
P504045,843
P504045,6308
P504045,6309
P504045,1179
P504045,1749
P504045,15
P504045,6310
P475951,100
P475951,9
P475951,4
P475951,200
P475951,5
P475951,455
P475951,274
P475951,878
P475951,428
P475951,2209
P475951,209
P475951,169
P475951,210
P475951,166
P475951,1404
P475951,7
P475951,90
P475951,161
P475951,92
P475951,244
P475951,10
P475951,2769
P475951,12
P475951,93
P475951,268
P475951,850
P475951,95
P475951,20
P475951,18
P475951,811
P475951,858
P475951,742
P475951,242
P475951,441
P475951,75
P475951,272
P475951,174
P475951,4932
P475951,809
P475951,107
P475951,2221
P475951,278
P475951,4933
P475951,3822
P475951,19
P475951,472
P475951,72
P475951,4853
P415773,3150
P415773,3151
P415773,89
P415773,1162
P415773,3152
P415773,85
P415773,297
P415773,2788
P415773,552
P415773,1364
P415773,7
P415773,1694
P415773,786
P415773,74
P415773,462
P415773,1507
P415773,3153
P415773,3086
P415773,72
P415773,3154
P415773,443
P415773,482
P415773,3088
P415773,1598
P415773,321
P415773,2
P415773,91
P415773,1331
P415773,6311
P501199,1745
P501199,9
P501199,4
P501199,7
P501199,2
P501199,455
P501199,435
P501199,6312
P501199,744
P501199,4355
P501199,884
P501199,131
P501199,1408
P501199,4489
P501199,1759
P501199,6313
P501199,3393
P501199,89
P501199,8
P501199,2729
P501199,118
P501199,103
P501199,6314
P501199,3207
P501199,825
P501199,93
P501199,488
P501199,489
P501199,1449
P501199,445
P501199,70
P501199,91
P501199,1753
P501199,1476
P472052,20
P472052,668
P472052,4
P472052,455
P472052,274
P472052,9
P472052,2911
P472052,7
P472052,2701
P472052,1556
P472052,776
P472052,6315
P472052,6316
P472052,2705
P472052,1179
P472052,5
P472052,72
P472052,549
P467120,83
P467120,4
P467120,410
P467120,56
P467120,9
P467120,846
P467120,847
P467120,249
P467120,3742
P467120,7
P467120,3569
P467120,363
P467120,1123
P467120,95
P467120,2254
P467120,450
P467120,634
P467120,2253
P467120,671
P467120,1070
P467120,1249
P467120,672
P467120,1766
P467120,6317
P467120,6318
P467120,1717
P467120,468
P467120,252
P467120,848
P467120,470
P467120,366
P467120,274
P467120,33
P467120,90
P467120,445
P467120,3825
P467120,910
P467120,811
P467120,911
P467120,2255
P467120,78
P467120,79
P467120,91
P467120,266
P467120,467
P467120,37
P467120,3904
P453928,100
P453928,4
P453928,7
P453928,1726
P453928,275
P453928,6319
P453928,2535
P453928,127
P453928,3454
P453928,684
P453928,876
P453928,455
P453928,649
P453928,877
P453928,878
P453928,1657
P453928,960
P453928,1317
P453928,1484
P453928,117
P453928,1312
P453928,390
P453928,6320
P453928,6321
P453928,71
P453928,6322
P453928,57
P453928,2836
P453928,562
P453928,8
P453928,1912
P453928,74
P453928,78
P453928,246
P453928,91
P453928,121
P453928,37
P453928,1449
P453928,465
P453928,1009
P475124,100
P475124,833
P475124,90
P475124,7
P475124,4
P475124,767
P475124,525
P475124,289
P475124,169
P475124,1790
P475124,1793
P475124,453
P475124,1794
P475124,1791
P475124,1795
P475124,1796
P475124,338
P475124,340
P475124,1797
P475124,1798
P475124,1799
P475124,1792
P475124,1317
P475124,63
P475124,2920
P475124,422
P475124,634
P475124,3476
P475124,828
P475124,1684
P475124,460
P475124,20
P475124,1499
P475124,454
P475124,840
P475124,2353
P475124,1505
P475124,1366
P475124,131
P475124,455
P475124,850
P475124,71
P475124,463
P475124,676
P475124,747
P475124,809
P475124,89
P475124,57
P475124,200
P475124,1256
P475124,121
P475124,272
P475124,203
P475124,173
P475124,176
P475124,174
P475124,93
P475124,51
P475124,266
P475124,392
P470227,4
P470227,74
P470227,100
P470227,102
P470227,9
P470227,78
P470227,76
P470227,6323
P470227,107
P470227,2777
P470227,3835
P470227,835
P470227,366
P470227,747
P470227,49
P470227,2330
P470227,684
P470227,876
P470227,455
P470227,649
P470227,877
P470227,878
P470227,3156
P470227,265
P470227,129
P470227,676
P470227,3942
P470227,323
P470227,387
P470227,660
P470227,1254
P470227,24
P470227,61
P470227,312
P470227,166
P470227,842
P470227,57
P470227,3103
P470227,3104
P470227,436
P470227,91
P470227,174
P470227,121
P470227,6324
P470227,6325
P470227,471
P415202,348
P415202,89
P415202,9
P415202,275
P415202,2836
P415202,4
P415202,457
P415202,463
P415202,7
P415202,153
P415202,455
P415202,878
P415202,19
P415202,20
P415202,2825
P415202,1709
P415202,6048
P415202,3034
P415202,3033
P415202,652
P415202,960
P415202,66
P415202,130
P415202,2219
P415202,91
P415202,713
P415202,6046
P415202,261
P415202,446
P415202,12
P415202,93
P415202,264
P415202,202
P415202,75
P415202,272
P415202,79
P415202,72
P415202,390
P415202,176
P415202,1681
P504042,100
P504042,4
P504042,2
P504042,5
P504042,161
P504042,26
P504042,208
P504042,878
P504042,1364
P504042,97
P504042,1127
P504042,1254
P504042,92
P504042,12
P504042,158
P504042,534
P504042,634
P504042,13
P504042,88
P504042,484
P504042,166
P504042,169
P504042,10
P504042,87
P504042,820
P504042,430
P504042,70
P504042,1009
P482681,404
P482681,181
P482681,179
P482681,1614
P482681,91
P482681,1478
P482681,1615
P482681,72
P482681,70
P482681,446
P482681,559
P482681,563
P482681,106
P482681,880
P482681,97
P482681,165
P482681,348
P482681,376
P501178,1745
P501178,4
P501178,90
P501178,7
P501178,200
P501178,133
P501178,455
P501178,6312
P501178,252
P501178,764
P501178,4355
P501178,774
P501178,483
P501178,6326
P501178,131
P501178,57
P501178,322
P501178,4489
P501178,1759
P501178,820
P501178,6313
P501178,1790
P501178,559
P501178,6327
P501178,118
P501178,441
P501178,70
P501178,488
P501178,2
P501178,355
P501178,489
P501178,75
P501178,174
P501178,1863
P501178,272
P501178,61
P501178,91
P501178,1294
P173652,1
P173652,4
P173652,7
P173652,308
P173652,155
P173652,89
P173652,178
P173652,1746
P173652,311
P173652,442
P173652,164
P173652,4420
P173652,91
P173652,780
P173652,1752
P173652,657
P173652,441
P173652,121
P173652,171
P173652,131
P173652,292
P173652,736
P173652,75
P173652,488
P173652,207
P173652,1572
P173652,1595
P173652,271
P173652,272
P173652,174
P173652,1275
P173652,173
P173652,176
P173652,479
P173652,543
P173652,1753
P173652,797
P173652,1331
P173652,471
P447596,6328
P474822,100
P474822,249
P474822,102
P474822,4
P474822,796
P444970,83
P444970,71
P444970,5972
P444970,102
P444970,627
P444970,771
P444970,4
P444970,78
P444970,4309
P444970,107
P444970,109
P444970,2701
P444970,366
P444970,20
P444970,398
P444970,131
P444970,198
P444970,189
P444970,190
P444970,1062
P444970,193
P444970,195
P444970,196
P444970,197
P444970,191
P444970,185
P444970,684
P444970,876
P444970,455
P444970,649
P444970,877
P444970,878
P444970,1130
P444970,9
P444970,6329
P446909,83
P446909,6330
P446909,6331
P446909,404
P446909,71
P446909,1484
P446909,1019
P446909,4
P446909,677
P446909,33
P446909,9
P446909,311
P446909,264
P446909,3324
P446909,6332
P446909,1598
P446909,252
P446909,1481
P446909,807
P446909,4226
P446909,70
P446909,1070
P446909,79
P446909,1753
P446909,6020
P446909,6333
P446909,37
P446909,6334
P446909,1331
P446909,1603
P446909,74
P446909,6335
P472810,100
P472810,4
P472810,235
P472810,4458
P472810,274
P472810,7
P472810,328
P472810,3483
P472810,4804
P472810,1817
P472810,745
P472810,617
P472810,6336
P472810,635
P472810,6337
P472810,6338
P472810,3794
P472810,657
P472810,6339
P472810,6340
P472810,6341
P472810,4104
P472810,2719
P472810,2688
P472810,61
P472810,1656
P472810,192
P472810,2415
P472810,700
P472810,1126
P472810,6342
P472810,416
P472810,1351
P472810,6343
P472810,5457
P472810,383
P472810,6344
P472810,1851
P472810,70
P472810,1275
P472810,3795
P472810,75
P472810,1117
P472810,79
P472810,266
P472810,173
P472810,176
P472810,204
P472810,272
P472810,1132
P466114,348
P466114,7
P466114,4
P466114,1238
P466114,1239
P466114,90
P466114,131
P466114,801
P466114,3484
P466114,3485
P466114,555
P466114,676
P466114,72
P466114,244
P466114,19
P466114,374
P466114,18
P466114,130
P466114,78
P466114,2805
P466114,430
P466114,5828
P466114,265
P466114,3734
P466114,568
P466114,272
P466114,174
P466114,5829
P482325,1160
P482325,4333
P482325,612
P482325,6345
P482325,83
P482325,118
P482325,85
P482325,9
P482325,89
P482325,4
P482325,6140
P482325,265
P482325,317
P482325,745
P482325,166
P482325,5
P482325,72
P482325,679
P482325,756
P482325,878
P482325,1309
P482325,868
P482325,4027
P482325,272
P482325,95
P482325,6346
P482325,1554
P482325,39
P482325,1464
P482325,681
P482325,835
P482325,637
P482325,1229
P482325,2624
P482325,6347
P456571,100
P456571,102
P456571,4
P456571,71
P456571,89
P456571,78
P456571,713
P456571,782
P456571,5972
P456571,676
P456571,275
P456571,49
P456571,684
P456571,876
P456571,455
P456571,649
P456571,877
P456571,878
P456571,2330
P456571,747
P456571,852
P456571,244
P456571,6046
P456571,74
P456571,1054
P456571,457
P456571,1725
P456571,1284
P456571,6047
P456571,6048
P456571,6049
P456571,7
P456571,33
P456571,390
P456571,4859
P456571,5248
P456571,131
P456571,2460
P456571,1120
P456571,842
P456571,445
P456571,57
P456571,1256
P456571,416
P456571,261
P456571,436
P456571,75
P456571,72
P456571,91
P456571,12
P456571,79
P456571,266
P456571,1476
P417980,1
P417980,89
P417980,85
P417980,4
P417980,1725
P417980,71
P417980,5972
P417980,1251
P417980,131
P417980,2245
P417980,1598
P417980,153
P417980,658
P417980,554
P417980,5193
P417980,696
P417980,49
P417980,398
P417980,73
P417980,684
P417980,876
P417980,455
P417980,649
P417980,877
P417980,878
P417980,710
P417980,2390
P417980,74
P417980,2017
P417980,809
P417980,76
P417980,7
P417980,443
P417980,786
P417980,2849
P417980,1412
P417980,2851
P417980,1328
P417980,321
P417980,5082
P417980,1116
P417980,12
P417980,91
P417980,845
P500756,2567
P500756,1346
P500756,742
P500756,90
P500756,441
P500756,131
P500756,360
P500756,94
P500756,95
P500756,96
P500756,4
P500756,3324
P500756,57
P500756,1017
P500756,91
P500756,75
P500756,79
P500756,266
P500756,78
P500756,357
P475135,100
P475135,102
P475135,4
P475135,71
P475135,89
P475135,78
P475135,713
P475135,782
P475135,5972
P475135,676
P475135,275
P475135,49
P475135,684
P475135,876
P475135,455
P475135,649
P475135,877
P475135,878
P475135,2330
P475135,747
P475135,852
P475135,244
P475135,6046
P475135,74
P475135,1054
P475135,457
P475135,1725
P475135,1284
P475135,6047
P475135,6048
P475135,6049
P475135,7
P475135,33
P475135,390
P475135,4859
P475135,5248
P475135,131
P475135,2460
P475135,1120
P475135,842
P475135,445
P475135,57
P475135,1256
P475135,416
P475135,261
P475135,436
P475135,75
P475135,72
P475135,91
P475135,12
P475135,79
P475135,266
P475135,1476
P457695,5992
P457695,4
P457695,2755
P457695,160
P457695,235
P457695,2916
P457695,88
P457695,71
P457695,3023
P457695,9
P457695,29
P457695,76
P457695,1238
P457695,86
P457695,89
P457695,97
P457695,5998
P457695,5999
P457695,2255
P457695,395
P457695,1766
P457695,5993
P457695,396
P457695,158
P457695,95
P457695,1143
P457695,363
P457695,2965
P457695,1999
P457695,398
P457695,1048
P457695,2966
P457695,61
P457695,130
P457695,626
P457695,242
P457695,84
P457695,2001
P457695,70
P457695,637
P457695,685
P457695,2254
P457695,805
P457695,2390
P457695,5
P457695,528
P457695,244
P457695,7
P457695,4614
P457695,155
P457695,457
P457695,291
P457695,403
P457695,1130
P457695,57
P457695,156
P457695,15
P457695,8
P457695,75
P457695,91
P457695,79
P457695,80
P465741,83
P465741,4
P465741,1117
P465741,88
P465741,4862
P465741,87
P465741,61
P465741,4863
P465741,4864
P465741,4865
P465741,57
P465741,470
P465741,342
P465741,430
P465741,2700
P465741,1556
P465741,20
P465741,557
P465741,1282
P465741,808
P465741,4437
P465741,4866
P465741,3050
P465741,4130
P465741,112
P465741,2624
P465741,1112
P465741,189
P465741,185
P465741,835
P465741,691
P465741,4867
P465741,206
P465741,675
P465741,4868
P465741,266
P465741,107
P465741,102
P465741,1660
P465741,583
P465741,75
P465741,749
P465741,750
P465741,1072
P465741,4869
P465741,109
P465741,261
P465741,468
P465741,1603
P465741,71
P465741,2543
P465741,1353
P465741,64
P465741,543
P465741,862
P465741,2149
P465741,4870
P465741,118
P465741,4871
P465741,245
P465741,117
P465741,4872
P470065,348
P470065,382
P470065,352
P470065,9
P470065,4
P470065,86
P470065,274
P470065,364
P470065,5603
P470065,527
P470065,411
P470065,5604
P470065,5605
P470065,5606
P470065,366
P470065,5607
P470065,2801
P470065,92
P470065,405
P470065,5608
P470065,66
P470065,993
P470065,209
P470065,210
P470065,5609
P470065,107
P470065,394
P470065,1130
P470065,385
P470065,441
P470065,5
P470065,91
P470065,1119
P470065,74
P470065,79
P470065,266
P470065,265
P470065,2426
P447778,1
P447778,90
P447778,4
P447778,9
P447778,6348
P447778,208
P447778,1872
P447778,91
P447778,6349
P447778,244
P447778,8
P447778,78
P447778,12
P447778,1127
P447778,156
P447778,776
P447778,669
P447778,242
P447778,471
P469088,201
P469088,56
P469088,4
P469088,7
P469088,57
P469088,91
P469088,206
P469088,66
P469088,71
P469088,4760
P469088,96
P469088,3444
P469088,1916
P469088,93
P469088,61
P469088,703
P469088,391
P469088,1120
P469088,80
P478029,201
P478029,56
P478029,4
P478029,7
P478029,57
P478029,91
P478029,206
P478029,66
P478029,71
P478029,4760
P478029,96
P478029,3444
P478029,1916
P478029,93
P478029,61
P478029,703
P478029,391
P478029,1120
P478029,80
P433456,83
P433456,7
P433456,747
P433456,1295
P433456,131
P433456,6350
P433456,170
P433456,2355
P433456,1556
P433456,29
P433456,484
P433456,1364
P433456,4
P433456,8
P433456,3718
P433456,153
P433456,2371
P433456,169
P433456,2671
P433456,454
P433456,20
P433456,128
P433456,12
P433456,90
P433456,2664
P433456,2063
P433456,1325
P433456,285
P433456,634
P433456,191
P433456,1326
P433456,706
P433456,85
P433456,235
P433456,71
P433456,1007
P433456,78
P433456,1852
P433456,1637
P433456,33
P433456,79
P433456,266
P433456,392
P503814,100
P503814,90
P503814,4
P503814,1238
P503814,9
P503814,275
P503814,244
P503814,745
P503814,1415
P503814,127
P503814,61
P503814,637
P503814,700
P503814,334
P503814,819
P503814,4461
P503814,363
P503814,987
P503814,2681
P503814,2415
P503814,6351
P503814,70
P503814,1270
P503814,72
P503814,51
P503814,97
P503814,71
P503814,1148
P503814,5
P503814,12
P503814,156
P503814,263
P503814,1590
P503814,106
P503814,242
P503814,461
P503814,1930
P503814,78
P503814,75
P503814,676
P503814,79
P503814,206
P503814,177
P400204,627
P400204,6352
P400204,767
P400204,680
P400204,128
P400204,1883
P400204,70
P400204,2084
P400204,6353
P458917,2335
P458917,1412
P458917,761
P458917,4
P458917,348
P458917,88
P458917,2013
P458917,304
P458917,313
P458917,2384
P458917,6007
P458917,20
P458917,428
P458917,2471
P458917,2183
P458917,2180
P458917,2182
P458917,2181
P458917,2187
P458917,1334
P458917,2177
P458917,1181
P458917,6014
P458917,1212
P458917,39
P458917,430
P458917,885
P458917,1464
P458917,748
P458917,484
P458917,590
P458917,1245
P458917,168
P458917,75
P458917,441
P458917,3972
P458917,426
P458917,118
P458917,174
P458917,175
P458917,173
P458917,177
P445833,83
P445833,274
P445833,7
P445833,165
P445833,366
P445833,6354
P445833,1892
P445833,2072
P445833,776
P445833,3124
P445833,3123
P445833,192
P445833,327
P445833,890
P445833,700
P445833,322
P445833,6355
P445833,910
P445833,4
P445833,811
P445833,911
P445833,72
P445833,12
P445833,57
P445833,6356
P445833,6357
P445833,6358
P445833,174
P445833,272
P445833,176
P445833,173
P445833,392
P479903,627
P479903,6352
P479903,767
P479903,680
P479903,128
P479903,1883
P479903,70
P479903,2084
P479903,6353
P407444,61
P407444,45
P407444,6359
P407444,405
P407444,1057
P407444,4140
P407444,1686
P407444,634
P407444,385
P407444,382
P407444,1730
P407444,174
P481833,50
P481833,4
P481833,90
P481833,7
P481833,138
P481833,455
P481833,767
P481833,86
P481833,5979
P481833,4078
P481833,302
P481833,528
P481833,2741
P481833,61
P481833,617
P481833,84
P481833,9
P481833,170
P481833,595
P481833,3730
P481833,1199
P481833,1387
P481833,633
P481833,1478
P481833,1507
P481833,91
P481833,3234
P481833,88
P481833,89
P481833,770
P481833,1242
P481833,815
P481833,1284
P481833,831
P481833,1113
P481833,1358
P481833,67
P481833,70
P481833,3731
P481833,42
P481833,3973
P481833,5
P481833,1001
P481833,366
P481833,152
P481833,6360
P481833,118
P481833,520
P481833,38
P481833,12
P481833,6361
P481833,2426
P481833,2408
P481833,6362
P481833,106
P481833,242
P481833,1270
P481833,93
P481833,127
P481833,6363
P481833,811
P481833,401
P481833,20
P481833,1315
P481833,6364
P481833,252
P481833,563
P481833,353
P481833,3732
P481833,593
P481833,2746
P481833,1572
P481833,174
P481833,169
P481833,2744
P481833,2747
P481833,51
P481833,272
P481833,3733
P481833,207
P481833,271
P481833,3734
P481833,2745
P481833,3735
P481833,694
P481833,1430
P481833,1402
P481833,6228
P481833,72
P481833,3736
P481833,3737
P481833,47
P481833,828
P481833,78
P481833,3738
P474075,377
P474075,1
P474075,89
P474075,104
P474075,76
P474075,4
P474075,71
P474075,9
P474075,5070
P474075,7
P474075,102
P474075,2535
P474075,92
P474075,1797
P474075,189
P474075,753
P474075,190
P474075,191
P474075,684
P474075,876
P474075,195
P474075,61
P474075,196
P474075,1064
P474075,627
P474075,197
P474075,1255
P474075,198
P474075,51
P474075,878
P474075,649
P474075,877
P474075,455
P474075,1109
P474075,122
P474075,121
P474075,266
P474075,93
P474075,78
P474075,392
P504001,100
P504001,2
P504001,878
P504001,9
P504001,200
P504001,4372
P504001,4
P504001,5
P504001,161
P504001,76
P504001,1241
P504001,1305
P504001,162
P504001,4696
P504001,3843
P504001,97
P504001,4319
P504001,12
P504001,20
P504001,1169
P504001,700
P504001,634
P504001,13
P504001,5956
P504001,169
P504001,166
P504001,10
P504001,8
P504001,1211
P504001,86
P504001,811
P504001,820
P504001,173
P504001,93
P504001,1009
P501288,100
P501288,208
P501288,4
P501288,1725
P501288,742
P501288,475
P501288,244
P501288,1212
P501288,2429
P501288,88
P501288,7
P501288,563
P501288,131
P501288,2299
P501288,363
P501288,209
P501288,210
P501288,987
P501288,5
P501288,5577
P501288,484
P501288,9
P501288,169
P501288,441
P501288,70
P501288,527
P501288,29
P501288,168
P501288,72
P501288,489
P501288,12
P501288,390
P501288,430
P501288,242
P501288,18
P501288,637
P501288,75
P501288,2989
P501288,6365
P501288,828
P501288,392
P504064,100
P504064,4
P504064,71
P504064,2
P504064,29
P504064,1237
P504064,5
P504064,527
P504064,1746
P504064,86
P504064,484
P504064,161
P504064,76
P504064,746
P504064,58
P504064,1251
P504064,6366
P504064,1169
P504064,6367
P504064,6368
P504064,634
P504064,13
P504064,12
P504064,2916
P504064,1817
P504064,6369
P504064,878
P504064,1127
P504064,811
P504064,820
P504064,173
P504064,93
P504064,70
P504064,1009
P483138,55
P483138,264
P483138,9
P483138,7
P483138,76
P483138,200
P483138,74
P483138,78
P483138,463
P483138,660
P483138,39
P483138,366
P483138,57
P483138,117
P483138,3569
P483138,79
P483138,430
P483138,61
P483138,637
P483138,1256
P483138,3825
P483138,3826
P503651,348
P503651,4
P503651,764
P503651,29
P503651,85
P503651,208
P503651,107
P503651,88
P503651,102
P503651,86
P503651,103
P503651,9
P503651,161
P503651,75
P503651,1940
P503651,5788
P503651,70
P503651,131
P503651,1872
P503651,237
P503651,238
P503651,1392
P503651,112
P503651,198
P503651,1896
P503651,96
P503651,5789
P503651,778
P503651,750
P503651,1684
P503651,1686
P503651,889
P503651,527
P503651,588
P503651,132
P503651,748
P503651,430
P503651,808
P503651,1382
P503651,1462
P503651,1637
P503651,47
P503651,745
P503651,57
P503651,89
P503651,156
P503651,119
P503651,2246
P503651,155
P503651,91
P503651,317
P503651,12
P503651,1687
P503651,1102
P503651,174
P503651,272
P503651,1235
P436353,83
P436353,4
P436353,7
P436353,988
P436353,65
P436353,438
P436353,1362
P436353,69
P436353,20
P436353,164
P436353,880
P436353,165
P436353,441
P436353,57
P436353,75
P436353,51
P436353,568
P436353,91
P436353,173
P436353,566
P467750,348
P467750,235
P467750,71
P467750,7
P467750,4078
P467750,4
P467750,1237
P467750,88
P467750,954
P467750,358
P467750,764
P467750,801
P467750,748
P467750,1355
P467750,169
P467750,595
P467750,555
P467750,33
P467750,72
P467750,676
P467750,206
P467750,70
P467750,61
P467750,57
P467750,19
P467750,117
P467750,130
P467750,430
P467750,2805
P467750,18
P467750,391
P467750,74
P467750,5828
P467750,265
P467750,445
P467750,78
P467750,3734
P467750,75
P467750,568
P467750,272
P467750,174
P467750,5833
P472021,83
P472021,4
P472021,61
P472021,29
P472021,7
P472021,6370
P472021,76
P472021,484
P472021,235
P472021,86
P472021,1893
P472021,748
P472021,88
P472021,304
P472021,352
P472021,470
P472021,441
P472021,110
P472021,6108
P472021,776
P472021,471
P453929,100
P453929,6371
P453929,274
P453929,9
P453929,71
P453929,167
P453929,153
P453929,89
P453929,527
P453929,86
P453929,6372
P453929,1484
P453929,127
P453929,2535
P453929,6046
P453929,20
P453929,230
P453929,1238
P453929,960
P453929,131
P453929,6373
P453929,684
P453929,876
P453929,455
P453929,649
P453929,877
P453929,878
P453929,4
P453929,6374
P453929,2328
P453929,6375
P453929,76
P453929,669
P453929,667
P453929,72
P453929,3454
P453929,117
P453929,679
P453929,199
P453929,678
P453929,2246
P453929,1462
P453929,1637
P453929,6376
P453929,91
P453929,12
P453929,6377
P453929,93
P453929,78
P453929,390
P453929,2145
P453929,463
P453929,464
P453929,465
P453929,1572
P453929,173
P453929,893
P388200,85
P388200,404
P388200,71
P388200,4
P388200,1
P388200,2679
P388200,634
P388200,520
P388200,1891
P388200,2544
P388200,703
P388200,2629
P388200,696
P388200,131
P388200,72
P388200,246
P388200,91
P388200,121
P388200,207
P388200,6378
P503642,100
P503642,90
P503642,4
P503642,71
P503642,1144
P503642,209
P503642,210
P503642,747
P503642,6379
P503642,70
P503642,87
P503642,1361
P503642,244
P503642,132
P503642,527
P503642,1363
P503642,57
P503642,12
P503642,776
P503642,1795
P503642,91
P503642,75
P503642,78
P503642,173
P503642,4791
P475181,348
P475181,9
P475181,66
P475181,1886
P475181,1128
P475181,1544
P475181,1449
P475181,1453
P475181,4
P475181,454
P475181,469
P475181,836
P475181,835
P475181,18
P475181,6380
P475181,70
P475181,133
P475181,6381
P475181,120
P475181,675
P475181,402
P475181,57
P475181,240
P475181,445
P475181,252
P475181,12
P475181,91
P475181,79
P475181,266
P475181,37
P475181,1887
P475181,1009
P467647,61
P467647,417
P467647,4
P467647,706
P467647,55
P467647,179
P467647,2889
P467647,235
P467647,72
P467647,410
P467647,2361
P467647,992
P467647,568
P467647,252
P467647,1000
P467647,1905
P467647,70
P467647,79
P467647,426
P467647,422
P467647,71
P467647,416
P467647,428
P467647,75
P467647,2428
P475629,100
P475629,7
P475629,235
P475629,88
P475629,76
P475629,163
P475629,274
P475629,4
P475629,5
P475629,86
P475629,5729
P475629,222
P475629,221
P475629,331
P475629,339
P475629,2362
P475629,5730
P475629,20
P475629,29
P475629,1251
P475629,67
P475629,131
P475629,132
P475629,815
P475629,72
P475629,12
P475629,850
P475629,1209
P475629,1893
P475629,1387
P475629,352
P475629,484
P475629,1284
P475629,169
P475629,106
P475629,57
P475629,242
P475629,8
P475629,79
P475629,266
P475629,170
P475629,89
P475629,268
P475629,207
P475629,5731
P479732,90
P479732,71
P479732,76
P479732,366
P479732,4341
P479732,4614
P479732,2573
P479732,91
P479732,279
P416923,5596
P416923,61
P416923,84
P416923,4
P416923,86
P416923,527
P416923,1467
P416923,117
P416923,259
P416923,472
P416923,260
P416923,91
P416923,546
P416923,266
P416923,5597
P416923,5598
P416923,5599
P416923,3970
P416923,5600
P416923,5601
P416923,2882
P416923,76
P416923,12
P416923,2886
P416923,1668
P416923,2064
P416923,2790
P416923,207
P416923,173
P416923,271
P416923,174
P416923,272
P457522,83
P457522,2043
P457522,2143
P457522,9
P457522,2144
P457522,118
P457522,2045
P457522,2044
P457522,1423
P457522,76
P457522,5
P457522,322
P457522,74
P457522,658
P457522,463
P457522,2406
P457522,12
P457522,4843
P457522,676
P457522,7
P457522,51
P457522,1256
P457522,471
P455929,2567
P455929,1346
P455929,6382
P455929,6383
P455929,1661
P455929,4
P455929,355
P455929,3489
P455929,9
P455929,20
P455929,6384
P455929,554
P455929,1123
P455929,6385
P455929,252
P455929,57
P455929,426
P455929,91
P455929,12
P455929,7
P455929,75
P455929,78
P455929,390
P455929,474
P397624,4
P397624,274
P397624,743
P397624,20
P397624,3487
P397624,1664
P397624,131
P397624,1961
P397624,265
P397624,3488
P397624,74
P397624,455
P397624,1399
P397624,878
P397624,1241
P397624,2330
P397624,2575
P397624,7
P397624,2374
P397624,92
P397624,57
P397624,1057
P397624,366
P397624,93
P397624,8
P397624,804
P397624,11
P397624,12
P397624,392
P459130,83
P459130,4
P459130,274
P459130,1781
P459130,6386
P459130,4167
P459130,1929
P459130,1041
P459130,1043
P459130,20
P459130,161
P459130,91
P459130,12
P459130,106
P459130,2326
P406104,100
P406104,4
P406104,1282
P406104,7
P406104,2769
P406104,5663
P406104,20
P406104,1738
P406104,454
P406104,274
P406104,666
P406104,131
P406104,92
P406104,870
P406104,130
P406104,322
P406104,762
P406104,4490
P406104,57
P406104,93
P406104,11
P406104,1449
P406104,33
P406104,445
P406104,246
P406104,91
P406104,5664
P406104,1331
P406104,1476
P479633,100
P479633,382
P479633,6387
P479633,383
P479633,119
P479633,5
P479633,411
P479633,6388
P479633,384
P479633,92
P479633,6389
P479633,6390
P479633,12
P479633,224
P479633,6391
P479633,3026
P479633,6392
P479633,5605
P479633,84
P479633,161
P479633,117
P479633,75
P479633,593
P479633,264
P479633,93
P479633,441
P479633,70
P479633,1887
P479633,1009
P432048,2335
P432048,9
P432048,83
P432048,6393
P432048,547
P432048,4
P432048,110
P432048,209
P432048,627
P432048,90
P432048,210
P432048,6394
P432048,2925
P432048,460
P432048,2179
P432048,2930
P432048,3972
P432048,1253
P432048,777
P432048,749
P432048,750
P432048,1072
P432048,75
P432048,1120
P432048,6395
P432048,3227
P432048,2927
P432048,428
P432048,626
P432048,2183
P432048,2180
P432048,2182
P432048,2181
P432048,2187
P432048,1334
P432048,2177
P432048,70
P432048,71
P432048,1148
P432048,1149
P432048,313
P432048,2188
P432048,430
P432048,441
P432048,33
P432048,118
P432048,4927
P432048,2508
P432048,175
P432048,174
P432048,272
P432048,176
P432048,1114
P482008,55
P482008,4
P482008,89
P482008,813
P482008,308
P482008,252
P482008,71
P482008,2495
P482008,1772
P482008,61
P482008,90
P482008,2499
P482008,3473
P482008,2497
P482008,2496
P482008,1513
P482008,6396
P482008,1169
P482008,822
P482008,6397
P482008,764
P482008,449
P482008,821
P482008,814
P482008,20
P482008,161
P482008,7
P482008,49
P482008,18
P482008,815
P482008,9
P482008,165
P482008,12
P482008,621
P482008,1961
P482008,568
P482008,91
P482008,823
P462344,100
P462344,4
P462344,484
P462344,842
P462344,71
P462344,1399
P462344,9
P462344,178
P462344,527
P462344,86
P462344,1248
P462344,73
P462344,878
P462344,4660
P462344,189
P462344,190
P462344,191
P462344,60
P462344,195
P462344,6398
P462344,762
P462344,1064
P462344,196
P462344,6248
P462344,6399
P462344,2801
P462344,1301
P462344,6400
P462344,6401
P462344,197
P462344,1255
P462344,198
P462344,2299
P462344,20
P462344,317
P462344,2246
P462344,76
P462344,57
P462344,6402
P462344,5
P462344,1462
P462344,1637
P462344,4463
P462344,72
P462344,342
P462344,107
P462344,7
P462344,247
P462344,12
P462344,4450
P462344,617
P462344,805
P462344,2055
P462344,75
P462344,850
P462344,1384
P462344,710
P462344,635
P462344,79
P462344,1128
P462344,5432
P462344,1470
P462344,252
P462344,640
P462344,4548
P455924,1788
P455924,524
P455924,89
P455924,308
P455924,4
P455924,24
P455924,1398
P455924,662
P455924,795
P455924,71
P455924,2516
P455924,531
P455924,4365
P455924,1790
P455924,1793
P455924,453
P455924,1794
P455924,1791
P455924,1795
P455924,1796
P455924,338
P455924,340
P455924,1797
P455924,1798
P455924,1799
P455924,1792
P455924,2352
P455924,422
P455924,4034
P455924,401
P455924,6403
P455924,191
P455924,20
P455924,840
P455924,4367
P455924,3933
P455924,677
P455924,96
P455924,2351
P455924,1684
P455924,60
P455924,828
P455924,6404
P455924,363
P455924,131
P455924,451
P455924,1812
P455924,1671
P455924,2787
P455924,221
P455924,454
P455924,3832
P455924,3831
P455924,831
P455924,162
P455924,842
P455924,1137
P455924,1667
P455924,158
P455924,4202
P455924,297
P455924,458
P455924,1507
P455924,72
P455924,809
P455924,457
P455924,535
P455924,3088
P455924,74
P455924,1210
P455924,789
P455924,1637
P455924,1437
P455924,1670
P455924,1328
P455924,1116
P455924,321
P455924,770
P455924,200
P455924,9
P455924,121
P455924,51
P455924,91
P455924,266
P455924,1680
P455924,79
P455924,33
P455924,37
P483137,55
P483137,9
P483137,274
P483137,76
P483137,4
P483137,2801
P483137,265
P483137,756
P483137,428
P483137,365
P483137,79
P483137,430
P483137,57
P483137,266
P483137,75
P483137,2967
P433457,100
P433457,747
P433457,1376
P433457,7
P433457,88
P433457,411
P433457,131
P433457,86
P433457,170
P433457,1556
P433457,1484
P433457,4
P433457,291
P433457,89
P433457,92
P433457,66
P433457,1532
P433457,4348
P433457,75
P433457,93
P433457,342
P433457,33
P433457,5138
P433457,266
P433457,79
P433457,91
P4032,83
P4032,7
P4032,6405
P4032,684
P4032,876
P4032,455
P4032,649
P4032,877
P4032,878
P4032,6406
P4032,6407
P4032,114
P4032,133
P4032,117
P4032,70
P4032,538
P4032,3184
P4032,6408
P4032,2219
P4032,165
P4032,441
P4032,93
P4032,246
P4032,1518
P4032,202
P4032,176
P4032,272
P4032,173
P4032,467
P4032,6324
P4032,1942
P453826,1160
P453826,612
P453826,5077
P453826,83
P453826,4
P453826,89
P453826,297
P453826,9
P453826,795
P453826,200
P453826,448
P453826,1197
P453826,617
P453826,70
P453826,767
P453826,4968
P453826,4324
P453826,4325
P453826,20
P453826,2080
P453826,78
P453826,6409
P453826,79
P453826,5722
P453826,590
P453826,91
P453826,130
P453826,2407
P453826,1599
P453826,1213
P453826,1784
P453826,6410
P453826,658
P453826,152
P453826,174
P453826,57
P453826,206
P453826,4065
P453826,4885
P453826,2079
P453826,72
P453826,176
P453826,4328
P453826,93
P453826,527
P453826,75
P453826,266
P453826,584
P453826,589
P453826,2406
P453826,39
P453826,687
P441323,83
P441323,6411
P441323,6412
P441323,20
P441323,1603
P441323,6413
P441323,102
P441323,107
P441323,6414
P441323,543
P441323,6415
P441323,6416
P441323,2506
P441323,1270
P441323,6417
P441323,1269
P441323,96
P441323,878
P441323,252
P441323,687
P467652,1954
P467652,4341
P467652,4388
P467652,2220
P467652,794
P467652,61
P467652,568
P467652,6015
P467652,525
P467652,1412
P467652,4468
P467652,70
P467652,1353
P467652,6418
P467652,1105
P467652,376
P397310,100
P397310,1116
P397310,4
P397310,7
P397310,460
P397310,183
P397310,8
P397310,879
P397310,836
P397310,2322
P397310,3423
P397310,2416
P397310,13
P397310,5303
P397310,3470
P397310,322
P397310,889
P397310,570
P397310,69
P397310,71
P397310,92
P397310,57
P397310,20
P397310,366
P397310,298
P397310,200
P397310,78
P397310,132
P397310,91
P397310,12
P397310,4577
P397310,6419
P446422,1567
P446422,4
P446422,71
P446422,525
P446422,90
P446422,404
P446422,88
P446422,1520
P446422,9
P446422,2019
P446422,1614
P446422,170
P446422,86
P446422,6216
P446422,3024
P446422,6420
P446422,383
P446422,91
P446422,812
P446422,72
P446422,189
P446422,6421
P446422,252
P446422,6422
P446422,1481
P446422,131
P446422,12
P446422,6423
P423150,83
P423150,7
P423150,818
P423150,224
P423150,1309
P423150,1842
P423150,889
P423150,6424
P423150,6425
P423150,6426
P423150,225
P423150,223
P423150,6427
P423150,850
P423150,60
P423150,285
P423150,1819
P423150,68
P423150,6428
P423150,6299
P423150,70
P423150,228
P423150,226
P423150,232
P423150,227
P423150,229
P423150,231
P423150,133
P423150,240
P423150,75
P423150,6057
P423150,236
P423150,241
P423150,12
P423150,879
P423150,106
P423150,5
P423150,72
P423150,2219
P423150,5707
P423150,441
P423150,78
P423150,263
P423150,272
P423150,174
P423150,175
P423150,176
P423150,392
P443351,83
P443351,7
P443351,818
P443351,224
P443351,1309
P443351,1842
P443351,889
P443351,6424
P443351,6425
P443351,6426
P443351,225
P443351,223
P443351,6427
P443351,850
P443351,60
P443351,285
P443351,1819
P443351,68
P443351,6428
P443351,6299
P443351,70
P443351,228
P443351,226
P443351,232
P443351,227
P443351,229
P443351,231
P443351,133
P443351,240
P443351,75
P443351,6057
P443351,236
P443351,241
P443351,12
P443351,879
P443351,106
P443351,5
P443351,72
P443351,2219
P443351,5707
P443351,441
P443351,78
P443351,263
P443351,272
P443351,174
P443351,175
P443351,176
P443351,392
P482329,100
P482329,7
P482329,162
P482329,274
P482329,90
P482329,369
P482329,4
P482329,169
P482329,3843
P482329,5589
P482329,5590
P482329,224
P482329,3653
P482329,5591
P482329,61
P482329,4194
P482329,5592
P482329,472
P482329,1048
P482329,424
P482329,97
P482329,396
P482329,401
P482329,158
P482329,5593
P482329,423
P482329,4225
P482329,395
P482329,403
P482329,166
P482329,402
P482329,57
P482329,70
P482329,8
P482329,2578
P482329,20
P482329,18
P482329,76
P482329,673
P482329,393
P482329,91
P482329,12
P482329,635
P482329,9
P482329,2579
P482329,2580
P467111,234
P467111,1487
P467111,559
P467111,627
P467111,661
P467111,235
P467111,1251
P467111,366
P467111,71
P467111,6429
P467111,2535
P467111,5070
P467111,6262
P467111,1259
P467111,2026
P467111,771
P467111,527
P467111,2573
P467111,70
P467111,51
P467111,6430
P421600,5208
P421600,6431
P421600,622
P421600,110
P421600,6432
P421600,6433
P421600,685
P421600,132
P421600,6434
P421600,189
P421600,6435
P455242,348
P455242,410
P455242,354
P455242,56
P455242,4
P455242,2772
P455242,676
P455242,224
P455242,236
P455242,241
P455242,223
P455242,230
P455242,232
P455242,229
P455242,231
P455242,227
P455242,226
P455242,228
P455242,225
P455242,66
P455242,131
P455242,6388
P455242,133
P455242,61
P455242,240
P455242,1408
P455242,263
P455242,266
P455242,79
P455242,268
P455242,1132
P503913,1567
P503913,7
P503913,4
P503913,71
P503913,484
P503913,76
P503913,274
P503913,208
P503913,88
P503913,455
P503913,714
P503913,954
P503913,166
P503913,10
P503913,70
P503913,6436
P503913,3057
P503913,97
P503913,92
P503913,24
P503913,595
P503913,169
P503913,8
P503913,1270
P503913,12
P503913,130
P503913,72
P503913,924
P503913,242
P503913,1148
P503913,6437
P503913,360
P503913,210
P503913,1149
P503913,167
P503913,2328
P503913,366
P503913,2302
P444226,6438
P444226,6439
P444226,6440
P444226,6441
P444226,6442
P482692,100
P482692,7
P482692,2
P482692,4
P482692,90
P482692,5
P482692,463
P482692,9
P482692,8
P482692,88
P482692,10
P482692,746
P482692,811
P482692,169
P482692,12
P482692,38
P482692,670
P482692,93
P482692,878
P482692,19
P482692,1270
P482692,1712
P482692,1713
P482692,1128
P482692,1404
P482692,808
P482692,70
P482692,2886
P482692,2790
P482692,2331
P423123,358
P423123,125
P423123,250
P423123,6443
P423123,109
P423123,412
P423123,385
P423123,795
P423123,265
P423123,74
P423123,359
P423123,363
P423123,153
P423123,6444
P423123,274
P423123,2630
P423123,6445
P423123,322
P423123,890
P423123,4334
P423123,1326
P423123,4449
P423123,889
P423123,6446
P423123,6447
P423123,3762
P423123,3104
P423123,365
P423123,107
P423123,364
P423123,252
P423123,374
P423123,57
P423123,83
P423123,1583
P423123,4490
P423123,3567
P423123,6448
P423123,3133
P423123,174
P423123,177
P450244,83
P450244,7
P450244,4
P450244,20
P450244,627
P450244,8
P450244,91
P450244,244
P450244,206
P450244,90
P450244,403
P450244,133
P450244,78
P450244,1127
P450244,240
P450244,224
P450244,236
P450244,12
P450244,1795
P450244,241
P450244,156
P450244,391
P450244,97
P450244,225
P450244,223
P450244,242
P450244,396
P450244,401
P450244,230
P450244,158
P450244,232
P450244,57
P450244,227
P450244,229
P450244,231
P450244,226
P450244,228
P450244,962
P467118,83
P467118,7
P467118,2244
P467118,90
P467118,274
P467118,9
P467118,414
P467118,2250
P467118,634
P467118,2251
P467118,2252
P467118,2253
P467118,671
P467118,166
P467118,672
P467118,95
P467118,2254
P467118,1123
P467118,1249
P467118,1766
P467118,1243
P467118,710
P467118,667
P467118,390
P467118,12
P467118,72
P467118,20
P467118,2255
P467118,57
P467118,78
P467118,2256
P467118,91
P467118,79
P467118,266
P467118,33
P467118,37
P467118,2257
P467118,2260
P422013,1567
P422013,2525
P422013,408
P422013,4
P422013,963
P422013,252
P422013,91
P422013,5978
P422013,174
P422013,78
P422013,135
P422013,815
P422013,3094
P422013,175
P422013,1227
P422013,1951
P422013,333
P422013,376
P411254,6449
P411254,89
P411254,85
P411254,457
P411254,1210
P411254,74
P411254,322
P411254,13
P411254,700
P411254,329
P411254,6450
P411254,3847
P411254,706
P411254,6451
P411254,732
P411254,1204
P411254,825
P411254,1373
P411254,155
P411254,1935
P411254,153
P411254,6452
P459128,6453
P459128,6454
P459128,6455
P459128,1203
P459128,6456
P459128,49
P459128,278
P459128,880
P459128,165
P459128,70
P459128,4
P459128,1556
P459128,161
P459128,20
P459128,91
P459128,804
P459128,1724
P434550,83
P434550,4
P434550,9
P434550,892
P434550,274
P434550,76
P434550,71
P434550,200
P434550,5
P434550,2250
P434550,20
P434550,828
P434550,454
P434550,2124
P434550,4339
P434550,3480
P434550,1361
P434550,1673
P434550,5328
P434550,61
P434550,70
P434550,684
P434550,876
P434550,455
P434550,649
P434550,877
P434550,878
P434550,72
P434550,546
P434550,1282
P434550,667
P434550,2575
P434550,57
P434550,47
P434550,947
P434550,78
P434550,3686
P434550,1449
P434550,91
P434550,33
P434550,445
P434550,1331
P434550,37
P434550,467
P434550,272
P434550,1681
P470221,1567
P470221,1746
P470221,71
P470221,90
P470221,6457
P470221,5
P470221,3
P470221,6271
P470221,91
P470221,6272
P470221,2079
P470221,10
P470221,12
P470221,6458
P470221,130
P470221,174
P470221,72
P470221,329
P470221,3671
P470221,6459
P470221,206
P470221,57
P470221,6460
P470221,70
P470221,391
P470221,3776
P474825,100
P474825,815
P474825,278
P474825,1872
P474825,127
P474825,1785
P474825,1556
P474825,128
P474825,1651
P474825,95
P474825,20
P474825,428
P474825,129
P474825,331
P474825,454
P474825,110
P474825,366
P474825,4950
P474825,4238
P474825,96
P474825,1944
P474825,102
P474825,161
P474825,7
P474825,2142
P474825,71
P474825,4
P474825,132
P474825,108
P474825,103
P474825,265
P474825,6322
P474825,106
P474825,75
P474825,441
P474825,91
P474825,79
P474825,266
P474825,1390
P474825,6461
P460514,6462
P460514,50
P460514,24
P460514,162
P460514,2
P460514,308
P460514,71
P460514,802
P460514,5
P460514,5956
P460514,86
P460514,1127
P460514,676
P460514,670
P460514,627
P460514,767
P460514,57
P460514,75
P460514,72
P460514,12
P460514,93
P460514,9
P460514,95
P460514,7
P460514,6463
P460514,1254
P460514,4
P460514,1320
P460514,471
P454100,5594
P454100,5596
P454100,6464
P454100,6465
P454100,86
P454100,9
P454100,84
P454100,1156
P454100,1154
P454100,6466
P454100,1153
P454100,66
P454100,413
P454100,6467
P454100,91
P454100,627
P454100,1151
P454100,169
P454100,29
P454100,426
P454100,12
P454100,265
P454100,8
P454100,6468
P454100,92
P454100,161
P454100,703
P454100,6469
P454100,6470
P454100,1731
P454100,6471
P454100,100
P454100,57
P454100,878
P454100,5
P454100,72
P454100,266
P454100,4
P454100,107
P454100,2050
P469537,6472
P469537,100
P469537,200
P469537,7
P469537,878
P469537,5
P469537,448
P469537,1211
P469537,8
P469537,11
P469537,10
P469537,9
P469537,39
P469537,2742
P469537,811
P469537,858
P469537,584
P469537,268
P469537,12
P469537,130
P469537,174
P469537,1364
P469537,93
P469537,57
P469537,668
P469537,1282
P469537,2200
P469537,339
P469537,2744
P469537,76
P469537,958
P469537,3734
P469537,2745
P469537,272
P469537,3658
P469537,3735
P469537,1243
P469537,815
P469537,1176
P469537,1430
P469537,4336
P469537,3467
P469537,2747
P469537,1534
P469537,173
P469537,175
P469537,176
P469537,169
P469537,51
P469537,75
P469537,3231
P469537,70
P469537,6473
P469537,1844
P469537,5092
P469537,6474
P469537,2530
P469537,354
P469537,410
P469537,2773
P469537,3444
P469537,252
P469537,412
P469537,1661
P469537,1916
P469537,482
P469537,103
P469537,79
P469537,135
P469537,5783
P469537,1700
P469537,6475
P469537,6476
P469537,5839
P469537,543
P469537,4337
P469537,863
P469537,1672
P469537,1362
P469537,471
P469537,6477
P469537,4
P469537,2575
P469537,743
P469537,3732
P469537,166
P469537,435
P469537,1695
P469537,5840
P469537,38
P469537,832
P469537,5841
P469537,5842
P469537,6478
P469537,89
P469537,162
P469537,90
P469537,24
P469537,795
P469537,244
P469537,209
P469537,88
P469537,3730
P469537,210
P469537,86
P469537,84
P469537,595
P469537,1212
P469537,484
P469537,3731
P469537,168
P469537,91
P469537,242
P469537,156
P469537,1127
P469537,67
P469537,3733
P469537,593
P469537,2746
P469537,808
P469537,401
P469537,1402
P469537,72
P469537,3736
P469537,3737
P469537,828
P469537,78
P469537,3738
P430818,83
P430818,546
P430818,20
P430818,93
P430818,2606
P430818,833
P430818,3487
P430818,4
P430818,392
P464245,2157
P464245,1082
P464245,410
P464245,6479
P464245,1717
P464245,4
P464245,2965
P464245,2578
P464245,126
P464245,1872
P464245,2155
P464245,256
P464245,161
P464245,112
P464245,60
P464245,322
P464245,2156
P464245,2015
P464245,66
P464245,133
P464245,132
P464245,398
P464245,6480
P464245,4330
P464245,2455
P464245,129
P464245,75
P464245,72
P464245,6481
P464245,686
P464245,91
P464245,93
P464245,687
P440482,83
P440482,815
P440482,66
P440482,2424
P440482,2425
P440482,1657
P440482,2426
P440482,72
P440482,390
P440482,106
P440482,467
P440482,91
P440482,252
P440482,173
P440482,176
P440482,2427
P440482,2428
P449188,6482
P449188,100
P449188,71
P449188,661
P449188,76
P449188,1356
P449188,9
P449188,1829
P449188,525
P449188,264
P449188,826
P449188,676
P449188,6483
P449188,88
P449188,532
P449188,649
P449188,1307
P449188,482
P449188,1598
P449188,117
P449188,301
P449188,56
P449188,1784
P449188,70
P449188,398
P449188,5776
P449188,57
P449188,441
P449188,313
P449188,168
P449188,75
P449188,79
P449188,484
P449188,430
P449188,265
P449188,1256
P449188,1212
P449188,808
P449188,6335
P483664,1477
P483664,4
P483664,71
P483664,88
P483664,9
P483664,948
P483664,90
P483664,208
P483664,86
P483664,716
P483664,748
P483664,909
P483664,700
P483664,69
P483664,6484
P483664,890
P483664,923
P483664,6485
P483664,6486
P483664,6487
P483664,6488
P483664,1797
P483664,1581
P483664,74
P483664,130
P483664,72
P483664,75
P483664,57
P483664,70
P483664,366
P483664,122
P483664,6489
P483664,272
P483664,176
P483664,175
P483664,1681
P430903,1889
P430903,1346
P430903,7
P430903,448
P430903,1886
P430903,76
P430903,4
P430903,6490
P430903,91
P430903,106
P430903,1111
P430903,835
P430903,836
P430903,72
P430903,6491
P430903,4052
P430903,84
P430903,390
P430903,240
P430903,117
P430903,418
P430903,8
P430903,133
P430903,131
P430903,567
P430903,51
P430903,266
P430903,79
P430903,4062
P430903,1931
P430903,221
P430903,6492
P430903,2166
P430903,5043
P430903,246
P430903,1363
P430903,222
P430903,1648
P430903,75
P430903,20
P430903,12
P430903,57
P430903,49
P430903,686
P430903,1555
P430903,1009
P501581,6254
P501581,6253
P501581,348
P501581,6493
P501581,6494
P501581,6495
P501581,45
P501581,522
P501581,29
P501581,1219
P501581,4
P501581,6496
P501581,6497
P501581,4255
P501581,131
P501581,633
P501581,1795
P501581,6498
P501581,252
P501581,6499
P501581,446
P501581,5677
P409630,83
P409630,4
P409630,7
P409630,618
P409630,578
P409630,667
P409630,3670
P409630,6500
P409630,58
P409630,45
P409630,8
P409630,240
P409630,106
P409630,1548
P409630,833
P409630,1396
P409630,1691
P409630,4009
P409630,70
P409630,91
P409630,6501
P504639,71
P504639,348
P504639,6502
P504639,6503
P504639,1295
P504639,648
P504639,9
P504639,33
P504639,677
P504639,4
P504639,7
P504639,3324
P504639,252
P504639,742
P504639,747
P504639,454
P504639,70
P504639,2626
P504639,897
P504639,2942
P504639,617
P504639,12
P504639,430
P504639,457
P504639,91
P504639,445
P504639,1390
P504639,491
P504639,1391
P504639,1476
P467630,348
P467630,4400
P467630,89
P467630,4
P467630,155
P467630,9
P467630,200
P467630,86
P467630,2077
P467630,141
P467630,84
P467630,170
P467630,595
P467630,1412
P467630,2368
P467630,2369
P467630,2266
P467630,4324
P467630,33
P467630,6504
P467630,1275
P467630,63
P467630,2080
P467630,78
P467630,79
P467630,91
P467630,130
P467630,2937
P467630,454
P467630,15
P467630,2264
P467630,152
P467630,174
P467630,76
P467630,47
P467630,445
P467630,206
P467630,72
P467630,2079
P467630,593
P467630,176
P467630,2268
P467630,433
P380000,524
P380000,1162
P380000,1904
P380000,1134
P380000,7
P380000,2355
P380000,4078
P380000,553
P380000,1360
P380000,662
P380000,4445
P380000,89
P380000,3712
P380000,1525
P380000,450
P380000,1137
P380000,3296
P380000,841
P380000,4081
P380000,4428
P380000,4079
P380000,3476
P380000,2950
P380000,637
P380000,1179
P380000,352
P380000,529
P380000,1401
P380000,210
P380000,454
P380000,76
P380000,786
P380000,484
P380000,1001
P380000,4717
P380000,4716
P380000,12
P380000,4
P380000,237
P380000,1113
P380000,158
P380000,209
P380000,90
P380000,133
P380000,684
P380000,71
P380000,131
P380000,747
P380000,75
P380000,20
P380000,2454
P380000,1474
P380000,455
P380000,117
P380000,169
P380000,4083
P380000,369
P380000,4170
P380000,4720
P380000,78
P380000,121
P380000,4084
P380000,47
P380000,3930
P380000,93
P380000,51
P380000,91
P380000,202
P380000,4085
P380000,1595
P380000,272
P380000,33
P380000,464
P380000,1887
P380000,1613
P380000,4722
P380000,4721
P380000,5299
P469118,29
P469118,71
P469118,761
P469118,5755
P469118,661
P469118,6196
P469118,617
P469118,237
P469118,86
P469118,1599
P469118,61
P469118,706
P469118,363
P469118,1237
P469118,987
P469118,322
P469118,890
P469118,4968
P469118,637
P469118,889
P469118,327
P469118,633
P469118,1045
P469118,1717
P469118,2072
P469118,2124
P469118,3290
P469118,3548
P469118,745
P469118,131
P469118,1784
P469118,70
P469118,100
P469118,238
P469118,1146
P469118,595
P469118,84
P469118,594
P469118,2746
P469118,6505
P469118,176
P469118,175
P469118,272
P469118,1132
P467617,6506
P467617,6507
P467617,286
P467617,1872
P467617,6508
P467617,8
P467617,60
P467617,93
P467617,467
P467617,2156
P467617,4
P467617,265
P467617,91
P467617,2015
P467617,2157
P467617,126
P467617,79
P467617,875
P467617,6509
P467617,523
P467617,6510
P467617,6511
P467617,66
P467617,2155
P467617,1471
P467617,2052
P467617,6512
P467617,88
P467617,6513
P467617,526
P467617,90
P467617,1775
P467617,89
P467617,513
P467617,2455
P467617,804
P467617,206
P467617,2326
P435209,83
P435209,24
P435209,5951
P435209,5952
P435209,4
P435209,71
P435209,1420
P435209,1732
P435209,5
P435209,2371
P435209,5953
P435209,86
P435209,170
P435209,88
P435209,84
P435209,878
P435209,745
P435209,7
P435209,5954
P435209,1127
P435209,265
P435209,5955
P435209,756
P435209,8
P435209,2433
P435209,10
P435209,4422
P435209,833
P435209,3512
P435209,463
P435209,5956
P435209,3032
P435209,93
P435209,993
P435209,5957
P435209,1253
P435209,2011
P435209,2083
P435209,5958
P435209,415
P435209,1270
P435209,117
P435209,20
P435209,4337
P435209,89
P435209,90
P435209,200
P435209,749
P435209,750
P435209,106
P435209,1251
P435209,169
P435209,297
P435209,1254
P435209,19
P435209,1072
P435209,5959
P435209,29
P435209,4073
P435209,329
P435209,1320
P435209,4009
P435209,5960
P500894,348
P500894,9
P500894,4
P500894,90
P500894,86
P500894,274
P500894,161
P500894,45
P500894,835
P500894,18
P500894,1997
P500894,133
P500894,2285
P500894,116
P500894,6514
P500894,1220
P500894,1219
P500894,4754
P500894,95
P500894,70
P500894,12
P500894,546
P500894,72
P500894,390
P500894,555
P500894,263
P500894,266
P500894,78
P500894,199
P500894,2145
P500894,676
P500894,156
P500894,269
P500894,270
P500894,1304
P500894,91
P500894,446
P500894,271
P500894,174
P500894,272
P500894,202
P500894,758
P500894,1942
P455365,709
P455365,4
P455365,87
P455365,88
P455365,71
P455365,45
P455365,84
P455365,91
P455365,206
P455365,8
P455365,78
P455365,274
P455365,161
P455365,1664
P455365,20
P455365,131
P455365,12
P455365,391
P455365,117
P455365,15
P455365,563
P455365,70
P455365,711
P455900,6515
P454389,6516
P454389,6517
P454389,6518
P454389,6519
P454389,200
P454389,1162
P454389,95
P454389,194
P454389,71
P454389,188
P454389,326
P454389,4512
P454389,891
P454389,887
P454389,6520
P454389,208
P454389,2614
P454389,2151
P454389,2204
P454389,61
P454389,476
P454389,322
P454389,570
P454389,1866
P454389,747
P454389,3139
P454389,3310
P454389,6521
P480447,100
P480447,4
P480447,89
P480447,29
P480447,662
P480447,85
P480447,742
P480447,2017
P480447,88
P480447,1212
P480447,90
P480447,235
P480447,160
P480447,648
P480447,221
P480447,222
P480447,747
P480447,97
P480447,72
P480447,1661
P480447,237
P480447,75
P480447,635
P480447,808
P480447,1382
P480447,484
P480447,1284
P480447,525
P480447,745
P480447,5
P480447,748
P480447,168
P480447,1282
P480447,262
P480447,430
P480447,3011
P480447,3012
P501282,100
P501282,208
P501282,742
P501282,89
P501282,7
P501282,1197
P501282,475
P501282,90
P501282,244
P501282,6522
P501282,1220
P501282,169
P501282,522
P501282,4075
P501282,47
P501282,20
P501282,363
P501282,9
P501282,617
P501282,70
P501282,6523
P501282,1148
P501282,72
P501282,527
P501282,1213
P501282,78
P501282,210
P501282,1149
P501282,987
P501282,12
P501282,390
P501282,430
P501282,156
P501282,242
P501282,117
P501282,637
P501282,633
P501282,1776
P501282,2299
P501282,75
P501282,1709
P501282,4076
P501282,776
P501282,1851
P501282,91
P501282,79
P501282,80
P443838,83
P443838,102
P443838,9
P443838,104
P443838,78
P443838,7
P443838,91
P443838,118
P443838,880
P443838,878
P443838,165
P443838,2439
P443838,12
P443838,5162
P460513,50
P460513,7
P460513,4
P460513,767
P460513,5
P460513,1254
P460513,670
P460513,1127
P460513,1320
P460513,39
P460513,12
P460513,9
P460513,93
P460513,95
P460513,471
P456572,100
P456572,4
P456572,89
P456572,244
P456572,37
P456572,274
P456572,49
P456572,684
P456572,876
P456572,455
P456572,649
P456572,877
P456572,878
P456572,2330
P456572,747
P456572,2724
P456572,6524
P456572,5248
P456572,713
P456572,33
P456572,1725
P456572,458
P456572,842
P456572,839
P456572,5972
P456572,71
P456572,1284
P456572,74
P456572,445
P456572,390
P456572,2460
P456572,6523
P456572,6525
P456572,416
P456572,1120
P456572,1860
P456572,2351
P456572,20
P456572,57
P456572,2358
P456572,789
P456572,6526
P456572,436
P456572,72
P456572,91
P456572,12
P456572,1753
P456572,845
P423254,100
P423254,4
P423254,7
P423254,20
P423254,1738
P423254,454
P423254,97
P423254,285
P423254,1868
P423254,92
P423254,70
P423254,673
P423254,29
P423254,96
P423254,584
P423254,4237
P423254,881
P423254,4238
P423254,3734
P423254,4239
P423254,4240
P423254,3770
P423254,439
P423254,66
P423254,762
P423254,4241
P423254,1282
P423254,745
P423254,390
P423254,9
P423254,1712
P423254,809
P423254,1713
P423254,39
P423254,1128
P423254,878
P423254,12
P423254,808
P423254,117
P423254,265
P423254,1906
P423254,1797
P423254,310
P423254,1796
P423254,11
P423254,812
P423254,1266
P423254,3669
P423254,1437
P423254,445
P423254,1449
P423254,4242
P423254,1130
P423254,93
P423254,5
P423254,4243
P423254,91
P423254,33
P423254,1887
P423254,37
P423254,845
P455894,2567
P455894,1346
P455894,89
P455894,9
P455894,7
P455894,274
P455894,1210
P455894,6527
P455894,20
P455894,3569
P455894,554
P455894,95
P455894,94
P455894,96
P455894,4
P455894,3825
P455894,242
P455894,72
P455894,6528
P455894,6529
P455894,1746
P455894,244
P455894,5
P455894,117
P455894,457
P455894,156
P455894,1382
P455894,660
P455894,6530
P455894,75
P455894,91
P455894,266
P455894,79
P500618,2175
P500618,100
P500618,4
P500618,250
P500618,56
P500618,261
P500618,4914
P500618,313
P500618,460
P500618,356
P500618,4915
P500618,6531
P500618,2465
P500618,2496
P500618,75
P500618,428
P500618,420
P500618,1029
P500618,6532
P500618,1713
P500618,6533
P500618,4155
P500618,2033
P500618,266
P500618,1070
P500618,700
P500618,1919
P500618,2179
P500618,6534
P500618,3017
P500618,441
P500618,70
P500618,6535
P500618,1674
P500618,353
P500618,6536
P500618,2038
P500618,6537
P472302,83
P472302,66
P472302,61
P472302,4
P472302,402
P472302,274
P472302,6538
P472302,1785
P472302,90
P472302,430
P472302,20
P472302,1674
P472302,107
P472302,590
P472302,266
P472302,1776
P472302,313
P472302,57
P472302,3709
P472302,679
P472302,393
P472302,747
P472302,6539
P472302,627
P472302,6540
P472302,6541
P472302,4864
P472302,3054
P472302,6542
P472302,3050
P472302,2624
P472302,112
P472302,4437
P472302,4130
P472302,905
P472302,265
P472302,74
P472302,3325
P201439,83
P201439,90
P201439,4
P201439,7
P201439,289
P201439,463
P201439,554
P201439,60
P201439,452
P201439,913
P201439,2586
P201439,158
P201439,453
P201439,456
P201439,831
P201439,460
P201439,3684
P201439,454
P201439,458
P201439,72
P201439,84
P201439,252
P201439,93
P201439,51
P201439,91
P201439,6543
P201439,464
P201439,3540
P201439,6544
P464241,6511
P464241,66
P464241,1872
P464241,2155
P464241,8
P464241,60
P464241,4
P464241,2015
P464241,2157
P464241,126
P464241,1471
P464241,2052
P464241,2156
P464241,6509
P464241,523
P474826,100
P474826,815
P474826,275
P474826,58
P474826,4
P474826,278
P474826,107
P474826,2740
P474826,108
P474826,127
P474826,1872
P474826,1785
P474826,1556
P474826,90
P474826,237
P474826,366
P474826,110
P474826,129
P474826,113
P474826,20
P474826,428
P474826,128
P474826,133
P474826,1054
P474826,1651
P474826,130
P474826,4238
P474826,161
P474826,102
P474826,265
P474826,57
P474826,132
P474826,71
P474826,103
P474826,106
P474826,430
P474826,75
P474826,441
P474826,91
P474826,79
P474826,266
P439927,348
P439927,3426
P439927,107
P439927,78
P439927,102
P439927,9
P439927,776
P439927,4
P439927,365
P439927,1766
P439927,3427
P439927,95
P439927,2254
P439927,695
P439927,2322
P439927,2255
P439927,3423
P439927,132
P439927,5
P439927,7
P439927,75
P439927,109
P439927,539
P439927,1130
P439927,91
P439927,79
P439927,265
P439927,173
P439927,176
P439927,177
P122727,83
P122727,529
P122727,88
P122727,7
P122727,24
P122727,289
P122727,1213
P122727,27
P122727,809
P122727,1521
P122727,1520
P122727,1291
P122727,4
P122727,748
P122727,829
P122727,840
P122727,256
P122727,452
P122727,841
P122727,416
P122727,1366
P122727,237
P122727,158
P122727,454
P122727,1527
P122727,90
P122727,401
P122727,20
P122727,89
P122727,72
P122727,562
P122727,533
P122727,457
P122727,1211
P122727,170
P122727,131
P122727,84
P122727,5
P122727,166
P122727,374
P122727,747
P122727,805
P122727,1530
P122727,91
P122727,93
P122727,37
P122727,6545
P501321,6546
P501321,83
P501321,7
P501321,71
P501321,89
P501321,88
P501321,209
P501321,677
P501321,210
P501321,6547
P501321,581
P501321,6548
P501321,748
P501321,321
P501321,6549
P501321,131
P501321,57
P501321,91
P501321,12
P501321,799
P244701,83
P244701,382
P244701,7
P244701,411
P244701,2052
P244701,86
P244701,170
P244701,1525
P244701,449
P244701,809
P244701,456
P244701,833
P244701,6550
P244701,831
P244701,1828
P244701,5
P244701,72
P244701,57
P244701,93
P244701,246
P244701,91
P244701,1476
P456988,6551
P456988,55
P456988,815
P456988,813
P456988,4
P456988,278
P456988,165
P456988,814
P456988,743
P456988,822
P456988,2494
P456988,1513
P456988,2495
P456988,1035
P456988,2496
P456988,2497
P456988,2498
P456988,2499
P456988,821
P456988,816
P456988,161
P456988,49
P456988,12
P456988,9
P456988,2145
P456988,3474
P456988,568
P456988,489
P456988,91
P456988,2347
P456988,2500
P456988,2503
P456988,4175
P456988,6552
P456988,101
P456988,119
P456988,57
P456988,817
P456988,78
P456988,823
P467251,6553
P467251,348
P467251,104
P467251,7
P467251,274
P467251,106
P467251,132
P467251,5610
P467251,882
P467251,5611
P467251,1459
P467251,367
P467251,3481
P467251,4754
P467251,4
P467251,166
P467251,75
P467251,78
P467251,122
P467251,266
P467251,91
P467251,446
P467251,1138
P467251,6554
P467251,83
P467251,1248
P467251,76
P467251,85
P467251,409
P467251,18
P467251,20
P467251,4305
P467251,4306
P467251,4307
P467251,66
P467251,131
P467251,264
P467251,588
P467251,1382
P467251,89
P467251,155
P467251,1694
P467251,119
P467251,57
P467251,103
P467251,70
P467251,15
P467251,12
P467251,79
P467251,467
P467251,202
P467251,175
P467251,271
P467251,174
P467251,272
P467251,5722
P467251,1160
P467251,4333
P467251,3677
P467251,6555
P467251,2525
P467251,3489
P467251,410
P467251,252
P467251,58
P467251,1717
P467251,809
P467251,4755
P467251,95
P467251,1583
P467251,4756
P467251,489
P467251,606
P467251,2145
P467251,72
P467251,1887
P467251,1555
P467251,37
P467251,464
P467251,4757
P457510,6556
P457510,6557
P457510,6558
P457510,6559
P457510,6560
P457510,6561
P504044,55
P504044,71
P504044,162
P504044,4
P504044,4231
P504044,90
P504044,6562
P504044,954
P504044,6563
P504044,167
P504044,3320
P504044,1248
P504044,1697
P504044,6564
P504044,1772
P504044,667
P504044,532
P504044,1651
P504044,20
P504044,70
P504044,131
P504044,66
P504044,29
P504044,398
P504044,1220
P504044,2376
P504044,414
P504044,61
P504044,634
P504044,1980
P504044,1981
P504044,1979
P504044,729
P504044,1243
P504044,710
P504044,595
P504044,2328
P504044,9
P504044,1598
P504044,12
P504044,169
P504044,117
P504044,430
P504044,2687
P504044,1268
P504044,2703
P504044,6565
P504044,91
P504044,1130
P504044,426
P504044,3234
P504044,1384
P504044,266
P504044,206
P504044,79
P504044,75
P504044,967
P469439,23
P469439,402
P469439,525
P469439,4
P469439,5334
P469439,5335
P469439,762
P469439,90
P469439,39
P469439,73
P469439,764
P469439,71
P469439,20
P469439,617
P469439,97
P469439,1464
P469439,5336
P469439,747
P469439,70
P469439,100
P469439,5337
P450632,50
P450632,2530
P450632,354
P450632,410
P450632,2773
P450632,3444
P450632,252
P450632,76
P450632,5
P450632,412
P450632,1661
P450632,1916
P450632,38
P450632,482
P450632,103
P450632,7
P450632,174
P450632,93
P450632,12
P450632,79
P450632,135
P450632,5783
P450632,1700
P450632,6475
P450632,272
P450632,6476
P450632,5839
P450632,811
P450632,858
P450632,543
P450632,4337
P450632,6566
P476731,50
P476731,2530
P476731,354
P476731,410
P476731,2773
P476731,3444
P476731,252
P476731,76
P476731,5
P476731,412
P476731,1661
P476731,1916
P476731,38
P476731,482
P476731,103
P476731,7
P476731,174
P476731,93
P476731,12
P476731,79
P476731,135
P476731,5783
P476731,1700
P476731,6475
P476731,272
P476731,6476
P476731,5839
P476731,811
P476731,858
P476731,543
P476731,4337
P476731,6566
P404794,6567
P404794,1412
P404794,289
P404794,627
P404794,1591
P404794,5291
P404794,764
P404794,520
P404794,892
P404794,192
P404794,889
P404794,523
P397623,83
P397623,4
P397623,7
P397623,118
P397623,161
P397623,878
P397623,1712
P397623,1713
P397623,1128
P397623,19
P397623,833
P397623,6568
P397623,246
P397623,546
P397623,93
P397623,57
P397623,11
P397623,96
P397623,685
P397623,2312
P397623,2313
P397623,95
P397623,72
P397623,5
P397623,850
P397623,244
P397623,8
P397623,224
P397623,2316
P397623,2317
P397623,1846
P397623,138
P397623,302
P397623,2318
P397623,6569
P402014,71
P402014,2679
P402014,617
P402014,4968
P402014,4
P402014,1599
P402014,1784
P402014,1198
P402014,761
P402014,522
P402014,1376
P402014,527
P402014,1462
P402014,1637
P402014,6570
P402014,6571
P402014,1851
P402014,6572
P402014,5178
P402014,6573
P402014,6574
P402014,1353
P402014,6575
P402014,6576
P402014,6577
P402014,91
P402014,6578
P402014,246
P402014,474
P475194,348
P475194,742
P475194,1544
P475194,9
P475194,5
P475194,475
P475194,441
P475194,76
P475194,2166
P475194,189
P475194,190
P475194,191
P475194,197
P475194,1255
P475194,107
P475194,198
P475194,2986
P475194,1700
P475194,2987
P475194,2804
P475194,869
P475194,436
P475194,2330
P475194,745
P475194,2988
P475194,2989
P475194,842
P475194,75
P475194,313
P475194,57
P475194,72
P475194,49
P475194,430
P475194,117
P475194,679
P475194,74
P475194,252
P475194,1294
P482061,1160
P482061,4663
P482061,612
P482061,1161
P482061,235
P482061,89
P482061,1725
P482061,74
P482061,1162
P482061,1295
P482061,2512
P482061,1045
P482061,706
P482061,3321
P482061,6579
P482061,658
P482061,6580
P482061,535
P482061,716
P482061,1318
P482061,100
P482061,1593
P482061,131
P482061,398
P482061,6581
P474332,946
P474332,4
P474332,947
P474332,20
P474332,91
P474332,3487
P474332,11
P474332,475
P474332,246
P474332,93
P474332,76
P474332,6582
P474332,1292
P479692,100
P479692,457
P479692,4
P479692,265
P479692,411
P479692,7
P479692,835
P479692,221
P479692,454
P479692,637
P479692,2948
P479692,6583
P479692,6584
P479692,107
P479692,73
P479692,76
P479692,745
P479692,6585
P479692,58
P479692,72
P479692,2954
P479692,1678
P479692,57
P479692,12
P479692,6
P479692,588
P479692,263
P479692,1847
P479692,548
P479692,106
P479692,78
P479692,9
P479692,1817
P479692,6586
P9939,83
P9939,7
P9939,6405
P9939,165
P9939,133
P9939,878
P9939,842
P9939,225
P9939,223
P9939,229
P9939,230
P9939,231
P9939,224
P9939,2708
P9939,806
P9939,6043
P9939,6044
P9939,850
P9939,2219
P9939,129
P9939,131
P9939,696
P9939,563
P9939,49
P9939,2401
P9939,1109
P9939,6587
P9939,5638
P9939,6588
P9939,1402
P9939,2377
P9939,6057
P9939,93
P9939,75
P9939,91
P9939,72
P9939,246
P9939,174
P9939,272
P9939,6589
P9939,6590
P9939,6591
P9939,6592
P9939,6593
P9939,467
P9939,6594
P439643,4565
P439643,83
P439643,7
P439643,78
P439643,102
P439643,107
P439643,76
P439643,454
P439643,449
P439643,72
P439643,89
P439643,152
P439643,461
P439643,462
P439643,877
P439643,57
P439643,93
P439643,266
P439643,91
P439643,3989
P439643,1397
P439643,4566
P439643,524
P439643,308
P439643,448
P439643,4
P439643,451
P439643,450
P439643,460
P439643,60
P439643,459
P439643,453
P439643,1137
P439643,457
P439643,131
P439643,20
P439643,455
P439643,463
P439643,312
P439643,458
P439643,10
P439643,387
P439643,390
P439643,1803
P439643,8
P439643,74
P439643,3942
P439643,51
P439643,79
P439643,1331
P439643,1753
P439643,1974
P439643,1476
P474330,348
P474330,815
P474330,4
P474330,274
P474330,141
P474330,2078
P474330,454
P474330,742
P474330,75
P474330,91
P474330,1543
P474330,366
P474330,57
P474330,441
P474330,546
P474330,103
P474330,93
P474330,174
P474330,176
P474330,173
P474330,70
P474330,433
P475086,100
P475086,4
P475086,90
P475086,9
P475086,7
P475086,4458
P475086,1007
P475086,1399
P475086,455
P475086,397
P475086,92
P475086,18
P475086,19
P475086,73
P475086,1243
P475086,12
P475086,133
P475086,590
P475086,2454
P475086,532
P475086,460
P475086,66
P475086,95
P475086,331
P475086,112
P475086,96
P475086,4459
P475086,691
P475086,633
P475086,2543
P475086,373
P475086,61
P475086,13
P475086,4460
P475086,3852
P475086,4461
P475086,1939
P475086,398
P475086,4462
P475086,225
P475086,850
P475086,2578
P475086,472
P475086,20
P475086,76
P475086,72
P475086,70
P475086,618
P475086,263
P475086,78
P475086,776
P475086,75
P475086,165
P475086,4463
P475086,57
P475086,313
P475086,676
P475086,4456
P475086,39
P475086,1483
P475086,2579
P475086,1420
P475086,79
P475086,266
P475086,1132
P475159,55
P475159,71
P475159,4
P475159,9
P475159,235
P475159,90
P475159,527
P475159,1165
P475159,1780
P475159,224
P475159,633
P475159,86
P475159,91
P475159,374
P475159,12
P475159,1828
P475159,3504
P475159,313
P475159,70
P475159,20
P475159,3505
P475159,414
P475159,57
P475159,2404
P475159,710
P475159,3296
P475159,2621
P475159,532
P475159,1925
P475159,61
P475159,637
P475159,75
P475159,107
P475159,78
P475159,176
P475159,177
P479340,90
P479340,30
P479340,23
P479340,1840
P479340,1870
P479340,525
P479340,747
P479340,1722
P479340,33
P479340,3532
P479340,1878
P479340,794
P479340,1872
P479340,2343
P479340,4905
P479340,1871
P479340,1226
P479340,127
P479340,1875
P479340,224
P479340,806
P479340,634
P479340,72
P479340,47
P479340,1879
P479340,4906
P122782,1412
P122782,6595
P122782,1134
P122782,525
P122782,181
P122782,6596
P122782,6597
P122782,74
P122782,27
P122782,1805
P122782,524
P122782,841
P122782,450
P122782,3024
P122782,1352
P122782,637
P122782,131
P122782,3115
P122782,1523
P122782,36
P122782,1137
P122782,529
P122782,4
P122782,1368
P122782,238
P122782,5633
P122782,451
P122782,237
P122782,158
P122782,1002
P122782,4720
P122782,533
P122782,5311
P122782,6598
P122782,90
P122782,12
P122782,1734
P122782,1358
P122782,1507
P122782,4282
P122782,458
P122782,4170
P122782,1667
P122782,401
P122782,1146
P122782,3986
P122782,71
P122782,321
P122782,2433
P122782,117
P122782,169
P122782,390
P122782,404
P122782,1530
P122782,546
P122782,1318
P122782,51
P122782,91
P122782,3808
P122782,503
P122782,3818
P122782,6599
P122782,37
P122782,1390
P122782,491
P122782,1391
P122782,48
P122782,3816
P122782,2257
P122782,3817
P122782,3815
P122782,3810
P122782,3819
P474333,348
P474333,102
P474333,4
P474333,200
P474333,78
P474333,66
P474333,20
P474333,546
P474333,475
P474333,75
P474333,266
P474333,1294
P385631,83
P385631,89
P385631,308
P385631,7
P385631,448
P385631,4
P385631,449
P385631,450
P385631,451
P385631,60
P385631,452
P385631,453
P385631,454
P385631,455
P385631,20
P385631,131
P385631,456
P385631,457
P385631,74
P385631,458
P385631,459
P385631,460
P385631,461
P385631,462
P385631,463
P385631,8
P385631,72
P385631,390
P385631,10
P385631,93
P385631,91
P385631,266
P385631,464
P385631,465
P385631,6600
P385631,200
P385631,366
P385631,1425
P385631,75
P385631,78
P385631,51
P385631,2377
P385631,3989
P385631,48
P385631,6601
P385631,1082
P385631,1083
P385631,249
P385631,252
P385631,1084
P385631,1085
P385631,66
P385631,1087
P385631,809
P385631,884
P385631,606
P385631,1089
P385631,1090
P385631,901
P385631,392
P459129,83
P459129,61
P459129,4
P459129,89
P459129,1484
P459129,222
P459129,221
P459129,1637
P459129,1678
P459129,1677
P459129,7
P459129,8
P459129,106
P459129,1717
P459129,86
P459129,170
P459129,84
P459129,352
P459129,6602
P459129,764
P459129,520
P459129,131
P459129,92
P459129,342
P459129,135
P459129,804
P459129,91
P459129,549
P482006,100
P482006,4
P482006,9
P482006,2
P482006,274
P482006,878
P482006,5
P482006,8
P482006,10
P482006,744
P482006,93
P482006,12
P482006,268
P482006,4181
P482006,471
P479351,6603
P479351,6604
P479351,6605
P479351,6606
P479351,71
P479351,85
P479351,628
P479351,1162
P479351,27
P479351,6607
P479351,2781
P479351,956
P479351,5712
P479351,90
P479351,633
P479351,627
P479351,1851
P479351,677
P479351,70
P479351,1297
P479351,3951
P479351,704
P479351,657
P479351,6608
P479351,1123
P479351,2299
P479351,635
P479351,762
P479351,20
P479351,6609
P429954,2335
P429954,1661
P429954,3114
P429954,4
P429954,261
P429954,468
P429954,83
P429954,1306
P429954,693
P429954,110
P429954,1305
P429954,2188
P429954,3156
P429954,460
P429954,2179
P429954,4788
P429954,3972
P429954,75
P429954,6610
P429954,6611
P429954,6612
P429954,428
P429954,2183
P429954,2180
P429954,2182
P429954,2181
P429954,2187
P429954,2177
P429954,3230
P429954,70
P429954,1334
P429954,1483
P429954,884
P429954,675
P429954,430
P429954,1363
P429954,57
P429954,441
P429954,6613
P429954,58
P429954,4433
P429954,118
P429954,174
P429954,177
P462747,2335
P462747,1661
P462747,3114
P462747,4
P462747,261
P462747,468
P462747,83
P462747,1306
P462747,693
P462747,110
P462747,1305
P462747,2188
P462747,3156
P462747,460
P462747,2179
P462747,4788
P462747,3972
P462747,75
P462747,6610
P462747,6611
P462747,6612
P462747,428
P462747,2183
P462747,2180
P462747,2182
P462747,2181
P462747,2187
P462747,2177
P462747,3230
P462747,70
P462747,1334
P462747,1483
P462747,884
P462747,675
P462747,430
P462747,1363
P462747,57
P462747,441
P462747,6613
P462747,58
P462747,4433
P462747,118
P462747,174
P462747,272
P464234,138
P464234,1409
P464234,535
P464234,6614
P464234,454
P464234,290
P464234,66
P464234,2155
P464234,127
P464234,126
P464234,1872
P464234,20
P464234,1328
P464234,2156
P464234,2015
P464234,2455
P464234,60
P464234,4
P464234,6615
P464234,3173
P424378,1486
P482269,6616
P482269,6617
P482269,100
P482269,4
P482269,85
P482269,71
P482269,2691
P482269,1772
P482269,627
P482269,405
P482269,169
P482269,90
P482269,398
P482269,1905
P482269,393
P482269,91
P482269,301
P482269,45
P482269,634
P482269,57
P482269,1146
P482269,555
P482269,75
P482269,6618
P482269,1227
P482269,1598
P482269,762
P482269,121
P482269,10
P482269,2223
P482269,6619
P482269,74
P482269,3696
P482269,84
P482269,12
P482269,117
P482269,313
P482269,3714
P482269,679
P482269,402
P482269,6620
P482269,6621
P482269,272
P482269,710
P482269,557
P482269,527
P482269,174
P482269,692
P482269,471
P454095,6622
P454095,6623
P502326,100
P502326,1248
P502326,7
P502326,89
P502326,85
P502326,9
P502326,119
P502326,221
P502326,850
P502326,334
P502326,95
P502326,61
P502326,700
P502326,5303
P502326,544
P502326,422
P502326,69
P502326,5629
P502326,889
P502326,1951
P502326,4278
P502326,6624
P502326,1652
P502326,819
P502326,70
P502326,90
P502326,72
P502326,1749
P502326,166
P502326,117
P502326,684
P502326,71
P502326,4
P502326,76
P502326,398
P502326,1043
P502326,12
P502326,5
P502326,264
P502326,156
P502326,15
P502326,242
P502326,261
P502326,805
P502326,244
P502326,457
P502326,660
P502326,426
P502326,79
P502326,272
P502326,694
P502326,174
P502326,173
P502326,176
P502326,207
P502326,175
P502326,1995
P504309,5878
P504309,90
P504309,663
P504309,71
P504309,9
P504309,5879
P504309,306
P504309,1598
P504309,2151
P504309,398
P504309,5880
P504309,5881
P504309,5882
P504309,5883
P504309,301
P504309,117
P504309,131
P504309,745
P504309,2430
P504309,1251
P504309,4
P504309,1903
P504309,809
P504309,5884
P504309,5
P504309,72
P504309,317
P504309,482
P504309,252
P504309,5885
P504433,201
P504433,4
P504433,76
P504433,6372
P504433,835
P504433,89
P504433,9
P504433,5
P504433,1892
P504433,6625
P504433,5577
P504433,6626
P504433,6627
P504433,6628
P504433,6374
P504433,20
P504433,1295
P504433,1935
P504433,3112
P504433,2299
P504433,117
P504433,430
P504433,235
P504433,390
P504433,2793
P504433,57
P504433,12
P504433,72
P504433,2886
P504433,266
P504433,79
P296413,83
P296413,349
P296413,87
P296413,84
P296413,410
P296413,527
P296413,3422
P296413,6629
P296413,2544
P296413,131
P296413,1510
P296413,95
P296413,6630
P296413,6631
P296413,6632
P296413,6633
P296413,4651
P296413,6634
P296413,1371
P296413,6635
P296413,4
P296413,6636
P296413,7
P296413,122
P296413,91
P296413,72
P296413,390
P296413,252
P296413,57
P296413,549
P469510,1
P469510,89
P469510,4
P469510,7
P469510,297
P469510,6637
P469510,86
P469510,85
P469510,535
P469510,6638
P469510,106
P469510,484
P469510,170
P469510,160
P469510,153
P469510,747
P469510,127
P469510,2066
P469510,221
P469510,1204
P469510,222
P469510,20
P469510,850
P469510,96
P469510,554
P469510,2443
P469510,110
P469510,1379
P469510,117
P469510,92
P469510,131
P469510,63
P469510,262
P469510,2805
P469510,93
P469510,546
P469510,5004
P469510,706
P469510,72
P469510,12
P469510,76
P469510,6639
P469510,1380
P469510,2067
P469510,2849
P469510,6640
P469510,411
P469510,168
P469510,1212
P469510,313
P469510,8
P469510,91
P469510,4381
P470058,1160
P470058,3045
P470058,612
P470058,1161
P470058,2421
P470058,398
P470058,1162
P470058,2419
P470058,1130
P470058,71
P470058,72
P470058,88
P470058,235
P470058,56
P470058,234
P470058,1241
P470058,2151
P470058,1694
P470058,4
P470058,86
P470058,5712
P470058,2272
P470058,33
P470058,1904
P470058,9
P470058,1795
P470058,1581
P470058,1127
P470058,342
P470058,70
P470058,83
P470058,1731
P455613,83
P455613,20
P455613,88
P455613,90
P455613,234
P455613,4
P455613,835
P455613,235
P455613,33
P455613,342
P455613,1872
P455613,341
P455613,57
P455613,2365
P455613,748
P455613,394
P455613,391
P455613,206
P455613,237
P455613,2793
P455613,454
P455613,3078
P455613,266
P455613,673
P455613,1326
P455613,1325
P455613,70
P455613,445
P455613,6641
P455613,96
P455613,61
P455613,6415
P455613,1467
P455613,2066
P455613,627
P455613,2624
P455613,4437
P455613,6642
P455613,4130
P455613,4438
P484067,71
P484067,6643
P484067,6644
P484067,2978
P484067,1665
P484067,1173
P484067,5816
P484067,559
P484067,398
P484067,471
P417867,645
P417867,348
P417867,4
P417867,9
P417867,89
P417867,90
P417867,297
P417867,649
P417867,84
P417867,394
P417867,484
P417867,71
P417867,446
P417867,95
P417867,651
P417867,656
P417867,1324
P417867,1361
P417867,1174
P417867,67
P417867,1175
P417867,655
P417867,169
P417867,44
P417867,487
P417867,12
P417867,224
P417867,2074
P417867,8
P417867,5
P417867,72
P417867,57
P417867,1243
P417867,70
P417867,20
P417867,118
P417867,91
P417867,175
P417867,174
P417867,177
P433143,83
P433143,9
P433143,2760
P433143,89
P433143,274
P433143,676
P433143,880
P433143,363
P433143,1766
P433143,2757
P433143,131
P433143,102
P433143,1143
P433143,1797
P433143,92
P433143,1249
P433143,4809
P433143,5790
P433143,883
P433143,4
P433143,684
P433143,876
P433143,455
P433143,649
P433143,877
P433143,878
P433143,209
P433143,210
P433143,527
P433143,57
P433143,165
P433143,7
P433143,6645
P433143,93
P433143,75
P433143,78
P433143,72
P433143,246
P433143,91
P433143,79
P433143,174
P433143,272
P433143,467
P433143,1887
P433143,1009
P464235,2157
P464235,90
P464235,138
P464235,86
P464235,484
P464235,454
P464235,595
P464235,84
P464235,117
P464235,20
P464235,1290
P464235,1852
P464235,527
P464235,89
P464235,72
P464235,686
P464235,1872
P464235,2155
P464235,126
P464235,60
P464235,398
P464235,2156
P464235,2455
P464235,112
P464235,61
P464235,637
P464235,2015
P464235,66
P464235,2835
P464235,8
P464235,103
P464235,91
P464235,357
P462891,524
P462891,7
P462891,1295
P462891,75
P462891,78
P462891,539
P462891,1817
P462891,107
P462891,1513
P462891,1030
P462891,1029
P462891,598
P462891,175
P462891,272
P462891,174
P462891,1514
P462891,1352
P462891,183
P462891,3977
P462891,366
P462891,454
P462891,747
P462891,131
P462891,554
P462891,20
P462891,455
P462891,90
P462891,4
P462891,833
P462891,884
P462891,117
P462891,235
P462891,57
P462891,244
P462891,106
P462891,156
P462891,4100
P462891,2124
P462891,72
P462891,12
P462891,51
P462891,91
P462891,6324
P503747,404
P503747,405
P503747,71
P503747,406
P503747,30
P503747,407
P503747,385
P503747,70
P503747,72
P503747,100
P503747,794
P503747,392
P500716,6646
P500716,6647
P500716,1889
P500716,1346
P500716,9
P500716,297
P500716,7
P500716,4
P500716,878
P500716,76
P500716,787
P500716,6648
P500716,1894
P500716,1891
P500716,2040
P500716,2041
P500716,274
P500716,70
P500716,222
P500716,221
P500716,130
P500716,61
P500716,132
P500716,71
P500716,595
P500716,93
P500716,8
P500716,240
P500716,2042
P500716,2043
P500716,106
P500716,2044
P500716,5
P500716,72
P500716,2045
P500716,78
P500716,91
P500716,121
P500716,174
P500716,2046
P500716,6649
P500716,709
P500716,84
P500716,1216
P500716,89
P500716,2061
P500716,1564
P500716,87
P500716,88
P500716,29
P500716,85
P500716,767
P500716,191
P500716,2062
P500716,2063
P500716,1671
P500716,1204
P500716,2064
P500716,20
P500716,454
P500716,2065
P500716,706
P500716,2066
P500716,2067
P500716,747
P500716,66
P500716,131
P500716,1929
P500716,2068
P500716,943
P500716,1043
P500716,95
P500716,60
P500716,535
P500716,161
P500716,2069
P500716,1661
P500716,2070
P500716,1446
P500716,1448
P500716,1229
P500716,666
P500716,795
P500716,129
P500716,291
P500716,166
P500716,805
P500716,107
P500716,12
P500716,390
P500716,1670
P500716,1637
P500716,75
P500716,441
P500716,1680
P500716,266
P500716,206
P500716,1294
P500716,6650
P500716,24
P500716,86
P500716,170
P500716,555
P500716,97
P500716,3765
P500716,696
P500716,1876
P500716,4025
P500716,2778
P500716,4026
P500716,3034
P500716,3033
P500716,5883
P500716,74
P500716,527
P500716,843
P500716,1119
P500716,246
P500716,5677
P505049,100
P505049,955
P505049,956
P505049,9
P505049,274
P505049,463
P505049,244
P505049,2139
P505049,90
P505049,454
P505049,1851
P505049,1812
P505049,2352
P505049,1305
P505049,657
P505049,831
P505049,233
P505049,117
P505049,129
P505049,132
P505049,1709
P505049,635
P505049,2351
P505049,97
P505049,6241
P505049,6651
P505049,6652
P505049,2301
P505049,3692
P505049,131
P505049,20
P505049,5698
P505049,911
P505049,70
P505049,401
P505049,396
P505049,158
P505049,616
P505049,107
P505049,6653
P505049,745
P505049,6654
P505049,4807
P505049,4808
P505049,1404
P505049,395
P505049,3165
P505049,72
P505049,156
P505049,4
P505049,12
P505049,390
P505049,403
P505049,242
P505049,15
P505049,7
P505049,76
P505049,57
P505049,8
P505049,79
P505049,266
P505049,5
P505049,1623
P505049,392
P483708,50
P483708,7
P483708,4
P483708,1732
P483708,178
P483708,71
P483708,138
P483708,23
P483708,5
P483708,86
P483708,746
P483708,302
P483708,170
P483708,88
P483708,244
P483708,1387
P483708,153
P483708,1284
P483708,38
P483708,3732
P483708,1176
P483708,39
P483708,174
P483708,3658
P483708,242
P483708,9
P483708,12
P483708,93
P483708,130
P483708,106
P483708,4336
P483708,156
P483708,5839
P483708,5840
P483708,272
P483708,832
P483708,5841
P483708,173
P483708,811
P483708,858
P483708,1672
P483708,175
P483708,176
P483708,2744
P483708,2747
P483708,3734
P483708,2745
P483708,3735
P483708,207
P483708,1430
P483708,6473
P483708,471
P483692,50
P483692,7
P483692,4
P483692,1732
P483692,178
P483692,71
P483692,138
P483692,23
P483692,5
P483692,86
P483692,746
P483692,302
P483692,170
P483692,88
P483692,244
P483692,1387
P483692,153
P483692,1284
P483692,38
P483692,3732
P483692,1176
P483692,39
P483692,174
P483692,3658
P483692,242
P483692,9
P483692,12
P483692,93
P483692,130
P483692,106
P483692,4336
P483692,156
P483692,5839
P483692,5840
P483692,272
P483692,832
P483692,5841
P483692,173
P483692,811
P483692,858
P483692,1672
P483692,175
P483692,176
P483692,2744
P483692,2747
P483692,3734
P483692,2745
P483692,3735
P483692,207
P483692,1430
P483692,6473
P483692,471
P461667,6655
P461667,308
P461667,138
P461667,178
P461667,1147
P461667,1216
P461667,1357
P461667,627
P461667,2091
P461667,591
P442752,83
P442752,4
P442752,1544
P442752,3026
P442752,828
P442752,1545
P442752,222
P442752,221
P442752,1546
P442752,1292
P442752,1547
P442752,472
P442752,20
P442752,92
P442752,225
P442752,223
P442752,230
P442752,232
P442752,227
P442752,229
P442752,231
P442752,226
P442752,228
P442752,224
P442752,236
P442752,455
P442752,807
P442752,808
P442752,1158
P442752,684
P442752,133
P442752,241
P442752,240
P442752,75
P442752,1548
P442752,252
P442752,78
P442752,7
P442752,76
P442752,1363
P442752,57
P442752,8
P442752,106
P442752,275
P442752,79
P442752,72
P442752,12
P442752,91
P442752,279
P501781,100
P501781,7
P501781,3483
P501781,1144
P501781,74
P501781,235
P501781,6656
P501781,9
P501781,1725
P501781,1295
P501781,6657
P501781,209
P501781,756
P501781,1817
P501781,274
P501781,20
P501781,6658
P501781,109
P501781,6523
P501781,2951
P501781,1352
P501781,116
P501781,5610
P501781,6659
P501781,4
P501781,210
P501781,6660
P501781,2512
P501781,1598
P501781,12
P501781,84
P501781,15
P501781,91
P501781,72
P501781,5657
P501781,445
P501781,1593
P501781,6661
P467973,1
P467973,71
P467973,393
P467973,402
P467973,529
P467973,1042
P467973,1566
P467973,88
P467973,76
P467973,4
P467973,274
P467973,400
P467973,394
P467973,86
P467973,170
P467973,244
P467973,5579
P467973,117
P467973,634
P467973,635
P467973,90
P467973,97
P467973,9
P467973,399
P467973,2507
P467973,60
P467973,263
P467973,91
P467973,12
P467973,279
P478731,50
P478731,107
P478731,4
P478731,7
P478731,71
P478731,4110
P478731,244
P478731,161
P478731,70
P478731,1660
P478731,750
P478731,66
P478731,583
P478731,1178
P478731,1072
P478731,749
P478731,95
P478731,112
P478731,539
P478731,109
P478731,20
P478731,1275
P478731,673
P478731,472
P478731,79
P478731,266
P478731,76
P478731,75
P478731,156
P478731,242
P478731,633
P478731,102
P478731,57
P478731,78
P478731,72
P478731,264
P478731,263
P478731,12
P478731,392
P38217,83
P38217,349
P38217,87
P38217,84
P38217,527
P38217,4
P38217,892
P38217,684
P38217,876
P38217,455
P38217,649
P38217,877
P38217,878
P38217,1696
P38217,62
P38217,2380
P38217,3230
P38217,161
P38217,1457
P38217,112
P38217,20
P38217,1726
P38217,842
P38217,183
P38217,4428
P38217,70
P38217,563
P38217,2377
P38217,7
P38217,166
P38217,8
P38217,57
P38217,91
P38217,72
P38217,246
P38217,174
P38217,272
P38217,687
P107306,83
P107306,7
P107306,6662
P107306,76
P107306,525
P107306,617
P107306,4
P107306,323
P107306,662
P107306,527
P107306,84
P107306,86
P107306,170
P107306,1700
P107306,1199
P107306,89
P107306,1165
P107306,684
P107306,876
P107306,455
P107306,649
P107306,877
P107306,878
P107306,1143
P107306,2778
P107306,6663
P107306,1242
P107306,730
P107306,1527
P107306,221
P107306,127
P107306,20
P107306,3230
P107306,2380
P107306,70
P107306,563
P107306,62
P107306,1671
P107306,1670
P107306,71
P107306,133
P107306,161
P107306,6046
P107306,1637
P107306,117
P107306,8
P107306,106
P107306,3371
P107306,805
P107306,93
P107306,74
P107306,91
P107306,72
P107306,246
P107306,1476
P447785,83
P447785,1812
P447785,208
P447785,4
P447785,3491
P447785,131
P447785,91
P447785,878
P447785,161
P447785,166
P447785,298
P447785,76
P447785,544
P447785,756
P447785,12
P447785,78
P447785,132
P447785,33
P447785,3525
P447785,1243
P447785,2069
P447785,75
P447785,1476
P481096,348
P481096,747
P481096,4
P481096,1295
P481096,1127
P481096,9
P481096,209
P481096,210
P481096,4950
P481096,197
P481096,2323
P481096,1120
P481096,18
P481096,2667
P481096,313
P481096,3324
P481096,590
P481096,1245
P481096,190
P481096,235
P481096,7
P481096,189
P481096,198
P481096,430
P481096,6248
P481096,2668
P481096,1255
P481096,131
P481096,5638
P481096,6664
P481096,191
P481096,132
P481096,376
P91627362,6655
P91627362,308
P91627362,138
P91627362,178
P91627362,1147
P91627362,1216
P91627362,1357
P91627362,627
P91627362,2091
P91627362,591
P480629,100
P480629,9
P480629,107
P480629,304
P480629,90
P480629,1725
P480629,108
P480629,2701
P480629,2555
P480629,102
P480629,78
P480629,74
P480629,235
P480629,1817
P480629,274
P480629,133
P480629,5065
P480629,1872
P480629,6665
P480629,6666
P480629,6667
P480629,4
P480629,72
P480629,209
P480629,210
P480629,2512
P480629,15
P480629,1593
P480629,548
P480629,549
P471039,100
P471039,382
P471039,383
P471039,9
P471039,110
P471039,642
P471039,411
P471039,5
P471039,475
P471039,74
P471039,6668
P471039,6669
P471039,1057
P471039,1944
P471039,1481
P471039,621
P471039,66
P471039,6670
P471039,469
P471039,6671
P471039,224
P471039,1363
P471039,75
P471039,668
P471039,667
P471039,57
P471039,265
P471039,441
P471039,430
P471039,676
P471039,310
P471039,745
P471039,1476
P458546,83
P458546,2719
P458546,9
P458546,683
P458546,2781
P458546,29
P458546,6672
P458546,6673
P458546,322
P458546,178
P458546,4
P458546,57
P458546,682
P458546,745
P458546,313
P458546,117
P458546,679
P458546,5
P458546,72
P458546,430
P458546,169
P458546,74
P458546,426
P458546,12
P458546,265
P458546,1151
P458546,118
P458546,471
P501190,100
P501190,4
P501190,7
P501190,1173
P501190,1321
P501190,89
P501190,809
P501190,76
P501190,61
P501190,244
P501190,742
P501190,107
P501190,274
P501190,850
P501190,90
P501190,97
P501190,428
P501190,1674
P501190,128
P501190,2063
P501190,66
P501190,130
P501190,2139
P501190,736
P501190,828
P501190,132
P501190,102
P501190,5651
P501190,225
P501190,1645
P501190,460
P501190,5
P501190,72
P501190,71
P501190,169
P501190,117
P501190,265
P501190,546
P501190,156
P501190,8
P501190,2766
P501190,103
P501190,430
P501190,95
P501190,60
P501190,317
P501190,1309
P501190,1767
P501190,835
P501190,543
P501190,1769
P501190,1656
P501190,2621
P501190,1352
P501190,1770
P501190,2622
P501190,1657
P501190,2623
P501190,1653
P501190,637
P501190,2624
P501190,1771
P501190,91
P501190,80
P501243,348
P501243,71
P501243,102
P501243,90
P501243,78
P501243,484
P501243,264
P501243,107
P501243,4
P501243,1017
P501243,76
P501243,9
P501243,411
P501243,20
P501243,66
P501243,863
P501243,169
P501243,581
P501243,6674
P501243,1709
P501243,2541
P501243,1997
P501243,627
P501243,1219
P501243,1220
P501243,129
P501243,1460
P501243,369
P501243,57
P501243,1464
P501243,39
P501243,263
P501243,72
P501243,12
P501243,313
P501243,5
P501243,1913
P501243,79
P501243,266
P501243,376
P420143,2000
P420143,382
P420143,6675
P420143,6676
P420143,3972
P420143,6677
P420143,6678
P420143,6679
P420143,383
P420143,2188
P420143,1464
P420143,3224
P420143,83
P420143,4
P420143,1117
P420143,3226
P420143,2337
P420143,6680
P420143,626
P420143,6611
P420143,6681
P420143,4788
P420143,777
P420143,749
P420143,5449
P420143,1072
P420143,2177
P420143,6469
P420143,2183
P420143,2180
P420143,2182
P420143,2181
P420143,2187
P420143,1334
P420143,414
P420143,39
P420143,441
P420143,430
P420143,4433
P420143,272
P420143,174
P420143,176
P420143,173
P420143,175
P420143,694
P420143,6682
P500098,404
P500098,1
P500098,71
P500098,703
P500098,5642
P500098,84
P500098,5643
P500098,87
P500098,10
P500098,482
P500098,708
P500098,117
P500098,311
P500098,106
P500098,411
P500098,235
P500098,2052
P500098,394
P500098,382
P500098,2430
P500098,1725
P500098,261
P500098,1293
P500098,1295
P500098,2550
P500098,5
P500098,79
P500098,72
P500098,92
P500098,131
P500098,155
P500098,7
P500098,1903
P500098,119
P500098,468
P500098,588
P500098,75
P500098,66
P500098,745
P500098,20
P500098,2987
P500098,161
P500098,114
P500098,95
P500098,1456
P500098,1309
P500098,3841
P500098,5644
P500098,1653
P500098,1119
P500098,4582
P500098,5098
P442753,83
P442753,9
P442753,828
P442753,15
P442753,812
P442753,252
P442753,277
P442753,275
P442753,266
P442753,91
P442753,279
P474824,100
P474824,274
P474824,9
P474824,71
P474824,4
P474824,127
P474824,1872
P474824,1785
P474824,1556
P474824,20
P474824,107
P474824,237
P474824,238
P474824,6460
P474824,428
P474824,129
P474824,2558
P474824,130
P474824,3031
P474824,133
P474824,95
P474824,776
P474824,70
P474824,102
P474824,108
P474824,265
P474824,78
P474824,527
P474824,6322
P474824,484
P474824,87
P474824,168
P474824,1212
P474824,12
P474824,459
P474824,165
P474824,3177
P474824,1652
P474824,2620
P474824,1309
P474824,91
P474824,79
P474824,266
P435975,348
P435975,2043
P435975,87
P435975,2144
P435975,7
P435975,4
P435975,2044
P435975,2045
P435975,527
P435975,85
P435975,138
P435975,89
P435975,91
P435975,529
P435975,553
P435975,554
P435975,8
P435975,152
P435975,555
P435975,246
P435975,72
P435975,57
P435975,556
P435975,92
P435975,66
P435975,93
P435975,131
P435975,558
P435975,559
P435975,64
P435975,78
P435975,61
P435975,561
P435975,240
P435975,56
P435975,562
P435975,12
P435975,20
P435975,70
P435975,221
P435975,222
P435975,563
P435975,564
P435975,49
P435975,75
P435975,565
P435975,272
P435975,173
P435975,566
P483658,1822
P483658,83
P483658,71
P483658,234
P483658,4
P483658,88
P483658,56
P483658,6683
P483658,70
P483658,520
P483658,61
P483658,1212
P483658,484
P483658,168
P483658,1598
P483658,206
P483658,57
P483658,6684
P442757,71
P442757,90
P442757,1780
P442757,398
P442757,4322
P442757,2433
P442757,6685
P442757,1219
P442757,1251
P442757,62
P442757,2781
P442757,211
P442757,4331
P442757,1665
P442757,5851
P442757,2930
P442757,2573
P442757,637
P442757,471
P379907,1891
P379907,1934
P379907,1216
P379907,71
P379907,157
P379907,1715
P379907,696
P379907,70
P379907,3513
P379907,1058
P379907,4278
P379907,566
P455899,55
P455899,4
P455899,833
P455899,6686
P455899,924
P455899,473
P455899,224
P455899,225
P455899,223
P455899,230
P455899,232
P455899,227
P455899,229
P455899,231
P455899,226
P455899,228
P455899,236
P455899,241
P455899,133
P455899,240
P455899,366
P455899,75
P455899,9
P455899,275
P455899,278
P455899,106
P455899,266
P455899,3163
P455899,79
P455899,390
P455899,5
P455899,91
P455899,474
P417984,83
P417984,4
P417984,7
P417984,289
P417984,9
P417984,809
P417984,1399
P417984,2527
P417984,3476
P417984,831
P417984,455
P417984,833
P417984,454
P417984,158
P417984,622
P417984,20
P417984,140
P417984,787
P417984,166
P417984,842
P417984,1402
P417984,131
P417984,8
P417984,690
P417984,75
P417984,747
P417984,2377
P417984,47
P417984,78
P417984,441
P417984,93
P417984,51
P417984,246
P417984,91
P417984,465
P417984,1009
P480160,348
P480160,4
P480160,7
P480160,71
P480160,671
P480160,88
P480160,748
P480160,235
P480160,672
P480160,1790
P480160,764
P480160,1237
P480160,9
P480160,801
P480160,1240
P480160,2916
P480160,555
P480160,8
P480160,72
P480160,57
P480160,19
P480160,1288
P480160,266
P480160,70
P480160,61
P480160,130
P480160,78
P480160,430
P480160,2370
P480160,3734
P480160,568
P480160,176
P480160,272
P480160,6193
P469530,1
P469530,4
P469530,1886
P469530,349
P469530,593
P469530,9
P469530,595
P469530,71
P469530,3942
P469530,58
P469530,84
P469530,1198
P469530,1482
P469530,2492
P469530,1893
P469530,223
P469530,224
P469530,2066
P469530,231
P469530,366
P469530,274
P469530,19
P469530,2298
P469530,225
P469530,229
P469530,230
P469530,806
P469530,764
P469530,2311
P469530,6687
P469530,96
P469530,460
P469530,878
P469530,811
P469530,241
P469530,910
P469530,240
P469530,1130
P469530,133
P469530,911
P469530,206
P469530,15
P469530,596
P469530,1583
P469530,6688
P500114,1
P500114,7
P500114,90
P500114,274
P500114,2549
P500114,235
P500114,2430
P500114,71
P500114,1725
P500114,131
P500114,39
P500114,117
P500114,10
P500114,463
P500114,454
P500114,1293
P500114,1295
P500114,2550
P500114,75
P500114,155
P500114,161
P500114,809
P500114,546
P500114,127
P500114,1903
P500114,8
P500114,1464
P500114,20
P500114,119
P500114,363
P500114,588
P500114,5
P500114,261
P500114,51
P500114,745
P500114,79
P500114,72
P500114,450
P500114,96
P500114,278
P500114,2551
P500114,1766
P500114,2552
P500114,91
P500114,1556
P500114,199
P500114,156
P500114,331
P500114,2553
P500114,2554
P400205,6689
P400205,3793
P400205,6690
P400205,627
P400205,6691
P400205,3338
P400205,6692
P462339,524
P462339,89
P462339,525
P462339,7
P462339,526
P462339,527
P462339,528
P462339,29
P462339,5697
P462339,475
P462339,90
P462339,1398
P462339,86
P462339,394
P462339,1037
P462339,531
P462339,1939
P462339,255
P462339,1603
P462339,1924
P462339,833
P462339,532
P462339,20
P462339,131
P462339,161
P462339,538
P462339,454
P462339,5698
P462339,1506
P462339,1802
P462339,274
P462339,696
P462339,401
P462339,121
P462339,4
P462339,72
P462339,533
P462339,535
P462339,166
P462339,8
P462339,536
P462339,537
P462339,135
P462339,78
P462339,174
P462339,173
P462339,176
P462339,272
P462339,51
P462339,686
P462339,246
P462339,392
P473725,55
P473725,264
P473725,4
P473725,304
P473725,78
P473725,107
P473725,358
P473725,716
P473725,76
P473725,441
P473725,244
P473725,675
P473725,6693
P473725,57
P473725,75
P473725,382
P473725,366
P473725,156
P473725,242
P473725,79
P473725,80
P442850,83
P442850,4
P442850,3139
P442850,1934
P442850,6694
P442850,9
P442850,670
P442850,463
P442850,764
P442850,6695
P442850,2997
P442850,2255
P442850,1696
P442850,2254
P442850,19
P442850,1099
P442850,1766
P442850,97
P442850,401
P442850,396
P442850,158
P442850,395
P442850,360
P442850,65
P442850,2376
P442850,4866
P442850,6696
P442850,61
P442850,95
P442850,66
P442850,70
P442850,15
P442850,7
P442850,57
P442850,12
P442850,403
P442850,8
P442850,91
P442850,266
P442850,79
P442850,75
P442850,273
P379711,2175
P379711,83
P379711,1199
P379711,2178
P379711,71
P379711,2177
P379711,547
P379711,4
P379711,88
P379711,2176
P379711,2465
P379711,209
P379711,2472
P379711,2179
P379711,748
P379711,210
P379711,2478
P379711,110
P379711,313
P379711,20
P379711,2180
P379711,2181
P379711,3564
P379711,2183
P379711,430
P379711,2187
P379711,2481
P379711,2182
P379711,2184
P379711,9
P379711,2482
P379711,1334
P379711,2185
P379711,2188
P379711,175
P379711,173
P379711,694
P379711,176
P379711,174
P379711,177
P500094,1
P500094,7
P500094,90
P500094,2549
P500094,235
P500094,274
P500094,4
P500094,1725
P500094,756
P500094,1295
P500094,39
P500094,2433
P500094,2550
P500094,106
P500094,10
P500094,463
P500094,261
P500094,161
P500094,20
P500094,107
P500094,1464
P500094,2083
P500094,9
P500094,75
P500094,5
P500094,6697
P500094,363
P500094,5214
P500094,255
P500094,745
P500094,72
P500094,6698
P500094,79
P500094,1709
P500094,95
P500094,1556
P500094,1404
P500094,2524
P471227,348
P471227,7
P471227,4
P471227,88
P471227,235
P471227,87
P471227,1237
P471227,71
P471227,6699
P471227,770
P471227,1725
P471227,161
P471227,555
P471227,90
P471227,801
P471227,102
P471227,748
P471227,398
P471227,131
P471227,206
P471227,78
P471227,1363
P471227,57
P471227,72
P471227,2601
P471227,224
P471227,391
P471227,174
P471227,272
P471227,20
P471227,8
P471227,430
P471227,365
P471227,5
P471227,70
P471227,667
P471227,568
P471227,566
P398761,99
P398761,100
P398761,104
P398761,106
P398761,107
P398761,108
P398761,110
P398761,95
P398761,111
P398761,114
P398761,112
P398761,777
P398761,749
P398761,750
P398761,4
P398761,113
P398761,115
P398761,116
P398761,103
P398761,93
P398761,75
P398761,71
P398761,60
P398761,1652
P398761,1653
P398761,317
P398761,835
P398761,1654
P398761,1657
P398761,1655
P398761,1551
P398761,637
P398761,543
P398761,1658
P398761,1353
P398761,1656
P398761,1309
P398761,122
P398761,91
P398761,79
P398761,80
P398761,124
P398761,125
P398761,20
P398761,360
P398761,331
P398761,129
P398761,130
P398761,126
P398761,128
P398761,132
P398761,133
P398761,7
P398761,134
P398761,135
P429662,1
P429662,74
P429662,7
P429662,206
P429662,618
P429662,200
P429662,57
P429662,716
P429662,322
P429662,102
P429662,120
P429662,3569
P429662,78
P429662,93
P429662,4
P429662,366
P429662,3825
P429662,963
P429662,71
P429662,131
P429662,355
P429662,2778
P429662,79
P429662,266
P429662,6700
P429662,6701
P429662,1355
P429662,6702
P296415,83
P296415,1216
P296415,4388
P296415,4
P296415,84
P296415,90
P296415,7
P296415,89
P296415,87
P296415,88
P296415,535
P296415,475
P296415,76
P296415,2544
P296415,833
P296415,131
P296415,6703
P296415,6704
P296415,3825
P296415,1527
P296415,221
P296415,6630
P296415,3569
P296415,765
P296415,855
P296415,71
P296415,291
P296415,166
P296415,78
P296415,72
P296415,770
P296415,390
P296415,91
P296415,93
P296415,467
P296415,133
P296415,8
P296415,106
P296415,240
P296415,549
P457442,55
P457442,9
P457442,76
P457442,4
P457442,235
P457442,1420
P457442,5
P457442,1178
P457442,4778
P457442,166
P457442,568
P457442,266
P457442,75
P457442,679
P457442,8
P457442,676
P457442,1127
P457442,842
P457442,2618
P457442,79
P457442,78
P457442,118
P457442,3474
P457442,1363
P457442,455
P457442,2378
P457442,4363
P232327,6705
P232327,4722
P232327,6706
P232327,4721
P232327,6707
P232327,1364
P232327,7
P232327,1162
P232327,552
P232327,529
P232327,170
P232327,74
P232327,3153
P232327,786
P232327,89
P232327,86
P232327,5632
P232327,1730
P232327,1846
P232327,2124
P232327,454
P232327,555
P232327,809
P232327,2406
P232327,6708
P232327,527
P232327,3539
P232327,12
P232327,463
P232327,2407
P232327,1002
P232327,117
P232327,1109
P232327,3452
P232327,131
P232327,72
P232327,4720
P232327,84
P232327,57
P232327,390
P232327,4170
P232327,93
P232327,91
P232327,33
P232327,6709
P503197,100
P503197,61
P503197,527
P503197,4
P503197,88
P503197,209
P503197,210
P503197,5261
P503197,9
P503197,382
P503197,261
P503197,1872
P503197,2362
P503197,617
P503197,6710
P503197,313
P503197,748
P503197,72
P503197,5
P503197,2052
P503197,1363
P503197,57
P503197,75
P503197,819
P503197,1276
P503197,366
P503197,884
P503197,627
P503197,808
P503197,6711
P503197,71
P503197,742
P503197,440
P503197,169
P503197,426
P503197,549
P504429,55
P504429,317
P504429,304
P504429,76
P504429,1420
P504429,4
P504429,673
P504429,20
P504429,265
P504429,57
P504429,79
P504429,430
P504429,75
P504429,1709
P504429,313
P504429,6712
P427405,83
P427405,4
P427405,7
P427405,222
P427405,221
P427405,1546
P427405,20
P427405,1548
P427405,880
P427405,165
P427405,676
P427405,15
P427405,8
P427405,106
P427405,278
P427405,91
P427405,279
P469519,1
P469519,138
P469519,4
P469519,6713
P469519,106
P469519,152
P469519,237
P469519,1146
P469519,238
P469519,129
P469519,1749
P469519,2221
P469519,2156
P469519,20
P469519,2939
P469519,1556
P469519,5632
P469519,96
P469519,831
P469519,1651
P469519,2380
P469519,2012
P469519,3532
P469519,117
P469519,71
P469519,885
P469519,169
P469519,595
P469519,7
P469519,166
P469519,57
P469519,461
P469519,462
P469519,805
P469519,93
P469519,79
P469519,12
P469519,91
P469519,246
P469519,122
P469519,781
P462829,71
P462829,4
P462829,100
P462829,90
P462829,5654
P462829,349
P462829,2679
P462829,913
P462829,427
P462829,414
P462829,1334
P462829,420
P462829,587
P462829,363
P462829,1363
P462829,987
P462829,1130
P462829,2687
P462829,637
P462829,426
P462829,12
P462829,265
P462829,70
P462829,376
P6028,83
P6028,6714
P6028,6715
P6028,6716
P6028,6717
P6028,2929
P6028,1966
P6028,6718
P6028,555
P6028,6719
P6028,660
P6028,72
P6028,568
P6028,24
P6028,206
P6028,6720
P6028,57
P6028,2463
P6028,6721
P6028,7
P6028,6722
P6028,6723
P6028,6724
P6028,6725
P6028,391
P6028,6726
P6028,207
P6028,271
P6028,174
P6028,6727
P501169,100
P501169,2
P501169,49
P501169,275
P501169,5707
P501169,805
P501169,107
P501169,70
P501169,96
P501169,1556
P501169,2611
P501169,20
P501169,102
P501169,130
P501169,4
P501169,392
P504421,6728
P504421,6729
P504421,55
P504421,61
P504421,4
P504421,878
P504421,1420
P504421,676
P504421,5
P504421,627
P504421,8
P504421,39
P504421,20
P504421,78
P504421,430
P504421,3237
P504421,70
P504421,6730
P433973,100
P433973,9
P433973,76
P433973,2384
P433973,905
P433973,420
P433973,1070
P433973,554
P433973,990
P433973,752
P433973,1179
P433973,2385
P433973,132
P433973,860
P433973,2386
P433973,95
P433973,84
P433973,70
P433973,771
P433973,2387
P433973,1159
P433973,71
P433973,1146
P433973,595
P433973,133
P433973,265
P433973,4
P433973,426
P433973,455
P433973,237
P433973,117
P433973,174
P433973,272
P433973,175
P433973,173
P433973,6731
P461935,6732
P461935,348
P461935,4
P461935,9
P461935,138
P461935,304
P461935,1128
P461935,76
P461935,7
P461935,2575
P461935,1211
P461935,743
P461935,790
P461935,90
P461935,18
P461935,20
P461935,472
P461935,19
P461935,878
P461935,2576
P461935,1892
P461935,815
P461935,72
P461935,8
P461935,804
P461935,1363
P461935,2577
P461935,161
P461935,57
P461935,455
P461935,684
P461935,12
P461935,130
P461935,5
P461935,133
P461935,230
P461935,808
P461935,667
P461935,199
P461935,669
P461935,679
P461935,2578
P461935,678
P461935,465
P461935,2579
P461935,2580
P474326,348
P474326,65
P474326,88
P474326,71
P474326,234
P474326,39
P474326,4
P474326,90
P474326,86
P474326,1144
P474326,358
P474326,29
P474326,2753
P474326,20
P474326,1344
P474326,95
P474326,66
P474326,1112
P474326,189
P474326,185
P474326,235
P474326,1127
P474326,748
P474326,668
P474326,2017
P474326,670
P474326,75
P474326,263
P474326,1130
P474326,78
P474326,173
P474326,566
P392945,83
P392945,4
P392945,7
P392945,742
P392945,153
P392945,441
P392945,244
P392945,274
P392945,278
P392945,2544
P392945,1891
P392945,6733
P392945,75
P392945,833
P392945,2219
P392945,1527
P392945,221
P392945,72
P392945,57
P392945,757
P392945,12
P392945,390
P392945,93
P392945,1218
P392945,242
P392945,156
P392945,403
P392945,8
P392945,106
P392945,97
P392945,396
P392945,395
P392945,401
P392945,158
P392945,132
P392945,91
P392945,467
P392945,5677
P481748,348
P481748,3673
P481748,742
P481748,747
P481748,86
P481748,527
P481748,1544
P481748,2701
P481748,1556
P481748,460
P481748,1828
P481748,1759
P481748,1700
P481748,5580
P481748,20
P481748,2012
P481748,420
P481748,107
P481748,197
P481748,414
P481748,61
P481748,868
P481748,192
P481748,6734
P481748,1938
P481748,208
P481748,427
P481748,265
P481748,1353
P481748,1325
P481748,189
P481748,190
P481748,1326
P481748,191
P481748,1255
P481748,1920
P481748,198
P481748,1939
P481748,1388
P481748,352
P481748,9
P481748,745
P481748,4
P481748,8
P481748,317
P481748,209
P481748,210
P481748,1463
P481748,15
P481748,1412
P481748,252
P481748,532
P481748,70
P481748,563
P481748,441
P481748,78
P481748,7
P481748,75
P481748,5
P481748,91
P481748,79
P481748,266
P481748,1132
P442759,83
P442759,9
P442759,878
P442759,133
P442759,161
P442759,240
P442759,224
P442759,241
P442759,236
P442759,225
P442759,223
P442759,230
P442759,231
P442759,232
P442759,229
P442759,227
P442759,2298
P442759,226
P442759,228
P442759,806
P442759,75
P442759,275
P442759,106
P442759,15
P442759,5
P442759,474
P503827,100
P503827,4
P503827,90
P503827,71
P503827,88
P503827,87
P503827,627
P503827,9
P503827,394
P503827,313
P503827,6735
P503827,127
P503827,2541
P503827,331
P503827,274
P503827,398
P503827,559
P503827,520
P503827,703
P503827,29
P503827,20
P503827,762
P503827,417
P503827,633
P503827,70
P503827,131
P503827,776
P503827,3835
P503827,4268
P503827,265
P503827,1130
P503827,5
P503827,79
P503827,266
P503827,589
P503827,590
P503827,75
P503827,2302
P443837,83
P443837,382
P443837,4
P443837,71
P443837,88
P443837,209
P443837,61
P443837,411
P443837,91
P443837,210
P443837,87
P443837,84
P443837,206
P443837,666
P443837,1127
P443837,717
P443837,6736
P443837,70
P443837,131
P443837,57
P443837,1457
P443837,391
P443837,15
P443837,6737
P443837,78
P443837,266
P443837,1294
P500039,348
P500039,4
P500039,9
P500039,208
P500039,90
P500039,234
P500039,209
P500039,65
P500039,210
P500039,274
P500039,828
P500039,1204
P500039,221
P500039,222
P500039,2064
P500039,70
P500039,463
P500039,75
P500039,235
P500039,57
P500039,1130
P500039,1637
P500039,1680
P500039,1677
P500039,1678
P500039,6738
P500039,79
P500039,266
P500039,1388
P500039,72
P500039,441
P500039,173
P500039,566
P405944,89
P405944,83
P405944,7
P405944,4
P405944,782
P405944,1521
P405944,1746
P405944,825
P405944,1631
P405944,442
P405944,6739
P405944,796
P405944,789
P405944,844
P405944,790
P405944,584
P405944,543
P405944,286
P405944,6740
P405944,1801
P405944,310
P405944,315
P405944,482
P405944,311
P405944,1117
P405944,488
P405944,321
P405944,84
P405944,787
P405944,1329
P405944,70
P405944,6741
P423135,100
P423135,155
P423135,2
P423135,662
P423135,786
P423135,627
P423135,29
P423135,89
P423135,4
P423135,3673
P423135,252
P423135,482
P423135,3925
P423135,2064
P423135,554
P423135,6742
P423135,62
P423135,2380
P423135,6743
P423135,6744
P423135,422
P423135,1327
P423135,1043
P423135,1899
P423135,2622
P423135,819
P423135,61
P423135,700
P423135,334
P423135,6351
P423135,4461
P423135,20
P423135,131
P423135,360
P423135,339
P423135,684
P423135,1238
P423135,1734
P423135,6745
P423135,417
P423135,7
P423135,72
P423135,12
P423135,390
P423135,272
P423135,176
P423135,173
P423135,392
P122876,524
P122876,200
P122876,366
P122876,1425
P122876,7
P122876,4
P122876,455
P122876,20
P122876,78
P122876,4101
P122876,51
P122876,91
P122876,2377
P122876,2519
P477492,66
P477492,4
P477492,29
P477492,61
P477492,671
P477492,49
P477492,538
P477492,475
P477492,100
P477492,430
P477492,20
P477492,169
P477492,522
P477492,899
P477492,1790
P477492,627
P477492,520
P477492,672
P477492,764
P477492,2250
P477492,70
P477492,559
P477492,185
P477492,2541
P477492,2543
P477492,6746
P477492,3050
P477492,4130
P477492,6747
P477492,2624
P477492,4864
P477492,3054
P477492,6415
P477492,6748
P477492,1112
P477492,189
P477492,667
P477492,313
P477492,96
P477492,206
P477492,391
P477492,266
P477492,192
P477492,322
P477492,637
P477492,3470
P477492,75
P477492,175
P477492,174
P477492,272
P477492,207
P477492,2438
P468396,100
P468396,7
P468396,274
P468396,4
P468396,4110
P468396,1412
P468396,743
P468396,660
P468396,833
P468396,3280
P468396,601
P468396,599
P468396,1031
P468396,1030
P468396,2814
P468396,2812
P468396,2810
P468396,2811
P468396,1034
P468396,2815
P468396,405
P468396,272
P468396,176
P468396,173
P468396,174
P468396,2349
P468396,828
P468396,222
P468396,1203
P468396,221
P468396,1204
P468396,1292
P468396,20
P468396,840
P468396,1969
P468396,449
P468396,1043
P468396,1040
P468396,454
P468396,637
P468396,1208
P468396,131
P468396,584
P468396,835
P468396,60
P468396,1041
P468396,71
P468396,117
P468396,57
P468396,72
P468396,390
P468396,562
P468396,1211
P468396,8
P468396,106
P468396,489
P468396,2989
P468396,93
P468396,430
P468396,51
P468396,266
P468396,392
P270543,83
P270543,89
P270543,7
P270543,527
P270543,404
P270543,662
P270543,3537
P270543,646
P270543,86
P270543,833
P270543,1165
P270543,6749
P270543,6750
P270543,6751
P270543,6061
P270543,6752
P270543,3717
P270543,6753
P270543,131
P270543,158
P270543,237
P270543,455
P270543,4
P270543,454
P270543,825
P270543,2830
P270543,2817
P270543,963
P270543,117
P270543,6062
P270543,401
P270543,387
P270543,20
P270543,106
P270543,72
P270543,262
P270543,1852
P270543,388
P270543,70
P270543,225
P270543,78
P270543,8
P270543,736
P270543,229
P270543,75
P270543,390
P270543,93
P270543,6754
P483127,100
P483127,4
P483127,84
P483127,663
P483127,234
P483127,633
P483127,89
P483127,71
P483127,88
P483127,1212
P483127,525
P483127,9
P483127,1746
P483127,2701
P483127,1178
P483127,127
P483127,3653
P483127,5268
P483127,1415
P483127,626
P483127,717
P483127,18
P483127,20
P483127,1227
P483127,329
P483127,363
P483127,627
P483127,1823
P483127,112
P483127,987
P483127,637
P483127,61
P483127,405
P483127,1363
P483127,57
P483127,56
P483127,747
P483127,808
P483127,1925
P483127,117
P483127,235
P483127,72
P483127,5
P483127,668
P483127,242
P483127,244
P483127,484
P483127,745
P483127,168
P483127,275
P483127,358
P483127,76
P483127,430
P483127,471
P503992,627
P503992,71
P503992,61
P503992,185
P503992,90
P503992,1597
P503992,1602
P503992,74
P503992,818
P503992,183
P503992,112
P503992,6755
P503992,1550
P503992,691
P503992,422
P503992,1301
P503992,13
P503992,680
P503992,695
P503992,131
P503992,265
P503992,132
P503992,1132
P440937,2250
P440937,628
P440937,70
P440937,6756
P440937,6757
P440937,1951
P440937,6758
P440937,175
P440937,173
P440937,176
P440937,272
P440937,1132
P469862,1
P469862,235
P469862,71
P469862,4394
P469862,88
P469862,4
P469862,527
P469862,352
P469862,3518
P469862,6759
P469862,5611
P469862,6760
P469862,45
P469862,6761
P469862,987
P469862,637
P469862,363
P469862,563
P469862,70
P469862,117
P469862,57
P469862,156
P469862,660
P469862,72
P469862,91
P469862,390
P469862,7
P469862,135
P469862,103
P469862,12
P469862,6762
P481367,5339
P481367,5340
P481367,5341
P481367,24
P481367,4823
P481367,4225
P481367,1162
P481367,6090
P481367,519
P481367,527
P481367,1102
P481367,86
P481367,1408
P481367,2272
P481367,2220
P481367,1241
P481367,66
P481367,1
P481367,6763
P474971,100
P474971,552
P474971,4
P474971,9
P474971,234
P474971,1725
P474971,6764
P474971,209
P474971,235
P474971,671
P474971,210
P474971,1872
P474971,274
P474971,2760
P474971,90
P474971,395
P474971,97
P474971,396
P474971,128
P474971,3979
P474971,6765
P474971,4345
P474971,6766
P474971,6767
P474971,110
P474971,158
P474971,1903
P474971,401
P474971,2430
P474971,1593
P474971,403
P474971,1130
P474971,2512
P474971,15
P474971,85
P474971,75
P474971,131
P474971,8
P474971,5
P474971,244
P474971,12
P474971,156
P474971,242
P474971,392
P469511,1
P469511,274
P469511,76
P469511,7
P469511,4
P469511,831
P469511,475
P469511,96
P469511,6768
P469511,6769
P469511,754
P469511,2221
P469511,2439
P469511,256
P469511,92
P469511,117
P469511,679
P469511,161
P469511,74
P469511,57
P469511,313
P469511,9
P469511,430
P469511,91
P469511,549
P232902,83
P232902,875
P232902,410
P232902,6770
P232902,4
P232902,963
P232902,6771
P232902,1689
P232902,7
P232902,246
P232902,78
P232902,13
P232902,322
P232902,93
P232902,266
P232902,79
P232902,820
P232902,116
P232902,75
P232902,174
P232902,177
P453713,6772
P453713,125
P453713,6773
P453713,6774
P453713,75
P453713,842
P453713,3108
P453713,6775
P453713,3110
P453713,6776
P453713,6777
P479352,348
P479352,7
P479352,76
P479352,274
P479352,645
P479352,95
P479352,651
P479352,20
P479352,1014
P479352,2072
P479352,6778
P479352,1539
P479352,819
P479352,327
P479352,438
P479352,1537
P479352,2662
P479352,4278
P479352,6779
P479352,322
P479352,1865
P479352,194
P479352,1535
P479352,1176
P479352,1536
P479352,835
P479352,437
P479352,5202
P479352,330
P479352,5
P479352,6780
P479352,6781
P479352,6782
P479352,9
P479352,441
P479352,1650
P479352,75
P479352,12
P479352,118
P479352,392
P479353,201
P479353,4
P479353,56
P479353,878
P479353,88
P479353,84
P479353,91
P479353,206
P479353,57
P479353,166
P479353,1828
P479353,12
P479353,78
P479353,391
P479353,2055
P479353,15
P479353,673
P479353,20
P479353,3079
P428240,83
P428240,4
P428240,2344
P428240,89
P428240,7
P428240,835
P428240,5
P428240,300
P428240,1648
P428240,20
P428240,850
P428240,673
P428240,1365
P428240,2915
P428240,1507
P428240,745
P428240,2719
P428240,535
P428240,2917
P428240,786
P428240,6783
P428240,79
P428240,199
P428240,272
P428240,1132
P503690,100
P503690,89
P503690,4
P503690,152
P503690,2
P503690,1327
P503690,90
P503690,20
P503690,2986
P503690,264
P503690,338
P503690,1709
P503690,911
P503690,107
P503690,616
P503690,1324
P503690,70
P503690,133
P503690,75
P503690,441
P503690,252
P503690,9
P503690,76
P503690,79
P503690,266
P503690,57
P503690,12
P503690,786
P503690,443
P503690,93
P503690,33
P503690,392
P500244,100
P500244,4
P500244,757
P500244,3670
P500244,2
P500244,2664
P500244,1738
P500244,19
P500244,2139
P500244,18
P500244,92
P500244,454
P500244,90
P500244,130
P500244,274
P500244,5730
P500244,1590
P500244,2789
P500244,3165
P500244,652
P500244,132
P500244,20
P500244,595
P500244,1937
P500244,266
P500244,1275
P500244,811
P500244,472
P500244,673
P500244,6784
P500244,57
P500244,2769
P500244,1449
P500244,4490
P500244,246
P500244,93
P500244,5
P500244,7
P500244,3807
P500244,1303
P500244,12
P500244,5226
P500244,5657
P500244,392
P474325,348
P474325,71
P474325,88
P474325,4
P474325,90
P474325,39
P474325,358
P474325,9
P474325,1258
P474325,116
P474325,1064
P474325,95
P474325,195
P474325,191
P474325,197
P474325,1807
P474325,190
P474325,189
P474325,1255
P474325,198
P474325,196
P474325,1259
P474325,460
P474325,20
P474325,133
P474325,2285
P474325,1127
P474325,668
P474325,670
P474325,3373
P474325,4548
P481335,6785
P481335,6786
P481335,71
P481335,6787
P481335,6788
P481335,6789
P481335,6790
P481335,6791
P481335,6792
P481335,6793
P481335,6794
P481335,6795
P481335,6796
P481335,6797
P481335,6798
P481335,6799
P481335,6800
P481335,6801
P481335,6802
P481335,6803
P481335,70
P481335,6804
P482529,100
P482529,994
P482529,9
P482529,995
P482529,460
P482529,828
P482529,831
P482529,20
P482529,999
P482529,454
P482529,850
P482529,3476
P482529,878
P482529,265
P482529,8
P482529,10
P482529,75
P482529,455
P482529,7
P482529,72
P482529,4100
P482529,76
P482529,93
P482529,441
P482529,91
P482529,80
P469507,1
P469507,2700
P469507,85
P469507,71
P469507,533
P469507,4
P469507,88
P469507,86
P469507,89
P469507,366
P469507,130
P469507,96
P469507,2439
P469507,92
P469507,398
P469507,138
P469507,57
P469507,313
P469507,9
P469507,7
P469507,392
P475932,2534
P475932,71
P475932,4
P475932,3013
P475932,274
P475932,87
P475932,1420
P475932,3353
P475932,1461
P475932,291
P475932,88
P475932,91
P475932,72
P475932,166
P475932,1149
P475932,430
P475932,96
P475932,668
P475932,742
P475932,6805
P475932,6806
P475932,2124
P475932,695
P475932,365
P475932,117
P475932,78
P475932,667
P475932,3177
P475932,471
P432831,6807
P432831,6808
P432831,6809
P432831,6810
P432831,6811
P432831,6812
P432831,6813
P432831,6814
P432831,6815
P432831,6816
P432831,6817
P432831,6818
P432831,6819
P432831,6820
P432831,6821
P432831,6822
P432831,6823
P432831,6824
P407387,4792
P407387,3576
P407387,2900
P407387,716
P407387,6825
P407387,74
P407387,84
P407387,1803
P407387,668
P407387,2934
P476028,61
P476028,6826
P476028,767
P476028,2781
P476028,6827
P476028,90
P476028,634
P476028,70
P476028,1665
P476028,1050
P476028,6321
P476028,768
P476028,1173
P476028,6828
P476028,5241
P476028,1048
P476028,1220
P476028,2250
P476028,6829
P501213,100
P501213,90
P501213,4
P501213,71
P501213,209
P501213,210
P501213,127
P501213,3653
P501213,92
P501213,6830
P501213,6831
P501213,70
P501213,637
P501213,363
P501213,88
P501213,987
P501213,3087
P501213,811
P501213,8
P501213,1795
P501213,91
P501213,12
P501213,2302
P503867,50
P503867,71
P503867,7
P503867,4
P503867,70
P503867,131
P503867,1364
P503867,455
P503867,161
P503867,29
P503867,88
P503867,1254
P503867,744
P503867,169
P503867,633
P503867,244
P503867,38
P503867,8
P503867,10
P503867,86
P503867,2989
P503867,92
P503867,39
P503867,2426
P503867,84
P503867,746
P503867,595
P503867,93
P503867,12
P503867,127
P503867,811
P503867,242
P503867,5
P503867,339
P503867,2701
P503867,868
P503867,51
P503867,593
P503867,596
P503867,49
P503867,767
P503867,72
P503867,742
P503867,9
P503867,2330
P503867,3737
P503867,20
P503867,19
P503867,828
P503867,78
P503867,472
P503867,18
P503867,1275
P503867,1203
P480284,348
P480284,4
P480284,9
P480284,274
P480284,801
P480284,1240
P480284,72
P480284,2359
P480284,1659
P480284,20
P480284,8
P480284,676
P480284,61
P480284,70
P480284,244
P480284,6190
P480284,6191
P480284,3734
P480284,130
P480284,78
P480284,430
P480284,2370
P480284,242
P480284,568
P480284,176
P480284,272
P480284,1681
P504028,55
P504028,4
P504028,7
P504028,9
P504028,2
P504028,831
P504028,274
P504028,1546
P504028,2590
P504028,4264
P504028,1292
P504028,454
P504028,1139
P504028,1140
P504028,2592
P504028,1395
P504028,224
P504028,76
P504028,2573
P504028,1109
P504028,265
P504028,1548
P504028,546
P504028,57
P504028,75
P504028,102
P504028,441
P504028,106
P504028,15
P504028,391
P504028,12
P504028,206
P504028,91
P504028,279
P482552,4
P482552,7
P482552,382
P482552,5605
P482552,9
P482552,383
P482552,348
P482552,3924
P482552,87
P482552,3087
P482552,484
P482552,3545
P482552,352
P482552,446
P482552,645
P482552,95
P482552,651
P482552,850
P482552,274
P482552,2458
P482552,4180
P482552,1754
P482552,438
P482552,437
P482552,5202
P482552,330
P482552,70
P482552,3942
P482552,468
P482552,3567
P482552,387
P482552,1803
P482552,312
P482552,118
P482552,12
P482552,91
P482552,175
P482552,174
P482552,272
P482552,37
P482552,845
P471033,348
P471033,66
P471033,4
P471033,375
P471033,5118
P471033,2753
P471033,757
P471033,1931
P471033,1551
P471033,5119
P471033,132
P471033,358
P471033,430
P471033,5120
P471033,39
P471033,224
P471033,1130
P471033,5121
P471033,1060
P471033,5122
P386739,6832
P386739,348
P386739,1248
P386739,4
P386739,71
P386739,6833
P386739,9
P386739,4110
P386739,1199
P386739,88
P386739,460
P386739,2179
P386739,209
P386739,1198
P386739,331
P386739,3564
P386739,731
P386739,3089
P386739,832
P386739,20
P386739,428
P386739,454
P386739,833
P386739,3500
P386739,6834
P386739,2479
P386739,4130
P386739,95
P386739,3720
P386739,870
P386739,257
P386739,561
P386739,5262
P386739,2384
P386739,6004
P386739,637
P386739,863
P386739,110
P386739,1334
P386739,6768
P386739,809
P386739,6584
P386739,6835
P386739,61
P386739,1000
P386739,674
P386739,748
P386739,1404
P386739,210
P386739,313
P386739,265
P386739,75
P386739,426
P386739,441
P386739,430
P386739,118
P386739,272
P386739,173
P386739,176
P386739,1132
P469818,100
P469818,4
P469818,7
P469818,107
P469818,5611
P469818,67
P469818,6761
P469818,1939
P469818,857
P469818,5669
P469818,1297
P469818,92
P469818,12
P469818,91
P469818,884
P469818,3486
P500112,6516
P500112,6517
P500112,6518
P500112,6519
P500112,200
P500112,398
P500112,1162
P500112,402
P500112,628
P500112,393
P500112,2666
P500112,6836
P500112,297
P500112,1982
P500112,700
P500112,6837
P385253,83
P385253,1162
P385253,484
P385253,1210
P385253,3673
P385253,7
P385253,89
P385253,646
P385253,1520
P385253,475
P385253,181
P385253,463
P385253,1029
P385253,599
P385253,6838
P385253,1426
P385253,1034
P385253,6839
P385253,6840
P385253,6841
P385253,205
P385253,694
P385253,202
P385253,173
P385253,175
P385253,207
P385253,176
P385253,6842
P385253,3434
P385253,6843
P385253,3945
P385253,841
P385253,1137
P385253,1691
P385253,2127
P385253,4166
P385253,584
P385253,4079
P385253,1525
P385253,197
P385253,575
P385253,1039
P385253,86
P385253,170
P385253,796
P385253,4
P385253,158
P385253,237
P385253,366
P385253,1086
P385253,20
P385253,878
P385253,850
P385253,553
P385253,455
P385253,131
P385253,2830
P385253,1398
P385253,2130
P385253,72
P385253,90
P385253,1852
P385253,10
P385253,374
P385253,390
P385253,78
P385253,91
P385253,6844
P385253,6845
P385253,6846
P448201,83
P448201,4
P448201,2
P448201,7
P448201,484
P448201,785
P448201,74
P448201,89
P448201,308
P448201,155
P448201,842
P448201,486
P448201,646
P448201,657
P448201,1241
P448201,57
P448201,131
P448201,790
P448201,4396
P448201,454
P448201,1754
P448201,1756
P448201,95
P448201,1759
P448201,1176
P448201,1761
P448201,1762
P448201,1113
P448201,1763
P448201,416
P448201,792
P448201,352
P448201,4837
P448201,118
P448201,8
P448201,668
P448201,171
P448201,713
P448201,441
P448201,51
P448201,488
P448201,103
P448201,75
P448201,70
P448201,788
P448201,489
P448201,91
P448201,467
P448201,799
P474809,1889
P474809,1346
P474809,71
P474809,9
P474809,4
P474809,7
P474809,49
P474809,1725
P474809,924
P474809,661
P474809,1894
P474809,1243
P474809,1872
P474809,6847
P474809,885
P474809,20
P474809,189
P474809,190
P474809,191
P474809,195
P474809,6848
P474809,1064
P474809,627
P474809,2672
P474809,6849
P474809,198
P474809,366
P474809,70
P474809,1817
P474809,441
P474809,6850
P474809,6851
P474809,6852
P474809,263
P474809,266
P474809,72
P474809,12
P474809,91
P474809,3163
P474809,272
P474809,1132
P500055,2175
P500055,4
P500055,2463
P500055,1144
P500055,100
P500055,1725
P500055,670
P500055,6853
P500055,235
P500055,2361
P500055,460
P500055,169
P500055,6531
P500055,1776
P500055,313
P500055,2512
P500055,118
P500055,420
P500055,57
P500055,679
P500055,266
P500055,75
P500055,1713
P500055,117
P500055,70
P500055,2033
P500055,6854
P500055,534
P500055,1612
P500055,4129
P500055,74
P500055,1593
P500055,2414
P500055,6855
P500055,2002
P500055,2038
P500055,6537
P455898,9
P455898,6856
P449541,1477
P449541,4
P449541,9
P449541,628
P449541,86
P449541,1903
P449541,948
P449541,683
P449541,88
P449541,224
P449541,169
P449541,682
P449541,6857
P449541,33
P449541,67
P449541,6858
P449541,3567
P449541,70
P449541,75
P449541,313
P449541,57
P449541,366
P449541,266
P449541,1899
P449541,132
P449541,923
P449541,130
P449541,77
P449541,194
P449541,1353
P449541,6859
P449541,6860
P449541,700
P449541,174
P449541,207
P449541,205
P449541,6861
P471038,6862
P471038,3777
P471038,24
P471038,627
P471038,794
P471038,6395
P471038,2789
P471038,2599
P471038,391
P471038,1049
P471038,4131
P471038,6863
P471038,6864
P471038,3804
P420230,809
P420230,762
P420230,61
P420230,1576
P420230,516
P420230,29
P420230,6865
P420230,417
P420230,72
P420230,909
P420230,523
P416552,5154
P416552,1889
P416552,1346
P416552,89
P416552,4
P416552,1364
P416552,7
P416552,4559
P416552,138
P416552,519
P416552,1894
P416552,3111
P416552,667
P416552,6866
P416552,3141
P416552,95
P416552,5266
P416552,6052
P416552,1659
P416552,2362
P416552,2321
P416552,2325
P416552,130
P416552,1859
P416552,2324
P416552,70
P416552,710
P416552,414
P416552,51
P416552,75
P416552,132
P416552,658
P416552,443
P416552,2
P416552,252
P416552,786
P416552,9
P416552,441
P416552,72
P416552,246
P416552,266
P416552,79
P416552,206
P416552,391
P416552,91
P416552,121
P416552,1595
P416552,5731
P483136,55
P483136,9
P483136,235
P483136,76
P483136,670
P483136,131
P483136,1872
P483136,676
P483136,244
P483136,79
P483136,61
P483136,39
P483136,70
P483136,86
P483136,156
P483136,242
P483136,1663
P475084,348
P475084,4
P475084,892
P475084,89
P475084,71
P475084,29
P475084,2368
P475084,289
P475084,6867
P475084,6868
P475084,6869
P475084,3057
P475084,1449
P504043,5289
P504043,2781
P504043,1780
P504043,90
P504043,131
P504043,680
P504043,768
P504043,4364
P504043,3504
P504043,1204
P504043,221
P504043,222
P504043,237
P504043,238
P504043,70
P504043,6395
P504043,637
P504043,61
P504043,71
P504043,160
P504043,843
P504043,2237
P504043,446
P504043,175
P504043,174
P504043,177
P481354,201
P481354,209
P481354,210
P481354,6870
P481354,4
P481354,6871
P481354,663
P481354,6872
P481354,3864
P481354,6873
P481354,6874
P481354,6875
P481354,3874
P481354,6876
P481354,6877
P481354,6752
P481354,6878
P481354,6879
P481354,6880
P481354,6881
P481354,6882
P481354,6883
P481354,6884
P481354,6885
P481354,6886
P481354,1130
P481354,39
P481354,6887
P481354,29
P481354,3891
P481354,6888
P481354,79
P481354,1363
P481354,1731
P501030,100
P501030,200
P501030,2327
P501030,9
P501030,7
P501030,2204
P501030,742
P501030,5
P501030,11
P501030,448
P501030,454
P501030,12
P501030,93
P501030,268
P501030,6889
P501030,174
P501030,2330
P501030,471
P423134,138
P423134,525
P423134,535
P423134,178
P423134,6890
P423134,131
P423134,71
P423134,95
P423134,2705
P423134,1673
P423134,191
P423134,405
P423134,764
P423134,49
P423134,1474
P423134,323
P423134,696
P423134,70
P423134,6891
P423134,206
P423134,6892
P455338,4777
P438637,100
P438637,4
P438637,6893
P438637,815
P438637,878
P438637,1807
P438637,3670
P438637,33
P438637,66
P438637,1738
P438637,20
P438637,3924
P438637,667
P438637,274
P438637,1067
P438637,268
P438637,57
P438637,246
P438637,91
P438637,1303
P438637,75
P438637,625
P473729,55
P473729,4
P473729,71
P473729,88
P473729,9
P473729,208
P473729,4388
P473729,748
P473729,745
P473729,1581
P473729,244
P473729,90
P473729,5
P473729,72
P473729,57
P473729,12
P473729,568
P473729,131
P473729,156
P473729,70
P473729,75
P473729,61
P473729,242
P473729,469
P473729,79
P473729,78
P473729,3475
P473729,2428
P470040,1477
P470040,4
P470040,9
P470040,89
P470040,297
P470040,947
P470040,91
P470040,8
P470040,7
P470040,246
P470040,72
P470040,152
P470040,78
P470040,57
P470040,76
P470040,135
P470040,131
P470040,1606
P470040,924
P470040,1243
P470040,3568
P470040,366
P469520,1
P469520,2772
P469520,349
P469520,84
P469520,4
P469520,1717
P469520,61
P469520,963
P469520,88
P469520,20
P469520,97
P469520,396
P469520,395
P469520,401
P469520,129
P469520,2939
P469520,117
P469520,224
P469520,158
P469520,286
P469520,93
P469520,252
P469520,78
P469520,403
P469520,57
P469520,8
P469520,390
P469520,91
P469520,474
P122651,524
P122651,200
P122651,4
P122651,7
P122651,1425
P122651,455
P122651,366
P122651,831
P122651,20
P122651,78
P122651,4378
P122651,93
P122651,91
P122651,2377
P122651,464
P122651,1397
P503250,348
P503250,274
P503250,66
P503250,85
P503250,9
P503250,878
P503250,742
P503250,743
P503250,3466
P503250,4754
P503250,850
P503250,95
P503250,70
P503250,4
P503250,75
P503250,7
P503250,756
P503250,744
P503250,153
P503250,58
P503250,669
P503250,12
P503250,89
P503250,91
P503250,1423
P503250,6894
P423127,83
P423127,88
P423127,398
P423127,685
P423127,132
P423127,4
P423127,554
P423127,60
P423127,543
P423127,1365
P423127,6895
P423127,5622
P423127,7
P423127,76
P423127,6896
P423127,6897
P423127,4428
P423127,4081
P423127,4084
P423127,5638
P423127,161
P423127,6898
P423127,6899
P423127,6900
P423127,361
P423127,3133
P423127,805
P423127,39
P423127,2326
P432243,1481
P432243,89
P432243,297
P432243,308
P432243,457
P432243,289
P432243,169
P432243,831
P432243,106
P432243,119
P432243,181
P432243,6901
P432243,162
P432243,5196
P432243,2974
P432243,6902
P432243,72
P432243,292
P432243,83
P432243,1962
P472023,83
P472023,628
P472023,71
P472023,9
P472023,61
P472023,484
P472023,76
P472023,4
P472023,1893
P472023,86
P472023,352
P472023,5045
P472023,441
P472023,192
P472023,776
P472023,96
P472023,194
P472023,45
P472023,1057
P472023,110
P472023,471
P392607,4
P392607,83
P392607,20
P392607,454
P392607,4766
P392607,5663
P392607,76
P392607,8
P392607,78
P392607,266
P392607,79
P392607,489
P392607,33
P392607,91
P392607,5664
P392607,1331
P392607,1476
P472025,71
P472025,1412
P472025,628
P472025,6110
P472025,1321
P472025,6
P472025,83
P472025,70
P472025,711
P479722,709
P479722,9
P479722,108
P479722,235
P479722,88
P479722,4
P479722,78
P479722,71
P479722,86
P479722,2665
P479722,1127
P479722,91
P479722,470
P479722,206
P479722,166
P479722,6903
P479722,127
P479722,106
P479722,12
P479722,391
P479722,1058
P479722,15
P479722,5
P479722,72
P479722,354
P479722,70
P479722,57
P479722,2151
P479722,6904
P417241,767
P417241,89
P417241,71
P417241,83
P417241,1398
P417241,703
P417241,627
P417241,3085
P417241,1746
P417241,7
P417241,9
P417241,4
P417241,1788
P417241,3933
P417241,61
P417241,1790
P417241,1791
P417241,2978
P417241,5198
P417241,634
P417241,1883
P417241,1793
P417241,453
P417241,1794
P417241,1795
P417241,1796
P417241,338
P417241,340
P417241,1797
P417241,1798
P417241,1799
P417241,1792
P417241,3296
P417241,449
P417241,1000
P417241,6388
P417241,416
P417241,863
P417241,840
P417241,422
P417241,637
P417241,1181
P417241,1366
P417241,765
P417241,1969
P417241,1684
P417241,6905
P417241,809
P417241,828
P417241,831
P417241,454
P417241,131
P417241,289
P417241,252
P417241,747
P417241,200
P417241,467
P417241,271
P417241,272
P417241,1554
P417241,176
P417241,174
P417241,175
P417241,207
P417241,204
P417241,173
P417241,51
P417241,91
P417241,464
P417241,6906
P482753,1160
P482753,2875
P482753,612
P482753,348
P482753,1162
P482753,76
P482753,1544
P482753,5
P482753,74
P482753,2965
P482753,4
P482753,224
P482753,2966
P482753,903
P482753,183
P482753,107
P482753,95
P482753,868
P482753,317
P482753,2543
P482753,1652
P482753,2594
P482753,835
P482753,543
P482753,1353
P482753,6907
P482753,33
P482753,70
P482753,463
P482753,1449
P482753,3086
P482753,8
P482753,1591
P482753,5291
P482753,9
P482753,15
P482753,252
P482753,79
P482753,12
P482753,445
P482753,6908
P473133,100
P473133,382
P473133,4
P473133,1295
P473133,1117
P473133,71
P473133,29
P473133,5196
P473133,87
P473133,1253
P473133,88
P473133,411
P473133,9
P473133,84
P473133,76
P473133,583
P473133,3943
P473133,749
P473133,750
P473133,1072
P473133,990
P473133,752
P473133,2384
P473133,1179
P473133,132
P473133,95
P473133,360
P473133,97
P473133,595
P473133,209
P473133,748
P473133,210
P473133,92
P473133,133
P473133,235
P473133,426
P473133,430
P473133,20
P473133,237
P473133,117
P473133,1159
P473133,1146
P473133,70
P473133,771
P473133,174
P473133,3323
P473133,37
P473133,6909
P421997,1567
P421997,815
P421997,76
P421997,780
P421997,93
P421997,6910
P421997,6911
P421997,1227
P421997,885
P421997,92
P421997,4093
P421997,6912
P424989,83
P424989,813
P424989,137
P424989,4279
P424989,4
P424989,2343
P424989,1324
P424989,2344
P424989,119
P424989,814
P424989,77
P424989,57
P424989,467
P424989,174
P424989,176
P424989,271
P424989,202
P424989,1595
P424989,117
P424989,454
P424989,4281
P424989,3056
P424989,78
P424989,122
P424989,91
P424989,6913
P500329,525
P500329,762
P500329,29
P500329,1598
P500329,6914
P500329,404
P500329,627
P500329,617
P500329,706
P500329,1599
P500329,4539
P500329,6915
P500329,1412
P500329,4968
P500329,20
P500329,3924
P500329,1784
P500329,242
P500329,2220
P500329,677
P500329,6916
P500329,222
P500329,1058
P500329,12
P500329,6917
P500329,1102
P500329,192
P500329,70
P500329,6918
P500329,6919
P474329,100
P474329,4
P474329,71
P474329,90
P474329,743
P474329,2
P474329,878
P474329,1954
P474329,3479
P474329,5
P474329,97
P474329,469
P474329,3714
P474329,20
P474329,197
P474329,74
P474329,2439
P474329,2440
P474329,1353
P474329,9
P474329,401
P474329,2445
P474329,588
P474329,1661
P474329,129
P474329,209
P474329,210
P474329,57
P474329,8
P474329,842
P474329,2446
P474329,2444
P474329,1746
P474329,88
P474329,1449
P474329,1382
P474329,7
P474329,263
P474329,158
P474329,167
P474329,1284
P474329,2455
P474329,1127
P474329,1116
P474329,2328
P474329,162
P474329,33
P474329,445
P474329,37
P474329,1331
P474329,549
P480628,1
P480628,6920
P480628,6921
P480628,6922
P480628,6923
P480628,2105
P480628,6924
P480628,4997
P480628,2114
P480628,5472
P480628,6925
P480628,4998
P480628,6926
P480628,6927
P480628,6928
P480628,6929
P480628,6930
P480628,6931
P480628,6932
P480628,6933
P480628,6934
P480628,6935
P480628,6936
P480628,5017
P480628,6937
P480628,5018
P416312,83
P416312,846
P416312,410
P416312,412
P416312,349
P416312,4
P416312,6938
P416312,112
P416312,60
P416312,6939
P416312,161
P416312,133
P416312,390
P416312,75
P416312,12
P416312,72
P416312,91
P416312,687
P473172,55
P473172,1934
P473172,4
P473172,1596
P473172,88
P473172,2017
P473172,475
P473172,745
P473172,8
P473172,91
P473172,748
P473172,326
P473172,3314
P473172,1883
P473172,1911
P473172,1909
P473172,70
P473172,891
P473172,1910
P473172,538
P473172,2412
P473172,6940
P473172,808
P473172,61
P473172,637
P473172,78
P473172,175
P473172,174
P473172,272
P500420,348
P500420,4
P500420,425
P500420,660
P500420,5
P500420,716
P500420,358
P500420,9
P500420,1892
P500420,3235
P500420,1321
P500420,90
P500420,117
P500420,430
P500420,75
P500420,20
P500420,3237
P500420,418
P500420,265
P500420,441
P500420,78
P500420,6941
P500420,989
P500420,5150
P500420,4058
P500420,5610
P500420,79
P500420,666
P500420,95
P500420,169
P500420,131
P500420,57
P500420,2858
P500420,224
P500420,2859
P500420,228
P500420,266
P500420,4418
P500420,252
P500420,6942
P456194,348
P456194,235
P456194,1431
P456194,1197
P456194,4
P456194,45
P456194,617
P456194,1359
P456194,6943
P456194,29
P456194,1697
P456194,1784
P456194,756
P456194,446
P456194,39
P456194,1712
P456194,660
P456194,2959
P456194,1713
P456194,527
P456194,1213
P456194,12
P456194,73
P456194,131
P456194,117
P456194,1128
P456194,554
P456194,93
P456194,71
P456194,4968
P456194,1599
P456194,7
P456194,878
P456194,842
P456194,808
P456194,4778
P456194,987
P456194,865
P456194,4666
P456194,4667
P456194,79
P456194,426
P456194,91
P456194,1637
P456194,75
P456194,3415
P456194,266
P456194,4001
P456194,3414
P456194,4669
P417242,1134
P417242,1412
P417242,1805
P417242,2147
P417242,525
P417242,6944
P417242,289
P417242,286
P417242,3828
P417242,3538
P417242,833
P417242,604
P417242,1790
P417242,1791
P417242,3830
P417242,1793
P417242,453
P417242,1794
P417242,1795
P417242,1374
P417242,1796
P417242,338
P417242,340
P417242,1797
P417242,1798
P417242,1799
P417242,762
P417242,633
P417242,401
P417242,455
P417242,27
P417242,131
P417242,158
P417242,2785
P417242,524
P417242,4
P417242,3805
P417242,1146
P417242,595
P417242,2231
P417242,187
P417242,1858
P417242,125
P417242,121
P417242,207
P417242,174
P417242,51
P417242,3810
P417242,6945
P471009,348
P471009,4
P471009,235
P471009,394
P471009,87
P471009,88
P471009,1725
P471009,1382
P471009,527
P471009,74
P471009,90
P471009,764
P471009,801
P471009,1356
P471009,102
P471009,398
P471009,206
P471009,78
P471009,75
P471009,72
P471009,107
P471009,57
P471009,3353
P471009,224
P471009,3734
P471009,539
P471009,1410
P471009,61
P471009,70
P471009,588
P471009,808
P471009,391
P471009,242
P471009,1072
P471009,8
P471009,430
P471009,365
P471009,5
P471009,667
P471009,889
P471009,803
P455623,100
P455623,4
P455623,89
P455623,7
P455623,435
P455623,358
P455623,442
P455623,153
P455623,112
P455623,416
P455623,331
P455623,70
P455623,428
P455623,72
P455623,444
P455623,443
P455623,2
P455623,93
P455623,668
P455623,107
P455623,9
P455623,246
P455623,91
P455623,441
P455623,4451
P505139,100
P505139,627
P505139,4
P505139,552
P505139,90
P505139,671
P505139,9
P505139,71
P505139,76
P505139,1173
P505139,7
P505139,85
P505139,20
P505139,128
P505139,633
P505139,165
P505139,61
P505139,13
P505139,889
P505139,637
P505139,6401
P505139,405
P505139,816
P505139,1876
P505139,4910
P505139,6946
P505139,6947
P505139,1863
P505139,6948
P505139,6949
P505139,2128
P505139,2684
P505139,6950
P505139,6951
P505139,672
P505139,70
P505139,129
P505139,3314
P505139,72
P505139,848
P505139,166
P505139,1242
P505139,628
P505139,57
P505139,1356
P505139,12
P505139,106
P505139,263
P505139,776
P505139,468
P505139,940
P505139,4902
P505139,1382
P505139,1294
P432239,525
P432239,948
P432239,6952
P432239,6953
P432239,6954
P432239,6955
P432239,6956
P432239,617
P432239,6486
P432239,1412
P432239,6957
P432239,6263
P432239,946
P432239,1783
P432239,71
P432239,6958
P432239,70
P432239,6959
P432239,1784
P432239,686
P432239,1353
P432239,4074
P432239,923
P432239,376
P476459,200
P476459,121
P476459,6960
P476459,2437
P476459,204
P476459,3572
P476459,694
P476459,176
P476459,271
P476459,177
P429043,366
P429043,4960
P429043,4961
P429043,274
P429043,6961
P472455,348
P472455,1236
P472455,4
P472455,7
P472455,404
P472455,1240
P472455,676
P472455,72
P472455,90
P472455,54
P472455,57
P472455,588
P472455,681
P472455,75
P472455,18
P472455,262
P472455,430
P472455,79
P472455,78
P472455,2825
P472455,266
P472455,6962
P472455,6963
P470217,2963
P470217,83
P470217,308
P470217,3324
P470217,9
P470217,89
P470217,71
P470217,789
P470217,1162
P470217,235
P470217,1144
P470217,552
P470217,1017
P470217,117
P470217,1598
P470217,2965
P470217,6964
P470217,457
P470217,311
P470217,29
P470217,4
P470217,91
P470217,843
P470217,805
P470217,192
P470217,12
P470217,106
P470217,2026
P470217,131
P470217,658
P470217,152
P470217,272
P470217,3552
P470217,2124
P470217,322
P470217,890
P470217,261
P470217,3177
P470217,72
P470217,390
P470217,471
P481145,100
P481145,9
P481145,71
P481145,4
P481145,878
P481145,76
P481145,90
P481145,274
P481145,5816
P481145,235
P481145,5817
P481145,221
P481145,774
P481145,70
P481145,107
P481145,1678
P481145,1593
P481145,61
P481145,3513
P481145,1449
P481145,166
P481145,15
P481145,4577
P481145,206
P481145,75
P481145,78
P481145,5818
P481145,5819
P481145,175
P481145,173
P481145,176
P481145,174
P481145,177
P504073,71
P504073,90
P504073,671
P504073,393
P504073,627
P504073,1780
P504073,1600
P504073,61
P504073,764
P504073,211
P504073,520
P504073,2601
P504073,1251
P504073,3933
P504073,185
P504073,1883
P504073,2325
P504073,5241
P504073,1790
P504073,4330
P504073,402
P504073,672
P504073,1889
P504073,6965
P422248,83
P422248,382
P422248,383
P422248,9
P422248,4
P422248,2368
P422248,71
P422248,88
P422248,3820
P422248,91
P422248,291
P422248,72
P422248,57
P422248,12
P422248,70
P422248,117
P422248,6223
P422248,6224
P422248,3587
P500696,100
P500696,4
P500696,90
P500696,274
P500696,2667
P500696,71
P500696,527
P500696,5821
P500696,4110
P500696,9
P500696,4231
P500696,627
P500696,835
P500696,1596
P500696,2590
P500696,1109
P500696,1140
P500696,1139
P500696,20
P500696,383
P500696,4027
P500696,3415
P500696,430
P500696,70
P500696,2668
P500696,57
P500696,74
P500696,5
P500696,72
P500696,266
P500696,75
P500696,33
P500696,37
P500696,1390
P500696,492
P448853,83
P448853,252
P448853,6966
P448934,348
P448934,200
P448934,4
P448934,9
P448934,6967
P448934,91
P448934,298
P448934,382
P448934,1797
P448934,666
P448934,446
P448934,1606
P448934,6968
P448934,6969
P448934,92
P448934,1324
P448934,6970
P448934,272
P448934,366
P448934,815
P448934,76
P448934,418
P448934,174
P448934,75
P448934,2664
P448934,79
P448934,266
P448934,93
P448934,6971
P431847,6972
P431847,2727
P431847,2157
P431847,6973
P431847,688
P431847,75
P431847,6974
P431847,441
P431847,6975
P431847,952
P431847,6976
P483697,1889
P483697,1346
P483697,9
P483697,4
P483697,1725
P483697,235
P483697,1817
P483697,402
P483697,2601
P483697,61
P483697,2625
P483697,857
P483697,2626
P483697,2627
P483697,2628
P483697,1593
P483697,393
P483697,91
P483697,2512
P483697,72
P483697,73
P483697,1776
P483697,313
P483697,747
P483697,131
P483697,263
P483697,679
P483697,57
P483697,617
P483697,74
P483697,75
P483697,79
P483697,270
P483697,269
P483697,78
P483697,133
P483697,103
P483697,80
P467115,348
P467115,274
P467115,89
P467115,2017
P467115,4
P467115,7
P467115,161
P467115,106
P467115,864
P467115,94
P467115,96
P467115,95
P467115,92
P467115,805
P467115,745
P467115,153
P467115,2265
P467115,6977
P467115,152
P467115,462
P467115,993
P467115,2346
P467115,91
P467115,93
P467115,357
P482260,6978
P482260,6979
P482260,1321
P482260,634
P482260,520
P482260,627
P482260,61
P482260,6980
P482260,6981
P482260,6982
P501157,100
P501157,747
P501157,71
P501157,133
P501157,90
P501157,742
P501157,49
P501157,107
P501157,331
P501157,20
P501157,2066
P501157,1674
P501157,128
P501157,899
P501157,428
P501157,96
P501157,2965
P501157,274
P501157,113
P501157,1651
P501157,129
P501157,454
P501157,2701
P501157,1556
P501157,5651
P501157,130
P501157,116
P501157,4
P501157,7
P501157,72
P501157,4027
P501157,2280
P501157,74
P501157,713
P501157,132
P501157,676
P501157,209
P501157,8
P501157,103
P501157,210
P501157,75
P501157,1650
P501157,625
P501157,1374
P501157,776
P501157,91
P501157,686
P501157,266
P501157,1476
P471541,348
P471541,4
P471541,1236
P471541,1357
P471541,4078
P471541,90
P471541,358
P471541,71
P471541,206
P471541,57
P471541,8
P471541,668
P471541,72
P471541,54
P471541,20
P471541,78
P471541,66
P471541,61
P471541,70
P471541,75
P471541,391
P471541,430
P471541,681
P471541,79
P471541,266
P471541,803
P475201,90
P475201,24
P475201,1144
P475201,181
P475201,30
P475201,348
P475201,1521
P475201,7
P475201,74
P475201,4
P475201,1544
P475201,306
P475201,1734
P475201,235
P475201,617
P475201,1445
P475201,835
P475201,420
P475201,460
P475201,427
P475201,107
P475201,414
P475201,6983
P475201,20
P475201,6043
P475201,2012
P475201,1828
P475201,454
P475201,1169
P475201,857
P475201,197
P475201,1603
P475201,63
P475201,301
P475201,1599
P475201,4968
P475201,265
P475201,1784
P475201,240
P475201,1325
P475201,836
P475201,242
P475201,6984
P475201,1326
P475201,70
P475201,131
P475201,57
P475201,252
P475201,311
P475201,71
P475201,430
P475201,133
P475201,390
P475201,72
P475201,5
P475201,91
P475201,79
P475201,80
P479319,348
P479319,102
P479319,875
P479319,7
P479319,410
P479319,58
P479319,4
P479319,103
P479319,107
P479319,365
P479319,905
P479319,1658
P479319,4754
P479319,581
P479319,990
P479319,161
P479319,1802
P479319,132
P479319,75
P479319,72
P479319,78
P479319,252
P479319,91
P479319,2145
P479319,433
P476010,100
P476010,264
P476010,4
P476010,835
P476010,274
P476010,110
P476010,90
P476010,9
P476010,102
P476010,107
P476010,78
P476010,108
P476010,109
P476010,3977
P476010,539
P476010,96
P476010,3142
P476010,685
P476010,383
P476010,384
P476010,4766
P476010,5605
P476010,382
P476010,1390
P476010,1391
P476010,5
P476010,92
P476010,1130
P476010,240
P476010,428
P476010,161
P476010,75
P476010,133
P476010,295
P504315,100
P504315,264
P504315,4
P504315,835
P504315,274
P504315,110
P504315,90
P504315,9
P504315,102
P504315,107
P504315,78
P504315,108
P504315,109
P504315,3977
P504315,539
P504315,96
P504315,3142
P504315,685
P504315,383
P504315,384
P504315,4766
P504315,5605
P504315,382
P504315,1390
P504315,1391
P504315,5
P504315,92
P504315,1130
P504315,240
P504315,428
P504315,161
P504315,75
P504315,133
P504315,295
P504171,6985
P504171,100
P504171,4
P504171,2740
P504171,2530
P504171,963
P504171,520
P504171,1083
P504171,3438
P504171,848
P504171,1828
P504171,97
P504171,708
P504171,1296
P504171,368
P504171,428
P504171,3373
P504171,9
P504171,6
P504171,1281
P504171,6986
P504171,252
P504171,1903
P504171,1408
P504171,1130
P504171,75
P504171,78
P504171,441
P504171,5652
P504171,70
P504171,71
P504171,1767
P504171,6987
P504171,95
P504171,1769
P504171,6988
P504171,60
P504171,1309
P504171,835
P504171,1653
P504171,1229
P504171,1771
P504171,189
P504171,193
P504171,195
P504171,190
P504171,196
P504171,1255
P504171,197
P504171,6989
P504171,6990
P504171,577
P504171,469
P504171,18
P504171,264
P504171,578
P504171,579
P504171,110
P504171,580
P504171,581
P504171,582
P504171,583
P504171,96
P504171,584
P504171,585
P504171,586
P504171,587
P504171,588
P504171,589
P504171,590
P504171,268
P504171,6991
P504171,1420
P504171,1295
P504171,1931
P504171,76
P504171,366
P504171,3316
P504171,6992
P504171,108
P504171,318
P504171,92
P504171,20
P504171,398
P504171,6993
P504171,274
P504171,685
P504171,2430
P504171,811
P504171,910
P504171,5
P504171,72
P504171,235
P504171,745
P504171,911
P504171,7
P504171,3207
P504171,132
P504171,430
P504171,805
P504171,6994
P504171,2596
P504171,348
P504171,743
P504171,1110
P504171,178
P504171,1111
P504171,1112
P504171,746
P504171,10
P504171,86
P504171,8
P504171,166
P504171,12
P504171,57
P504171,1113
P504171,185
P504171,1114
P504171,6995
P504171,661
P504171,1704
P504171,90
P504171,1705
P504171,1275
P504171,1706
P504171,1707
P504171,1708
P504171,1709
P504171,1710
P504171,472
P504171,673
P504171,1711
P504171,1712
P504171,297
P504171,1713
P504171,88
P504171,224
P504171,1128
P504171,84
P504171,1276
P504171,362
P504171,808
P504171,678
P504171,1714
P504171,1715
P504171,1304
P504171,1303
P504171,191
P504171,266
P504171,1064
P504171,627
P504171,198
P504171,74
P504171,79
P504171,91
P504171,1716
P461522,200
P461522,1312
P461522,2247
P461522,55
P461522,1185
P461522,568
P461522,4
P461522,385
P461522,71
P461522,1607
P461522,440
P461522,169
P461522,426
P461522,850
P461522,75
P461522,12
P461522,80
P474068,557
P474068,4
P474068,100
P474068,1661
P474068,6996
P474068,266
P474068,590
P474068,3015
P474068,107
P474068,6997
P474068,6998
P474068,6999
P474068,7000
P474068,7001
P474068,4417
P474068,250
P474068,4109
P474068,430
P474068,7002
P474068,2414
P474068,75
P474068,39
P474068,1000
P474068,4461
P474068,4859
P474068,416
P474068,79
P474068,118
P474068,70
P474068,174
P474068,272
P474068,205
P474068,2438
P504076,4
P504076,71
P504076,1889
P504076,1346
P504076,913
P504076,6164
P504076,61
P504076,2601
P504076,454
P504076,112
P504076,95
P504076,358
P504076,92
P504076,12
P504076,246
P504076,57
P504076,668
P504076,471
P385632,83
P385632,1082
P385632,252
P385632,249
P385632,1083
P385632,1084
P385632,1085
P385632,1086
P385632,66
P385632,1087
P385632,809
P385632,20
P385632,1088
P385632,7
P385632,456
P385632,390
P385632,606
P385632,1089
P385632,72
P385632,131
P385632,1090
P385632,901
P385632,93
P385632,79
P385632,7003
P385632,7004
P385632,4
P385632,1134
P385632,84
P385632,86
P385632,1135
P385632,684
P385632,1136
P385632,804
P385632,452
P385632,60
P385632,453
P385632,458
P385632,76
P385632,171
P385632,91
P385632,758
P385632,464
P385632,7005
P385632,200
P385632,1425
P385632,884
P385632,831
P385632,455
P385632,125
P385632,48
P385632,1808
P385632,1809
P422011,1567
P422011,4
P422011,90
P422011,91
P422011,166
P422011,588
P422011,628
P422011,266
P422011,170
P422011,475
P422011,78
P422011,70
P422011,20
P422011,6219
P422011,1622
P422011,7006
P448192,4
P448192,809
P448192,7
P448192,1931
P448192,3
P448192,1932
P448192,409
P448192,764
P448192,1933
P448192,1754
P448192,70
P448192,568
P448192,83
P448192,8
P448192,78
P448192,51
P448192,266
P448192,91
P448192,174
P448192,175
P448192,206
P448192,177
P503865,100
P503865,9
P503865,71
P503865,663
P503865,2701
P503865,89
P503865,4
P503865,90
P503865,1199
P503865,84
P503865,88
P503865,957
P503865,1212
P503865,7
P503865,1746
P503865,525
P503865,747
P503865,1872
P503865,3802
P503865,2064
P503865,475
P503865,742
P503865,1352
P503865,20
P503865,7007
P503865,7008
P503865,454
P503865,363
P503865,440
P503865,2299
P503865,132
P503865,1660
P503865,133
P503865,92
P503865,74
P503865,637
P503865,398
P503865,987
P503865,57
P503865,808
P503865,70
P503865,242
P503865,129
P503865,6602
P503865,117
P503865,39
P503865,2889
P503865,2359
P503865,404
P503865,85
P503865,484
P503865,91
P503865,187
P503865,5
P503865,72
P503865,748
P503865,168
P503865,745
P503865,75
P503865,244
P503865,430
P503865,756
P503865,76
P503865,208
P503865,7009
P503865,7010
P503865,7011
P503865,7012
P403315,71
P403315,1173
P403315,1357
P403315,7013
P403315,628
P403315,6370
P403315,7014
P403315,7015
P403315,256
P403315,436
P403315,1174
P403315,7016
P403315,7017
P403315,7018
P403315,833
P403315,83
P403315,70
P403315,4
P403315,2420
P403315,2521
P403315,967
P424986,83
P424986,813
P424986,2433
P424986,703
P424986,4
P424986,1484
P424986,156
P424986,704
P424986,235
P424986,2343
P424986,522
P424986,89
P424986,61
P424986,86
P424986,527
P424986,170
P424986,244
P424986,1449
P424986,91
P424986,568
P424986,29
P424986,122
P424986,131
P424986,1636
P424986,391
P424986,93
P424986,242
P424986,174
P424986,176
P424986,271
P424986,445
P424986,1572
P424986,202
P424986,1595
P424986,77
P424986,75
P424986,2270
P468211,83
P468211,235
P468211,61
P468211,1356
P468211,1480
P468211,683
P468211,1251
P468211,617
P468211,131
P468211,706
P468211,682
P468211,86
P468211,132
P468211,33
P468211,2777
P468211,4
P468211,420
P468211,2510
P468211,1363
P468211,57
P468211,6132
P468211,398
P468211,96
P468211,18
P468211,5254
P468211,7019
P468211,729
P468211,742
P468211,7020
P468211,7021
P468211,7022
P468211,445
P468211,7023
P443369,83
P443369,89
P443369,4
P443369,9
P443369,153
P443369,1042
P443369,443
P443369,252
P443369,3031
P443369,7024
P443369,131
P443369,1120
P443369,1130
P443369,15
P443369,1997
P443369,2
P443369,1365
P443369,12
P443369,3418
P443369,2685
P443369,441
P443369,825
P443369,5048
P443369,7025
P443369,174
P443369,70
P443369,75
P443369,272
P443369,392
P481336,66
P481336,4
P481336,7026
P481336,1979
P481336,7027
P481336,690
P481336,428
P481336,391
P481336,206
P481336,3877
P481336,7028
P481336,7029
P481336,7030
P481336,7031
P472448,100
P472448,76
P472448,7
P472448,2256
P472448,4
P472448,89
P472448,963
P472448,6996
P472448,3670
P472448,6312
P472448,3224
P472448,422
P472448,416
P472448,428
P472448,430
P472448,166
P472448,8
P472448,268
P472448,2042
P472448,426
P472448,200
P472448,658
P472448,93
P472448,91
P472448,79
P472448,78
P472448,7032
P483453,7033
P483453,83
P483453,7
P483453,1886
P483453,4
P483453,349
P483453,1512
P483453,875
P483453,58
P483453,7034
P483453,7035
P483453,1516
P483453,7036
P483453,3132
P483453,247
P483453,9
P483453,72
P483453,70
P483453,687
P432824,7037
P432824,7038
P481142,100
P481142,275
P481142,131
P481142,297
P481142,71
P481142,9
P481142,76
P481142,89
P481142,1295
P481142,86
P481142,2458
P481142,527
P481142,1415
P481142,29
P481142,1409
P481142,49
P481142,75
P481142,90
P481142,20
P481142,911
P481142,12
P481142,235
P481142,244
P481142,430
P481142,1905
P481142,266
P481142,2246
P481142,676
P481142,170
P481142,74
P481142,1462
P481142,1637
P481142,5
P481142,79
P481142,156
P481142,1256
P481142,242
P481142,392
P465365,1
P465365,7
P465365,4
P465365,274
P465365,20
P465365,454
P465365,5065
P465365,828
P465365,221
P465365,222
P465365,745
P465365,49
P465365,224
P465365,5294
P465365,7039
P465365,878
P465365,58
P465365,161
P465365,8
P465365,57
P465365,7040
P465365,7041
P465365,1735
P465365,71
P465365,169
P465365,6110
P465365,240
P465365,12
P465365,7042
P465365,131
P465365,106
P465365,72
P465365,5
P465365,7043
P440981,4824
P440981,4826
P440981,7044
P444216,83
P444216,84
P444216,4
P444216,71
P444216,86
P444216,87
P444216,1295
P444216,878
P444216,649
P444216,88
P444216,683
P444216,29
P444216,9
P444216,90
P444216,835
P444216,990
P444216,752
P444216,2384
P444216,1179
P444216,132
P444216,95
P444216,7045
P444216,3097
P444216,7046
P444216,61
P444216,360
P444216,92
P444216,97
P444216,78
P444216,131
P444216,70
P444216,430
P444216,7047
P444216,57
P444216,682
P444216,235
P444216,76
P444216,426
P444216,7048
P444216,175
P444216,173
P444216,176
P444216,687
P468813,7049
P468813,7050
P468813,7051
P468813,348
P468813,7
P468813,65
P468813,428
P468813,1420
P468813,79
P468813,72
P468813,75
P468813,247
P468813,2404
P468813,2967
P469444,348
P469444,1216
P469444,7
P469444,4
P469444,527
P469444,703
P469444,762
P469444,627
P469444,1240
P469444,250
P469444,8
P469444,261
P469444,1237
P469444,265
P469444,57
P469444,555
P469444,72
P469444,266
P469444,78
P469444,70
P469444,61
P469444,554
P469444,4800
P469444,803
P481363,201
P481363,6973
P481363,88
P481363,748
P481363,7052
P481363,7053
P481363,7054
P481363,7055
P481363,6792
P481363,7056
P481363,6799
P481363,7057
P481363,7058
P481363,7059
P481363,7060
P481363,7061
P481363,7062
P481363,7063
P481363,6790
P481363,6794
P481363,7064
P481363,86
P481363,7065
P481363,209
P481363,210
P481363,7066
P481363,7067
P481363,206
P481363,1363
P481363,57
P481363,3892
P481363,7068
P481363,7069
P481363,79
P481363,7070
P443834,7071
P502852,4802
P502852,100
P502852,9
P502852,4765
P502852,19
P502852,130
P502852,4766
P502852,2753
P502852,878
P502852,4
P502852,8
P502852,546
P502852,12
P502852,72
P502852,441
P502852,70
P502852,206
P502852,39
P502852,1464
P502852,266
P502852,199
P502852,1304
P502852,489
P502852,91
P502852,78
P502852,4767
P502852,7072
P502852,71
P502852,29
P502852,660
P502852,398
P502852,1418
P502852,4338
P502852,4103
P502852,685
P502852,730
P502852,710
P502852,5045
P502852,2256
P502852,117
P502852,61
P502852,76
P502852,122
P502852,5
P502852,79
P502852,376
P467748,348
P467748,7
P467748,4
P467748,235
P467748,1144
P467748,801
P467748,676
P467748,12
P467748,756
P467748,2915
P467748,313
P467748,57
P467748,857
P467748,2917
P467748,70
P467748,61
P467748,206
P467748,19
P467748,1325
P467748,130
P467748,2805
P467748,79
P467748,1326
P467748,430
P467748,18
P467748,5828
P467748,265
P467748,5831
P440305,7073
P440305,249
P440305,4
P440305,746
P440305,878
P440305,2785
P440305,764
P440305,627
P440305,520
P440305,45
P440305,71
P440305,1712
P440305,9
P440305,676
P440305,86
P440305,88
P440305,7074
P440305,7075
P440305,421
P440305,4207
P440305,107
P440305,70
P440305,7076
P440305,5999
P440305,637
P440305,987
P440305,398
P440305,66
P440305,362
P440305,363
P440305,1128
P440305,5
P440305,1713
P440305,446
P440305,84
P440305,93
P440305,1130
P440305,57
P440305,1256
P440305,3498
P503923,348
P503923,747
P503923,29
P503923,1725
P503923,525
P503923,235
P503923,9
P503923,627
P503923,209
P503923,210
P503923,3771
P503923,2667
P503923,4
P503923,1127
P503923,484
P503923,454
P503923,7077
P503923,197
P503923,1876
P503923,4910
P503923,18
P503923,128
P503923,405
P503923,313
P503923,1295
P503923,3324
P503923,590
P503923,1245
P503923,190
P503923,2668
P503923,189
P503923,5239
P503923,7078
P503923,430
P503923,1255
P503923,131
P503923,191
P503923,57
P503923,2299
P503923,39
P503923,376
P4039,83
P4039,7
P4039,76
P4039,86
P4039,170
P4039,782
P4039,476
P4039,1164
P4039,84
P4039,394
P4039,684
P4039,876
P4039,455
P4039,649
P4039,877
P4039,878
P4039,129
P4039,696
P4039,131
P4039,563
P4039,88
P4039,291
P4039,896
P4039,1227
P4039,848
P4039,20
P4039,117
P4039,70
P4039,3058
P4039,850
P4039,2384
P4039,538
P4039,6168
P4039,7079
P4039,4083
P4039,1179
P4039,95
P4039,2380
P4039,62
P4039,133
P4039,89
P4039,815
P4039,8
P4039,313
P4039,805
P4039,246
P4039,91
P4039,780
P4039,1569
P4039,93
P4039,272
P4039,7080
P504212,5968
P504212,23
P504212,24
P504212,1205
P504212,26
P504212,27
P504212,4266
P504212,29
P504212,30
P504212,31
P504212,32
P504212,33
P504212,4267
P504212,35
P504212,36
P504212,37
P504212,268
P504212,39
P504212,40
P504212,41
P504212,4268
P504212,43
P504212,4269
P504212,45
P504212,46
P504212,47
P504212,48
P504212,49
P504212,100
P504212,4
P504212,9
P504212,51
P504212,52
P504212,53
P504212,4270
P504212,7081
P504212,7082
P504212,7083
P504212,7084
P504212,7085
P504212,3515
P504212,3516
P504212,7086
P504212,7087
P504212,7088
P504212,7089
P504212,7090
P504212,207
P504212,305
P504212,7091
P504212,1974
P504212,3254
P504212,7092
P504212,44
P504212,321
P504212,7093
P504212,7094
P503657,348
P503657,4
P503657,71
P503657,764
P503657,671
P503657,1237
P503657,88
P503657,7
P503657,748
P503657,9
P503657,801
P503657,1240
P503657,672
P503657,2916
P503657,555
P503657,8
P503657,72
P503657,97
P503657,57
P503657,1355
P503657,19
P503657,1288
P503657,266
P503657,70
P503657,61
P503657,130
P503657,78
P503657,430
P503657,176
P503657,272
P503657,1105
P503657,3734
P503657,1184
P503657,441
P503657,568
P503657,7095
P461491,1
P461491,2839
P461491,815
P461491,404
P461491,7096
P461491,7097
P461491,7098
P461491,7099
P461491,764
P461491,6549
P461491,677
P461491,88
P461491,527
P461491,394
P461491,748
P461491,244
P461491,1712
P461491,1713
P461491,1128
P461491,91
P461491,12
P461491,7100
P461491,126
P461491,3338
P461491,3587
P481371,201
P481371,6973
P481371,7101
P481371,7102
P481371,88
P481371,748
P481371,86
P481371,209
P481371,210
P481371,7067
P481371,206
P481371,1363
P481371,57
P481371,70
P481371,7069
P481371,1294
P455339,55
P455339,107
P455339,4
P455339,76
P455339,9
P455339,472
P455339,626
P455339,1363
P455339,57
P455339,277
P455339,15
P455339,78
P455339,12
P455339,5
P455339,474
P430812,7103
P430812,7104
P430812,83
P430812,1162
P430812,1295
P430812,1248
P430812,476
P430812,208
P430812,527
P430812,235
P430812,9
P430812,3180
P430812,86
P430812,170
P430812,209
P430812,7105
P430812,321
P430812,91
P430812,1003
P430812,210
P430812,713
P430812,1116
P430812,57
P430812,153
P430812,1598
P430812,90
P430812,264
P430812,430
P430812,2223
P430812,79
P430812,315
P430812,266
P430812,74
P430812,131
P430812,49
P430812,2671
P430812,305
P430812,1343
P467749,7106
P467749,7
P467749,4
P467749,235
P467749,90
P467749,88
P467749,71
P467749,770
P467749,1725
P467749,764
P467749,801
P467749,567
P467749,1212
P467749,8
P467749,484
P467749,266
P467749,72
P467749,748
P467749,168
P467749,19
P467749,131
P467749,57
P467749,78
P467749,130
P467749,7107
P467749,7108
P467749,2805
P467749,18
P467749,5828
P467749,265
P467749,75
P467749,3734
P467749,79
P467749,568
P467749,272
P467749,174
P467749,7109
P468369,348
P468369,4
P468369,7
P468369,274
P468369,297
P468369,2540
P468369,71
P468369,756
P468369,6220
P468369,746
P468369,446
P468369,89
P468369,91
P468369,161
P468369,72
P468369,4282
P468369,202
P468369,127
P468369,246
P468369,2773
P468369,206
P468369,15
P468369,20
P468369,47
P468369,106
P468369,97
P468369,70
P468369,949
P468369,51
P468369,6430
P450583,66
P450583,348
P450583,65
P450583,4
P450583,1660
P450583,1258
P450583,132
P450583,749
P450583,368
P450583,264
P450583,1120
P450583,20
P450583,430
P450583,583
P450583,750
P450583,1072
P450583,173
P450583,176
P424990,83
P424990,71
P424990,85
P424990,815
P424990,813
P424990,86
P424990,170
P424990,88
P424990,89
P424990,814
P424990,817
P424990,7110
P424990,2343
P424990,1142
P424990,57
P424990,4408
P424990,2377
P424990,1324
P424990,117
P424990,454
P424990,4675
P424990,467
P424990,174
P424990,176
P424990,271
P424990,202
P424990,1595
P424990,135
P424990,4
P424990,77
P424990,122
P424990,91
P424990,6913
P392144,71
P392144,2463
P392144,4
P392144,83
P392144,9
P392144,2679
P392144,6000
P392144,1464
P392144,365
P392144,905
P392144,7111
P392144,2175
P392144,1924
P392144,384
P392144,382
P392144,2339
P392144,7112
P392144,411
P392144,7113
P392144,6005
P392144,110
P392144,39
P392144,7114
P392144,7115
P392144,2465
P392144,261
P392144,33
P392144,2687
P392144,913
P392144,175
P392144,173
P392144,694
P392144,176
P392144,174
P392144,177
P481348,1
P481348,7116
P481348,7117
P481348,5479
P481348,3607
P481348,2110
P481348,7118
P481348,7119
P481348,5481
P481348,2103
P481348,2096
P481348,5509
P481348,3608
P481348,5467
P481348,7120
P481348,5487
P481348,7121
P481348,5489
P481348,5490
P481348,5491
P481348,3633
P481348,4998
P481348,7122
P481348,7123
P481348,7124
P481348,7125
P481348,7126
P481348,2109
P481348,2114
P481348,5499
P481348,7127
P481348,5504
P481348,5004
P481348,5505
P481348,5506
P481348,7128
P481348,7129
P481348,5511
P481348,7130
P481348,5514
P481348,5515
P481348,7131
P481348,7132
P481348,7133
P481348,7134
P481348,7135
P481348,7136
P481348,7137
P481348,7138
P481348,7139
P481348,4987
P481348,2122
P481348,7140
P481348,2123
P461948,946
P461948,4
P461948,628
P461948,948
P461948,2078
P461948,297
P461948,815
P461948,1216
P461948,527
P461948,89
P461948,484
P461948,6955
P461948,86
P461948,84
P461948,947
P461948,595
P461948,91
P461948,88
P461948,75
P461948,8
P461948,2079
P461948,78
P461948,72
P461948,170
P461948,7141
P461948,70
P461948,57
P461948,748
P461948,250
P461948,20
P461948,93
P461948,76
P461948,7142
P461948,593
P461948,6487
P461948,130
P461948,2618
P461948,174
P461948,272
P461948,700
P461948,6484
P461948,7143
P462748,71
P462748,2463
P462748,4
P462748,83
P462748,9
P462748,2679
P462748,6000
P462748,1464
P462748,365
P462748,905
P462748,7111
P462748,2175
P462748,1924
P462748,384
P462748,382
P462748,2339
P462748,7112
P462748,411
P462748,7113
P462748,6005
P462748,110
P462748,39
P462748,7114
P462748,7115
P462748,2465
P462748,261
P462748,33
P462748,2687
P462748,913
P462748,175
P462748,173
P462748,694
P462748,176
P462748,174
P462748,177
P482695,100
P482695,9
P482695,4
P482695,767
P482695,878
P482695,484
P482695,5
P482695,8
P482695,10
P482695,617
P482695,1212
P482695,39
P482695,7
P482695,12
P482695,93
P482695,168
P482695,3839
P482695,38
P482695,19
P482695,1310
P482695,4277
P482695,70
P482695,808
P482695,2331
P122767,83
P122767,89
P122767,1503
P122767,457
P122767,289
P122767,1409
P122767,7144
P122767,256
P122767,7
P122767,4266
P122767,1507
P122767,131
P122767,366
P122767,2913
P122767,7145
P122767,1499
P122767,7146
P122767,1505
P122767,20
P122767,7147
P122767,129
P122767,158
P122767,1196
P122767,224
P122767,796
P122767,844
P122767,1521
P122767,809
P122767,2408
P122767,1315
P122767,6364
P122767,3042
P122767,252
P122767,72
P122767,390
P122767,266
P122767,7148
P471000,1889
P471000,1346
P471000,71
P471000,7
P471000,4
P471000,308
P471000,89
P471000,1357
P471000,274
P471000,153
P471000,552
P471000,7149
P471000,3324
P471000,1481
P471000,252
P471000,1894
P471000,2850
P471000,7150
P471000,7151
P471000,3650
P471000,1000
P471000,2994
P471000,311
P471000,1410
P471000,57
P471000,317
P471000,3792
P471000,1456
P471000,7152
P471000,33
P471000,750
P471000,12
P471000,321
P471000,91
P471000,1476
P433971,100
P433971,29
P433971,4
P433971,835
P433971,627
P433971,2361
P433971,617
P433971,683
P433971,527
P433971,71
P433971,9
P433971,682
P433971,398
P433971,90
P433971,76
P433971,360
P433971,1515
P433971,522
P433971,454
P433971,990
P433971,752
P433971,2384
P433971,1179
P433971,2551
P433971,1181
P433971,760
P433971,97
P433971,2385
P433971,132
P433971,20
P433971,860
P433971,2386
P433971,7153
P433971,95
P433971,70
P433971,61
P433971,961
P433971,131
P433971,92
P433971,75
P433971,430
P433971,57
P433971,470
P433971,426
P433971,265
P433971,88
P433971,174
P433971,272
P433971,175
P433971,173
P433971,176
P433971,1283
P504575,2727
P504575,2728
P504575,83
P504575,688
P504575,75
P504575,7154
P504575,3108
P504575,7155
P504575,4798
P504575,7156
P504575,7157
P440503,1746
P440503,1431
P440503,89
P440503,6764
P440503,520
P440503,1198
P440503,358
P440503,1598
P440503,31
P440503,617
P440503,1599
P440503,522
P440503,703
P440503,1045
P440503,74
P440503,5418
P440503,7158
P440503,112
P440503,7159
P440503,535
P440503,658
P440503,286
P440503,2395
P440503,3824
P440503,7160
P440503,770
P440503,7161
P440503,70
P440503,41
P440503,7162
P440503,119
P440503,1784
P440503,237
P440503,885
P440503,3167
P440503,516
P440503,747
P440503,238
P440503,7163
P455614,83
P455614,4
P455614,349
P455614,20
P455614,7164
P455614,88
P455614,7165
P455614,4607
P455614,2281
P455614,391
P455614,206
P455614,10
P455614,183
P455614,266
P455614,1112
P455614,189
P455614,4436
P455614,102
P455614,107
P455614,1467
P455614,237
P455614,627
P455614,322
P455614,1863
P455614,2624
P455614,4437
P455614,3050
P455614,4130
P455614,112
P455614,2066
P455614,967
P455612,557
P455612,88
P455612,4
P455612,90
P455612,402
P455612,393
P455612,33
P455612,342
P455612,1872
P455612,6539
P455612,742
P455612,102
P455612,430
P455612,20
P455612,673
P455612,2700
P455612,641
P455612,57
P455612,237
P455612,748
P455612,4437
P455612,4866
P455612,3050
P455612,4130
P455612,112
P455612,2624
P455612,7166
P455612,206
P455612,266
P455612,107
P455612,3078
P455612,3071
P455612,341
P455612,322
P455612,1863
P455612,61
P455612,6415
P455612,83
P455612,96
P455612,12
P455612,445
P455612,7167
P427404,234
P427404,747
P427404,1053
P427404,235
P427404,627
P427404,2930
P427404,7168
P467250,348
P467250,4
P467250,71
P467250,208
P467250,743
P467250,274
P467250,18
P467250,20
P467250,161
P467250,131
P467250,1220
P467250,5610
P467250,5611
P467250,3481
P467250,1219
P467250,1460
P467250,95
P467250,66
P467250,627
P467250,70
P467250,129
P467250,73
P467250,748
P467250,39
P467250,1464
P467250,746
P467250,244
P467250,88
P467250,744
P467250,47
P467250,156
P467250,242
P467250,430
P467250,57
P467250,75
P467250,132
P467250,745
P467250,9
P467250,7
P467250,12
P467250,91
P467250,446
P467250,202
P467250,271
P467250,272
P467250,174
P467250,465
P467250,1138
P477961,7169
P477961,100
P477961,2976
P477961,4
P477961,7170
P477961,57
P477961,554
P477961,7171
P477961,398
P477961,72
P477961,2772
P477961,412
P477961,410
P477961,268
P477961,91
P477961,246
P477961,93
P477961,75
P477961,1114
P477961,5737
P477961,89
P477961,7
P477961,435
P477961,358
P477961,7172
P477961,153
P477961,112
P477961,7173
P477961,331
P477961,70
P477961,428
P477961,444
P477961,443
P477961,2
P477961,668
P477961,107
P477961,9
P477961,441
P477961,4451
P504240,348
P504240,4
P504240,71
P504240,208
P504240,743
P504240,274
P504240,18
P504240,20
P504240,161
P504240,131
P504240,1220
P504240,5610
P504240,5611
P504240,3481
P504240,1219
P504240,1460
P504240,95
P504240,66
P504240,627
P504240,70
P504240,129
P504240,73
P504240,748
P504240,39
P504240,1464
P504240,746
P504240,244
P504240,88
P504240,744
P504240,47
P504240,156
P504240,242
P504240,430
P504240,57
P504240,75
P504240,132
P504240,745
P504240,9
P504240,7
P504240,12
P504240,91
P504240,446
P504240,202
P504240,271
P504240,272
P504240,174
P504240,465
P504240,1138
P476009,100
P476009,235
P476009,71
P476009,9
P476009,90
P476009,4
P476009,5816
P476009,76
P476009,1593
P476009,774
P476009,70
P476009,765
P476009,276
P476009,74
P476009,61
P476009,808
P476009,668
P476009,358
P476009,166
P476009,15
P476009,33
P476009,1331
P476009,37
P476009,206
P476009,78
P476009,5823
P476009,5819
P476009,2685
P476009,205
P476009,176
P476009,174
P476009,177
P476447,4628
P476447,4629
P476447,4630
P476447,4631
P476447,3106
P476447,3105
P476447,4632
P476447,4633
P476447,695
P476447,4634
P476447,4635
P476447,4636
P476447,4637
P476447,4638
P476447,4639
P476447,4640
P476447,4641
P476447,4642
P476447,4643
P476447,4644
P476447,4645
P476447,4646
P476447,4647
P471793,404
P471793,71
P471793,179
P471793,2666
P471793,7174
P471793,2220
P471793,86
P471793,767
P471793,627
P471793,1882
P471793,7175
P392648,83
P392648,552
P392648,7176
P392648,4
P392648,525
P392648,140
P392648,529
P392648,289
P392648,181
P392648,88
P392648,89
P392648,131
P392648,527
P392648,86
P392648,2380
P392648,454
P392648,327
P392648,999
P392648,90
P392648,534
P392648,326
P392648,3570
P392648,6060
P392648,36
P392648,20
P392648,4506
P392648,4027
P392648,6141
P392648,244
P392648,394
P392648,528
P392648,7
P392648,7177
P392648,7178
P392648,57
P392648,117
P392648,156
P392648,387
P392648,106
P392648,262
P392648,272
P392648,176
P392648,173
P392648,174
P392648,175
P392648,445
P392648,388
P392648,1352
P392648,12
P392648,47
P392648,135
P392648,91
P392648,266
P392648,3808
P392648,37
P392648,2257
P392648,1974
P392648,1753
P392648,7179
P217931,83
P217931,200
P217931,4
P217931,1483
P217931,11
P217931,1430
P217931,174
P217931,202
P217931,206
P217931,272
P217931,3286
P217931,1595
P217931,7180
P217931,687
P480274,1889
P480274,1346
P480274,9
P480274,366
P480274,274
P480274,2139
P480274,1894
P480274,2362
P480274,2700
P480274,102
P480274,261
P480274,1456
P480274,468
P480274,1730
P480274,5219
P480274,750
P480274,811
P480274,911
P480274,910
P480274,132
P480274,70
P480274,12
P480274,78
P480274,776
P480274,7
P480274,75
P480274,79
P480274,266
P480274,392
P500102,633
P500102,61
P500102,1596
P500102,1017
P500102,1018
P500102,30
P500102,762
P500102,4273
P500102,7181
P500102,405
P500102,818
P500102,417
P500102,284
P500102,7182
P500102,70
P500102,74
P500102,1412
P500102,588
P500102,5
P500102,20
P500102,72
P500102,121
P500102,175
P500102,1476
P398717,83
P398717,4
P398717,89
P398717,1134
P398717,1206
P398717,648
P398717,7183
P398717,484
P398717,1207
P398717,60
P398717,452
P398717,470
P398717,72
P398717,458
P398717,453
P398717,170
P398717,20
P398717,527
P398717,7
P398717,10
P398717,8
P398717,91
P398717,464
P398717,758
P398717,7184
P448200,1745
P448200,4392
P448200,4
P448200,2
P448200,274
P448200,302
P448200,178
P448200,1746
P448200,1408
P448200,89
P448200,788
P448200,646
P448200,298
P448200,4394
P448200,463
P448200,484
P448200,156
P448200,6159
P448200,91
P448200,658
P448200,487
P448200,118
P448200,131
P448200,1241
P448200,790
P448200,4396
P448200,7
P448200,121
P448200,8
P448200,166
P448200,103
P448200,454
P448200,93
P448200,488
P448200,70
P448200,1754
P448200,1753
P448200,272
P448200,489
P448200,174
P448200,173
P448200,1756
P448200,176
P448200,95
P448200,1759
P448200,713
P448200,1176
P448200,1331
P448200,1761
P448200,1762
P448200,1763
P448200,416
P448200,1962
P500121,7185
P500121,7186
P500121,7187
P500121,252
P500121,6966
P473726,55
P473726,56
P473726,4
P473726,410
P473726,1660
P473726,57
P473726,583
P473726,78
P473726,366
P473726,252
P473726,79
P473726,1457
P473726,749
P473726,750
P473726,266
P473726,1072
P473726,666
P473726,114
P473726,376
P476538,7188
P476538,7189
P476538,7190
P476538,1803
P476538,7191
P476538,7192
P442755,9
P442755,126
P442755,1171
P442756,83
P442756,475
P442756,9
P442756,805
P442756,804
P442756,277
P442756,57
P442756,275
P442756,278
P442756,15
P442756,5
P442756,474
P442713,2567
P442713,1346
P442713,71
P442713,1521
P442713,4
P442713,90
P442713,86
P442713,7
P442713,106
P442713,670
P442713,29
P442713,91
P442713,2361
P442713,7193
P442713,352
P442713,527
P442713,660
P442713,169
P442713,117
P442713,7194
P442713,37
P442713,2
P442713,1548
P442713,237
P442713,246
P442713,70
P442713,756
P442713,457
P442713,57
P442713,72
P442713,92
P442713,33
P442713,1159
P442713,633
P442713,127
P442713,454
P442713,595
P442713,1146
P442713,31
P442713,265
P442713,84
P442713,771
P442713,554
P442713,489
P442713,7195
P442713,2066
P442713,7196
P442713,666
P442713,158
P442713,51
P442713,41
P442713,1781
P442713,445
P442713,7197
P442713,47
P442713,20
P442713,75
P442713,549
P472451,348
P472451,6890
P472451,664
P472451,4
P472451,86
P472451,2916
P472451,1212
P472451,676
P472451,1236
P472451,484
P472451,168
P472451,555
P472451,568
P472451,72
P472451,70
P472451,61
P472451,266
P472451,57
P472451,884
P472451,430
P472451,54
P472451,575
P472451,78
P472451,75
P472451,79
P472451,118
P472451,174
P472451,7198
P429683,7199
P429683,4
P429683,7
P429683,261
P429683,278
P429683,91
P429683,428
P429683,897
P429683,489
P429683,266
P429683,75
P429683,467
P429683,272
P429683,174
P429683,271
P429683,173
P429683,581
P429683,2967
P501518,7200
P501518,767
P501518,36
P501518,7201
P501518,2703
P501518,627
P501518,405
P501518,61
P501518,7202
P501518,7203
P501518,256
P501518,7204
P501518,260
P501518,7205
P501518,67
P501518,1040
P501518,3874
P501518,7206
P501518,7207
P501518,7208
P501518,7209
P501518,7210
P501518,7211
P501518,7212
P465752,100
P465752,208
P465752,4
P465752,88
P465752,209
P465752,210
P465752,211
P465752,212
P465752,213
P465752,214
P465752,215
P465752,216
P465752,217
P465752,218
P465752,219
P465752,220
P465752,221
P465752,222
P465752,223
P465752,224
P465752,225
P465752,226
P465752,227
P465752,228
P465752,229
P465752,230
P465752,231
P465752,232
P465752,233
P465752,234
P465752,235
P465752,20
P465752,236
P465752,237
P465752,238
P465752,117
P465752,7
P465752,239
P465752,240
P465752,133
P465752,241
P465752,242
P465752,8
P465752,106
P465752,156
P465752,243
P465752,244
P465752,57
P465752,245
P465752,5
P465752,72
P465752,246
P465752,91
P465752,70
P465752,79
P465752,247
P465752,39
P465752,248
P408230,83
P408230,4
P408230,382
P408230,118
P408230,1934
P408230,88
P408230,878
P408230,527
P408230,1521
P408230,7
P408230,454
P408230,86
P408230,2368
P408230,812
P408230,89
P408230,6067
P408230,856
P408230,12
P408230,5044
P408230,3686
P408230,660
P408230,24
P408230,93
P408230,5076
P408230,446
P408230,129
P408230,1254
P408230,61
P408230,10
P408230,1116
P408230,4036
P408230,1128
P408230,4951
P408230,873
P416825,2567
P416825,1346
P416825,71
P416825,119
P416825,7
P416825,520
P416825,89
P416825,4
P416825,127
P416825,538
P416825,70
P416825,97
P416825,19
P416825,360
P416825,828
P416825,66
P416825,771
P416825,92
P416825,1159
P416825,1146
P416825,595
P416825,237
P416825,265
P416825,633
P416825,166
P416825,57
P416825,117
P416825,106
P416825,84
P416825,132
P416825,91
P416825,79
P416825,78
P416825,75
P416825,80
P387511,7213
P387511,85
P387511,5349
P387511,4244
P387511,3226
P387511,89
P387511,5377
P387511,7214
P387511,7215
P387511,86
P387511,7216
P387511,244
P387511,7217
P387511,7218
P387511,7219
P387511,7220
P387511,7221
P387511,7222
P387511,7223
P387511,7224
P387511,1187
P387511,7225
P387511,7226
P387511,7227
P387511,7228
P387511,7229
P387511,7230
P387511,7231
P387511,7232
P387511,84
P387511,3234
P387511,2687
P387511,242
P387511,1796
P387511,1906
P387511,170
P387511,93
P387511,12
P387511,91
P387511,246
P387511,266
P387511,79
P387511,131
P387511,1797
P387511,70
P387511,446
P387511,272
P387511,202
P387511,174
P387511,176
P387511,1235
P474371,55
P474371,1934
P474371,88
P474371,71
P474371,1790
P474371,29
P474371,646
P474371,4
P474371,748
P474371,768
P474371,61
P474371,1127
P474371,1501
P474371,398
P474371,2830
P474371,2987
P474371,1227
P474371,70
P474371,57
P474371,91
P474371,891
P474371,3500
P474371,374
P474371,3501
P474371,700
P474371,3502
P474371,12
P474371,808
P474371,1909
P474371,637
P474371,75
P474371,173
P474371,174
P474371,177
P432053,7233
P432053,83
P432053,747
P432053,90
P432053,1376
P432053,1746
P432053,1197
P432053,1380
P432053,91
P432053,1381
P432053,617
P432053,1382
P432053,1379
P432053,70
P432053,102
P432053,72
P432053,430
P432053,4594
P432053,246
P432053,4595
P432053,4
P432053,4596
P432053,4597
P432053,4598
P432053,7234
P432053,968
P432053,1640
P432053,1641
P432053,1642
P432053,1643
P432053,1644
P432053,973
P432053,5666
P432053,7235
P432053,976
P432053,7236
P432053,978
P432053,979
P432053,980
P432053,981
P432053,982
P432053,983
P432053,984
P456421,83
P456421,4
P456421,1503
P456421,166
P456421,1042
P456421,554
P456421,206
P456421,7
P456421,2368
P456421,75
P456421,7237
P456421,1566
P456421,2221
P456421,1139
P456421,670
P456421,3692
P456421,673
P456421,423
P456421,424
P456421,3033
P456421,33
P456421,161
P456421,467
P456421,76
P456421,3278
P456421,91
P456421,7238
P456421,3822
P456421,676
P456421,7239
P456421,74
P456421,79
P456421,20
P456421,78
P456421,276
P456421,1731
P473304,100
P473304,24
P473304,1178
P473304,244
P473304,4
P473304,768
P473304,211
P473304,858
P473304,71
P473304,222
P473304,540
P473304,6641
P473304,240
P473304,221
P473304,237
P473304,238
P473304,242
P473304,95
P473304,9
P473304,472
P473304,1182
P473304,74
P473304,7
P473304,70
P473304,106
P473304,8
P473304,57
P473304,91
P473304,76
P473304,79
P473304,686
P473304,441
P473304,72
P473304,323
P473304,390
P473304,156
P473304,12
P473304,7240
P473304,1355
P473304,644
P422012,1160
P422012,4832
P422012,612
P422012,7241
P422012,83
P422012,4
P422012,90
P422012,89
P422012,170
P422012,86
P422012,74
P422012,1412
P422012,84
P422012,91
P422012,595
P422012,70
P422012,208
P422012,7242
P422012,166
P422012,958
P422012,8
P422012,246
P422012,2079
P422012,72
P422012,57
P422012,658
P422012,93
P422012,78
P422012,192
P422012,174
P422012,2965
P422012,19
P422012,593
P422012,570
P422012,924
P422012,12
P422012,272
P422012,4404
P416824,83
P416824,49
P416824,4
P416824,89
P416824,90
P416824,7
P416824,2
P416824,831
P416824,60
P416824,452
P416824,2127
P416824,6905
P416824,422
P416824,584
P416824,828
P416824,575
P416824,833
P416824,1204
P416824,222
P416824,221
P416824,2167
P416824,454
P416824,809
P416824,829
P416824,878
P416824,366
P416824,1667
P416824,20
P416824,72
P416824,840
P416824,448
P416824,458
P416824,453
P416824,4282
P416824,8
P416824,1211
P416824,10
P416824,57
P416824,266
P416824,562
P416824,106
P416824,441
P416824,93
P416824,7243
P461520,7244
P461520,4
P461520,200
P461520,878
P461520,1241
P461520,5
P461520,745
P461520,166
P461520,6
P461520,1281
P461520,568
P461520,463
P461520,546
P461520,103
P461520,20
P461520,993
P461520,426
P461520,1648
P461520,4107
P461520,870
P461520,265
P461520,3805
P461520,7245
P461520,199
P461520,156
P461520,2554
P418221,1
P418221,9
P418221,813
P418221,4
P418221,4245
P418221,4110
P418221,7246
P418221,3382
P418221,341
P418221,1000
P418221,4532
P418221,20
P418221,416
P418221,7247
P418221,3970
P418221,563
P418221,2929
P418221,601
P418221,748
P418221,4533
P418221,7248
P418221,6
P418221,1266
P418221,57
P418221,467
P418221,264
P418221,266
P418221,1294
P457697,348
P457697,4
P457697,4202
P457697,7
P457697,9
P457697,1048
P457697,2965
P457697,2966
P457697,97
P457697,396
P457697,395
P457697,1619
P457697,5995
P457697,1883
P457697,70
P457697,158
P457697,12
P457697,8
P457697,5996
P457697,401
P457697,130
P457697,1130
P457697,57
P457697,5
P457697,960
P457697,117
P457697,313
P457697,679
P457697,1623
P457697,76
P457697,403
P457697,93
P457697,74
P457697,79
P457697,392
P423125,83
P423125,4
P423125,138
P423125,71
P423125,2380
P423125,89
P423125,484
P423125,7
P423125,88
P423125,132
P423125,1695
P423125,7249
P423125,554
P423125,56
P423125,1246
P423125,76
P423125,2390
P423125,178
P423125,398
P423125,685
P423125,2439
P423125,520
P423125,635
P423125,839
P423125,261
P423125,820
P423125,20
P423125,156
P423125,174
P423125,177
P500687,100
P500687,875
P500687,410
P500687,4
P500687,252
P500687,97
P500687,2991
P500687,224
P500687,229
P500687,230
P500687,223
P500687,225
P500687,2298
P500687,231
P500687,2362
P500687,331
P500687,60
P500687,835
P500687,1361
P500687,256
P500687,878
P500687,2992
P500687,189
P500687,197
P500687,2439
P500687,190
P500687,2993
P500687,133
P500687,241
P500687,679
P500687,13
P500687,891
P500687,169
P500687,913
P500687,806
P500687,1254
P500687,2994
P500687,261
P500687,72
P500687,5
P500687,7
P500687,240
P500687,2052
P500687,745
P500687,75
P500687,403
P500687,295
P504056,55
P504056,9
P504056,4
P504056,274
P504056,91
P504056,20
P504056,4778
P504056,1795
P504056,1661
P504056,12
P504056,578
P504056,2294
P504056,75
P504056,250
P504056,39
P504056,7250
P504056,2299
P504056,7251
P449158,83
P449158,4
P449158,297
P449158,86
P449158,71
P449158,7
P449158,76
P449158,761
P449158,304
P449158,529
P449158,170
P449158,646
P449158,1428
P449158,1429
P449158,889
P449158,60
P449158,1430
P449158,329
P449158,131
P449158,70
P449158,484
P449158,744
P449158,88
P449158,1148
P449158,1431
P449158,166
P449158,467
P449158,78
P449158,1256
P449158,489
P449158,51
P449158,135
P449158,12
P449158,266
P449158,79
P449158,91
P449158,174
P449158,202
P449158,1235
P470007,348
P470007,4
P470007,250
P470007,1661
P470007,410
P470007,408
P470007,72
P470007,75
P470007,266
P470007,412
P470007,349
P470007,430
P470007,7
P470007,112
P470007,272
P470007,2624
P470007,575
P470007,7252
P476554,7253
P476554,7254
P476554,7255
P476554,7256
P476554,7257
P476554,7258
P476554,7259
P476554,4646
P476554,7260
P476554,7261
P476554,4647
P500626,61
P500626,4
P500626,417
P500626,2889
P500626,706
P500626,55
P500626,235
P500626,484
P500626,6
P500626,72
P500626,410
P500626,2361
P500626,992
P500626,70
P500626,252
P500626,1000
P500626,79
P500626,426
P500626,422
P500626,416
P500626,428
P500626,75
P500626,2428
P474113,2567
P474113,1346
P474113,29
P474113,7
P474113,4
P474113,297
P474113,71
P474113,2569
P474113,85
P474113,86
P474113,170
P474113,671
P474113,89
P474113,352
P474113,527
P474113,76
P474113,1360
P474113,484
P474113,1503
P474113,3933
P474113,2797
P474113,262
P474113,2142
P474113,2066
P474113,19
P474113,4650
P474113,2805
P474113,2266
P474113,121
P474113,677
P474113,96
P474113,4061
P474113,4651
P474113,685
P474113,1218
P474113,3113
P474113,1868
P474113,363
P474113,398
P474113,679
P474113,161
P474113,672
P474113,2268
P474113,2264
P474113,166
P474113,2800
P474113,57
P474113,546
P474113,78
P474113,107
P474113,135
P474113,51
P474113,72
P474113,91
P474113,246
P474113,3822
P474113,74
P474113,1212
P474113,4653
P474113,39
P474113,4065
P474113,589
P474113,590
P474113,75
P474113,79
P474113,266
P474113,686
P474113,122
P474113,206
P474113,1132
P474117,2567
P474117,1346
P474117,29
P474117,7
P474117,4
P474117,297
P474117,71
P474117,2569
P474117,85
P474117,86
P474117,170
P474117,671
P474117,89
P474117,352
P474117,527
P474117,76
P474117,1360
P474117,484
P474117,1503
P474117,3933
P474117,2797
P474117,262
P474117,2142
P474117,2066
P474117,19
P474117,4650
P474117,2805
P474117,2266
P474117,121
P474117,677
P474117,96
P474117,4061
P474117,4651
P474117,685
P474117,1218
P474117,3113
P474117,1868
P474117,363
P474117,398
P474117,679
P474117,161
P474117,672
P474117,2268
P474117,2264
P474117,166
P474117,2800
P474117,57
P474117,546
P474117,78
P474117,107
P474117,135
P474117,51
P474117,72
P474117,91
P474117,246
P474117,3822
P474117,74
P474117,1212
P474117,4653
P474117,39
P474117,4065
P474117,589
P474117,590
P474117,75
P474117,79
P474117,266
P474117,686
P474117,122
P474117,206
P474117,1132
P481703,55
P481703,7
P481703,297
P481703,852
P481703,1431
P481703,4
P481703,9
P481703,76
P481703,553
P481703,5811
P481703,2801
P481703,2805
P481703,3658
P481703,2802
P481703,2804
P481703,95
P481703,131
P481703,70
P481703,646
P481703,617
P481703,484
P481703,527
P481703,352
P481703,86
P481703,244
P481703,89
P481703,568
P481703,435
P481703,90
P481703,72
P481703,166
P481703,842
P481703,57
P481703,10
P481703,20
P481703,265
P481703,667
P481703,444
P481703,156
P481703,130
P481703,239
P481703,242
P481703,668
P481703,71
P481703,75
P481703,246
P481703,79
P481703,266
P481703,272
P428255,55
P428255,2
P428255,4
P428255,102
P428255,742
P428255,880
P428255,10
P428255,91
P428255,568
P428255,165
P428255,441
P428255,135
P428255,1120
P428255,57
P428255,130
P428255,3648
P428255,489
P428255,4427
P428255,2778
P428255,51
P428255,471
P481828,348
P481828,234
P481828,71
P481828,9
P481828,235
P481828,306
P481828,2272
P481828,1279
P481828,661
P481828,252
P481828,1728
P481828,482
P481828,1598
P481828,1508
P481828,5
P481828,206
P481828,745
P481828,1330
P481828,2151
P481828,317
P481828,7
P481828,460
P481828,1908
P481828,95
P481828,7262
P450290,524
P450290,1788
P450290,89
P450290,713
P450290,24
P450290,770
P450290,662
P450290,457
P450290,2849
P450290,825
P450290,531
P450290,1684
P450290,840
P450290,450
P450290,451
P450290,1790
P450290,1791
P450290,1792
P450290,1793
P450290,453
P450290,1794
P450290,1795
P450290,1796
P450290,338
P450290,340
P450290,1797
P450290,1798
P450290,1799
P450290,1179
P450290,637
P450290,4166
P450290,4026
P450290,4080
P450290,832
P450290,4163
P450290,1400
P450290,416
P450290,2602
P450290,462
P450290,191
P450290,1143
P450290,2354
P450290,3831
P450290,539
P450290,4
P450290,605
P450290,461
P450290,7
P450290,744
P450290,809
P450290,4164
P450290,831
P450290,454
P450290,2789
P450290,237
P450290,3832
P450290,2167
P450290,994
P450290,76
P450290,850
P450290,1527
P450290,562
P450290,842
P450290,131
P450290,4162
P450290,78
P450290,169
P450290,1548
P450290,4170
P450290,369
P450290,265
P450290,153
P450290,828
P450290,1211
P450290,4167
P450290,436
P450290,604
P450290,238
P450290,74
P450290,3930
P450290,93
P450290,266
P450290,91
P450290,121
P450290,203
P450290,272
P450290,174
P450290,173
P450290,176
P450290,3540
P450290,2519
P431840,83
P431840,9
P431840,1886
P431840,369
P431840,74
P431840,234
P431840,185
P431840,382
P431840,365
P431840,7263
P431840,1057
P431840,570
P431840,45
P431840,637
P431840,327
P431840,1461
P431840,7264
P431840,7265
P431840,322
P431840,13
P431840,7266
P431840,2311
P431840,95
P431840,7267
P431840,7268
P431840,189
P431840,753
P431840,112
P431840,186
P431840,190
P431840,192
P431840,1686
P431840,188
P431840,3843
P431840,7269
P431840,2133
P431840,194
P431840,71
P431840,261
P431840,1731
P481825,50
P481825,9
P481825,1162
P481825,4
P481825,89
P481825,74
P481825,7270
P481825,484
P481825,1398
P481825,3539
P481825,7271
P481825,7272
P481825,167
P481825,5
P481825,7273
P481825,170
P481825,289
P481825,527
P481825,555
P481825,1409
P481825,7274
P481825,38
P481825,1284
P481825,2328
P481825,12
P481825,93
P481825,106
P481825,242
P481825,7275
P481825,1595
P481825,7276
P481825,174
P481825,202
P481825,7277
P481825,176
P481825,173
P481825,7
P481825,808
P481825,286
P481825,7278
P481825,2511
P481825,7279
P481825,7280
P481825,7281
P481825,1437
P481825,7282
P481825,57
P481825,75
P481825,79
P481825,7283
P481825,7284
P481825,857
P481825,621
P481825,475
P481825,1585
P481825,7285
P481825,7286
P481825,3677
P483699,1889
P483699,1346
P483699,71
P483699,1148
P483699,9
P483699,7287
P483699,4
P483699,61
P483699,646
P483699,208
P483699,671
P483699,7288
P483699,2380
P483699,76
P483699,764
P483699,770
P483699,520
P483699,274
P483699,2601
P483699,1872
P483699,112
P483699,749
P483699,750
P483699,5726
P483699,1072
P483699,1253
P483699,96
P483699,633
P483699,672
P483699,73
P483699,617
P483699,20
P483699,91
P483699,88
P483699,358
P483699,402
P483699,470
P483699,1363
P483699,393
P483699,57
P483699,668
P483699,428
P483699,161
P483699,72
P483699,70
P483699,131
P483699,1623
P483699,3092
P483699,75
P483699,441
P483699,295
P483457,83
P483457,7
P483457,1886
P483457,4
P483457,349
P483457,1512
P483457,875
P483457,58
P483457,7034
P483457,7035
P483457,1516
P483457,7036
P483457,3132
P483457,247
P483457,9
P483457,72
P483457,70
P483457,687
P481701,2534
P481701,4
P481701,71
P481701,87
P481701,3027
P481701,88
P481701,274
P481701,2208
P481701,90
P481701,1420
P481701,6115
P481701,2855
P481701,756
P481701,89
P481701,2541
P481701,527
P481701,91
P481701,291
P481701,72
P481701,403
P481701,363
P481701,398
P481701,2543
P481701,878
P481701,130
P481701,430
P481701,97
P481701,987
P481701,396
P481701,401
P481701,2753
P481701,158
P481701,70
P481701,637
P481701,57
P481701,8
P481701,12
P481701,5974
P481701,266
P481701,685
P481701,962
P443358,83
P443358,1166
P443358,7
P443358,1934
P443358,7289
P443358,84
P443358,562
P443358,1412
P443358,89
P443358,87
P443358,170
P443358,20
P443358,673
P443358,1664
P443358,416
P443358,97
P443358,635
P443358,331
P443358,237
P443358,5638
P443358,818
P443358,595
P443358,593
P443358,2084
P443358,107
P443358,238
P443358,9
P443358,70
P443358,555
P443358,61
P443358,263
P443358,12
P443358,527
P443358,8
P443358,1590
P443358,805
P443358,78
P443358,392
P377576,83
P377576,90
P377576,7
P377576,404
P377576,4
P377576,662
P377576,89
P377576,879
P377576,170
P377576,527
P377576,86
P377576,562
P377576,153
P377576,169
P377576,834
P377576,2751
P377576,840
P377576,765
P377576,452
P377576,416
P377576,60
P377576,637
P377576,2129
P377576,422
P377576,95
P377576,2371
P377576,829
P377576,770
P377576,2354
P377576,7290
P377576,2454
P377576,1388
P377576,831
P377576,454
P377576,117
P377576,1527
P377576,1211
P377576,71
P377576,457
P377576,458
P377576,131
P377576,809
P377576,455
P377576,76
P377576,8
P377576,453
P377576,10
P377576,401
P377576,747
P377576,158
P377576,116
P377576,390
P377576,546
P377576,20
P377576,1530
P377576,75
P377576,72
P377576,441
P377576,2953
P377576,93
P377576,91
P377576,7291
P404465,2226
P404465,2227
P404465,2228
P404465,2229
P404465,4
P404465,2230
P404465,2231
P404465,2232
P404465,78
P404465,2233
P476553,7292
P476553,7293
P476553,7294
P476553,7295
P476553,7296
P476553,7297
P476553,7298
P476553,7299
P476553,4646
P476553,7300
P476553,4645
P476553,7301
P500988,100
P500988,71
P500988,1412
P500988,4
P500988,88
P500988,90
P500988,29
P500988,86
P500988,2629
P500988,209
P500988,190
P500988,39
P500988,210
P500988,1872
P500988,679
P500988,1064
P500988,857
P500988,195
P500988,191
P500988,189
P500988,64
P500988,2753
P500988,1603
P500988,1353
P500988,2149
P500988,2543
P500988,862
P500988,835
P500988,543
P500988,1309
P500988,7302
P500988,1255
P500988,197
P500988,198
P500988,196
P500988,261
P500988,468
P500988,1127
P500988,2793
P500988,75
P500988,1130
P500988,118
P500988,1117
P500988,2606
P500988,199
P500988,7303
P500988,1304
P500988,72
P500988,1294
P483643,2434
P483643,762
P483643,1598
P483643,61
P483643,284
P483643,892
P483643,45
P483643,1599
P483643,417
P483643,402
P483643,2492
P483643,286
P483643,70
P483643,20
P483643,627
P483643,6746
P483643,3050
P483643,4130
P483643,6747
P483643,2624
P483643,7304
P483643,4864
P483643,3054
P483643,6415
P483643,7305
P483643,4074
P483643,7306
P483643,69
P483643,675
P483643,1112
P483643,189
P483643,185
P483643,175
P483643,1132
P447213,348
P447213,4075
P447213,633
P447213,71
P447213,88
P447213,4
P447213,90
P447213,527
P447213,127
P447213,7307
P447213,275
P447213,7308
P447213,61
P447213,520
P447213,163
P447213,5752
P447213,637
P447213,97
P447213,398
P447213,685
P447213,92
P447213,5268
P447213,112
P447213,60
P447213,76
P447213,72
P447213,291
P447213,166
P447213,91
P447213,549
P467614,100
P467614,747
P467614,1295
P467614,4458
P467614,9
P467614,4
P467614,555
P467614,71
P467614,86
P467614,170
P467614,5
P467614,1054
P467614,1053
P467614,2124
P467614,2339
P467614,808
P467614,117
P467614,322
P467614,890
P467614,75
P467614,2543
P467614,131
P467614,57
P467614,235
P467614,166
P467614,426
P467614,3324
P467614,76
P467614,70
P467614,805
P467614,93
P467614,3552
P467614,7309
P467614,3177
P467614,91
P467614,272
P467614,174
P467614,566
P449177,7310
P449177,1144
P449177,1412
P449177,155
P449177,393
P449177,402
P449177,1045
P449177,7311
P449177,2381
P449177,1673
P449177,1876
P449177,197
P449177,7312
P449177,1112
P449177,3512
P449177,191
P449177,5281
P449177,185
P449177,1255
P449177,198
P449177,1318
P449177,405
P449177,745
P449177,71
P449177,890
P449177,7313
P449177,190
P449177,819
P449177,2573
P449177,128
P449177,100
P449177,272
P449177,174
P449177,70
P449177,566
P449177,7314
P449177,5
P449177,2242
P449177,4
P449177,652
P449177,165
P449177,7315
P449177,3466
P449177,20
P449177,3092
P449177,2330
P449177,2453
P449177,5573
P449177,7316
P449177,1275
P449177,7317
P449177,276
P449177,74
P449177,9
P449177,57
P449177,265
P449177,76
P449177,313
P449177,117
P449177,679
P449177,264
P449177,1623
P449177,39
P449177,122
P449177,206
P449177,79
P449177,392
P505158,100
P505158,4
P505158,2667
P505158,90
P505158,91
P505158,57
P505158,86
P505158,441
P505158,2668
P505158,2339
P505158,3974
P505158,88
P505158,430
P505158,75
P505158,161
P505158,2011
P505158,76
P505158,131
P505158,266
P505158,79
P505158,128
P505158,1266
P505158,776
P505158,1160
P505158,4663
P505158,612
P505158,1161
P481700,7318
P481700,1810
P481700,2
P481700,4
P481700,7
P481700,9
P481700,1813
P481700,5
P481700,274
P481700,330
P481700,1814
P481700,1816
P481700,161
P481700,652
P481700,5956
P481700,583
P481700,1815
P481700,8
P481700,10
P481700,339
P481700,189
P481700,57
P481700,12
P481700,130
P481700,322
P481700,1818
P481700,93
P481700,190
P481700,13
P481700,319
P481700,811
P481700,858
P481700,717
P481700,1819
P481700,324
P481700,325
P481700,1437
P481700,331
P481700,3604
P481700,7319
P481700,71
P481700,88
P481700,26
P481700,178
P481700,746
P481700,29
P481700,1811
P481700,1812
P481700,86
P481700,76
P481700,23
P481700,770
P481700,153
P481700,513
P481700,209
P481700,210
P481700,244
P481700,745
P481700,595
P481700,84
P481700,1817
P481700,1746
P481700,77
P481700,242
P481700,195
P481700,1820
P481700,193
P481700,196
P481700,197
P481700,198
P481700,191
P481700,185
P481700,70
P481700,1481
P481700,1821
P481700,7320
P481700,83
P481700,296
P481700,297
P481700,7321
P481700,1420
P481700,3915
P481700,298
P481700,1162
P481700,306
P481700,2320
P481700,311
P481700,7322
P481700,7323
P481700,321
P481700,72
P481700,316
P481700,1449
P481700,7324
P481700,39
P481700,7325
P481700,373
P481700,794
P481700,327
P481700,310
P481700,409
P481700,61
P481700,169
P481700,329
P481700,3035
P481700,252
P481700,793
P481700,334
P481700,7326
P481700,118
P481700,341
P481700,7327
P481700,1906
P481700,1797
P481700,285
P481700,117
P481700,2001
P481700,332
P481700,111
P481700,333
P481700,132
P481700,2679
P481700,1602
P481700,1931
P481700,91
P481700,264
P481700,1776
P481700,97
P481700,1796
P481700,79
P481700,1664
P481700,266
P481700,7328
P427393,83
P427393,7
P427393,4
P427393,71
P427393,74
P427393,20
P427393,428
P427393,2137
P427393,2586
P427393,7329
P427393,96
P427393,454
P427393,161
P427393,2724
P427393,319
P427393,339
P427393,2286
P427393,2915
P427393,133
P427393,107
P427393,2917
P427393,455
P427393,169
P427393,75
P427393,78
P427393,166
P427393,669
P427393,441
P427393,57
P427393,89
P427393,3371
P427393,8
P427393,91
P427393,206
P427393,3903
P427393,2135
P427393,1476
P474823,100
P474823,76
P474823,104
P474823,1399
P474823,278
P474823,71
P474823,101
P474823,127
P474823,1872
P474823,1785
P474823,331
P474823,398
P474823,1556
P474823,20
P474823,90
P474823,237
P474823,238
P474823,113
P474823,95
P474823,66
P474823,60
P474823,133
P474823,107
P474823,2744
P474823,129
P474823,2939
P474823,205
P474823,114
P474823,108
P474823,4
P474823,7
P474823,265
P474823,7330
P474823,78
P474823,106
P474823,75
P474823,430
P474823,1652
P474823,1656
P474823,1309
P474823,91
P474823,122
P474823,79
P474823,266
P416755,100
P416755,88
P416755,7331
P416755,3282
P416755,89
P416755,7
P416755,71
P416755,1198
P416755,20
P416755,2137
P416755,428
P416755,286
P416755,70
P416755,469
P416755,1070
P416755,3206
P416755,1253
P416755,107
P416755,102
P416755,7332
P416755,132
P416755,749
P416755,750
P416755,1072
P416755,2139
P416755,130
P416755,63
P416755,115
P416755,155
P416755,4110
P416755,12
P416755,3088
P416755,308
P416755,3916
P416755,1382
P416755,555
P416755,588
P416755,291
P416755,119
P416755,441
P416755,75
P416755,206
P416755,91
P416755,79
P416755,80
P469505,815
P469505,995
P469505,562
P469505,83
P469505,366
P469505,4
P469505,554
P469505,7
P469505,2439
P469505,2586
P469505,224
P469505,106
P469505,2326
P383053,83
P383053,4474
P383053,117
P383053,4139
P383053,138
P383053,1148
P383053,4446
P383053,954
P383053,4
P383053,527
P383053,953
P383053,7333
P383053,670
P383053,828
P383053,4475
P383053,89
P383053,3915
P383053,595
P383053,7
P383053,91
P383053,7334
P383053,815
P383053,878
P383053,131
P383053,7335
P383053,1527
P383053,882
P383053,7336
P383053,57
P383053,1211
P383053,454
P383053,660
P383053,135
P383053,51
P383053,7337
P383053,696
P383053,133
P383053,24
P383053,129
P383053,12
P383053,93
P383053,157
P383053,1254
P383053,4472
P383053,7338
P383053,781
P388545,1747
P388545,4714
P388545,178
P388545,308
P388545,201
P388545,482
P388545,4
P388545,4392
P388545,121
P388545,764
P388545,51
P388545,471
P478239,348
P478239,5605
P478239,383
P478239,4
P478239,1236
P478239,1363
P478239,116
P478239,57
P478239,206
P478239,54
P478239,13
P478239,391
P478239,322
P478239,272
P478239,174
P478239,75
P478239,79
P478239,2681
P478239,2072
P478239,266
P478239,5443
P478239,4461
P478239,7339
P457696,5992
P457696,71
P457696,4
P457696,746
P457696,9
P457696,86
P457696,88
P457696,1712
P457696,878
P457696,129
P457696,237
P457696,1242
P457696,97
P457696,396
P457696,395
P457696,5993
P457696,158
P457696,66
P457696,626
P457696,1048
P457696,2965
P457696,2966
P457696,403
P457696,685
P457696,398
P457696,70
P457696,637
P457696,8
P457696,1713
P457696,363
P457696,5
P457696,84
P457696,362
P457696,428
P457696,1128
P457696,15
P457696,1130
P457696,61
P457696,57
P457696,75
P457696,2967
P476428,1
P476428,5064
P476428,5065
P476428,66
P476428,4950
P476428,1388
P476428,882
P476428,75
P476428,191
P476428,197
P476428,12
P476428,4
P476428,96
P476428,18
P476428,546
P476428,2892
P476428,117
P476428,265
P476428,190
P476428,189
P476428,5061
P476428,198
P476428,91
P476428,899
P476428,266
P476428,679
P476428,835
P476428,2801
P476428,366
P476428,313
P476428,74
P476428,79
P476428,441
P476428,135
P476428,70
P476428,1731
P456395,50
P456395,9
P456395,200
P456395,5
P456395,74
P456395,3918
P456395,7340
P456395,441
P456395,75
P456395,39
P456395,38
P456395,1437
P456395,12
P456395,93
P456395,7341
P456395,1970
P456395,37
P456395,243
P456395,310
P456395,321
P456395,70
P443383,83
P443383,4
P443383,7
P443383,9
P443383,289
P443383,809
P443383,1399
P443383,256
P443383,834
P443383,455
P443383,833
P443383,2527
P443383,831
P443383,838
P443383,416
P443383,622
P443383,842
P443383,158
P443383,274
P443383,140
P443383,1402
P443383,286
P443383,45
P443383,3476
P443383,454
P443383,828
P443383,131
P443383,60
P443383,1204
P443383,993
P443383,1211
P443383,166
P443383,2532
P443383,787
P443383,690
P443383,20
P443383,7342
P443383,747
P443383,8
P443383,562
P443383,78
P443383,75
P443383,321
P443383,93
P443383,441
P443383,47
P443383,51
P443383,91
P443383,246
P443383,3810
P443383,3818
P443383,845
P502395,100
P502395,7
P502395,4
P502395,178
P502395,879
P502395,484
P502395,878
P502395,5
P502395,274
P502395,3730
P502395,8
P502395,10
P502395,289
P502395,1409
P502395,617
P502395,268
P502395,3731
P502395,39
P502395,91
P502395,1212
P502395,12
P502395,93
P502395,811
P502395,858
P502395,168
P502395,272
P502395,7343
P502395,633
P502395,67
P502395,252
P502395,7344
P502395,174
P502395,2200
P502395,2744
P502395,3733
P502395,3734
P502395,2745
P502395,3735
P502395,127
P502395,1430
P502395,169
P502395,118
P502395,808
P502395,70
P502395,72
P502395,51
P502395,47
P502395,401
P502395,1402
P502395,20
P502395,3737
P502395,3736
P502395,828
P502395,78
P502395,3738
P479313,100
P479313,533
P479313,4
P479313,23
P479313,955
P479313,88
P479313,29
P479313,89
P479313,815
P479313,71
P479313,527
P479313,1872
P479313,127
P479313,1556
P479313,1785
P479313,20
P479313,90
P479313,2380
P479313,2066
P479313,4330
P479313,6460
P479313,703
P479313,617
P479313,113
P479313,129
P479313,428
P479313,6827
P479313,331
P479313,3984
P479313,130
P479313,1173
P479313,61
P479313,285
P479313,110
P479313,835
P479313,673
P479313,472
P479313,633
P479313,70
P479313,1275
P479313,107
P479313,63
P479313,76
P479313,1127
P479313,12
P479313,7
P479313,7345
P479313,2973
P479313,3180
P479313,670
P479313,39
P479313,265
P479313,660
P479313,430
P479313,75
P479313,441
P479313,7346
P479313,1652
P479313,1656
P479313,1309
P479313,91
P479313,206
P479313,79
P479313,266
P442833,9
P442833,7347
P455930,2567
P455930,1346
P455930,138
P455930,89
P455930,88
P455930,7
P455930,71
P455930,1382
P455930,20
P455930,652
P455930,2394
P455930,1738
P455930,155
P455930,1198
P455930,3088
P455930,291
P455930,57
P455930,119
P455930,91
P455930,549
P443366,83
P443366,2043
P443366,2045
P443366,74
P443366,7
P443366,2144
P443366,2044
P443366,234
P443366,89
P443366,4
P443366,7348
P443366,1893
P443366,3539
P443366,416
P443366,1527
P443366,428
P443366,186
P443366,2026
P443366,70
P443366,95
P443366,7349
P443366,235
P443366,87
P443366,170
P443366,555
P443366,1212
P443366,535
P443366,484
P443366,206
P443366,71
P443366,57
P443366,166
P443366,168
P443366,12
P443366,43
P443366,78
P443366,15
P443366,75
P443366,441
P443366,7350
P443366,9
P443366,176
P443366,174
P443366,175
P443366,239
P443366,79
P443366,266
P443366,5
P443366,392
P502745,2534
P502745,9
P502745,76
P502745,4
P502745,426
P502745,7351
P502745,1281
P502745,4728
P502745,6
P502745,3273
P502745,1795
P502745,1241
P502745,5579
P502745,71
P502745,265
P502745,1277
P502745,460
P502745,1540
P502745,7352
P502745,225
P502745,229
P502745,7353
P502745,7354
P502745,266
P502745,75
P502745,206
P502745,1294
P474936,348
P474936,7
P474936,235
P474936,1236
P474936,74
P474936,90
P474936,4
P474936,2017
P474936,86
P474936,1357
P474936,1240
P474936,200
P474936,5151
P474936,72
P474936,57
P474936,3569
P474936,76
P474936,555
P474936,54
P474936,70
P474936,61
P474936,430
P474936,75
P474936,700
P474936,78
P474936,681
P474936,570
P474936,175
P474936,1826
P474936,79
P474936,327
P474936,173
P474936,265
P474936,867
P474936,266
P474936,890
P474936,1827
P474936,3825
P474936,176
P474936,272
P474936,7355
P500101,66
P500101,390
P500101,348
P500101,4
P500101,5158
P500101,284
P500101,7181
P500101,454
P500101,274
P500101,354
P500101,75
P500101,5
P500101,72
P500101,848
P500101,5652
P500101,78
P500101,20
P500101,91
P500101,79
P500101,80
P443842,83
P443842,4
P443842,7
P443842,9
P443842,208
P443842,89
P443842,244
P443842,72
P443842,129
P443842,4816
P443842,90
P443842,275
P443842,960
P443842,8
P443842,3177
P443842,70
P443842,156
P443842,131
P443842,848
P443842,78
P443842,93
P443842,1415
P443842,127
P443842,1565
P443842,132
P443842,165
P443842,18
P443842,106
P443842,221
P443842,222
P443842,392
P448802,83
P448802,89
P448802,235
P448802,4
P448802,71
P448802,86
P448802,2665
P448802,1049
P448802,404
P448802,33
P448802,91
P448802,88
P448802,470
P448802,206
P448802,457
P448802,745
P448802,1127
P448802,131
P448802,166
P448802,1795
P448802,12
P448802,74
P448802,391
P448802,2412
P448802,78
P448802,2220
P448802,445
P448802,20
P448802,3924
P448802,1355
P479841,55
P479841,4
P479841,90
P479841,558
P479841,88
P479841,9
P479841,5
P479841,475
P479841,6185
P479841,59
P479841,6186
P479841,585
P479841,131
P479841,70
P479841,6187
P479841,748
P479841,527
P479841,352
P479841,1127
P479841,878
P479841,78
P479841,166
P479841,676
P479841,7
P479841,568
P479841,20
P479841,808
P479841,246
P479841,79
P479841,80
P500757,20
P500757,668
P500757,4
P500757,455
P500757,9
P500757,72
P500757,5
P500757,127
P500757,828
P500757,1203
P500757,1874
P500757,1873
P500757,1749
P500757,49
P500757,130
P500757,4792
P500757,339
P500757,47
P500757,1878
P500757,1879
P500757,549
P418624,2030
P418624,2031
P418624,2032
P418624,70
P418624,71
P418624,2033
P418624,575
P418624,1309
P418624,2034
P418624,1920
P418624,1034
P418624,2035
P418624,2036
P418624,2037
P418624,2038
P418624,2039
P456211,2189
P456211,3243
P456211,7356
P456211,7357
P456211,7358
P456211,7359
P456211,7360
P456211,3108
P456211,75
P456211,7361
P456211,1962
P459300,2189
P459300,3243
P459300,7356
P459300,7357
P459300,7358
P459300,7359
P459300,7360
P459300,3108
P459300,75
P459300,7361
P459300,1962
P427410,49
P427410,90
P427410,476
P427410,297
P427410,234
P427410,31
P427410,404
P427410,794
P427410,20
P427410,3924
P427410,235
P427410,41
P427410,7362
P427410,2220
P427410,2537
P454120,100
P454120,90
P454120,9
P454120,274
P454120,2252
P454120,234
P454120,5154
P454120,627
P454120,463
P454120,4
P454120,618
P454120,211
P454120,7363
P454120,133
P454120,281
P454120,2325
P454120,842
P454120,1651
P454120,455
P454120,2784
P454120,527
P454120,809
P454120,3987
P454120,649
P454120,76
P454120,1556
P454120,5074
P454120,594
P454120,237
P454120,158
P454120,1333
P454120,396
P454120,1332
P454120,97
P454120,395
P454120,129
P454120,472
P454120,2285
P454120,358
P454120,130
P454120,20
P454120,57
P454120,1335
P454120,563
P454120,355
P454120,1336
P454120,235
P454120,1342
P454120,75
P454120,39
P454120,91
P454120,72
P454120,79
P454120,70
P454120,246
P454120,266
P454120,549
P418629,83
P418629,90
P418629,208
P418629,747
P418629,761
P418629,1376
P418629,1197
P418629,2017
P418629,770
P418629,7364
P418629,75
P418629,1380
P418629,4
P418629,1378
P418629,660
P418629,398
P418629,617
P418629,70
P418629,71
P418629,174
P418629,91
P418629,117
P418629,1210
P418629,7365
P418629,5336
P418629,430
P418629,527
P418629,1213
P418629,7
P418629,72
P418629,200
P418629,246
P418629,7366
P418629,153
P418629,1120
P418629,7367
P418629,95
P418629,4489
P418629,2672
P418629,2204
P418629,7368
P418629,7369
P418629,753
P418629,2527
P418629,206
P418629,20
P418629,272
P418629,6913
P474377,348
P474377,89
P474377,304
P474377,434
P474377,4
P474377,435
P474377,1196
P474377,7
P474377,23
P474377,825
P474377,9
P474377,311
P474377,958
P474377,5328
P474377,2066
P474377,595
P474377,237
P474377,20
P474377,5329
P474377,527
P474377,913
P474377,2687
P474377,265
P474377,1580
P474377,2371
P474377,5330
P474377,5331
P474377,70
P474377,786
P474377,1481
P474377,169
P474377,635
P474377,12
P474377,91
P474377,2135
P474377,3903
P474377,37
P474377,7370
P503191,348
P503191,89
P503191,304
P503191,434
P503191,4
P503191,435
P503191,1196
P503191,7
P503191,23
P503191,825
P503191,9
P503191,311
P503191,958
P503191,5328
P503191,2066
P503191,595
P503191,237
P503191,20
P503191,5329
P503191,527
P503191,913
P503191,2687
P503191,265
P503191,1580
P503191,2371
P503191,5330
P503191,5331
P503191,70
P503191,786
P503191,1481
P503191,169
P503191,635
P503191,12
P503191,91
P503191,2135
P503191,3903
P503191,37
P473820,100
P473820,89
P473820,994
P473820,155
P473820,4
P473820,7
P473820,448
P473820,825
P473820,311
P473820,1216
P473820,1487
P473820,809
P473820,455
P473820,996
P473820,997
P473820,1366
P473820,20
P473820,460
P473820,833
P473820,1002
P473820,1000
P473820,454
P473820,1399
P473820,397
P473820,60
P473820,999
P473820,452
P473820,837
P473820,1143
P473820,2978
P473820,842
P473820,1523
P473820,584
P473820,1504
P473820,1368
P473820,131
P473820,458
P473820,1402
P473820,169
P473820,401
P473820,12
P473820,457
P473820,308
P473820,839
P473820,181
P473820,843
P473820,676
P473820,117
P473820,808
P473820,807
P473820,1256
P473820,93
P473820,51
P473820,745
P473820,374
P473820,266
P473820,91
P473820,845
P472028,55
P472028,4
P472028,9
P472028,274
P472028,7
P472028,304
P472028,1784
P472028,323
P472028,1692
P472028,3734
P472028,2745
P472028,2623
P472028,554
P472028,544
P472028,4122
P472028,475
P472028,130
P472028,3648
P472028,1691
P472028,63
P472028,118
P472028,1128
P472028,246
P472028,568
P472028,745
P472028,1355
P472028,78
P472028,4859
P472028,3846
P472028,79
P472028,1968
P472028,5
P472028,1275
P472028,489
P472028,266
P472028,455
P472028,76
P472028,8
P472028,166
P472028,33
P472028,474
P384780,7371
P384780,7372
P384780,7373
P384780,7374
P423259,1810
P423259,2
P423259,4
P423259,7
P423259,9
P423259,1813
P423259,5
P423259,274
P423259,330
P423259,1814
P423259,1816
P423259,161
P423259,652
P423259,5956
P423259,1683
P423259,1815
P423259,8
P423259,10
P423259,339
P423259,189
P423259,57
P423259,12
P423259,130
P423259,322
P423259,1818
P423259,93
P423259,190
P423259,13
P423259,319
P423259,811
P423259,858
P423259,717
P423259,1819
P423259,324
P423259,325
P423259,1437
P423259,331
P423259,3604
P385432,200
P385432,83
P385432,166
P385432,1425
P385432,449
P385432,2586
P385432,7
P385432,7375
P433444,83
P433444,7
P433444,383
P433444,384
P433444,2000
P433444,106
P433444,170
P433444,27
P433444,617
P433444,1031
P433444,1030
P433444,6838
P433444,598
P433444,6917
P433444,1426
P433444,1917
P433444,2621
P433444,317
P433444,7376
P433444,174
P433444,272
P433444,694
P433444,175
P433444,207
P433444,1327
P433444,382
P433444,385
P433444,454
P433444,20
P433444,4
P433444,455
P433444,117
P433444,12
P433444,57
P433444,72
P433444,386
P433444,74
P433444,390
P433444,93
P433444,135
P433444,391
P433444,91
P433444,33
P433444,37
P433444,1390
P433444,491
P433444,492
P431181,83
P431181,815
P431181,813
P431181,4
P431181,278
P431181,165
P431181,814
P431181,743
P431181,822
P431181,2494
P431181,1513
P431181,2495
P431181,1035
P431181,2496
P431181,2497
P431181,2498
P431181,2499
P431181,821
P431181,816
P431181,161
P431181,49
P431181,12
P431181,9
P431181,2145
P431181,3474
P431181,467
P431181,489
P431181,91
P431181,2347
P431181,2500
P431181,2503
P431181,4175
P426707,1344
P426707,808
P426707,265
P426707,2567
P426707,1346
P426707,89
P426707,1382
P426707,1070
P426707,20
P426707,7377
P426707,835
P426707,1350
P426707,1353
P426707,7378
P426707,7379
P426707,752
P426707,96
P426707,7380
P426707,95
P426707,1351
P426707,1352
P426707,70
P426707,72
P426707,5685
P426707,7
P426707,1746
P426707,2
P426707,1411
P426707,457
P426707,6530
P426707,392
P12295,809
P12295,1465
P12295,1916
P12295,2237
P12295,1931
P12295,2703
P12295,1199
P12295,843
P12295,568
P12295,174
P12295,767
P12295,764
P12295,766
P12295,807
P12295,808
P12295,131
P12295,77
P12295,4
P12295,55
P12295,266
P12295,51
P12295,1235
P419223,83
P419223,1412
P419223,4
P419223,323
P419223,2801
P419223,234
P419223,527
P419223,209
P419223,210
P419223,274
P419223,3026
P419223,5396
P419223,1671
P419223,222
P419223,221
P419223,3034
P419223,1670
P419223,5083
P419223,1199
P419223,633
P419223,1883
P419223,211
P419223,472
P419223,546
P419223,235
P419223,1637
P419223,117
P419223,161
P419223,1677
P419223,128
P419223,75
P419223,1676
P419223,70
P419223,1678
P419223,313
P419223,3033
P419223,57
P419223,266
P419223,79
P419223,246
P419223,72
P419223,78
P419223,91
P419223,7381
P454378,55
P454378,4
P454378,1465
P454378,76
P454378,88
P454378,71
P454378,852
P454378,878
P454378,553
P454378,1428
P454378,889
P454378,60
P454378,3393
P454378,70
P454378,74
P454378,484
P454378,748
P454378,842
P454378,89
P454378,133
P454378,8
P454378,72
P454378,7
P454378,10
P454378,527
P454378,352
P454378,20
P454378,57
P454378,1903
P454378,130
P454378,808
P454378,135
P454378,489
P454378,266
P454378,79
P454378,91
P454378,174
P454378,1235
P436359,83
P436359,6411
P436359,6412
P436359,20
P436359,1603
P436359,6413
P436359,102
P436359,107
P436359,6414
P436359,543
P436359,6415
P436359,6416
P436359,2506
P436359,1270
P436359,6417
P436359,1269
P436359,96
P436359,878
P436359,252
P436359,687
P430146,61
P430146,208
P430146,627
P430146,3337
P430146,3338
P430146,2882
P430146,1023
P430146,3339
P430146,1022
P430146,1024
P430146,1020
P430146,2213
P430146,7382
P430146,2380
P430146,634
P430146,5294
P430146,1049
P430146,1050
P430146,3346
P430146,175
P430146,173
P430146,271
P430146,203
P430146,174
P430146,272
P384539,348
P384539,2052
P384539,410
P384539,4
P384539,2828
P384539,1087
P384539,2
P384539,95
P384539,94
P384539,96
P384539,398
P384539,637
P384539,92
P384539,166
P384539,161
P384539,5605
P384539,72
P384539,103
P384539,93
P384539,33
P384539,135
P384539,91
P384539,7383
P454383,1160
P454383,2875
P454383,612
P454383,5567
P454383,83
P454383,963
P454383,782
P454383,4
P454383,476
P454383,308
P454383,1164
P454383,527
P454383,555
P454383,3783
P454383,363
P454383,209
P454383,463
P454383,745
P454383,210
P454383,1905
P454383,4340
P454383,246
P454383,192
P454383,889
P454383,12
P454383,819
P454383,1255
P454383,700
P454383,699
P454383,76
P454383,5
P454383,72
P454383,57
P454383,987
P454383,594
P454383,3785
P454383,1357
P454383,15
P454383,70
P454383,92
P454383,637
P454383,71
P454383,161
P454383,3786
P454383,376
P454384,1160
P454384,2875
P454384,612
P454384,5567
P454384,83
P454384,963
P454384,782
P454384,4
P454384,476
P454384,308
P454384,1164
P454384,527
P454384,555
P454384,3783
P454384,363
P454384,209
P454384,463
P454384,745
P454384,210
P454384,1905
P454384,4340
P454384,246
P454384,192
P454384,889
P454384,12
P454384,819
P454384,1255
P454384,700
P454384,699
P454384,76
P454384,5
P454384,72
P454384,57
P454384,987
P454384,594
P454384,3785
P454384,1357
P454384,15
P454384,70
P454384,92
P454384,637
P454384,71
P454384,161
P454384,3786
P454384,376
P481831,709
P481831,813
P481831,4
P481831,4100
P481831,3954
P481831,5638
P481831,19
P481831,20
P481831,57
P481831,1243
P481831,274
P481831,70
P481831,2568
P481831,91
P481831,72
P481831,489
P481831,568
P481831,272
P481831,77
P481831,202
P481831,204
P481831,174
P481831,271
P481831,203
P481831,176
P481831,266
P481831,75
P481831,4193
P449175,83
P449175,4
P449175,200
P449175,2
P449175,5
P449175,878
P449175,161
P449175,141
P449175,718
P449175,7384
P449175,719
P449175,720
P449175,721
P449175,722
P449175,3990
P449175,3992
P449175,3993
P449175,7385
P449175,423
P449175,7386
P449175,20
P449175,166
P449175,1548
P449175,11
P449175,448
P449175,171
P449175,1270
P449175,993
P449175,743
P449175,289
P449175,10
P449175,2575
P449175,1709
P449175,1420
P449175,1310
P449175,7
P449175,7387
P449175,7388
P449175,7389
P449175,4485
P449175,175
P449175,173
P449175,174
P449175,176
P449175,177
P455236,44
P455236,181
P455236,71
P455236,23
P455236,160
P455236,1205
P455236,24
P455236,1412
P455236,648
P455236,5775
P455236,3459
P455236,7390
P455236,30
P455236,794
P455236,1220
P455236,7391
P455236,482
P455236,809
P455236,469
P455236,581
P455236,70
P455236,2237
P455236,1226
P455236,843
P455236,1286
P455236,75
P455236,265
P455236,1285
P455236,391
P455236,815
P455236,100
P455236,109
P455236,49
P455236,539
P455236,1758
P455236,266
P455236,6132
P455236,3815
P455236,503
P455236,3818
P455236,268
P455236,1294
P470041,1160
P470041,4663
P470041,612
P470041,5077
P470041,83
P470041,200
P470041,2406
P470041,89
P470041,314
P470041,70
P470041,628
P470041,756
P470041,6409
P470041,79
P470041,1905
P470041,91
P470041,2407
P470041,15
P470041,675
P470041,76
P470041,5219
P470041,57
P470041,9
P470041,4885
P470041,72
P470041,71
P470041,166
P470041,826
P470041,7392
P470041,199
P470041,75
P470041,266
P470041,4
P470041,687
P456566,348
P456566,742
P456566,552
P456566,264
P456566,209
P456566,210
P456566,1863
P456566,192
P456566,317
P456566,3206
P456566,61
P456566,103
P456566,878
P456566,161
P456566,91
P456566,745
P456566,805
P456566,166
P456566,1384
P456566,70
P456566,4
P456566,3207
P456566,776
P456566,33
P456566,489
P456566,20
P456566,18
P456566,77
P456566,850
P456566,756
P456566,47
P456566,430
P456566,750
P456566,753
P456566,751
P456566,49
P456566,752
P456566,749
P456566,132
P456566,174
P456566,272
P456566,175
P456566,37
P456566,464
P456566,1942
P454838,815
P454838,89
P454838,4
P454838,49
P454838,535
P454838,1507
P454838,302
P454838,83
P454838,947
P454838,1903
P454838,2540
P454838,457
P454838,2368
P454838,130
P454838,19
P454838,1637
P454838,1680
P454838,1677
P454838,441
P454838,266
P454838,222
P454838,1678
P454838,7393
P454838,221
P454838,75
P454838,7394
P421276,348
P421276,2355
P421276,1502
P421276,89
P421276,90
P421276,107
P421276,86
P421276,170
P421276,9
P421276,102
P421276,1852
P421276,138
P421276,78
P421276,3423
P421276,132
P421276,695
P421276,365
P421276,2448
P421276,4
P421276,544
P421276,457
P421276,13
P421276,701
P421276,192
P421276,700
P421276,131
P421276,91
P421276,676
P421276,3233
P421276,302
P421276,528
P421276,57
P421276,12
P421276,93
P421276,265
P421276,1256
P421276,173
P421276,207
P421276,175
P421276,174
P421276,272
P421276,176
P421276,702
P188309,83
P188309,4
P188309,7
P188309,412
P188309,809
P188309,199
P188309,5252
P188309,449
P188309,454
P188309,833
P188309,998
P188309,2586
P188309,1328
P188309,20
P188309,1543
P188309,460
P188309,485
P188309,831
P188309,3567
P188309,5790
P188309,606
P188309,129
P188309,84
P188309,78
P188309,93
P188309,91
P188309,5791
P472050,348
P472050,9
P472050,208
P472050,4
P472050,2256
P472050,209
P472050,156
P472050,210
P472050,2079
P472050,88
P472050,89
P472050,924
P472050,352
P472050,91
P472050,166
P472050,366
P472050,1581
P472050,675
P472050,446
P472050,632
P472050,850
P472050,730
P472050,430
P472050,75
P472050,12
P472050,95
P472050,1457
P472050,1456
P472050,1317
P472050,266
P472050,3163
P472050,70
P472050,464
P472050,1887
P472050,1132
P411365,100
P411365,138
P411365,1484
P411365,167
P411365,153
P411365,89
P411365,9
P411365,86
P411365,170
P411365,2013
P411365,127
P411365,1415
P411365,97
P411365,20
P411365,2930
P411365,3454
P411365,90
P411365,2384
P411365,131
P411365,960
P411365,684
P411365,876
P411365,455
P411365,649
P411365,877
P411365,878
P411365,4
P411365,71
P411365,275
P411365,74
P411365,404
P411365,794
P411365,7
P411365,117
P411365,463
P411365,2328
P411365,1148
P411365,461
P411365,106
P411365,1930
P411365,1449
P411365,91
P411365,12
P411365,246
P411365,93
P411365,78
P411365,3474
P411365,2145
P411365,37
P411365,465
P411365,1572
P411365,173
P411365,893
P214002,55
P214002,88
P214002,6046
P214002,4
P214002,12
P214002,633
P214002,1596
P214002,29
P214002,200
P214002,646
P214002,748
P214002,745
P214002,1501
P214002,71
P214002,1050
P214002,7395
P214002,2830
P214002,8
P214002,322
P214002,700
P214002,820
P214002,70
P214002,329
P214002,3507
P214002,3279
P214002,91
P214002,3296
P214002,808
P214002,96
P214002,61
P214002,637
P214002,75
P214002,107
P214002,78
P214002,175
P214002,173
P214002,176
P214002,174
P214002,177
P395615,348
P395615,382
P395615,383
P395615,4
P395615,1363
P395615,57
P395615,206
P395615,118
P395615,374
P395615,1105
P395615,13
P395615,575
P395615,174
P395615,322
P395615,272
P395615,441
P395615,75
P395615,391
P395615,1352
P395615,3115
P395615,8
P395615,2681
P395615,2072
P395615,7396
P395615,5443
P395615,4461
P395615,329
P395615,365
P395615,7397
P395615,5
P395615,72
P395615,79
P395615,107
P395615,667
P395615,80
P482535,100
P482535,1420
P482535,1295
P482535,1931
P482535,2740
P482535,366
P482535,76
P482535,108
P482535,3316
P482535,318
P482535,2700
P482535,92
P482535,20
P482535,398
P482535,6993
P482535,274
P482535,7398
P482535,685
P482535,2430
P482535,811
P482535,910
P482535,5
P482535,72
P482535,235
P482535,745
P482535,911
P482535,7
P482535,3207
P482535,132
P482535,1903
P482535,430
P482535,117
P482535,805
P482535,57
P482535,75
P482535,7399
P411401,946
P411401,6956
P411401,4
P411401,89
P411401,155
P411401,9
P411401,86
P411401,2077
P411401,274
P411401,141
P411401,736
P411401,63
P411401,84
P411401,170
P411401,595
P411401,225
P411401,1412
P411401,2264
P411401,1045
P411401,7
P411401,91
P411401,454
P411401,6163
P411401,2266
P411401,76
P411401,70
P411401,418
P411401,72
P411401,8
P411401,2268
P411401,67
P411401,20
P411401,229
P411401,223
P411401,2079
P411401,15
P411401,593
P411401,47
P411401,97
P411401,130
P411401,1796
P411401,240
P411401,949
P411401,4328
P411401,106
P411401,78
P411401,310
P411401,6489
P411401,222
P411401,74
P411401,7400
P411401,1764
P460515,100
P460515,852
P460515,9
P460515,1356
P460515,208
P460515,4110
P460515,211
P460515,1219
P460515,703
P460515,1221
P460515,70
P460515,166
P460515,1220
P460515,1604
P460515,403
P460515,396
P460515,395
P460515,97
P460515,158
P460515,401
P460515,57
P460515,8
P460515,78
P460515,91
P460515,266
P460515,106
P460515,549
P462347,100
P462347,852
P462347,9
P462347,1356
P462347,208
P462347,4110
P462347,211
P462347,1219
P462347,703
P462347,1221
P462347,70
P462347,166
P462347,1220
P462347,1604
P462347,403
P462347,396
P462347,395
P462347,97
P462347,158
P462347,401
P462347,57
P462347,8
P462347,78
P462347,91
P462347,266
P462347,106
P462347,549
P471046,557
P471046,4
P471046,234
P471046,88
P471046,520
P471046,6766
P471046,4666
P471046,100
P471046,460
P471046,209
P471046,61
P471046,210
P471046,29
P471046,7401
P471046,7402
P471046,71
P471046,1297
P471046,420
P471046,475
P471046,235
P471046,2275
P471046,36
P471046,2324
P471046,451
P471046,2321
P471046,1227
P471046,1070
P471046,266
P471046,322
P471046,2325
P471046,107
P471046,129
P471046,889
P471046,673
P471046,7403
P471046,313
P471046,103
P471046,197
P471046,96
P471046,6141
P471046,7404
P471046,430
P471046,2041
P471046,132
P471046,194
P471046,7405
P471046,2179
P471046,70
P471046,398
P471046,6535
P471046,1674
P471046,118
P471046,175
P471046,176
P471046,174
P471046,177
P455926,2567
P455926,1346
P455926,71
P455926,4
P455926,835
P455926,107
P455926,244
P455926,460
P455926,155
P455926,127
P455926,7406
P455926,7407
P455926,1043
P455926,2124
P455926,95
P455926,66
P455926,131
P455926,274
P455926,169
P455926,237
P455926,1242
P455926,129
P455926,9
P455926,3489
P455926,242
P455926,156
P455926,363
P455926,637
P455926,987
P455926,70
P455926,7408
P455926,7409
P455926,265
P455926,57
P455926,117
P455926,1000
P455926,1712
P455926,1713
P455926,1128
P455926,263
P455926,51
P455926,2461
P455926,78
P455926,91
P455926,72
P455926,12
P455926,2125
P455927,2567
P455927,1346
P455927,71
P455927,4
P455927,835
P455927,107
P455927,244
P455927,460
P455927,155
P455927,127
P455927,7406
P455927,7407
P455927,1043
P455927,2124
P455927,95
P455927,66
P455927,131
P455927,274
P455927,169
P455927,237
P455927,1242
P455927,129
P455927,9
P455927,3489
P455927,242
P455927,156
P455927,363
P455927,637
P455927,987
P455927,70
P455927,7408
P455927,7409
P455927,265
P455927,57
P455927,117
P455927,1000
P455927,1712
P455927,1713
P455927,1128
P455927,263
P455927,51
P455927,2461
P455927,78
P455927,91
P455927,72
P455927,12
P455927,2125
P447210,83
P447210,71
P447210,90
P447210,4
P447210,210
P447210,209
P447210,617
P447210,87
P447210,161
P447210,244
P447210,1148
P447210,1673
P447210,2064
P447210,1149
P447210,2062
P447210,1875
P447210,20
P447210,91
P447210,12
P447210,70
P447210,376
P188307,83
P188307,200
P188307,1210
P188307,7
P188307,1425
P188307,449
P188307,454
P188307,809
P188307,4
P188307,831
P188307,842
P188307,2586
P188307,1847
P188307,5790
P188307,74
P188307,93
P188307,7375
P403817,83
P403817,4
P403817,7
P403817,529
P403817,90
P403817,1520
P403817,89
P403817,879
P403817,181
P403817,743
P403817,27
P403817,809
P403817,1181
P403817,840
P403817,833
P403817,6905
P403817,7410
P403817,221
P403817,829
P403817,1204
P403817,3092
P403817,454
P403817,401
P403817,828
P403817,222
P403817,1366
P403817,1667
P403817,4027
P403817,166
P403817,1211
P403817,913
P403817,72
P403817,562
P403817,20
P403817,389
P403817,106
P403817,8
P403817,78
P403817,1623
P403817,390
P403817,441
P403817,91
P403817,33
P403817,7411
P375841,83
P375841,994
P375841,9
P375841,4
P375841,200
P375841,89
P375841,2266
P375841,856
P375841,131
P375841,79
P375841,91
P375841,130
P375841,454
P375841,2264
P375841,246
P375841,153
P375841,416
P375841,861
P375841,658
P375841,5563
P375841,152
P375841,140
P375841,57
P375841,71
P375841,5564
P375841,51
P375841,5565
P375853,83
P375853,2261
P375853,7
P375853,106
P375853,4
P375853,20
P375853,164
P375853,668
P375853,93
P375853,75
P375853,366
P375853,107
P375853,109
P375853,441
P375853,79
P375853,5296
P442836,951
P442836,412
P442836,249
P442836,4
P442836,1661
P442836,349
P442836,1717
P442836,878
P442836,3437
P442836,57
P442836,9
P442836,75
P442836,91
P442836,161
P442836,12
P442836,76
P442836,122
P442836,1457
P442836,286
P442836,15
P442836,426
P442836,264
P442836,79
P442836,20
P442836,7412
P442836,90
P442836,657
P442836,635
P442836,471
P442744,469
P442744,1220
P442744,1174
P442744,826
P442744,1242
P442744,3951
P442744,7413
P442744,6395
P442744,1268
P442744,18
P442744,2920
P442744,2011
P442744,331
P442744,581
P442744,3467
P442744,7414
P442744,588
P442744,584
P442744,585
P442744,96
P442744,1270
P442744,586
P442744,587
P442744,687
P466164,100
P466164,3328
P466164,258
P466164,9
P466164,4
P466164,76
P466164,441
P466164,90
P466164,317
P466164,264
P466164,75
P466164,1598
P466164,3324
P466164,57
P466164,20
P466164,454
P466164,3329
P466164,1127
P466164,79
P466164,1903
P466164,3330
P466164,313
P466164,117
P466164,3331
P466164,3332
P466164,679
P466164,618
P466164,3333
P466164,186
P466164,338
P466164,74
P466164,266
P466164,91
P466164,2454
P375534,348
P375534,87
P375534,4
P375534,71
P375534,527
P375534,360
P375534,89
P375534,90
P375534,684
P375534,92
P375534,29
P375534,95
P375534,8
P375534,97
P375534,88
P375534,94
P375534,75
P375534,96
P375534,767
P375534,520
P375534,78
P375534,135
P375534,91
P375534,266
P375534,1294
P440650,100
P440650,138
P440650,1484
P440650,167
P440650,153
P440650,89
P440650,9
P440650,86
P440650,170
P440650,2013
P440650,127
P440650,1415
P440650,97
P440650,20
P440650,2930
P440650,3454
P440650,90
P440650,2384
P440650,131
P440650,960
P440650,684
P440650,876
P440650,455
P440650,649
P440650,877
P440650,878
P440650,4
P440650,71
P440650,275
P440650,74
P440650,404
P440650,794
P440650,7
P440650,117
P440650,463
P440650,2328
P440650,1148
P440650,461
P440650,106
P440650,1930
P440650,1449
P440650,91
P440650,12
P440650,246
P440650,93
P440650,78
P440650,3474
P440650,2145
P440650,37
P440650,465
P440650,1572
P440650,173
P440650,893
P446942,1
P446942,274
P446942,4
P446942,9
P446942,7
P446942,90
P446942,132
P446942,18
P446942,91
P446942,244
P446942,546
P446942,129
P446942,57
P446942,960
P446942,92
P446942,93
P446942,156
P446942,161
P446942,848
P446942,1565
P446942,199
P446942,75
P446942,2554
P433443,83
P433443,2
P433443,1784
P433443,5
P433443,4
P433443,7415
P433443,7416
P433443,7417
P433443,7418
P433443,7419
P433443,7420
P433443,719
P433443,720
P433443,721
P433443,722
P433443,7421
P433443,7422
P433443,7423
P433443,3990
P433443,3992
P433443,7424
P433443,189
P433443,190
P433443,195
P433443,196
P433443,1064
P433443,3518
P433443,198
P433443,7425
P433443,191
P433443,161
P433443,131
P433443,3837
P433443,166
P433443,8
P433443,546
P433443,171
P433443,10
P433443,7426
P433443,7427
P433443,7428
P433443,7429
P433443,175
P433443,173
P433443,176
P433443,174
P433443,7430
P472468,348
P472468,4
P472468,382
P472468,352
P472468,2740
P472468,383
P472468,71
P472468,87
P472468,469
P472468,264
P472468,1117
P472468,6996
P472468,110
P472468,470
P472468,57
P472468,582
P472468,20
P472468,673
P472468,2974
P472468,2552
P472468,132
P472468,72
P472468,5
P472468,75
P472468,265
P472468,1112
P472468,808
P472468,430
P472468,74
P472468,189
P472468,266
P472468,390
P472468,185
P472468,7431
P472468,745
P472468,1282
P472468,37
P472468,91
P472468,1283
P457005,55
P457005,65
P457005,235
P457005,1295
P457005,9
P457005,404
P457005,76
P457005,4
P457005,90
P457005,1361
P457005,64
P457005,2978
P457005,2091
P457005,60
P457005,69
P457005,70
P457005,441
P457005,252
P457005,12
P457005,57
P457005,75
P457005,5685
P457005,187
P457005,328
P457005,72
P457005,79
P457005,266
P457005,173
P457005,176
P416139,83
P416139,90
P416139,208
P416139,747
P416139,761
P416139,1376
P416139,1197
P416139,2017
P416139,770
P416139,7364
P416139,75
P416139,1380
P416139,4
P416139,1378
P416139,660
P416139,398
P416139,617
P416139,70
P416139,71
P416139,174
P416139,91
P416139,117
P416139,1210
P416139,7365
P416139,5336
P416139,430
P416139,527
P416139,1213
P416139,7
P416139,72
P416139,200
P416139,246
P416139,7366
P416139,153
P416139,1120
P416139,7367
P416139,95
P416139,4489
P416139,2672
P416139,2204
P416139,7368
P416139,7369
P416139,753
P416139,2527
P416139,206
P416139,20
P416139,272
P416139,6913
P469538,50
P469538,200
P469538,7
P469538,878
P469538,5
P469538,928
P469538,929
P469538,1211
P469538,8
P469538,11
P469538,10
P469538,9
P469538,39
P469538,2742
P469538,811
P469538,858
P469538,584
P469538,38
P469538,12
P469538,130
P469538,174
P469538,1364
P469538,93
P469538,57
P469538,668
P469538,1282
P469538,3732
P469538,339
P469538,2744
P469538,76
P469538,958
P469538,3734
P469538,2745
P469538,272
P469538,3658
P469538,3735
P469538,1243
P469538,815
P469538,1176
P469538,1430
P469538,4336
P469538,3467
P469538,2747
P469538,1534
P469538,173
P469538,175
P469538,176
P469538,169
P469538,51
P469538,75
P469538,3231
P469538,70
P469538,6473
P469538,1844
P469538,5092
P476729,100
P476729,200
P476729,7
P476729,878
P476729,5
P476729,928
P476729,929
P476729,1211
P476729,8
P476729,11
P476729,10
P476729,9
P476729,39
P476729,2742
P476729,811
P476729,858
P476729,584
P476729,268
P476729,12
P476729,130
P476729,174
P476729,1364
P476729,93
P476729,57
P476729,668
P476729,1282
P476729,2200
P476729,339
P476729,2744
P476729,76
P476729,958
P476729,3734
P476729,2745
P476729,272
P476729,3658
P476729,3735
P476729,1243
P476729,815
P476729,1176
P476729,1430
P476729,4336
P476729,3467
P476729,2747
P476729,1534
P476729,173
P476729,175
P476729,176
P476729,169
P476729,51
P476729,75
P476729,3231
P476729,70
P476729,6473
P476729,1844
P476729,5092
P454313,50
P454313,9
P454313,178
P454313,90
P454313,26
P454313,4
P454313,161
P454313,88
P454313,29
P454313,670
P454313,5
P454313,746
P454313,1254
P454313,244
P454313,7
P454313,166
P454313,39
P454313,12
P454313,93
P454313,319
P454313,325
P454313,242
P454313,324
P454313,1057
P454313,4277
P454313,2311
P454313,4278
P454313,471
P409631,83
P409631,7
P409631,1886
P409631,448
P409631,4
P409631,620
P409631,846
P409631,410
P409631,7432
P409631,385
P409631,847
P409631,349
P409631,7433
P409631,382
P409631,91
P409631,246
P409631,1294
P404793,764
P404793,520
P404793,90
P404793,747
P404793,7434
P404793,892
P404793,326
P404793,889
P404793,891
P404793,6734
P404793,3709
P404793,131
P404793,117
P404793,7435
P404793,174
P404793,175
P404793,176
P404793,272
P404793,1681
P453224,100
P453224,71
P453224,107
P453224,90
P453224,4
P453224,78
P453224,209
P453224,9
P453224,210
P453224,88
P453224,2162
P453224,676
P453224,1363
P453224,1795
P453224,57
P453224,91
P453224,12
P453224,322
P453224,177
P475589,100
P475589,7
P475589,170
P475589,89
P475589,74
P475589,2355
P475589,634
P475589,4
P475589,1514
P475589,2065
P475589,454
P475589,2543
P475589,397
P475589,71
P475589,834
P475589,838
P475589,840
P475589,2351
P475589,2350
P475589,2352
P475589,60
P475589,835
P475589,584
P475589,1208
P475589,29
P475589,627
P475589,20
P475589,274
P475589,237
P475589,401
P475589,131
P475589,1364
P475589,455
P475589,706
P475589,1828
P475589,842
P475589,12
P475589,72
P475589,70
P475589,1852
P475589,169
P475589,1007
P475589,8
P475589,484
P475589,78
P475589,51
P475589,745
P475589,489
P475589,2989
P475589,93
P475589,91
P475589,246
P475589,686
P475589,266
P475589,3808
P475589,37
P475589,1331
P475589,1753
P475589,4232
P443830,83
P443830,89
P443830,7
P443830,3666
P443830,4
P443830,153
P443830,457
P443830,91
P443830,1709
P443830,1382
P443830,155
P443830,9
P443830,56
P443830,79
P443830,546
P443830,119
P443830,12
P443830,266
P443830,261
P443830,4316
P443830,588
P443830,15
P443830,72
P443830,390
P443830,7436
P400203,90
P400203,627
P400203,71
P400203,4772
P400203,70
P400203,1259
P400203,3852
P400203,7437
P479904,90
P479904,627
P479904,71
P479904,4772
P479904,70
P479904,1259
P479904,3852
P479904,7437
P505346,50
P505346,200
P505346,7
P505346,878
P505346,5
P505346,928
P505346,929
P505346,1211
P505346,8
P505346,11
P505346,10
P505346,9
P505346,39
P505346,2742
P505346,811
P505346,858
P505346,584
P505346,38
P505346,12
P505346,130
P505346,174
P505346,1364
P505346,93
P505346,57
P505346,668
P505346,1282
P505346,3732
P505346,339
P505346,2744
P505346,76
P505346,958
P505346,3734
P505346,2745
P505346,272
P505346,3658
P505346,3735
P505346,1243
P505346,815
P505346,1176
P505346,1430
P505346,4336
P505346,3467
P505346,2747
P505346,1534
P505346,173
P505346,175
P505346,176
P505346,169
P505346,51
P505346,75
P505346,3231
P505346,70
P505346,6473
P505346,1844
P505346,5092
P427411,83
P427411,476
P427411,89
P427411,2700
P427411,614
P427411,275
P427411,244
P427411,457
P427411,155
P427411,70
P427411,15
P427411,277
P427411,156
P427411,804
P427411,278
P427411,91
P427411,279
P458755,348
P458755,274
P458755,743
P458755,1725
P458755,4
P458755,879
P458755,74
P458755,558
P458755,2514
P458755,3361
P458755,2722
P458755,436
P458755,4225
P458755,91
P458755,275
P458755,106
P458755,86
P458755,7
P458755,4226
P458755,206
P458755,4227
P458755,170
P458755,2147
P458755,4228
P458755,8
P458755,1795
P458755,20
P458755,1457
P458755,78
P458755,4229
P458755,131
P458755,66
P458755,1709
P458755,76
P458755,842
P458755,1906
P458755,1797
P458755,753
P458755,1598
P458755,1412
P458755,79
P458755,9
P458755,710
P458755,57
P458755,568
P458755,4230
P458755,564
P458755,616
P458755,107
P458755,266
P458755,72
P458755,1796
P458755,1117
P458755,5
P458755,75
P458755,4231
P458755,2936
P458755,2937
P458755,391
P458755,49
P458755,2330
P458755,174
P458755,176
P458755,173
P458755,272
P458755,1235
P309310,83
P309310,2976
P309310,7438
P309310,4607
P309310,9
P309310,7439
P309310,349
P309310,7440
P309310,382
P309310,3126
P309310,4608
P309310,129
P309310,2772
P309310,398
P309310,76
P309310,252
P309310,430
P309310,72
P309310,7441
P309310,122
P309310,843
P309310,272
P309310,205
P474937,348
P474937,1236
P474937,261
P474937,4
P474937,250
P474937,3928
P474937,1363
P474937,57
P474937,815
P474937,75
P474937,7442
P474937,366
P474937,54
P474937,79
P474937,700
P474937,570
P474937,175
P474937,1826
P474937,327
P474937,173
P474937,176
P474937,266
P474937,272
P474937,890
P474937,7443
P404322,348
P404322,84
P404322,2525
P404322,1083
P404322,4
P404322,2740
P404322,7444
P404322,1712
P404322,3422
P404322,1713
P404322,1128
P404322,132
P404322,695
P404322,365
P404322,3423
P404322,3424
P404322,666
P404322,107
P404322,102
P404322,13
P404322,701
P404322,192
P404322,808
P404322,700
P404322,175
P404322,207
P404322,206
P404322,78
P404322,174
P404322,246
P404322,272
P404322,173
P404322,265
P404322,176
P404322,7445
P448202,83
P448202,178
P448202,4
P448202,274
P448202,1210
P448202,88
P448202,2
P448202,4392
P448202,71
P448202,657
P448202,86
P448202,89
P448202,23
P448202,486
P448202,91
P448202,118
P448202,131
P448202,1241
P448202,790
P448202,4396
P448202,713
P448202,8
P448202,467
P448202,7
P448202,441
P448202,171
P448202,103
P448202,75
P448202,454
P448202,57
P448202,489
P448202,488
P448202,1753
P448202,788
P448202,272
P448202,70
P448202,1754
P448202,174
P448202,173
P448202,74
P448202,176
P448202,1756
P448202,1572
P448202,95
P448202,1759
P448202,1176
P448202,1331
P448202,1761
P448202,1762
P448202,1763
P448202,5711
P453930,100
P453930,7
P453930,9
P453930,4
P453930,1356
P453930,680
P453930,133
P453930,455
P453930,7446
P453930,365
P453930,2062
P453930,397
P453930,1877
P453930,2753
P453930,4456
P453930,2064
P453930,20
P453930,635
P453930,667
P453930,326
P453930,6402
P453930,70
P453930,230
P453930,1146
P453930,649
P453930,61
P453930,878
P453930,1282
P453930,161
P453930,850
P453930,1420
P453930,229
P453930,1128
P453930,338
P453930,2069
P453930,117
P453930,57
P453930,76
P453930,805
P453930,72
P453930,1387
P453930,166
P453930,263
P453930,1284
P453930,12
P453930,79
P453930,75
P453930,264
P453930,106
P453930,266
P453930,8
P453930,5
P453930,78
P453930,174
P453930,392
P39970,83
P39970,4
P39970,76
P39970,65
P39970,329
P39970,441
P39970,5456
P39970,5457
P39970,173
P39970,176
P39970,5458
P463105,1745
P463105,7
P463105,140
P463105,89
P463105,4
P463105,2
P463105,4392
P463105,484
P463105,74
P463105,4773
P463105,7447
P463105,118
P463105,91
P463105,780
P463105,8
P463105,4354
P463105,171
P463105,131
P463105,2345
P463105,61
P463105,51
P463105,1113
P463105,121
P463105,103
P463105,454
P463105,57
P463105,166
P463105,788
P463105,559
P463105,1753
P463105,70
P463105,1754
P463105,272
P463105,174
P463105,489
P463105,1954
P463105,1755
P463105,173
P463105,1756
P463105,7448
P463105,176
P463105,716
P463105,95
P463105,1275
P463105,736
P463105,1176
P463105,416
P463105,43
P463105,7449
P463105,1761
P463105,1762
P463105,1763
P463105,67
P463105,7450
P442838,83
P442838,4
P442838,761
P442838,955
P442838,9
P442838,956
P442838,209
P442838,352
P442838,1412
P442838,71
P442838,210
P442838,484
P442838,544
P442838,363
P442838,637
P442838,987
P442838,3070
P442838,657
P442838,15
P442838,66
P442838,3071
P442838,264
P442838,635
P442838,652
P442838,90
P442838,1159
P442838,770
P442838,12
P442838,957
P442838,646
P442838,57
P442838,75
P442838,79
P442838,91
P442838,80
P411393,138
P411393,83
P411393,74
P411393,1328
P411393,658
P411393,308
P411393,9
P411393,89
P411393,457
P411393,2408
P411393,825
P411393,411
P411393,252
P411393,1734
P411393,7
P411393,261
P411393,311
P411393,1507
P411393,43
P411393,1358
P411393,696
P411393,563
P411393,131
P411393,1738
P411393,1324
P411393,1203
P411393,1292
P411393,828
P411393,95
P411393,71
P411393,286
P411393,1123
P411393,2384
P411393,96
P411393,405
P411393,1179
P411393,112
P411393,766
P411393,520
P411393,3443
P411393,274
P411393,4
P411393,8
P411393,106
P411393,1527
P411393,221
P411393,404
P411393,794
P411393,18
P411393,7451
P411393,7452
P411393,7453
P411393,360
P411393,7454
P411393,94
P411393,326
P411393,7455
P411393,7456
P411393,1143
P411393,197
P411393,91
P411393,12
P411393,7457
P411393,7458
P411393,2508
P411393,492
P481164,7459
P481164,7460
P481164,7461
P481164,7462
P481164,83
P481164,785
P481164,89
P481164,4
P481164,2
P481164,476
P481164,4774
P481164,744
P481164,1241
P481164,790
P481164,4396
P481164,483
P481164,57
P481164,4355
P481164,454
P481164,657
P481164,20
P481164,1700
P481164,1756
P481164,1176
P481164,67
P481164,1275
P481164,584
P481164,1757
P481164,4398
P481164,484
P481164,74
P481164,304
P481164,457
P481164,487
P481164,7
P481164,6739
P481164,8
P481164,103
P481164,2660
P481164,118
P481164,70
P481164,51
P481164,166
P481164,489
P481164,482
P481164,93
P481164,488
P481164,788
P481164,797
P481164,1786
P481164,637
P481164,91
P481164,79
P481164,467
P481164,799
P475921,348
P475921,9
P475921,4
P475921,90
P475921,323
P475921,454
P475921,676
P475921,1661
P475921,7463
P475921,5
P475921,446
P475921,76
P475921,7464
P475921,7465
P475921,131
P475921,12
P475921,880
P475921,856
P475921,859
P475921,93
P475921,165
P475921,7466
P475921,197
P475921,77
P475921,7
P475921,864
P475921,7467
P475921,78
P475921,4778
P475921,79
P475921,7468
P475921,868
P475921,1256
P475921,75
P475921,426
P475921,3415
P475921,266
P475921,3545
P475921,7469
P502656,348
P502656,4
P502656,89
P502656,200
P502656,140
P502656,2801
P502656,4120
P502656,1484
P502656,76
P502656,527
P502656,815
P502656,7470
P502656,86
P502656,170
P502656,298
P502656,8
P502656,352
P502656,74
P502656,70
P502656,658
P502656,91
P502656,72
P502656,2079
P502656,6163
P502656,535
P502656,78
P502656,130
P502656,15
P502656,546
P502656,842
P502656,1660
P502656,441
P502656,75
P502656,4328
P502656,266
P502656,310
P502656,7394
P375850,83
P375850,362
P375850,815
P375850,4921
P375850,2261
P375850,133
P375850,3548
P375850,7
P375850,3687
P375850,559
P375850,3551
P375850,76
P375850,7471
P375850,850
P375850,2390
P375850,563
P375850,51
P375850,426
P375850,780
P375850,1965
P122881,524
P122881,200
P122881,366
P122881,1425
P122881,7
P122881,4
P122881,455
P122881,20
P122881,75
P122881,78
P122881,93
P122881,51
P122881,91
P122881,2377
P122881,3989
P122881,48
P122881,5765
P467655,201
P467655,71
P467655,87
P467655,84
P467655,88
P467655,7341
P467655,4
P467655,3316
P467655,244
P467655,366
P467655,91
P467655,90
P467655,206
P467655,20
P467655,156
P467655,12
P467655,78
P467655,391
P467655,1310
P467655,242
P467655,15
P467655,702
P440949,83
P440949,200
P440949,102
P440949,4
P440949,1324
P440949,103
P440949,91
P440949,72
P440949,4376
P501760,100
P501760,71
P501760,4
P501760,274
P501760,7472
P501760,210
P501760,209
P501760,1664
P501760,7
P501760,23
P501760,747
P501760,1148
P501760,2588
P501760,463
P501760,627
P501760,2589
P501760,742
P501760,475
P501760,538
P501760,454
P501760,2590
P501760,828
P501760,20
P501760,1017
P501760,1149
P501760,7473
P501760,745
P501760,72
P501760,2591
P501760,5
P501760,75
P501760,1913
P501760,441
P501760,430
P501760,70
P501760,2592
P501760,185
P501760,91
P501760,261
P501760,468
P501760,835
P501760,625
P501760,1395
P501760,862
P501760,12
P501760,2593
P501760,2594
P501760,2595
P422022,1567
P422022,815
P422022,4
P422022,200
P422022,141
P422022,2078
P422022,742
P422022,1543
P422022,91
P422022,366
P422022,57
P422022,546
P422022,103
P422022,75
P422022,441
P422022,131
P422022,2022
P422022,93
P422022,130
P422022,272
P422022,7
P422022,70
P422022,4752
P422022,4753
P455611,1567
P455611,815
P455611,4
P455611,200
P455611,141
P455611,2078
P455611,742
P455611,1543
P455611,91
P455611,366
P455611,57
P455611,546
P455611,103
P455611,75
P455611,441
P455611,131
P455611,2022
P455611,93
P455611,130
P455611,272
P455611,7
P455611,70
P455611,4752
P455611,4753
P217513,83
P217513,4
P217513,2251
P217513,4492
P217513,4493
P217513,76
P217513,756
P217513,878
P217513,2430
P217513,4494
P217513,95
P217513,554
P217513,4495
P217513,4496
P217513,2804
P217513,4497
P217513,943
P217513,69
P217513,20
P217513,130
P217513,4498
P217513,4499
P217513,70
P217513,404
P217513,4500
P217513,7
P217513,2294
P217513,4501
P217513,169
P217513,1606
P217513,265
P217513,74
P217513,4502
P217513,4503
P217513,2220
P217513,546
P217513,4504
P217513,901
P217513,441
P217513,72
P217513,75
P217513,77
P217513,390
P217513,266
P217513,51
P217513,1388
P217513,91
P217513,177
P470259,100
P470259,71
P470259,4
P470259,274
P470259,86
P470259,2701
P470259,29
P470259,627
P470259,2555
P470259,484
P470259,7474
P470259,7475
P470259,7476
P470259,4036
P470259,7477
P470259,2700
P470259,2747
P470259,4792
P470259,776
P470259,90
P470259,92
P470259,717
P470259,70
P470259,224
P470259,117
P470259,1242
P470259,1148
P470259,12
P470259,313
P470259,3093
P470259,88
P470259,2052
P470259,4378
P470259,15
P470259,6036
P470259,291
P470259,392
P484080,100
P484080,71
P484080,4
P484080,274
P484080,86
P484080,2701
P484080,29
P484080,627
P484080,2555
P484080,484
P484080,7474
P484080,7475
P484080,7476
P484080,4036
P484080,7477
P484080,2700
P484080,2747
P484080,4792
P484080,776
P484080,90
P484080,92
P484080,717
P484080,70
P484080,224
P484080,117
P484080,1242
P484080,1148
P484080,12
P484080,313
P484080,3093
P484080,88
P484080,2052
P484080,4378
P484080,15
P484080,6036
P484080,291
P484080,392
P254720,1
P254720,354
P254720,4
P254720,7
P254720,527
P254720,410
P254720,1487
P254720,349
P254720,86
P254720,7478
P254720,756
P254720,20
P254720,131
P254720,71
P254720,127
P254720,110
P254720,49
P254720,2401
P254720,883
P254720,133
P254720,878
P254720,842
P254720,225
P254720,223
P254720,229
P254720,230
P254720,231
P254720,224
P254720,2708
P254720,806
P254720,1797
P254720,1251
P254720,3230
P254720,1790
P254720,4076
P254720,881
P254720,1057
P254720,624
P254720,409
P254720,885
P254720,886
P254720,75
P254720,93
P254720,1109
P254720,119
P254720,884
P254720,1717
P254720,6481
P254720,386
P254720,91
P254720,72
P254720,246
P254720,893
P257537,524
P257537,7
P257537,4
P257537,454
P257537,161
P257537,450
P257537,1179
P257537,1730
P257537,2602
P257537,4080
P257537,4166
P257537,531
P257537,4183
P257537,238
P257537,20
P257537,2268
P257537,237
P257537,225
P257537,8
P257537,369
P257537,736
P257537,963
P257537,2266
P257537,2264
P257537,72
P257537,229
P257537,3930
P257537,4170
P257537,57
P257537,390
P257537,93
P257537,91
P257537,37
P257537,1343
P479318,100
P479318,9
P479318,274
P479318,1356
P479318,71
P479318,4
P479318,161
P479318,5
P479318,209
P479318,88
P479318,210
P479318,29
P479318,878
P479318,5538
P479318,131
P479318,1270
P479318,398
P479318,92
P479318,190
P479318,3314
P479318,195
P479318,460
P479318,191
P479318,196
P479318,1064
P479318,627
P479318,685
P479318,197
P479318,1255
P479318,198
P479318,265
P479318,224
P479318,8
P479318,76
P479318,430
P479318,189
P479318,474
P377545,83
P377545,4
P377545,7
P377545,1199
P377545,89
P377545,2739
P377545,7183
P377545,484
P377545,45
P377545,140
P377545,747
P377545,1409
P377545,88
P377545,86
P377545,470
P377545,161
P377545,72
P377545,118
P377545,90
P377545,119
P377545,756
P377545,244
P377545,138
P377545,33
P377545,2
P377545,1382
P377545,5254
P377545,4194
P377545,1862
P377545,155
P377545,1859
P377545,131
P377545,152
P377545,850
P377545,416
P377545,129
P377545,130
P377545,70
P377545,156
P377545,20
P377545,242
P377545,93
P377545,5
P377545,1270
P377545,909
P377545,563
P377545,696
P377545,91
P377545,79
P377545,1476
P449180,1
P449180,274
P449180,3328
P449180,2505
P449180,7
P449180,244
P449180,4
P449180,57
P449180,90
P449180,393
P449180,402
P449180,75
P449180,441
P449180,78
P449180,8
P449180,106
P449180,222
P449180,221
P449180,2005
P449180,7479
P449180,71
P449180,7480
P449180,7481
P449180,1920
P449180,633
P449180,835
P449180,1350
P449180,7482
P449180,7483
P449180,1655
P449180,7484
P449180,6265
P449180,2507
P449180,263
P449180,91
P449180,12
P449180,1554
P449180,2437
P449180,694
P449180,2982
P4015,83
P4015,6405
P4015,7
P4015,200
P4015,4100
P4015,6406
P4015,6408
P4015,5449
P4015,1227
P4015,117
P4015,70
P4015,538
P4015,92
P4015,4083
P4015,3184
P4015,2219
P4015,884
P4015,1606
P4015,78
P4015,91
P4015,780
P4015,175
P4015,1951
P4015,1887
P4015,1809
P444718,90
P444718,55
P444718,235
P444718,4
P444718,913
P444718,2691
P444718,71
P444718,2679
P444718,1305
P444718,2692
P444718,2693
P444718,676
P444718,277
P444718,756
P444718,70
P444718,2573
P444718,15
P444718,109
P444718,12
P444718,279
P469213,348
P469213,89
P469213,4
P469213,552
P469213,76
P469213,535
P469213,9
P469213,1872
P469213,222
P469213,221
P469213,418
P469213,7485
P469213,66
P469213,112
P469213,96
P469213,778
P469213,750
P469213,1683
P469213,1667
P469213,1388
P469213,161
P469213,131
P469213,92
P469213,679
P469213,1674
P469213,1678
P469213,132
P469213,264
P469213,1677
P469213,1130
P469213,1328
P469213,321
P469213,263
P469213,1637
P469213,993
P469213,1679
P469213,57
P469213,8
P469213,441
P469213,269
P469213,75
P469213,338
P469213,270
P469213,78
P469213,5
P469213,72
P469213,266
P469213,1680
P469213,79
P469213,91
P469213,446
P469213,174
P469213,272
P469213,175
P469213,4089
P469213,1476
P431187,100
P431187,846
P431187,249
P431187,5253
P431187,261
P431187,1306
P431187,468
P431187,4
P431187,1305
P431187,182
P431187,1249
P431187,1250
P431187,1175
P431187,673
P431187,1227
P431187,96
P431187,66
P431187,189
P431187,322
P431187,890
P431187,2933
P431187,197
P431187,878
P431187,133
P431187,1512
P431187,250
P431187,75
P431187,79
P431187,6351
P431187,4278
P431187,3461
P431187,2685
P431187,77
P431187,329
P431187,1255
P431187,198
P431187,190
P431187,191
P431187,1884
P431187,266
P431187,265
P431187,15
P431187,252
P431187,430
P431187,9
P431187,177
P418872,4773
P418872,382
P418872,3042
P418872,3943
P418872,86
P418872,7
P418872,88
P418872,83
P418872,4
P418872,748
P418872,91
P418872,102
P418872,107
P418872,1455
P418872,237
P418872,72
P418872,7486
P418872,570
P418872,3569
P418872,1457
P418872,95
P418872,238
P418872,390
P418872,12
P418872,261
P418872,70
P418872,3825
P418872,1132
P447212,83
P447212,7
P447212,3491
P447212,91
P447212,20
P447212,12
P447212,266
P447212,3325
P454936,83
P454936,7
P454936,3491
P454936,91
P454936,20
P454936,12
P454936,266
P454936,3325
P481161,1745
P481161,4392
P481161,4
P481161,7
P481161,89
P481161,304
P481161,4396
P481161,91
P481161,162
P481161,476
P481161,455
P481161,744
P481161,2374
P481161,166
P481161,790
P481161,131
P481161,65
P481161,118
P481161,121
P481161,93
P481161,103
P481161,74
P481161,4137
P481161,272
P481161,483
P481161,489
P481161,367
P481161,176
P481161,173
P481161,654
P481161,7487
P481161,736
P481161,330
P481161,1757
P481161,681
P481161,655
P481161,51
P481161,7488
P481161,1846
P481161,125
P481161,2778
P481161,79
P481161,7489
P422007,83
P422007,1082
P422007,261
P422007,4
P422007,410
P422007,354
P422007,963
P422007,3444
P422007,468
P422007,252
P422007,76
P422007,804
P422007,91
P422007,1916
P422007,7490
P422007,484
P422007,780
P422007,1089
P422007,1569
P422007,7491
P422007,90
P422007,6219
P422007,1622
P422007,70
P422007,475
P422007,6216
P422007,78
P422007,376
P479339,348
P479339,9
P479339,208
P479339,4
P479339,1420
P479339,7492
P479339,7493
P479339,1199
P479339,274
P479339,4064
P479339,828
P479339,1203
P479339,5580
P479339,2805
P479339,222
P479339,221
P479339,1749
P479339,7494
P479339,7495
P479339,7496
P479339,2362
P479339,230
P479339,223
P479339,225
P479339,7497
P479339,2298
P479339,231
P479339,224
P479339,229
P479339,18
P479339,20
P479339,2645
P479339,238
P479339,133
P479339,240
P479339,161
P479339,70
P479339,2640
P479339,878
P479339,241
P479339,1802
P479339,1128
P479339,1713
P479339,1712
P479339,210
P479339,8
P479339,546
P479339,57
P479339,209
P479339,262
P479339,401
P479339,158
P479339,156
P479339,7
P479339,745
P479339,633
P479339,166
P479339,106
P479339,744
P479339,89
P479339,430
P479339,403
P479339,47
P479339,132
P479339,75
P479339,72
P479339,12
P479339,91
P479339,5877
P479339,175
P479339,174
P479339,177
P379707,2175
P379707,110
P379707,313
P379707,83
P379707,460
P379707,1306
P379707,905
P379707,2179
P379707,2471
P379707,6001
P379707,1305
P379707,885
P379707,2188
P379707,7498
P379707,430
P379707,206
P379707,175
P379707,173
P379707,694
P379707,176
P379707,174
P379707,177
P470536,1567
P470536,200
P470536,102
P470536,7
P470536,297
P470536,2
P470536,78
P470536,7499
P470536,475
P470536,70
P470536,7500
P470536,5804
P470536,224
P470536,844
P470536,15
P470536,5747
P470536,366
P470536,76
P470536,122
P470536,9
P470536,72
P470536,365
P470536,686
P470536,65
P470536,69
P470536,5805
P470536,5806
P470536,376
P419221,1822
P419221,83
P419221,71
P419221,208
P419221,4
P419221,76
P419221,1360
P419221,9
P419221,553
P419221,1598
P419221,88
P419221,74
P419221,211
P419221,286
P419221,652
P419221,1823
P419221,1824
P419221,540
P419221,61
P419221,627
P419221,1825
P419221,605
P419221,131
P419221,70
P419221,674
P419221,831
P419221,748
P419221,1127
P419221,747
P419221,225
P419221,809
P419221,117
P419221,321
P419221,57
P419221,15
P419221,1130
P419221,72
P419221,875
P419221,91
P419221,246
P419221,374
P419221,1390
P419221,491
P419221,492
P442761,5171
P442761,1196
P442761,955
P442761,7501
P442761,5172
P442761,5173
P442761,1048
P442761,5174
P442761,747
P442761,1412
P442761,197
P442761,1697
P442761,574
P442761,1112
P442761,189
P442761,185
P442761,70
P442761,61
P442761,76
P442761,4614
P442761,7502
P442761,398
P442761,1999
P442761,1238
P442761,2390
P442761,84
P442761,2001
P442761,5175
P442761,5176
P442761,5177
P433521,348
P433521,71
P433521,7
P433521,156
P433521,550
P433521,1916
P433521,4
P433521,29
P433521,562
P433521,2433
P433521,628
P433521,394
P433521,244
P433521,7174
P433521,91
P433521,428
P433521,954
P433521,1576
P433521,86
P433521,417
P433521,90
P433521,12
P433521,246
P433521,37
P433521,169
P433521,418
P433521,595
P433521,57
P433521,652
P433521,93
P433521,61
P433521,106
P433521,242
P433521,78
P433521,1667
P433521,1674
P433521,75
P433521,1548
P433521,70
P433521,441
P433521,1753
P433521,79
P433521,133
P433521,1331
P433521,563
P433521,2436
P433521,1679
P433521,565
P433521,310
P433521,127
P433521,564
P433521,62
P433521,131
P433521,49
P433521,117
P433521,266
P433521,696
P433521,3702
P458576,1160
P458576,4832
P458576,612
P458576,1161
P458576,100
P458576,153
P458576,4
P458576,2
P458576,89
P458576,1251
P458576,131
P458576,1327
P458576,138
P458576,302
P458576,91
P458576,786
P458576,308
P458576,443
P458576,428
P458576,879
P458576,252
P458576,20
P458576,398
P458576,6902
P458576,133
P458576,815
P458576,1342
P458576,79
P458576,266
P458576,441
P458576,75
P458576,1334
P458576,527
P458576,1337
P458576,1324
P458576,594
P458576,97
P458576,158
P458576,12
P458576,70
P458576,1333
P458576,1338
P458576,1339
P458576,1340
P458576,1341
P458576,7
P458576,396
P458576,395
P458576,1332
P458576,1123
P458576,1335
P458576,1336
P458576,93
P458576,563
P458576,3183
P428416,762
P428416,634
P428416,45
P428416,627
P428416,760
P428416,2703
P428416,61
P428416,2492
P428416,522
P428416,3024
P428416,70
P428416,90
P428416,182
P428416,1249
P428416,1250
P428416,1175
P428416,194
P428416,889
P428416,13
P428416,175
P428416,174
P428416,177
P461451,55
P461451,9
P461451,4
P461451,7
P461451,1784
P461451,1966
P461451,1967
P461451,117
P461451,246
P461451,850
P461451,676
P461451,5
P461451,72
P461451,15
P461451,568
P461451,75
P461451,70
P461451,1362
P461451,711
P468409,83
P468409,2244
P468409,4
P468409,274
P468409,155
P468409,76
P468409,1128
P468409,89
P468409,1216
P468409,7
P468409,2264
P468409,795
P468409,352
P468409,2266
P468409,527
P468409,161
P468409,131
P468409,484
P468409,206
P468409,152
P468409,1382
P468409,2268
P468409,780
P468409,170
P468409,467
P468409,394
P468409,93
P468409,1844
P468409,1569
P468409,88
P468409,748
P468409,1752
P468409,595
P468409,84
P468409,153
P468409,119
P468409,1916
P468409,78
P468409,588
P468409,330
P468409,4009
P468409,4925
P468409,4926
P468409,606
P468409,43
P468409,4927
P468409,4928
P9940,83
P9940,7
P9940,84
P9940,782
P9940,1431
P9940,1164
P9940,86
P9940,170
P9940,476
P9940,89
P9940,527
P9940,1165
P9940,684
P9940,876
P9940,455
P9940,649
P9940,877
P9940,878
P9940,129
P9940,696
P9940,131
P9940,563
P9940,6051
P9940,2965
P9940,367
P9940,3184
P9940,6052
P9940,747
P9940,133
P9940,161
P9940,3141
P9940,1797
P9940,1053
P9940,411
P9940,57
P9940,805
P9940,93
P9940,91
P9940,72
P9940,246
P9940,7503
P9940,7504
P9940,467
P9940,758
P9940,7505
P482676,9
P482676,76
P482676,49
P482676,878
P482676,2555
P482676,1556
P482676,7506
P482676,7507
P482676,7508
P482676,4
P482676,107
P482676,376
P122762,100
P122762,7509
P122762,4
P122762,7510
P122762,412
P122762,7511
P122762,4318
P122762,7512
P122762,603
P122762,7513
P122762,7
P122762,20
P122762,171
P122762,93
P122762,91
P122762,3989
P122762,1942
P459141,100
P459141,224
P459141,366
P459141,2892
P459141,1829
P459141,826
P459141,2893
P459141,2894
P459141,585
P459141,584
P459141,107
P459141,4
P459141,7
P459141,1712
P459141,1713
P459141,1128
P459141,132
P459141,264
P459141,265
P459141,808
P459141,266
P459141,1294
P480301,100
P480301,224
P480301,366
P480301,2892
P480301,1829
P480301,826
P480301,2893
P480301,2894
P480301,585
P480301,584
P480301,107
P480301,4
P480301,7
P480301,1712
P480301,1713
P480301,1128
P480301,132
P480301,264
P480301,265
P480301,808
P480301,266
P480301,1294
P447782,83
P447782,703
P447782,85
P447782,7514
P447782,3491
P447782,7
P447782,88
P447782,7515
P447782,161
P447782,91
P447782,362
P447782,84
P447782,89
P447782,8
P447782,12
P447782,20
P447782,132
P447782,33
P447782,390
P447782,3112
P447782,78
P447782,118
P447782,1243
P447782,71
P447782,753
P447782,1449
P447782,2069
P447782,72
P447782,57
P447782,563
P447782,75
P447782,49
P447782,1116
P447782,445
P447782,37
P447782,845
P454935,83
P454935,703
P454935,85
P454935,7514
P454935,3491
P454935,7
P454935,88
P454935,7515
P454935,161
P454935,91
P454935,362
P454935,84
P454935,89
P454935,8
P454935,12
P454935,20
P454935,132
P454935,33
P454935,390
P454935,3112
P454935,78
P454935,118
P454935,1243
P454935,71
P454935,753
P454935,1449
P454935,2069
P454935,72
P454935,57
P454935,563
P454935,75
P454935,49
P454935,1116
P454935,445
P454935,37
P454935,845
P471029,100
P471029,90
P471029,628
P471029,9
P471029,4078
P471029,4
P471029,2915
P471029,33
P471029,352
P471029,1197
P471029,617
P471029,2917
P471029,555
P471029,747
P471029,1301
P471029,1120
P471029,7516
P471029,2454
P471029,1944
P471029,363
P471029,637
P471029,987
P471029,1599
P471029,4968
P471029,188
P471029,1124
P471029,192
P471029,890
P471029,1126
P471029,889
P471029,618
P471029,117
P471029,809
P471029,1213
P471029,527
P471029,1784
P471029,1303
P471029,70
P471029,57
P471029,358
P471029,668
P471029,72
P471029,12
P471029,1130
P471029,206
P471029,266
P471029,91
P471029,246
P471029,75
P471029,175
P471029,173
P471029,174
P471029,177
P122661,83
P122661,1206
P122661,648
P122661,1207
P122661,7
P122661,86
P122661,45
P122661,71
P122661,74
P122661,88
P122661,291
P122661,842
P122661,664
P122661,398
P122661,2051
P122661,804
P122661,7517
P122661,72
P122661,5
P122661,352
P122661,8
P122661,93
P122661,91
P122661,266
P122661,7518
P447781,83
P447781,1412
P447781,85
P447781,4
P447781,29
P447781,1800
P447781,4775
P447781,88
P447781,86
P447781,3491
P447781,842
P447781,9
P447781,555
P447781,1431
P447781,89
P447781,131
P447781,91
P447781,3766
P447781,161
P447781,90
P447781,8
P447781,57
P447781,12
P447781,266
P447781,132
P447781,118
P447781,71
P447781,4297
P447781,2069
P447781,563
P447781,75
P447781,4777
P464233,83
P464233,1412
P464233,85
P464233,4
P464233,29
P464233,1800
P464233,4775
P464233,88
P464233,86
P464233,3491
P464233,842
P464233,9
P464233,555
P464233,1431
P464233,89
P464233,131
P464233,91
P464233,3766
P464233,161
P464233,90
P464233,8
P464233,57
P464233,12
P464233,266
P464233,132
P464233,118
P464233,71
P464233,4297
P464233,2069
P464233,563
P464233,75
P464233,4777
P440934,138
P440934,83
P440934,4
P440934,434
P440934,713
P440934,9
P440934,89
P440934,4559
P440934,342
P440934,90
P440934,443
P440934,656
P440934,1324
P440934,7519
P440934,1325
P440934,1326
P440934,1327
P440934,1329
P440934,789
P440934,1330
P440934,310
P440934,84
P440934,12
P440934,1328
P440934,442
P440934,40
P440934,710
P440934,93
P440934,74
P440934,658
P440934,446
P440934,640
P440934,91
P440934,2135
P440934,3903
P440934,7520
P429516,3675
P429516,4818
P429516,5535
P429516,66
P429516,1162
P429516,4
P429516,2667
P429516,405
P429516,634
P429516,627
P429516,1169
P429516,2869
P429516,2873
P429516,20
P429516,78
P429516,2124
P429516,83
P429516,2151
P429516,9
P429516,7
P429516,5
P429516,72
P429516,86
P429516,745
P429516,2668
P429516,166
P429516,430
P429516,131
P429516,5536
P471065,1160
P471065,4832
P471065,612
P471065,1161
P471065,100
P471065,153
P471065,4
P471065,2
P471065,89
P471065,1251
P471065,131
P471065,1327
P471065,138
P471065,302
P471065,91
P471065,786
P471065,308
P471065,443
P471065,428
P471065,879
P471065,252
P471065,20
P471065,398
P471065,6902
P471065,133
P471065,815
P471065,1342
P471065,79
P471065,266
P471065,441
P471065,75
P471065,1334
P471065,527
P471065,1337
P471065,1324
P471065,594
P471065,97
P471065,158
P471065,12
P471065,70
P471065,1333
P471065,1338
P471065,1339
P471065,1340
P471065,1341
P471065,7
P471065,396
P471065,395
P471065,1332
P471065,1123
P471065,1335
P471065,1336
P471065,93
P471065,563
P471065,3183
P4010,100
P4010,1082
P4010,410
P4010,617
P4010,963
P4010,3548
P4010,7
P4010,133
P4010,850
P4010,1664
P4010,102
P4010,107
P4010,366
P4010,6057
P4010,78
P4010,252
P4010,75
P4010,93
P4010,91
P4010,780
P4010,1965
P456126,4
P456126,1889
P456126,1346
P456126,2525
P456126,7
P456126,90
P456126,84
P456126,393
P456126,29
P456126,764
P456126,2013
P456126,402
P456126,704
P456126,627
P456126,1219
P456126,1220
P456126,1251
P456126,61
P456126,637
P456126,1459
P456126,822
P456126,554
P456126,1460
P456126,66
P456126,20
P456126,58
P456126,546
P456126,410
P456126,846
P456126,847
P456126,9
P456126,264
P456126,56
P456126,468
P456126,1412
P456126,815
P456126,5194
P456126,39
P456126,1464
P456126,129
P456126,57
P456126,1478
P456126,1017
P456126,1461
P456126,7521
P456126,338
P456126,11
P456126,7522
P456126,199
P456126,156
P456126,1304
P456126,441
P456126,79
P456126,80
P455369,709
P455369,71
P455369,4
P455369,85
P455369,88
P455369,87
P455369,878
P455369,7
P455369,91
P455369,206
P455369,8
P455369,29
P455369,1127
P455369,78
P455369,12
P455369,1795
P455369,131
P455369,391
P455369,169
P455369,426
P455369,4118
P455369,265
P455369,7523
P467249,83
P467249,4
P467249,1248
P467249,76
P467249,7
P467249,85
P467249,274
P467249,409
P467249,18
P467249,20
P467249,4305
P467249,4306
P467249,4307
P467249,66
P467249,131
P467249,264
P467249,588
P467249,166
P467249,1382
P467249,89
P467249,155
P467249,1694
P467249,119
P467249,57
P467249,78
P467249,75
P467249,103
P467249,70
P467249,15
P467249,12
P467249,79
P467249,266
P467249,91
P467249,467
P467249,202
P467249,175
P467249,271
P467249,174
P467249,272
P467249,4308
P281835,7524
P281835,2226
P281835,2227
P281835,3058
P281835,2229
P281835,4
P281835,2230
P281835,2231
P281835,2232
P281835,78
P281835,2233
P281835,7525
P281835,762
P281835,7526
P281835,1599
P281835,570
P281835,3374
P281835,884
P281835,7527
P281835,70
P281835,771
P281835,7528
P281835,773
P281835,97
P281835,7529
P281835,2599
P281835,7530
P394397,308
P394397,614
P394397,71
P394397,1409
P394397,289
P394397,7531
P394397,7532
P394397,6891
P394397,768
P394397,585
P394397,637
P394397,4568
P394397,839
P394397,1860
P394397,60
P394397,7533
P394397,4111
P394397,458
P394397,131
P394397,696
P394397,49
P394397,1412
P394397,2147
P394397,4226
P394397,7534
P394397,74
P394397,2851
P394397,7
P394397,7535
P394397,2849
P394397,118
P394397,207
P394397,175
P394397,271
P394397,4085
P394397,174
P394397,272
P394397,687
P481739,7536
P481739,1
P481739,90
P481739,9
P481739,274
P481739,1725
P481739,428
P481739,463
P481739,116
P481739,19
P481739,92
P481739,4935
P481739,7537
P481739,7538
P481739,7539
P481739,3737
P481739,75
P481739,441
P481739,72
P481739,15
P481739,2328
P481739,167
P481739,12
P481739,266
P481739,392
P454396,55
P454396,4
P454396,1357
P454396,9
P454396,90
P454396,527
P454396,555
P454396,76
P454396,761
P454396,323
P454396,86
P454396,1784
P454396,1428
P454396,4249
P454396,889
P454396,60
P454396,70
P454396,807
P454396,1503
P454396,525
P454396,484
P454396,89
P454396,8
P454396,756
P454396,57
P454396,441
P454396,71
P454396,20
P454396,75
P454396,78
P454396,130
P454396,1968
P454396,489
P454396,3822
P454396,74
P454396,135
P454396,246
P454396,266
P454396,79
P454396,174
P454396,1235
P428100,100
P428100,747
P428100,7
P428100,1295
P428100,1409
P428100,131
P428100,761
P428100,1197
P428100,1556
P428100,90
P428100,169
P428100,9
P428100,20
P428100,685
P428100,197
P428100,67
P428100,617
P428100,132
P428100,235
P428100,4
P428100,527
P428100,1213
P428100,57
P428100,93
P428100,33
P428100,12
P428100,266
P428100,79
P428100,392
P454084,1191
P454084,7540
P454084,7541
P454084,5385
P454084,7542
P454084,7543
P454084,5355
P454084,7544
P454084,7545
P454084,7546
P454084,5349
P454084,7547
P454084,7548
P454084,5356
P454084,7549
P454084,7550
P454084,7551
P454084,7552
P454084,7553
P454084,7554
P454084,7555
P454084,7556
P454084,7557
P454084,7558
P454084,5389
P454084,7230
P454084,5395
P454084,7559
P454084,7560
P454084,1194
P454084,5390
P454084,7561
P454084,7562
P454084,7563
P427412,83
P427412,2555
P427412,676
P427412,673
P427412,9
P427412,880
P427412,165
P427412,107
P427412,15
P427412,278
P427412,91
P427412,279
P475543,100
P475543,9
P475543,1295
P475543,2588
P475543,747
P475543,2701
P475543,1817
P475543,742
P475543,475
P475543,538
P475543,1664
P475543,2589
P475543,70
P475543,131
P475543,20
P475543,1556
P475543,2753
P475543,835
P475543,862
P475543,2593
P475543,2594
P475543,543
P475543,190
P475543,189
P475543,191
P475543,195
P475543,7564
P475543,1017
P475543,4
P475543,5
P475543,71
P475543,72
P475543,745
P475543,1127
P475543,235
P475543,878
P475543,117
P475543,1913
P475543,441
P475543,430
P475543,266
P475543,261
P475543,468
P475543,12
P475543,75
P475543,57
P475543,392
P468408,83
P468408,4
P468408,2244
P468408,274
P468408,155
P468408,7
P468408,76
P468408,455
P468408,1216
P468408,1134
P468408,89
P468408,71
P468408,795
P468408,2264
P468408,153
P468408,2741
P468408,352
P468408,527
P468408,2266
P468408,484
P468408,3153
P468408,161
P468408,131
P468408,206
P468408,152
P468408,780
P468408,170
P468408,88
P468408,748
P468408,2268
P468408,33
P468408,93
P468408,1844
P468408,1569
P468408,595
P468408,84
P468408,1752
P468408,467
P468408,1916
P468408,78
P468408,3071
P468408,257
P468408,330
P468408,4009
P468408,4925
P468408,606
P468408,43
P468408,4926
P468408,4927
P468408,4928
P467615,1810
P467615,2
P467615,9
P467615,4
P467615,1409
P467615,7565
P467615,274
P467615,455
P467615,7566
P467615,7
P467615,7567
P467615,7568
P467615,6745
P467615,330
P467615,1814
P467615,7569
P467615,652
P467615,1816
P467615,463
P467615,166
P467615,690
P467615,239
P467615,583
P467615,10
P467615,72
P467615,1382
P467615,1284
P467615,7570
P467615,130
P467615,7571
P467615,190
P467615,93
P467615,1661
P467615,161
P467615,588
P467615,7572
P467615,4602
P467615,1815
P467615,339
P467615,7573
P467615,195
P467615,7425
P467615,198
P467615,193
P467615,7574
P467615,1819
P467615,811
P467615,1169
P467615,7575
P467615,7576
P467615,319
P467615,717
P467615,324
P467615,325
P467615,1437
P467615,331
P467615,3604
P460578,100
P460578,4
P460578,6115
P460578,90
P460578,953
P460578,6046
P460578,6116
P460578,628
P460578,9
P460578,954
P460578,670
P460578,595
P460578,627
P460578,169
P460578,2608
P460578,5254
P460578,848
P460578,363
P460578,2321
P460578,6117
P460578,4539
P460578,6123
P460578,6118
P460578,3097
P460578,6119
P460578,987
P460578,6124
P460578,637
P460578,70
P460578,1659
P460578,393
P460578,402
P460578,57
P460578,12
P460578,1130
P460578,206
P460578,266
P460578,263
P460578,78
P460578,2967
P471788,100
P471788,1082
P471788,410
P471788,617
P471788,963
P471788,3548
P471788,7
P471788,133
P471788,850
P471788,1664
P471788,102
P471788,107
P471788,366
P471788,6057
P471788,78
P471788,252
P471788,75
P471788,93
P471788,91
P471788,780
P471788,1965
P501254,100
P501254,9
P501254,1295
P501254,4
P501254,274
P501254,469
P501254,6996
P501254,7577
P501254,7578
P501254,20
P501254,857
P501254,582
P501254,836
P501254,835
P501254,2179
P501254,189
P501254,185
P501254,132
P501254,1112
P501254,133
P501254,428
P501254,745
P501254,156
P501254,546
P501254,463
P501254,72
P501254,5
P501254,7579
P501254,2329
P501254,240
P501254,57
P501254,441
P501254,199
P501254,1304
P501254,235
P501254,266
P501254,79
P501254,75
P501254,78
P501254,1716
P387261,83
P387261,5661
P387261,1116
P387261,4
P387261,804
P387261,8
P387261,3423
P387261,240
P387261,49
P387261,131
P387261,696
P387261,51
P387261,20
P387261,132
P387261,61
P387261,75
P387261,93
P387261,122
P387261,686
P387261,266
P387261,79
P387261,246
P387261,91
P387261,206
P387261,692
P387261,687
P469490,23
P469490,24
P469490,7580
P469490,27
P469490,2048
P469490,29
P469490,4266
P469490,30
P469490,31
P469490,32
P469490,33
P469490,37
P469490,4267
P469490,404
P469490,268
P469490,35
P469490,36
P469490,706
P469490,1606
P469490,4
P469490,45
P469490,2380
P469490,117
P469490,41
P469490,242
P469490,4268
P469490,391
P469490,130
P469490,70
P469490,107
P469490,47
P469490,1225
P505031,55
P505031,9
P505031,4
P505031,274
P505031,71
P505031,716
P505031,90
P505031,3236
P505031,463
P505031,166
P505031,246
P505031,745
P505031,398
P505031,57
P505031,568
P505031,66
P505031,78
P505031,313
P505031,7047
P505031,169
P505031,679
P505031,7
P505031,76
P505031,426
P505031,428
P505031,74
P505031,7045
P505031,2939
P505031,6209
P505031,3097
P505031,75
P505031,47
P505031,441
P505031,471
P423136,100
P423136,875
P423136,2052
P423136,7
P423136,546
P423136,322
P423136,4180
P423136,889
P423136,1842
P423136,13
P423136,888
P423136,4
P423136,410
P423136,3489
P423136,745
P423136,249
P423136,5
P423136,72
P423136,9
P423136,75
P423136,3237
P423136,93
P423136,4100
P423136,78
P423136,79
P432241,83
P432241,448
P432241,7
P432241,4
P432241,60
P432241,834
P432241,838
P432241,452
P432241,2129
P432241,453
P432241,809
P432241,454
P432241,20
P432241,1399
P432241,3476
P432241,842
P432241,1402
P432241,1543
P432241,12
P432241,458
P432241,72
P432241,455
P432241,119
P432241,8
P432241,78
P432241,390
P432241,75
P432241,441
P432241,93
P432241,392
P443700,100
P443700,875
P443700,2052
P443700,7
P443700,546
P443700,322
P443700,4180
P443700,889
P443700,1842
P443700,13
P443700,888
P443700,4
P443700,410
P443700,3489
P443700,745
P443700,249
P443700,5
P443700,72
P443700,9
P443700,75
P443700,3237
P443700,93
P443700,4100
P443700,78
P443700,79
P466122,55
P466122,9
P466122,4
P466122,76
P466122,5
P466122,2801
P466122,1754
P466122,261
P466122,1828
P466122,165
P466122,441
P466122,75
P466122,807
P466122,568
P466122,79
P466122,489
P466122,80
P416561,2534
P416561,90
P416561,4
P416561,89
P416561,76
P416561,463
P416561,1544
P416561,71
P416561,91
P416561,72
P416561,152
P416561,7581
P416561,92
P416561,398
P416561,1242
P416561,237
P416561,129
P416561,430
P416561,7582
P416561,78
P416561,20
P416561,107
P416561,4062
P416561,252
P416561,79
P416561,75
P416561,5092
P470024,100
P470024,4
P470024,107
P470024,208
P470024,90
P470024,78
P470024,5669
P470024,211
P470024,5670
P470024,133
P470024,71
P470024,62
P470024,1276
P470024,1862
P470024,214
P470024,215
P470024,216
P470024,217
P470024,218
P470024,219
P470024,220
P470024,221
P470024,222
P470024,1546
P470024,1204
P470024,3165
P470024,835
P470024,9
P470024,20
P470024,161
P470024,472
P470024,240
P470024,241
P470024,223
P470024,224
P470024,225
P470024,226
P470024,227
P470024,228
P470024,229
P470024,230
P470024,231
P470024,232
P470024,130
P470024,213
P470024,5671
P470024,5672
P470024,1623
P470024,1321
P470024,237
P470024,238
P470024,7
P470024,233
P470024,234
P470024,235
P470024,76
P470024,245
P470024,117
P470024,57
P470024,236
P470024,401
P470024,129
P470024,1242
P470024,70
P470024,75
P470024,243
P470024,239
P470024,91
P470024,79
P470024,1548
P470024,106
P470024,72
P470024,247
P470024,246
P470024,8
P470024,39
P470024,549
P188306,83
P188306,138
P188306,7
P188306,291
P188306,89
P188306,809
P188306,256
P188306,452
P188306,831
P188306,460
P188306,1368
P188306,449
P188306,1521
P188306,1525
P188306,453
P188306,451
P188306,7583
P188306,1293
P188306,1852
P188306,4
P188306,3042
P188306,833
P188306,237
P188306,5790
P188306,60
P188306,454
P188306,158
P188306,131
P188306,398
P188306,7584
P188306,119
P188306,20
P188306,7585
P188306,458
P188306,3567
P188306,1922
P188306,7586
P188306,7587
P188306,72
P188306,155
P188306,57
P188306,93
P188306,7588
P188306,91
P188306,1476
P446423,89
P446423,457
P446423,49
P446423,74
P446423,2776
P446423,275
P446423,319
P446423,325
P446423,324
P446423,1054
P446423,366
P446423,831
P446423,5074
P446423,131
P446423,789
P446423,121
P446423,174
P446423,272
P446423,1476
P427418,83
P427418,4
P427418,1053
P427418,9
P427418,71
P427418,275
P427418,852
P427418,398
P427418,1415
P427418,127
P427418,626
P427418,1320
P427418,86
P427418,6036
P427418,291
P427418,88
P427418,1282
P427418,57
P427418,1363
P427418,1148
P427418,2679
P427418,106
P427418,277
P427418,7589
P427418,15
P427418,93
P427418,391
P427418,122
P427418,12
P427418,91
P427418,279
P472981,348
P472981,89
P472981,994
P472981,4
P472981,9
P472981,200
P472981,457
P472981,74
P472981,443
P472981,825
P472981,2738
P472981,1935
P472981,7590
P472981,475
P472981,107
P472981,420
P472981,70
P472981,770
P472981,78
P472981,79
P472981,20
P472981,441
P472981,130
P472981,1560
P472981,698
P472981,15
P472981,246
P472981,427
P472981,1680
P472981,7591
P472981,265
P472981,861
P472981,416
P472981,152
P472981,174
P472981,3795
P472981,76
P472981,1449
P472981,272
P472981,47
P472981,1243
P472981,71
P472981,414
P472981,72
P472981,2
P472981,8
P472981,323
P472981,5151
P472981,176
P472981,7592
P472981,291
P472981,555
P472981,173
P472981,1116
P472981,7593
P472981,7594
P232906,83
P232906,1458
P232906,2243
P232906,85
P232906,5942
P232906,1712
P232906,1713
P232906,1128
P232906,2789
P232906,1328
P232906,484
P232906,679
P232906,1934
P232906,756
P232906,89
P232906,138
P232906,7
P232906,2083
P232906,833
P232906,804
P232906,5943
P232906,12
P232906,91
P232906,2457
P505023,55
P505023,382
P505023,74
P505023,4
P505023,7
P505023,76
P505023,6701
P505023,1950
P505023,660
P505023,71
P505023,1185
P505023,745
P505023,117
P505023,33
P505023,246
P505023,398
P505023,1105
P505023,770
P505023,7595
P505023,1355
P505023,15
P505023,627
P505023,766
P505023,568
P505023,199
P505023,103
P505023,57
P505023,765
P505023,5
P505023,72
P505023,70
P505023,7596
P505023,1304
P505023,2939
P505023,6209
P505023,131
P505023,75
P505023,47
P505023,2967
P471226,348
P471226,4
P471226,208
P471226,90
P471226,4078
P471226,3484
P471226,3485
P471226,801
P471226,567
P471226,398
P471226,428
P471226,274
P471226,8
P471226,74
P471226,1355
P471226,12
P471226,33
P471226,78
P471226,79
P471226,3734
P471226,20
P471226,430
P471226,75
P471226,445
P471226,441
P471226,70
P471226,266
P471226,803
P482693,50
P482693,7
P482693,4
P482693,90
P482693,714
P482693,140
P482693,1364
P482693,3091
P482693,5
P482693,86
P482693,746
P482693,3915
P482693,3282
P482693,662
P482693,84
P482693,595
P482693,24
P482693,244
P482693,527
P482693,9
P482693,3916
P482693,166
P482693,38
P482693,57
P482693,39
P482693,811
P482693,10
P482693,12
P482693,93
P482693,242
P482693,92
P482693,19
P482693,1270
P482693,97
P482693,593
P482693,2746
P482693,1404
P482693,70
P482693,2331
P379710,2175
P379710,88
P379710,209
P379710,2463
P379710,2464
P379710,210
P379710,2465
P379710,905
P379710,2179
P379710,83
P379710,56
P379710,748
P379710,2466
P379710,313
P379710,1148
P379710,2467
P379710,1149
P379710,430
P379710,2468
P379710,206
P379710,2188
P379710,207
P379710,175
P379710,173
P379710,694
P379710,176
P379710,174
P379710,177
P457517,297
P457517,1091
P457517,7597
P457517,1092
P457517,27
P457517,7598
P457517,1322
P457517,892
P457517,41
P457517,768
P457517,764
P457517,64
P457517,69
P457517,70
P457517,563
P457517,1045
P457517,7599
P457517,568
P457517,7600
P457517,1355
P457517,51
P457517,44
P457517,55
P457517,1106
P457517,7601
P457517,7602
P457517,1109
P457517,173
P457517,176
P457517,1132
P444057,83
P444057,4
P444057,2530
P444057,408
P444057,5
P444057,3438
P444057,1083
P444057,166
P444057,7603
P444057,723
P444057,7604
P444057,7605
P444057,7606
P444057,7607
P444057,7608
P444057,7609
P444057,7610
P444057,103
P444057,252
P444057,12
P444057,356
P444057,56
P444057,7
P444057,135
P444057,1310
P444057,75
P444057,7426
P444057,7427
P444057,7428
P444057,7429
P444057,174
P444057,173
P444057,176
P444057,1235
P467945,55
P467945,4
P467945,274
P467945,3845
P467945,7
P467945,628
P467945,527
P467945,86
P467945,170
P467945,1783
P467945,1903
P467945,617
P467945,6371
P467945,761
P467945,1213
P467945,1692
P467945,3734
P467945,2745
P467945,2623
P467945,475
P467945,130
P467945,3648
P467945,1691
P467945,63
P467945,568
P467945,352
P467945,358
P467945,1128
P467945,246
P467945,703
P467945,57
P467945,97
P467945,1275
P467945,4859
P467945,668
P467945,78
P467945,15
P467945,47
P467945,79
P467945,455
P467945,266
P467945,7611
P467945,70
P467945,4713
P467945,89
P467945,72
P467945,166
P467945,152
P467945,1572
P467945,1132
P458900,100
P458900,4244
P458900,7612
P458900,7613
P458900,7614
P458900,7615
P458900,7616
P458900,91
P458900,7617
P458900,7618
P458900,7549
P458900,7619
P458900,121
P458900,1191
P458900,7620
P458900,5383
P458900,7621
P458900,7622
P458900,12
P458900,7623
P458900,7624
P458900,7625
P458900,7626
P458900,7229
P458900,7627
P458900,7628
P458900,7629
P458900,7630
P466117,100
P466117,133
P466117,9
P466117,2244
P466117,4
P466117,2012
P466117,2011
P466117,2801
P466117,1344
P466117,211
P466117,107
P466117,76
P466117,472
P466117,1797
P466117,240
P466117,1906
P466117,241
P466117,223
P466117,224
P466117,225
P466117,226
P466117,227
P466117,228
P466117,229
P466117,230
P466117,231
P466117,232
P466117,236
P466117,338
P466117,1796
P466117,455
P466117,237
P466117,238
P466117,396
P466117,395
P466117,97
P466117,401
P466117,158
P466117,1128
P466117,2602
P466117,18
P466117,403
P466117,2017
P466117,263
P466117,57
P466117,4072
P466117,106
P466117,75
P466117,8
P466117,91
P466117,79
P466117,70
P466117,78
P466117,266
P466117,549
P453824,100
P453824,4
P453824,89
P453824,1364
P453824,7
P453824,1409
P453824,4559
P453824,443
P453824,518
P453824,786
P453824,7631
P453824,1748
P453824,3847
P453824,70
P453824,7632
P453824,7633
P453824,3737
P453824,906
P453824,868
P453824,97
P453824,2063
P453824,1112
P453824,189
P453824,185
P453824,1828
P453824,133
P453824,91
P453824,266
P453824,618
P453824,716
P453824,2
P453824,79
P453824,441
P453824,355
P453824,72
P453824,265
P453824,1343
P505009,55
P505009,264
P505009,102
P505009,4
P505009,78
P505009,11
P505009,75
P505009,5
P505009,7
P505009,246
P505009,261
P505009,398
P505009,1606
P505009,441
P505009,76
P505009,750
P505009,2939
P505009,6209
P505009,7634
P413326,7013
P413326,2521
P413326,787
P413326,7014
P413326,1956
P413326,2420
P413326,1174
P413326,1173
P413326,83
P413326,7015
P413326,7016
P413326,7635
P413326,7018
P413326,256
P413326,118
P413326,4
P413326,833
P413326,7636
P455368,201
P455368,475
P455368,78
P455368,165
P455368,91
P455368,206
P455368,7
P455368,57
P455368,12
P455368,489
P455368,391
P455368,776
P455368,7637
P381020,83
P381020,6717
P381020,7638
P381020,1432
P381020,7639
P381020,7640
P381020,7641
P381020,7642
P381020,252
P381020,467
P381020,3970
P381020,7643
P381020,1433
P381020,79
P381020,7644
P466673,100
P466673,200
P466673,102
P466673,7
P466673,4
P466673,879
P466673,2701
P466673,6056
P466673,2459
P466673,6043
P466673,684
P466673,876
P466673,455
P466673,649
P466673,877
P466673,878
P466673,1797
P466673,850
P466673,92
P466673,546
P466673,489
P466673,2989
P466673,78
P466673,880
P466673,165
P466673,6057
P466673,93
P466673,174
P466673,202
P466673,272
P466673,893
P455366,709
P455366,71
P455366,4
P455366,7
P455366,2916
P455366,2013
P455366,209
P455366,91
P455366,206
P455366,210
P455366,166
P455366,78
P455366,20
P455366,1127
P455366,6903
P455366,9
P455366,3314
P455366,1795
P455366,127
P455366,12
P455366,391
P455366,75
P455366,1058
P455366,5
P455366,72
P455366,354
P455366,70
P455366,57
P455366,6904
P470506,55
P470506,4
P470506,703
P470506,65
P470506,1512
P470506,56
P470506,57
P470506,5
P470506,75
P470506,252
P470506,1282
P470506,1583
P470506,3237
P470506,60
P470506,61
P470506,70
P470506,418
P470506,265
P470506,666
P470506,95
P470506,169
P470506,131
P470506,2858
P470506,224
P470506,2859
P470506,228
P470506,266
P470506,2860
P443349,7645
P443349,7646
P443349,7647
P443349,7648
P443349,7649
P443349,7650
P443349,7651
P443349,7652
P443349,7653
P443349,7654
P443349,7655
P443349,7656
P443349,688
P443349,7657
P443349,7658
P461213,100
P461213,89
P461213,2
P461213,4
P461213,743
P461213,715
P461213,88
P461213,525
P461213,274
P461213,86
P461213,170
P461213,710
P461213,5729
P461213,322
P461213,197
P461213,130
P461213,405
P461213,469
P461213,132
P461213,97
P461213,71
P461213,850
P461213,72
P461213,169
P461213,57
P461213,156
P461213,131
P461213,463
P461213,93
P461213,91
P461213,272
P461213,176
P461213,174
P461213,33
P461213,445
P461213,1476
P454806,55
P454806,4
P454806,1465
P454806,274
P454806,118
P454806,7
P454806,703
P454806,88
P454806,29
P454806,160
P454806,767
P454806,553
P454806,304
P454806,1784
P454806,1692
P454806,3734
P454806,2745
P454806,2623
P454806,4859
P454806,97
P454806,63
P454806,475
P454806,3648
P454806,1275
P454806,130
P454806,1128
P454806,455
P454806,1691
P454806,2978
P454806,1521
P454806,89
P454806,748
P454806,568
P454806,86
P454806,72
P454806,246
P454806,166
P454806,57
P454806,1148
P454806,1431
P454806,78
P454806,808
P454806,4713
P454806,75
P454806,79
P454806,266
P454806,471
P448852,83
P448852,252
P448852,6966
P416562,2534
P416562,66
P416562,90
P416562,274
P416562,4
P416562,161
P416562,652
P416562,2571
P416562,2590
P416562,828
P416562,70
P416562,76
P416562,60
P416562,747
P416562,95
P416562,1022
P416562,7659
P416562,7660
P416562,20
P416562,454
P416562,1363
P416562,535
P416562,57
P416562,8
P416562,7661
P416562,117
P416562,463
P416562,74
P416562,91
P416562,266
P416562,75
P416562,474
P420699,382
P420699,348
P420699,4
P420699,645
P420699,9
P420699,1174
P420699,88
P420699,7
P420699,774
P420699,1531
P420699,86
P420699,668
P420699,89
P420699,33
P420699,95
P420699,651
P420699,835
P420699,1536
P420699,1537
P420699,1538
P420699,1539
P420699,1533
P420699,1176
P420699,1535
P420699,1127
P420699,70
P420699,12
P420699,446
P420699,174
P420699,91
P420699,445
P420699,37
P420699,659
P420699,2257
P420699,7662
P432045,1888
P432045,1889
P432045,1346
P432045,4
P432045,297
P432045,767
P432045,787
P432045,76
P432045,304
P432045,9
P432045,1606
P432045,1895
P432045,1894
P432045,1891
P432045,3721
P432045,6266
P432045,61
P432045,4289
P432045,130
P432045,70
P432045,132
P432045,879
P432045,8
P432045,595
P432045,78
P432045,93
P432045,2042
P432045,2044
P432045,2043
P432045,2045
P432045,686
P432045,79
P432045,266
P432045,91
P432045,6267
P432045,6268
P432045,207
P432045,2046
P456410,641
P456410,83
P456410,71
P456410,90
P456410,4
P456410,88
P456410,2272
P456410,210
P456410,56
P456410,1148
P456410,301
P456410,1661
P456410,3032
P456410,1363
P456410,2151
P456410,57
P456410,1795
P456410,117
P456410,4422
P456410,1598
P456410,12
P456410,91
P456410,7663
P466153,100
P466153,9
P466153,208
P466153,4
P466153,76
P466153,20
P466153,673
P466153,225
P466153,230
P466153,806
P466153,236
P466153,2706
P466153,223
P466153,2708
P466153,224
P466153,2707
P466153,228
P466153,229
P466153,231
P466153,232
P466153,227
P466153,226
P466153,49
P466153,428
P466153,1823
P466153,97
P466153,131
P466153,70
P466153,3692
P466153,222
P466153,903
P466153,1337
P466153,1339
P466153,1340
P466153,7
P466153,993
P466153,39
P466153,913
P466153,117
P466153,58
P466153,57
P466153,209
P466153,210
P466153,441
P466153,8
P466153,75
P466153,88
P466153,78
P466153,460
P466153,132
P466153,745
P466153,845
P439928,1585
P439928,611
P439928,612
P439928,83
P439928,1248
P439928,4
P439928,85
P439928,551
P439928,463
P439928,552
P439928,4047
P439928,4805
P439928,1320
P439928,57
P439928,710
P439928,7664
P439928,7665
P439928,5
P439928,12
P439928,426
P439928,279
P479125,100
P479125,9
P479125,208
P479125,4
P479125,76
P479125,20
P479125,673
P479125,225
P479125,230
P479125,806
P479125,236
P479125,2706
P479125,223
P479125,2708
P479125,224
P479125,2707
P479125,228
P479125,229
P479125,231
P479125,232
P479125,227
P479125,226
P479125,49
P479125,428
P479125,1823
P479125,97
P479125,131
P479125,70
P479125,3692
P479125,222
P479125,903
P479125,1337
P479125,1339
P479125,1340
P479125,7
P479125,993
P479125,39
P479125,913
P479125,117
P479125,58
P479125,57
P479125,209
P479125,210
P479125,441
P479125,8
P479125,75
P479125,88
P479125,78
P479125,460
P479125,132
P479125,745
P479125,845
P448185,83
P448185,7
P448185,4
P448185,274
P448185,1409
P448185,76
P448185,5
P448185,1813
P448185,209
P448185,330
P448185,1746
P448185,1814
P448185,210
P448185,658
P448185,1815
P448185,1816
P448185,463
P448185,745
P448185,166
P448185,8
P448185,10
P448185,189
P448185,190
P448185,130
P448185,1818
P448185,322
P448185,93
P448185,74
P448185,195
P448185,13
P448185,7666
P448185,3315
P448185,826
P448185,161
P448185,1819
P448185,193
P448185,196
P448185,12
P448185,197
P448185,198
P448185,191
P448185,185
P448185,339
P448185,1437
P448185,324
P448185,319
P448185,1481
P448185,325
P448185,1821
P471043,7667
P471043,7668
P471043,7669
P471043,7670
P471043,7671
P471043,7672
P471043,2491
P471043,7673
P471043,7674
P471043,7675
P471043,206
P471043,1251
P471043,7676
P471043,7677
P471043,7678
P471043,3342
P471043,7679
P471043,4249
P471043,7680
P471043,7681
P471043,1877
P471043,2811
P471043,7682
P471043,7683
P471043,7684
P471043,7685
P471043,7686
P471043,7687
P471043,7688
P471043,7689
P471043,7690
P471043,7691
P471043,7692
P471043,12
P471043,6717
P471043,7693
P471043,1449
P471043,7694
P471043,7695
P471043,7696
P471043,391
P471043,7697
P471043,7698
P471043,7699
P471043,131
P471043,78
P471043,266
P471043,7700
P471043,7643
P471043,445
P471043,6724
P471043,7701
P471043,7702
P471043,1390
P471043,7703
P416560,71
P416560,1602
P416560,90
P416560,5654
P416560,2924
P416560,162
P416560,1863
P416560,322
P416560,7704
P416560,932
P416560,704
P416560,7705
P416560,7706
P416560,185
P416560,890
P416560,6751
P416560,7707
P416560,329
P416560,944
P416560,7708
P416560,70
P416560,174
P416560,177
P448530,83
P448530,382
P448530,90
P448530,4
P448530,275
P448530,7709
P448530,366
P448530,756
P448530,76
P448530,385
P448530,4614
P448530,313
P448530,1363
P448530,57
P448530,776
P448530,106
P448530,15
P448530,246
P448530,392
P467110,100
P467110,4
P467110,742
P467110,90
P467110,6354
P467110,244
P467110,96
P467110,20
P467110,75
P467110,676
P467110,1363
P467110,57
P467110,1795
P467110,441
P467110,91
P467110,549
P34402,83
P34402,137
P34402,7
P34402,165
P34402,274
P34402,92
P34402,4
P34402,3761
P34402,161
P34402,102
P34402,884
P34402,131
P34402,78
P34402,410
P34402,7710
P500245,6546
P500245,90
P500245,2013
P500245,49
P500245,153
P500245,627
P500245,767
P500245,1162
P500245,71
P500245,1295
P500245,85
P500245,274
P500245,1045
P500245,1420
P500245,117
P500245,70
P500245,74
P500245,4073
P500245,31
P500245,92
P500245,398
P500245,72
P500245,247
P500245,363
P500245,41
P500245,987
P500245,306
P500245,47
P500245,637
P500245,7711
P500245,491
P500245,7712
P427638,100
P427638,89
P427638,4
P427638,9
P427638,2760
P427638,244
P427638,297
P427638,428
P427638,1399
P427638,97
P427638,396
P427638,395
P427638,214
P427638,215
P427638,216
P427638,217
P427638,218
P427638,1341
P427638,1339
P427638,1337
P427638,1338
P427638,1340
P427638,132
P427638,7713
P427638,455
P427638,877
P427638,230
P427638,131
P427638,3487
P427638,274
P427638,2817
P427638,233
P427638,684
P427638,158
P427638,876
P427638,401
P427638,649
P427638,878
P427638,117
P427638,1664
P427638,20
P427638,1961
P427638,809
P427638,667
P427638,679
P427638,265
P427638,457
P427638,669
P427638,261
P427638,76
P427638,390
P427638,72
P427638,7
P427638,3080
P427638,1284
P427638,74
P427638,3488
P427638,2460
P427638,15
P427638,199
P427638,678
P427638,8
P427638,57
P427638,403
P427638,5
P427638,91
P427638,12
P427638,121
P427638,1808
P427638,1942
P466134,100
P466134,742
P466134,4
P466134,88
P466134,71
P466134,9
P466134,1364
P466134,26
P466134,140
P466134,209
P466134,555
P466134,1359
P466134,210
P466134,244
P466134,174
P466134,1521
P466134,744
P466134,75
P466134,268
P466134,5981
P466134,93
P466134,12
P466134,242
P466134,441
P466134,272
P466134,70
P466134,339
P466134,175
P466134,566
P460747,348
P460747,65
P460747,261
P460747,4
P460747,403
P460747,90
P460747,39
P460747,57
P460747,86
P460747,2753
P460747,1130
P460747,95
P460747,66
P460747,75
P460747,1112
P460747,20
P460747,189
P460747,185
P460747,1344
P460747,2017
P477830,61
P477830,71
P477830,1840
P477830,1018
P477830,1197
P477830,100
P477830,1598
P477830,627
P477830,185
P477830,210
P477830,673
P477830,20
P477830,7714
P477830,7715
P477830,3076
P477830,2552
P477830,7716
P477830,1020
P477830,7717
P477830,189
P477830,198
P477830,197
P477830,7718
P477830,7719
P477830,762
P477830,417
P477830,70
P477830,3267
P477830,72
P477830,252
P477830,12
P477830,91
P477830,390
P477830,268
P477830,1132
P283106,100
P283106,4
P283106,7
P283106,7720
P283106,7721
P283106,411
P283106,1671
P283106,221
P283106,7722
P283106,1670
P283106,3071
P283106,250
P283106,3070
P283106,131
P283106,49
P283106,161
P283106,441
P283106,8
P283106,7723
P283106,729
P283106,1680
P283106,12
P283106,1637
P283106,1282
P283106,430
P283106,266
P283106,79
P283106,75
P283106,392
P461165,4937
P461165,4
P461165,90
P461165,6046
P461165,628
P461165,9
P461165,6115
P461165,6116
P461165,953
P461165,954
P461165,670
P461165,595
P461165,393
P461165,454
P461165,2608
P461165,1877
P461165,5254
P461165,848
P461165,1042
P461165,363
P461165,2321
P461165,3097
P461165,6117
P461165,6118
P461165,6119
P461165,987
P461165,1120
P461165,6120
P461165,943
P461165,70
P461165,1566
P461165,6121
P461165,117
P461165,1130
P461165,1659
P461165,57
P461165,169
P461165,1146
P461165,12
P461165,266
P461165,206
P461165,79
P461165,263
P461165,78
P461165,441
P461165,376
P3550,1594
P3550,100
P3550,200
P3550,102
P3550,78
P3550,4
P3550,224
P3550,546
P3550,7
P3550,308
P3550,745
P3550,91
P3550,66
P3550,266
P3550,79
P3550,199
P3550,156
P3550,285
P3550,96
P3550,1304
P3550,376
P474078,1594
P474078,100
P474078,200
P474078,102
P474078,78
P474078,4
P474078,224
P474078,546
P474078,7
P474078,308
P474078,745
P474078,91
P474078,66
P474078,266
P474078,79
P474078,199
P474078,156
P474078,285
P474078,96
P474078,1304
P474078,376
P503726,951
P503726,274
P503726,4
P503726,289
P503726,275
P503726,1412
P503726,126
P503726,2412
P503726,319
P503726,339
P503726,1139
P503726,5570
P503726,197
P503726,1255
P503726,198
P503726,1064
P503726,6848
P503726,195
P503726,878
P503726,191
P503726,190
P503726,189
P503726,1423
P503726,562
P503726,1559
P503726,1558
P503726,1557
P503726,636
P503726,1251
P503726,2543
P503726,3945
P503726,1910
P503726,1227
P503726,889
P503726,430
P503726,244
P503726,156
P503726,242
P503726,47
P503726,1254
P503726,1382
P503726,89
P503726,2083
P503726,7724
P503726,70
P503726,91
P503726,72
P503726,246
P503726,7725
P436094,235
P436094,4
P436094,55
P436094,2289
P436094,1197
P436094,617
P436094,3510
P436094,527
P436094,86
P436094,1697
P436094,39
P436094,1213
P436094,1127
P436094,206
P436094,568
P436094,1883
P436094,70
P436094,3511
P436094,391
P436094,1112
P436094,3512
P436094,185
P436094,61
P436094,3513
P436094,173
P436094,176
P436094,174
P436094,272
P415667,348
P415667,349
P415667,56
P415667,963
P415667,3526
P415667,2756
P415667,2759
P415667,352
P415667,3427
P415667,363
P415667,554
P415667,2757
P415667,1766
P415667,484
P415667,4
P415667,57
P415667,72
P415667,390
P415667,7
P415667,91
P415667,446
P415667,75
P415667,78
P415667,12
P415667,93
P415667,2761
P415667,272
P415667,266
P415667,79
P415667,1355
P415667,644
P396623,6516
P396623,6088
P396623,7726
P396623,3304
P396623,2861
P396623,7727
P396623,7728
P396623,3307
P396623,208
P396623,2614
P396623,2151
P396623,516
P396623,3309
P396623,61
P396623,476
P396623,7729
P396623,7730
P396623,7731
P396623,1312
P396623,1045
P396623,20
P396623,2146
P232910,83
P232910,404
P232910,646
P232910,86
P232910,170
P232910,1934
P232910,1800
P232910,4
P232910,9
P232910,7732
P232910,421
P232910,4207
P232910,61
P232910,6431
P232910,45
P232910,520
P232910,627
P232910,764
P232910,666
P232910,363
P232910,637
P232910,131
P232910,70
P232910,72
P232910,166
P232910,91
P232910,12
P232910,390
P232910,57
P232910,805
P232910,93
P232910,107
P232910,4381
P456417,1144
P456417,71
P456417,892
P456417,774
P456417,90
P456417,61
P456417,275
P456417,559
P456417,7733
P456417,200
P456417,348
P456417,398
P456417,173
P456417,176
P456417,39
P456417,272
P456417,399
P456417,69
P456417,1730
P456417,70
P456417,131
P456417,5092
P455934,100
P455934,2974
P455934,620
P455934,405
P455934,9
P455934,557
P455934,527
P455934,87
P455934,4
P455934,107
P455934,1382
P455934,274
P455934,1356
P455934,3332
P455934,3352
P455934,266
P455934,3353
P455934,70
P455934,12
P455934,3354
P455934,430
P455934,3355
P455934,1410
P455934,186
P455934,3356
P455934,57
P455934,3357
P455934,3358
P455934,588
P455934,3359
P455934,242
P455934,91
P455934,1294
P503634,100
P503634,4
P503634,963
P503634,2530
P503634,520
P503634,1083
P503634,3438
P503634,848
P503634,1828
P503634,97
P503634,708
P503634,1296
P503634,368
P503634,428
P503634,6
P503634,1281
P503634,5
P503634,72
P503634,745
P503634,6986
P503634,252
P503634,1903
P503634,1408
P503634,78
P503634,75
P503634,441
P503634,3373
P503634,71
P503634,1767
P503634,1655
P503634,95
P503634,1769
P503634,1770
P503634,60
P503634,1309
P503634,835
P503634,1653
P503634,1229
P503634,1771
P503634,189
P503634,193
P503634,195
P503634,190
P503634,70
P503634,196
P503634,1255
P503634,197
P503634,6989
P454019,7734
P454019,4
P454019,2433
P454019,1420
P454019,274
P454019,455
P454019,1364
P454019,748
P454019,210
P454019,5
P454019,1810
P454019,88
P454019,57
P454019,331
P454019,1459
P454019,3512
P454019,6568
P454019,7735
P454019,92
P454019,286
P454019,114
P454019,7
P454019,95
P454019,405
P454019,12
P454019,7736
P454019,1807
P454019,1057
P454019,415
P454019,4337
P454019,3571
P454019,2968
P454019,169
P454019,1817
P454019,394
P454019,71
P454019,1242
P454019,237
P454019,129
P454019,93
P454019,7737
P454019,366
P454019,1270
P454019,19
P454019,3567
P454019,97
P454019,390
P454019,7738
P454019,3568
P454019,4621
P454019,7739
P477157,178
P477157,30
P477157,235
P477157,71
P477157,1017
P477157,7740
P477157,2994
P477157,61
P477157,826
P477157,183
P477157,1829
P477157,76
P477157,264
P477157,4417
P477157,2885
P477157,187
P477157,7741
P477157,39
P477157,2889
P477157,2888
P477157,252
P477157,7
P477157,100
P477157,79
P477157,265
P477157,7742
P386754,3257
P386754,3258
P386754,7743
P386754,3259
P386754,7744
P386754,7745
P386754,7746
P386754,7747
P386754,7748
P386754,7749
P386754,7750
P386754,3659
P386754,7751
P386754,7752
P443370,100
P443370,4
P443370,7
P443370,278
P443370,107
P443370,680
P443370,133
P443370,2064
P443370,2969
P443370,4456
P443370,20
P443370,70
P443370,850
P443370,397
P443370,455
P443370,1387
P443370,9
P443370,373
P443370,61
P443370,1284
P443370,1420
P443370,5083
P443370,76
P443370,669
P443370,72
P443370,12
P443370,263
P443370,57
P443370,106
P443370,174
P443370,78
P443370,91
P443370,242
P501029,7753
P501029,1477
P501029,4
P501029,9
P501029,7
P501029,743
P501029,161
P501029,5
P501029,1784
P501029,5956
P501029,91
P501029,72
P501029,463
P501029,878
P501029,57
P501029,12
P501029,130
P501029,8
P501029,993
P501029,10
P501029,7754
P501029,1256
P501029,471
P501029,7755
P501029,1878
P501029,1879
P501029,127
P501029,47
P501029,1045
P501029,74
P501029,7756
P443843,3956
P443843,7
P443843,9
P443843,4
P443843,208
P443843,71
P443843,89
P443843,244
P443843,72
P443843,90
P443843,129
P443843,117
P443843,960
P443843,8
P443843,156
P443843,131
P443843,128
P443843,93
P443843,78
P443843,848
P443843,1565
P443843,1668
P443843,7757
P443843,132
P443843,18
P443843,392
P232907,7758
P232907,100
P232907,526
P232907,7722
P232907,7759
P232907,3230
P232907,3770
P232907,200
P232907,394
P232907,7760
P232907,298
P232907,8
P232907,86
P232907,527
P232907,135
P232907,169
P232907,158
P232907,1333
P232907,97
P232907,1146
P232907,595
P232907,3177
P232907,78
P232907,901
P232907,2393
P232907,7761
P232907,392
P480162,55
P480162,4
P480162,404
P480162,29
P480162,9
P480162,7
P480162,527
P480162,76
P480162,352
P480162,1370
P480162,89
P480162,86
P480162,170
P480162,627
P480162,717
P480162,292
P480162,7762
P480162,20
P480162,703
P480162,246
P480162,2268
P480162,78
P480162,70
P480162,2264
P480162,2266
P480162,2018
P460855,1412
P460855,4388
P460855,409
P460855,703
P460855,809
P460855,181
P460855,7763
P460855,7764
P460855,311
P460855,794
P460855,1198
P460855,706
P460855,568
P460855,4387
P460855,70
P460855,1355
P460855,61
P460855,7765
P460855,3142
P460855,6418
P460855,376
P384778,83
P384778,4
P384778,7
P384778,90
P384778,1465
P384778,71
P384778,298
P384778,76
P384778,553
P384778,527
P384778,352
P384778,761
P384778,767
P384778,2371
P384778,95
P384778,554
P384778,7766
P384778,544
P384778,2804
P384778,2802
P384778,131
P384778,774
P384778,70
P384778,1388
P384778,7767
P384778,1360
P384778,2237
P384778,756
P384778,467
P384778,89
P384778,74
P384778,843
P384778,166
P384778,20
P384778,265
P384778,10
P384778,130
P384778,1355
P384778,1968
P384778,77
P384778,546
P384778,667
P384778,51
P384778,441
P384778,445
P384778,1363
P384778,75
P384778,12
P384778,266
P384778,230
P384778,91
P384778,177
P471003,100
P471003,110
P471003,4
P471003,2376
P471003,90
P471003,2994
P471003,579
P471003,2322
P471003,4903
P471003,592
P471003,20
P471003,189
P471003,1827
P471003,197
P471003,195
P471003,190
P471003,196
P471003,1255
P471003,193
P471003,191
P471003,252
P471003,75
P471003,1795
P471003,79
P471003,266
P471003,3461
P471003,1681
P501005,100
P501005,138
P501005,302
P501005,4
P501005,825
P501005,783
P501005,1358
P501005,2
P501005,85
P501005,274
P501005,435
P501005,311
P501005,13
P501005,889
P501005,188
P501005,7768
P501005,7769
P501005,932
P501005,130
P501005,92
P501005,12
P501005,2220
P501005,3324
P501005,43
P501005,89
P501005,658
P501005,5
P501005,321
P501005,1481
P501005,7770
P501005,7771
P501005,174
P501005,70
P501005,51
P501005,91
P501005,37
P501005,1753
P501005,1331
P501005,1974
P456399,83
P456399,89
P456399,785
P456399,1019
P456399,784
P456399,298
P456399,786
P456399,4
P456399,155
P456399,6112
P456399,308
P456399,789
P456399,311
P456399,787
P456399,790
P456399,791
P456399,584
P456399,95
P456399,7772
P456399,20
P456399,439
P456399,310
P456399,74
P456399,315
P456399,84
P456399,7773
P456399,7774
P456399,171
P456399,7
P456399,118
P456399,153
P456399,783
P456399,70
P456399,51
P456399,489
P456399,796
P456399,797
P456399,91
P456399,687
P306941,348
P306941,3439
P306941,3440
P306941,3441
P306941,3442
P306941,89
P306941,3443
P306941,9
P306941,552
P306941,19
P306941,816
P306941,130
P306941,131
P306941,563
P306941,129
P306941,696
P306941,88
P306941,86
P306941,138
P306941,302
P306941,362
P306941,84
P306941,166
P306941,12
P306941,322
P306941,91
P306941,308
P306941,78
P306941,366
P306941,686
P306941,177
P483679,348
P483679,460
P483679,742
P483679,274
P483679,18
P483679,20
P483679,161
P483679,578
P483679,70
P483679,4
P483679,2543
P483679,7775
P483679,3206
P483679,749
P483679,1863
P483679,751
P483679,752
P483679,753
P483679,750
P483679,264
P483679,616
P483679,61
P483679,1457
P483679,132
P483679,75
P483679,1685
P483679,3648
P483679,441
P483679,103
P483679,57
P483679,79
P483679,338
P483679,162
P483679,1597
P483679,166
P483679,47
P483679,91
P483679,246
P483679,317
P483679,174
P483679,272
P483679,1235
P467126,83
P467126,7
P467126,2244
P467126,90
P467126,274
P467126,9
P467126,414
P467126,2250
P467126,634
P467126,2251
P467126,7776
P467126,2253
P467126,671
P467126,166
P467126,672
P467126,95
P467126,2254
P467126,1123
P467126,1249
P467126,1766
P467126,1243
P467126,710
P467126,667
P467126,390
P467126,12
P467126,72
P467126,20
P467126,2255
P467126,57
P467126,78
P467126,2256
P467126,91
P467126,79
P467126,266
P467126,33
P467126,37
P467126,2257
P467126,2260
P479971,7777
P479971,2
P479971,4
P479971,7
P479971,815
P479971,118
P479971,274
P479971,6429
P479971,76
P479971,2368
P479971,4324
P479971,33
P479971,131
P479971,7778
P479971,1275
P479971,79
P479971,91
P479971,6262
P479971,84
P479971,130
P479971,454
P479971,170
P479971,7779
P479971,1045
P479971,595
P479971,7780
P479971,119
P479971,1935
P479971,174
P479971,57
P479971,445
P479971,206
P479971,155
P479971,742
P479971,7781
P479971,1564
P479971,2079
P479971,323
P479971,1556
P479971,7782
P479971,588
P479971,593
P479971,176
P479971,2045
P479971,2044
P479971,555
P479971,1412
P479971,527
P479971,5194
P479971,75
P479971,173
P479971,86
P479971,446
P479971,7783
P405584,2197
P405584,2198
P405584,361
P405584,2199
P405584,88
P405584,1748
P405584,211
P405584,83
P405584,37
P405584,2200
P405584,4
P405584,2201
P405584,2202
P405584,1929
P405584,2203
P405584,61
P405584,2204
P405584,2205
P453823,100
P453823,4
P453823,89
P453823,1364
P453823,7
P453823,1409
P453823,4559
P453823,443
P453823,518
P453823,786
P453823,7631
P453823,454
P453823,1748
P453823,3847
P453823,70
P453823,7632
P453823,7633
P453823,2064
P453823,906
P453823,3737
P453823,97
P453823,20
P453823,868
P453823,133
P453823,1112
P453823,2062
P453823,161
P453823,189
P453823,2063
P453823,1828
P453823,185
P453823,91
P453823,266
P453823,618
P453823,716
P453823,2
P453823,79
P453823,441
P453823,355
P453823,75
P453823,12
P453823,2069
P453823,72
P453823,265
P453823,1343
P474840,1567
P474840,4
P474840,7
P474840,76
P474840,274
P474840,527
P474840,155
P474840,297
P474840,782
P474840,4883
P474840,4884
P474840,4614
P474840,2805
P474840,130
P474840,97
P474840,949
P474840,1903
P474840,1412
P474840,47
P474840,252
P474840,20
P474840,78
P474840,15
P474840,127
P474840,70
P474840,628
P474840,1935
P474840,484
P474840,72
P474840,8
P474840,88
P474840,748
P474840,6220
P474840,5747
P474840,546
P474840,117
P474840,426
P474840,7638
P474840,4505
P474840,262
P474840,7242
P474840,7784
P474840,246
P474840,392
P474832,297
P474832,27
P474832,1091
P474832,525
P474832,23
P474832,181
P474832,1357
P474832,24
P474832,764
P474832,3773
P474832,31
P474832,795
P474832,29
P474832,3926
P474832,32
P474832,768
P474832,70
P474832,563
P474832,568
P474832,41
P474832,772
P474832,404
P474832,1102
P474832,47
P474832,2220
P474832,20
P474832,174
P474832,175
P474832,206
P474832,177
P457864,1567
P457864,89
P457864,4
P457864,7785
P457864,7786
P457864,7787
P457864,9
P457864,91
P457864,70
P457864,7788
P457864,2608
P457864,7789
P457864,366
P457864,72
P457864,57
P457864,11
P457864,67
P457864,1275
P457864,536
P457864,93
P457864,198
P457864,2088
P457864,174
P457864,130
P457864,78
P457864,3718
P457864,75
P457864,694
P457864,79
P457864,700
P457864,175
P457864,266
P457864,7790
P457864,7791
P457864,7792
P457864,173
P457864,272
P457864,176
P457864,7793
P461439,100
P461439,404
P461439,552
P461439,7
P461439,308
P461439,852
P461439,4
P461439,20
P461439,428
P461439,2137
P461439,864
P461439,66
P461439,776
P461439,2543
P461439,3945
P461439,1353
P461439,1770
P461439,317
P461439,107
P461439,115
P461439,75
P461439,441
P461439,166
P461439,78
P461439,91
P461439,266
P461439,1294
P421432,1594
P421432,1
P421432,118
P421432,104
P421432,9
P421432,76
P421432,4
P421432,74
P421432,7
P421432,676
P421432,5072
P421432,542
P421432,554
P421432,684
P421432,876
P421432,455
P421432,649
P421432,877
P421432,878
P421432,3123
P421432,3124
P421432,2390
P421432,2013
P421432,4614
P421432,93
P421432,2302
P309306,1643
P309306,7794
P309306,7795
P309306,5172
P309306,5171
P309306,7796
P309306,7797
P309306,7798
P309306,7799
P475630,5596
P475630,61
P475630,84
P475630,4
P475630,86
P475630,527
P475630,1467
P475630,117
P475630,259
P475630,472
P475630,260
P475630,91
P475630,546
P475630,266
P475630,5597
P475630,5598
P475630,5599
P475630,3970
P475630,5600
P475630,5601
P475630,2882
P475630,76
P475630,12
P475630,2886
P475630,1668
P475630,2064
P475630,2790
P475630,207
P475630,173
P475630,271
P475630,174
P475630,177
P480177,1477
P480177,89
P480177,4
P480177,2078
P480177,274
P480177,200
P480177,815
P480177,74
P480177,9
P480177,457
P480177,825
P480177,2738
P480177,2629
P480177,443
P480177,947
P480177,5564
P480177,555
P480177,8
P480177,291
P480177,454
P480177,441
P480177,20
P480177,78
P480177,240
P480177,221
P480177,222
P480177,130
P480177,1935
P480177,323
P480177,2
P480177,71
P480177,72
P480177,15
P480177,106
P480177,166
P480177,7
P480177,70
P480177,47
P480177,1680
P480177,279
P443846,83
P443846,4
P443846,7
P443846,9
P443846,91
P443846,546
P443846,93
P443846,132
P443846,8
P443846,18
P443846,1668
P443846,1669
P443846,106
P443846,221
P443846,1225
P442857,20
P442857,455
P442857,2456
P442857,274
P442857,2932
P442857,83
P442857,2933
P442857,2934
P500613,348
P500613,627
P500613,29
P500613,308
P500613,234
P500613,742
P500613,88
P500613,4
P500613,3835
P500613,957
P500613,153
P500613,4259
P500613,535
P500613,160
P500613,747
P500613,49
P500613,5663
P500613,2362
P500613,2330
P500613,897
P500613,2942
P500613,2724
P500613,70
P500613,1997
P500613,2626
P500613,1541
P500613,237
P500613,238
P500613,617
P500613,72
P500613,235
P500613,9
P500613,4728
P500613,6
P500613,1281
P500613,3273
P500613,713
P500613,1387
P500613,7
P500613,2361
P500613,106
P500613,441
P500613,1284
P500613,7800
P500613,166
P500613,484
P500613,78
P500613,686
P500613,242
P500613,75
P500613,842
P500613,74
P500613,79
P500613,5
P500613,57
P500613,91
P500613,132
P500613,33
P500613,37
P500613,845
P466154,1
P466154,742
P466154,661
P466154,4
P466154,3324
P466154,7149
P466154,7801
P466154,274
P466154,5146
P466154,7802
P466154,74
P466154,1120
P466154,2084
P466154,2623
P466154,1418
P466154,673
P466154,20
P466154,924
P466154,39
P466154,311
P466154,57
P466154,7521
P466154,1481
P466154,252
P466154,75
P466154,15
P466154,441
P466154,76
P466154,9
P466154,72
P466154,12
P466154,279
P482298,100
P482298,7
P482298,2371
P482298,4
P482298,834
P482298,891
P482298,3701
P482298,322
P482298,3096
P482298,1863
P482298,534
P482298,174
P482298,173
P482298,272
P482298,176
P482298,3132
P482298,4239
P482298,838
P482298,4151
P482298,751
P482298,460
P482298,20
P482298,809
P482298,366
P482298,454
P482298,1143
P482298,850
P482298,743
P482298,72
P482298,165
P482298,4157
P482298,106
P482298,1043
P482298,75
P482298,78
P482298,441
P482298,686
P482298,266
P482298,392
P503879,100
P503879,4
P503879,235
P503879,160
P503879,23
P503879,29
P503879,88
P503879,747
P503879,209
P503879,76
P503879,1697
P503879,210
P503879,323
P503879,454
P503879,18
P503879,97
P503879,1658
P503879,1352
P503879,1249
P503879,1250
P503879,1175
P503879,7506
P503879,7508
P503879,7507
P503879,49
P503879,6628
P503879,878
P503879,771
P503879,745
P503879,131
P503879,1875
P503879,92
P503879,1883
P503879,70
P503879,128
P503879,117
P503879,1823
P503879,7803
P442839,83
P442839,208
P442839,71
P442839,4
P442839,9
P442839,955
P442839,956
P442839,484
P442839,86
P442839,29
P442839,117
P442839,352
P442839,7804
P442839,628
P442839,20
P442839,363
P442839,1143
P442839,1851
P442839,418
P442839,770
P442839,1242
P442839,1159
P442839,652
P442839,657
P442839,635
P442839,66
P442839,637
P442839,987
P442839,12
P442839,70
P442839,957
P442839,76
P442839,15
P442839,264
P442839,79
P442839,57
P442839,91
P442839,266
P442839,376
P432242,83
P432242,382
P432242,4
P432242,7
P432242,411
P432242,86
P432242,170
P432242,74
P432242,2052
P432242,4282
P432242,1525
P432242,449
P432242,809
P432242,831
P432242,72
P432242,5
P432242,131
P432242,78
P432242,57
P432242,93
P432242,91
P432242,37
P432242,1887
P432242,1009
P251529,138
P251529,90
P251529,100
P251529,127
P251529,131
P251529,563
P251529,398
P251529,117
P251529,678
P251529,76
P251529,2835
P251529,967
P461949,138
P461949,833
P461949,4
P461949,89
P461949,457
P461949,297
P461949,443
P461949,302
P461949,1790
P461949,1793
P461949,453
P461949,1794
P461949,1791
P461949,1795
P461949,1796
P461949,338
P461949,340
P461949,1797
P461949,1798
P461949,1799
P461949,1792
P461949,100
P461949,535
P461949,4365
P461949,3296
P461949,4873
P461949,1684
P461949,765
P461949,2527
P461949,416
P461949,1366
P461949,158
P461949,237
P461949,70
P461949,3832
P461949,71
P461949,327
P461949,2414
P461949,322
P461949,3095
P461949,2
P461949,200
P461949,441
P461949,694
P461949,174
P461949,272
P461949,51
P461949,91
P461949,80
P457008,5766
P457008,1810
P457008,2
P457008,4
P457008,71
P457008,274
P457008,5
P457008,7
P457008,4315
P457008,86
P457008,170
P457008,187
P457008,743
P457008,89
P457008,88
P457008,455
P457008,1199
P457008,163
P457008,20
P457008,993
P457008,12
P457008,93
P457008,878
P457008,92
P457008,189
P457008,190
P457008,195
P457008,70
P457008,4318
P457008,196
P457008,1064
P457008,627
P457008,198
P457008,197
P457008,5282
P457008,5221
P457008,862
P457008,3765
P457008,586
P457008,5222
P457008,5223
P457008,5767
P457008,1420
P457008,652
P457008,57
P457008,2769
P457008,1303
P457008,5286
P457008,809
P457008,161
P457008,58
P457008,667
P457008,5226
P457008,72
P457008,1437
P457008,850
P457008,441
P457008,75
P457008,1712
P457008,1713
P457008,1128
P457008,5768
P457008,315
P457008,808
P457008,382
P457008,5228
P393076,348
P393076,4
P393076,71
P393076,29
P393076,89
P393076,86
P393076,761
P393076,404
P393076,617
P393076,527
P393076,91
P393076,1599
P393076,7
P393076,2246
P393076,166
P393076,1462
P393076,1637
P393076,57
P393076,460
P393076,135
P393076,274
P393076,96
P393076,78
P393076,4968
P393076,1784
P393076,1673
P393076,95
P393076,94
P393076,449
P393076,8
P393076,1548
P393076,106
P393076,240
P393076,20
P393076,1546
P393076,360
P393076,222
P393076,1764
P479354,201
P479354,208
P479354,4
P479354,274
P479354,9
P479354,878
P479354,1734
P479354,235
P479354,1481
P479354,5254
P479354,848
P479354,79
P479354,311
P479354,1146
P479354,266
P479354,75
P479354,7805
P481972,55
P481972,4
P481972,596
P481972,84
P481972,412
P481972,1306
P481972,595
P481972,78
P481972,1305
P481972,59
P481972,568
P481972,86
P481972,170
P481972,5308
P481972,213
P481972,850
P481972,408
P481972,103
P481972,246
P481972,349
P481972,79
P481972,266
P481972,70
P481972,75
P481972,72
P481972,7806
P500240,5937
P500240,358
P500240,125
P500240,842
P500240,7807
P500240,7808
P500240,2430
P500240,364
P500240,359
P500240,75
P500240,2017
P500240,7809
P500240,7810
P500240,74
P500240,1070
P500240,1828
P500240,7811
P500240,855
P500240,382
P500240,7812
P500240,365
P500240,18
P500240,7813
P500240,61
P500240,7814
P500240,633
P500240,2543
P500240,575
P500240,13
P500240,7815
P500240,2072
P500240,819
P500240,7816
P500240,7817
P500240,60
P500240,7818
P500240,1939
P500240,7819
P500240,2415
P500240,414
P500240,70
P500240,7820
P500240,72
P500240,92
P500240,304
P500240,265
P500240,7821
P500240,224
P500240,428
P500240,7822
P500240,532
P500240,57
P500240,12
P500240,5
P500240,355
P500240,811
P500240,7823
P500240,252
P500240,1363
P500240,441
P500240,100
P500240,3237
P500240,174
P500240,177
P442741,83
P442741,4
P442741,6300
P442741,1019
P442741,90
P442741,618
P442741,7
P442741,3467
P442741,7824
P442741,1203
P442741,1204
P442741,2936
P442741,828
P442741,4064
P442741,1527
P442741,2937
P442741,5580
P442741,3165
P442741,221
P442741,3692
P442741,7825
P442741,2064
P442741,3092
P442741,222
P442741,578
P442741,20
P442741,131
P442741,696
P442741,49
P442741,63
P442741,605
P442741,117
P442741,924
P442741,963
P442741,2886
P442741,106
P442741,275
P442741,166
P442741,132
P442741,2849
P442741,199
P442741,8
P442741,1623
P442741,240
P442741,2790
P442741,57
P442741,804
P442741,1304
P442741,1412
P442741,74
P442741,2851
P442741,78
P442741,72
P442741,266
P442741,79
P442741,392
P442564,90
P442564,767
P442564,7826
P442564,7827
P442564,5591
P442564,61
P442564,7828
P442564,7829
P442564,7830
P442564,260
P442564,2040
P442564,7831
P442564,189
P442564,190
P442564,7832
P442564,195
P442564,196
P442564,1064
P442564,198
P442564,1255
P442564,197
P442564,7833
P469482,55
P469482,813
P469482,89
P469482,138
P469482,88
P469482,85
P469482,71
P469482,302
P469482,86
P469482,1019
P469482,170
P469482,411
P469482,814
P469482,1355
P469482,131
P469482,822
P469482,818
P469482,49
P469482,326
P469482,7834
P469482,33
P469482,7835
P469482,7836
P469482,161
P469482,7837
P469482,680
P469482,820
P469482,816
P469482,9
P469482,815
P469482,4
P469482,568
P469482,2377
P469482,12
P469482,107
P469482,165
P469482,272
P469482,821
P469482,91
P469482,2347
P469482,4172
P469482,4173
P455241,2175
P455241,107
P455241,2497
P455241,100
P455241,460
P455241,540
P455241,4
P455241,670
P455241,103
P455241,1127
P455241,2463
P455241,7838
P455241,7839
P455241,2361
P455241,420
P455241,1776
P455241,313
P455241,6531
P455241,617
P455241,169
P455241,679
P455241,57
P455241,1070
P455241,266
P455241,7840
P455241,6677
P455241,1713
P455241,2322
P455241,70
P455241,6379
P455241,2033
P455241,74
P455241,673
P455241,7841
P455241,132
P455241,3361
P455241,2038
P455241,7842
P455241,2037
P455241,7843
P455241,7844
P504986,1398
P504986,83
P504986,782
P504986,74
P504986,4
P504986,200
P504986,308
P504986,784
P504986,786
P504986,789
P504986,787
P504986,311
P504986,455
P504986,442
P504986,657
P504986,252
P504986,4355
P504986,7845
P504986,850
P504986,4360
P504986,756
P504986,131
P504986,20
P504986,1757
P504986,95
P504986,1845
P504986,1846
P504986,1279
P504986,4354
P504986,7
P504986,794
P504986,171
P504986,70
P504986,51
P504986,118
P504986,489
P504986,637
P504986,1847
P504986,441
P504986,91
P504986,467
P504986,1990
P504986,1586
P504986,1587
P504986,1991
P399932,377
P399932,963
P399932,200
P399932,7
P399932,3570
P399932,1057
P399932,91
P399932,401
P399932,119
P399932,1312
P399932,20
P399932,489
P399932,7846
P399932,1179
P399932,1970
P399932,2146
P448184,83
P448184,2
P448184,7
P448184,1813
P448184,274
P448184,76
P448184,330
P448184,1814
P448184,1816
P448184,5
P448184,1241
P448184,652
P448184,5956
P448184,7847
P448184,1815
P448184,161
P448184,72
P448184,12
P448184,322
P448184,130
P448184,4
P448184,1818
P448184,4696
P448184,13
P448184,8
P448184,162
P448184,10
P448184,93
P448184,189
P448184,169
P448184,1819
P448184,190
P448184,339
P448184,324
P448184,319
P448184,325
P448184,1437
P448184,331
P448184,3604
P467124,83
P467124,24
P467124,4
P467124,90
P467124,29
P467124,633
P467124,76
P467124,527
P467124,525
P467124,89
P467124,2244
P467124,86
P467124,170
P467124,555
P467124,634
P467124,2259
P467124,2253
P467124,671
P467124,95
P467124,672
P467124,2254
P467124,1123
P467124,1249
P467124,1766
P467124,1896
P467124,70
P467124,51
P467124,7
P467124,166
P467124,9
P467124,15
P467124,72
P467124,117
P467124,1749
P467124,366
P467124,274
P467124,12
P467124,472
P467124,910
P467124,811
P467124,911
P467124,2255
P467124,78
P467124,91
P467124,79
P467124,266
P467124,246
P467124,467
P467124,33
P467124,37
P467124,2257
P467124,2260
P384821,178
P384821,162
P384821,179
P384821,27
P384821,4420
P384821,4421
P384821,1487
P384821,83
P384821,131
P384821,4
P384821,72
P384821,413
P384821,7848
P442742,83
P442742,7
P442742,240
P442742,776
P442742,4100
P442742,6300
P442742,104
P442742,366
P442742,231
P442742,806
P442742,230
P442742,236
P442742,224
P442742,223
P442742,229
P442742,232
P442742,226
P442742,225
P442742,2708
P442742,112
P442742,95
P442742,49
P442742,696
P442742,131
P442742,66
P442742,62
P442742,729
P442742,1652
P442742,1684
P442742,749
P442742,3947
P442742,5219
P442742,2624
P442742,685
P442742,91
P442742,78
P442742,7040
P442742,266
P442742,79
P442742,7849
P442742,2849
P442742,2706
P442742,1664
P442742,174
P442742,122
P442742,2707
P442742,228
P442742,227
P442742,75
P442742,1412
P442742,74
P442742,7850
P463144,100
P463144,208
P463144,29
P463144,88
P463144,4
P463144,90
P463144,86
P463144,2541
P463144,2543
P463144,185
P463144,3348
P463144,3349
P463144,3350
P463144,1127
P463144,8
P463144,748
P463144,245
P463144,79
P463144,258
P463144,131
P463144,263
P463144,878
P463144,97
P463144,129
P463144,20
P463144,265
P463144,78
P463144,91
P463144,808
P463144,117
P463144,70
P463144,269
P463144,270
P463144,12
P463144,75
P446934,83
P446934,2017
P446934,457
P446934,298
P446934,5069
P446934,7
P446934,234
P446934,88
P446934,3484
P446934,3569
P446934,5070
P446934,696
P446934,131
P446934,563
P446934,20
P446934,92
P446934,1797
P446934,4
P446934,3825
P446934,684
P446934,876
P446934,455
P446934,649
P446934,877
P446934,878
P446934,235
P446934,169
P446934,56
P446934,3485
P446934,2954
P446934,676
P446934,78
P446934,93
P446934,12
P446934,91
P446934,121
P446934,174
P446934,272
P446934,1235
P445832,100
P445832,4
P445832,3267
P445832,412
P445832,410
P445832,7851
P445832,1087
P445832,7
P445832,133
P445832,366
P445832,776
P445832,29
P445832,1657
P445832,197
P445832,1064
P445832,7852
P445832,3296
P445832,6052
P445832,2624
P445832,643
P445832,884
P445832,1456
P445832,1699
P445832,196
P445832,624
P445832,847
P445832,850
P445832,263
P445832,119
P445832,1057
P445832,189
P445832,190
P445832,191
P445832,7853
P445832,195
P445832,7854
P445832,112
P445832,750
P445832,7855
P445832,12
P445832,1255
P445832,198
P445832,114
P445832,49
P445832,95
P445832,265
P445832,74
P445832,595
P445832,116
P445832,382
P445832,2064
P445832,805
P445832,252
P445832,78
P445832,7856
P445832,392
P501165,1745
P501165,178
P501165,1746
P501165,7
P501165,89
P501165,1128
P501165,4
P501165,74
P501165,90
P501165,2660
P501165,352
P501165,4392
P501165,29
P501165,86
P501165,1241
P501165,484
P501165,455
P501165,37
P501165,91
P501165,482
P501165,4394
P501165,33
P501165,6312
P501165,4395
P501165,1859
P501165,246
P501165,57
P501165,2
P501165,118
P501165,166
P501165,93
P501165,445
P501165,488
P501165,6326
P501165,756
P501165,174
P501165,1863
P501165,322
P501165,70
P501165,1753
P501165,6313
P501165,820
P501165,103
P501165,2124
P501165,376
P392608,83
P392608,4
P392608,4760
P392608,385
P392608,2264
P392608,7857
P392608,7858
P392608,382
P392608,383
P392608,107
P392608,2266
P392608,155
P392608,1382
P392608,89
P392608,57
P392608,93
P392608,119
P392608,2268
P392608,588
P392608,79
P392608,266
P392608,91
P392608,3183
P420224,348
P420224,1236
P420224,567
P420224,4
P420224,1420
P420224,102
P420224,72
P420224,78
P420224,54
P420224,79
P420224,75
P420224,224
P420224,3734
P420224,266
P420224,430
P420224,247
P420224,272
P420224,1132
P504125,100
P504125,2017
P504125,2256
P504125,1210
P504125,1295
P504125,1728
P504125,463
P504125,428
P504125,318
P504125,366
P504125,6895
P504125,1931
P504125,132
P504125,20
P504125,398
P504125,235
P504125,1725
P504125,7
P504125,76
P504125,9
P504125,72
P504125,1017
P504125,2512
P504125,1913
P504125,12
P504125,78
P504125,5
P504125,91
P504125,1593
P504125,75
P504125,591
P468821,348
P468821,84
P468821,4
P468821,274
P468821,85
P468821,71
P468821,87
P468821,86
P468821,89
P468821,88
P468821,161
P468821,360
P468821,2664
P468821,3083
P468821,90
P468821,94
P468821,96
P468821,95
P468821,97
P468821,2671
P468821,1237
P468821,92
P468821,72
P468821,153
P468821,9
P468821,57
P468821,91
P468821,78
P468821,93
P468821,79
P468821,357
P500307,44
P500307,3777
P500307,4696
P500307,794
P500307,7859
P500307,627
P500307,787
P500307,559
P500307,7860
P500307,7861
P500307,4745
P500307,265
P500307,75
P500307,348
P500307,206
P500307,207
P500307,391
P500307,7
P500307,5
P500307,7862
P382204,100
P382204,7
P382204,60
P382204,903
P382204,1253
P382204,183
P382204,1072
P382204,777
P382204,66
P382204,112
P382204,5666
P382204,750
P382204,749
P382204,1078
P382204,133
P382204,92
P382204,4
P382204,815
P382204,93
P382204,78
P382204,75
P382204,8
P382204,804
P382204,106
P382204,266
P382204,79
P382204,91
P382204,464
P382204,1397
P436387,83
P436387,703
P436387,4
P436387,1484
P436387,405
P436387,87
P436387,7863
P436387,291
P436387,2464
P436387,532
P436387,7864
P436387,7079
P436387,7413
P436387,3532
P436387,112
P436387,1365
P436387,1842
P436387,697
P436387,5303
P436387,7865
P436387,4624
P436387,186
P436387,2507
P436387,57
P436387,263
P436387,91
P436387,12
P436387,7866
P436387,2438
P447603,100
P447603,4
P447603,743
P447603,90
P447603,588
P447603,91
P447603,2144
P447603,166
P447603,360
P447603,4838
P447603,4839
P447603,7867
P447603,94
P447603,7868
P447603,266
P447603,554
P447603,79
P447603,75
P447603,1270
P447603,95
P447603,7869
P447603,1250
P447603,20
P447603,57
P447603,12
P447603,135
P447603,246
P447603,122
P447603,781
P446641,1772
P446641,234
P446641,7870
P446641,6563
P446641,747
P446641,356
P446641,275
P446641,7871
P446641,3933
P446641,96
P446641,677
P446641,1868
P446641,363
P446641,7872
P446641,398
P446641,2850
P446641,235
P446641,90
P446641,634
P446641,7873
P414293,61
P414293,762
P414293,7874
P414293,2086
P414293,1598
P414293,3773
P414293,182
P414293,3477
P414293,1249
P414293,760
P414293,1250
P414293,1175
P414293,70
P414293,131
P414293,563
P414293,417
P414293,2703
P414293,1599
P414293,7875
P438619,55
P438619,71
P438619,4
P438619,670
P438619,4110
P438619,7
P438619,74
P438619,617
P438619,761
P438619,244
P438619,454
P438619,756
P438619,745
P438619,131
P438619,72
P438619,20
P438619,156
P438619,242
P438619,555
P438619,79
P438619,416
P438619,430
P438619,471
P474304,100
P474304,66
P474304,249
P474304,4
P474304,349
P474304,7876
P474304,90
P474304,4259
P474304,1024
P474304,327
P474304,1951
P474304,3461
P474304,2072
P474304,5579
P474304,257
P474304,590
P474304,77
P474304,2886
P474304,266
P474304,1795
P474304,75
P474304,175
P474304,173
P474304,177
P442003,760
P442003,627
P442003,762
P442003,761
P442003,763
P442003,764
P442003,3805
P442003,520
P442003,769
P442003,767
P442003,570
P442003,768
P442003,29
P442003,7877
P442003,70
P442003,568
P442003,3488
P442003,772
P442003,884
P442003,32
P442003,774
P442003,301
P442003,563
P442003,1109
P442003,174
P442003,272
P442003,202
P442003,7878
P442003,7879
P453227,348
P453227,349
P453227,3489
P453227,249
P453227,252
P453227,2773
P453227,91
P453227,1863
P453227,1717
P453227,264
P453227,9
P453227,4
P453227,5
P453227,192
P453227,79
P453227,2710
P453227,37
P453227,3206
P453227,317
P453227,1130
P453227,749
P453227,750
P453227,5786
P453227,752
P453227,753
P453227,338
P453227,61
P453227,132
P453227,78
P453227,758
P453227,75
P453227,266
P453227,57
P453227,441
P453227,174
P453227,177
P463353,83
P463353,85
P463353,1162
P463353,308
P463353,9
P463353,4
P463353,1411
P463353,5
P463353,835
P463353,252
P463353,74
P463353,321
P463353,658
P463353,33
P463353,342
P463353,305
P463353,745
P463353,1905
P463353,15
P463353,246
P463353,57
P463353,652
P463353,71
P463353,445
P463353,20
P463353,471
P482551,951
P482551,89
P482551,1196
P482551,747
P482551,1410
P482551,9
P482551,289
P482551,4
P482551,1729
P482551,472
P482551,2454
P482551,5193
P482551,92
P482551,978
P482551,4317
P482551,618
P482551,76
P482551,308
P482551,535
P482551,430
P482551,47
P482551,1423
P482551,153
P482551,744
P482551,405
P482551,2847
P482551,91
P482551,72
P482551,246
P482551,12
P482551,75
P482551,156
P482551,4661
P459133,348
P459133,349
P459133,3489
P459133,249
P459133,252
P459133,2773
P459133,91
P459133,1863
P459133,1717
P459133,264
P459133,9
P459133,4
P459133,5
P459133,192
P459133,79
P459133,2710
P459133,37
P459133,3206
P459133,317
P459133,1130
P459133,749
P459133,750
P459133,5786
P459133,752
P459133,753
P459133,338
P459133,61
P459133,132
P459133,78
P459133,758
P459133,75
P459133,266
P459133,57
P459133,441
P459133,174
P459133,177
P483076,951
P483076,89
P483076,1196
P483076,747
P483076,1410
P483076,9
P483076,289
P483076,4
P483076,1729
P483076,472
P483076,2454
P483076,5193
P483076,92
P483076,978
P483076,4317
P483076,618
P483076,76
P483076,308
P483076,535
P483076,430
P483076,47
P483076,1423
P483076,153
P483076,744
P483076,405
P483076,2847
P483076,91
P483076,72
P483076,246
P483076,12
P483076,75
P483076,156
P483076,4661
P422002,1567
P422002,382
P422002,383
P422002,9
P422002,4
P422002,2368
P422002,71
P422002,88
P422002,3820
P422002,91
P422002,291
P422002,72
P422002,57
P422002,12
P422002,70
P422002,117
P422002,6223
P422002,6224
P422002,3587
P434546,83
P434546,4
P434546,764
P434546,85
P434546,208
P434546,29
P434546,88
P434546,107
P434546,102
P434546,86
P434546,103
P434546,9
P434546,156
P434546,161
P434546,89
P434546,527
P434546,446
P434546,1382
P434546,745
P434546,1872
P434546,1940
P434546,155
P434546,237
P434546,2246
P434546,91
P434546,748
P434546,119
P434546,1637
P434546,1462
P434546,238
P434546,57
P434546,75
P434546,12
P434546,1392
P434546,588
P434546,778
P434546,112
P434546,777
P434546,750
P434546,96
P434546,132
P434546,430
P434546,1896
P434546,198
P434546,70
P434546,1941
P434546,465
P434546,174
P434546,272
P434546,1235
P474060,83
P474060,382
P474060,383
P474060,9
P474060,4
P474060,2368
P474060,71
P474060,88
P474060,3820
P474060,91
P474060,291
P474060,72
P474060,57
P474060,12
P474060,70
P474060,117
P474060,7880
P474060,7881
P474060,6224
P474060,3587
P460723,55
P460723,4
P460723,58
P460723,304
P460723,56
P460723,7
P460723,589
P460723,568
P460723,79
P460723,590
P460723,1070
P460723,2538
P94812,348
P94812,1082
P94812,88
P94812,716
P94812,410
P94812,7882
P94812,1717
P94812,4
P94812,748
P94812,166
P94812,1085
P94812,29
P94812,2710
P94812,74
P94812,446
P94812,6067
P94812,252
P94812,78
P94812,2377
P94812,93
P94812,184
P94812,91
P94812,199
P94812,75
P94812,607
P94812,1518
P94812,202
P94812,1595
P94812,174
P94812,272
P94812,4001
P94812,7883
P479304,100
P479304,4
P479304,9
P479304,90
P479304,20
P479304,244
P479304,3026
P479304,3721
P479304,2965
P479304,5974
P479304,5266
P479304,115
P479304,161
P479304,578
P479304,95
P479304,1064
P479304,5975
P479304,189
P479304,196
P479304,197
P479304,1255
P479304,195
P479304,190
P479304,198
P479304,191
P479304,676
P479304,1363
P479304,57
P479304,91
P479304,12
P479304,75
P479304,474
P464238,2157
P464238,138
P464238,133
P464238,4
P464238,71
P464238,1775
P464238,88
P464238,6480
P464238,1872
P464238,89
P464238,748
P464238,2264
P464238,2266
P464238,2268
P464238,97
P464238,396
P464238,395
P464238,20
P464238,401
P464238,158
P464238,403
P464238,2155
P464238,2571
P464238,2156
P464238,2015
P464238,60
P464238,66
P464238,90
P464238,3494
P464238,2142
P464238,126
P464238,398
P464238,7884
P464238,2455
P464238,117
P464238,86
P464238,170
P464238,535
P464238,8
P464238,57
P464238,91
P464238,686
P464238,72
P464238,93
P464238,687
P443841,89
P443841,49
P443841,457
P443841,7885
P440075,83
P440075,9
P440075,275
P440075,1725
P440075,89
P440075,4
P440075,76
P440075,1238
P440075,290
P440075,1507
P440075,393
P440075,843
P440075,1415
P440075,4458
P440075,289
P440075,127
P440075,4581
P440075,1249
P440075,472
P440075,833
P440075,4582
P440075,2448
P440075,398
P440075,29
P440075,129
P440075,544
P440075,117
P440075,660
P440075,24
P440075,5
P440075,4583
P440075,1254
P440075,72
P440075,4584
P440075,842
P440075,1999
P440075,457
P440075,122
P440075,391
P440075,430
P440075,669
P440075,4585
P440075,2390
P440075,84
P440075,4586
P440075,1312
P440075,402
P440075,79
P440075,118
P440075,678
P440075,261
P440075,91
P440075,390
P440075,266
P440075,471
P500857,2509
P500857,1
P500857,9
P500857,4
P500857,76
P500857,208
P500857,484
P500857,275
P500857,1926
P500857,3505
P500857,684
P500857,876
P500857,455
P500857,877
P500857,649
P500857,878
P500857,92
P500857,5652
P500857,70
P500857,679
P500857,71
P500857,117
P500857,635
P500857,527
P500857,352
P500857,86
P500857,3843
P500857,675
P500857,57
P500857,313
P500857,169
P500857,132
P500857,74
P500857,93
P500857,78
P500857,376
P407450,83
P407450,813
P407450,4100
P407450,815
P407450,4
P407450,278
P407450,56
P407450,77
P407450,91
P407450,2294
P407450,489
P407450,73
P407450,546
P407450,70
P407450,7886
P407450,72
P407450,3572
P407450,7887
P407450,78
P407450,272
P407450,271
P407450,202
P407450,1595
P407450,173
P407450,203
P407450,1572
P407450,204
P407450,4713
P407450,2378
P407450,2428
P472472,1567
P472472,224
P472472,645
P472472,628
P472472,4
P472472,76
P472472,107
P472472,9
P472472,90
P472472,7
P472472,252
P472472,70
P472472,475
P472472,366
P472472,1556
P472472,77
P472472,130
P472472,890
P472472,5747
P472472,3671
P472472,329
P472472,272
P472472,700
P472472,7888
P472472,7889
P472472,7890
P472472,20
P472472,173
P472472,176
P472472,174
P472472,7891
P459127,7892
P459127,24
P459127,31
P459127,41
P459127,2045
P459127,7893
P459127,4
P459127,1934
P459127,242
P459127,3927
P459127,3928
P459127,1546
P459127,20
P459127,120
P459127,7894
P459127,274
P459127,131
P459127,673
P459127,2330
P459127,2454
P459127,97
P459127,396
P459127,395
P459127,401
P459127,158
P459127,403
P459127,8
P459127,57
P459127,7895
P459127,110
P459127,161
P459127,7896
P459127,7897
P459127,516
P7365,3241
P7365,2189
P7365,3243
P7365,3248
P7365,7898
P7365,1799
P7365,3576
P7365,1388
P7365,1170
P7365,2900
P7365,3256
P7365,3257
P7365,3258
P7365,3068
P7365,7899
P7365,6983
P7365,7900
P7365,7901
P7365,7902
P7365,7903
P7365,6178
P7365,358
P7365,2364
P7365,359
P7365,6470
P7365,84
P7365,49
P7365,7904
P7365,7905
P7365,1961
P7365,1803
P7365,7906
P7365,7907
P7365,7908
P7365,7909
P7365,5788
P7365,7910
P7365,7911
P7365,7912
P7365,7913
P7365,7914
P450614,7915
P450614,7
P450614,4
P450614,475
P450614,2701
P450614,7916
P450614,4011
P450614,7917
P450614,91
P450614,8
P450614,78
P450614,209
P450614,206
P450614,210
P450614,7918
P450614,117
P450614,90
P450614,12
P450614,1795
P450614,156
P450614,391
P450614,7919
P450614,4661
P476843,348
P476843,743
P476843,1725
P476843,265
P476843,879
P476843,6690
P476843,4225
P476843,91
P476843,118
P476843,117
P476843,4027
P476843,275
P476843,106
P476843,86
P476843,74
P476843,4226
P476843,206
P476843,4
P476843,454
P476843,170
P476843,8
P476843,2147
P476843,1795
P476843,20
P476843,1457
P476843,2351
P476843,856
P476843,78
P476843,131
P476843,557
P476843,753
P476843,1598
P476843,1412
P476843,678
P476843,710
P476843,4230
P476843,564
P476843,616
P476843,568
P476843,4030
P476843,3361
P476843,7920
P476843,1119
P476843,2722
P476843,4231
P476843,2936
P476843,2937
P476843,75
P476843,79
P476843,266
P476843,3316
P476843,391
P476843,174
P476843,176
P476843,173
P476843,177
P456414,348
P456414,431
P456414,4
P456414,664
P456414,23
P456414,892
P456414,90
P456414,167
P456414,1144
P456414,703
P456414,1212
P456414,76
P456414,29
P456414,170
P456414,666
P456414,667
P456414,414
P456414,168
P456414,563
P456414,484
P456414,398
P456414,2328
P456414,72
P456414,416
P456414,199
P456414,1139
P456414,12
P456414,1140
P456414,669
P456414,61
P456414,3766
P456414,3767
P456414,673
P456414,244
P456414,107
P456414,420
P456414,422
P456414,117
P456414,423
P456414,424
P456414,265
P456414,425
P456414,7921
P456414,426
P456414,427
P456414,678
P456414,1109
P456414,679
P456414,428
P456414,230
P456414,681
P456414,20
P456414,1581
P456414,263
P456414,70
P456414,455
P456414,684
P456414,685
P456414,206
P456414,91
P456414,366
P456414,686
P456414,433
P311143,3739
P311143,7922
P311143,7923
P311143,138
P311143,1889
P311143,1346
P311143,200
P311143,4
P311143,7924
P311143,298
P311143,1328
P311143,442
P311143,1894
P311143,5638
P311143,131
P311143,882
P311143,4651
P311143,96
P311143,84
P311143,7925
P311143,51
P311143,12
P311143,72
P311143,310
P311143,91
P311143,390
P311143,121
P311143,271
P311143,177
P442743,100
P442743,4
P442743,89
P442743,7926
P442743,743
P442743,90
P442743,7
P442743,484
P442743,457
P442743,487
P442743,627
P442743,3692
P442743,1292
P442743,2064
P442743,7824
P442743,4064
P442743,2936
P442743,828
P442743,1204
P442743,2937
P442743,221
P442743,5580
P442743,1203
P442743,7927
P442743,3092
P442743,3165
P442743,1527
P442743,222
P442743,2824
P442743,578
P442743,1851
P442743,2135
P442743,20
P442743,686
P442743,70
P442743,5611
P442743,924
P442743,132
P442743,2886
P442743,91
P442743,527
P442743,352
P442743,455
P442743,86
P442743,7928
P442743,618
P442743,635
P442743,166
P442743,71
P442743,169
P442743,3843
P442743,106
P442743,275
P442743,79
P442743,266
P442743,72
P442743,78
P442743,2954
P442743,605
P442743,117
P442743,199
P442743,63
P442743,8
P442743,1623
P442743,12
P442743,240
P442743,2790
P442743,1304
P442743,57
P442743,804
P442743,7929
P391802,100
P391802,3441
P391802,3442
P391802,29
P391802,3443
P391802,954
P391802,1732
P391802,1521
P391802,660
P391802,4
P391802,1484
P391802,298
P391802,130
P391802,70
P391802,762
P391802,1365
P391802,329
P391802,340
P391802,6277
P391802,7
P391802,1182
P391802,5266
P391802,239
P391802,107
P391802,102
P391802,5267
P391802,169
P391802,595
P391802,250
P391802,86
P391802,84
P391802,88
P391802,117
P391802,91
P391802,12
P391802,78
P391802,6278
P391802,120
P391802,1483
P391802,75
P391802,57
P391802,546
P391802,3359
P391802,246
P391802,430
P391802,4136
P391802,10
P391802,1420
P391802,177
P501187,1746
P501187,178
P501187,842
P501187,1745
P501187,4
P501187,308
P501187,89
P501187,435
P501187,913
P501187,7930
P501187,7
P501187,764
P501187,405
P501187,11
P501187,412
P501187,57
P501187,441
P501187,75
P501187,6312
P501187,488
P501187,70
P501187,6313
P501187,2
P501187,118
P501187,171
P501187,91
P501187,1753
P501187,2537
P415620,55
P415620,4
P415620,88
P415620,955
P415620,2676
P415620,460
P415620,29
P415620,1599
P415620,627
P415620,748
P415620,9
P415620,833
P415620,527
P415620,420
P415620,414
P415620,1909
P415620,131
P415620,71
P415620,161
P415620,8
P415620,7395
P415620,57
P415620,285
P415620,2978
P415620,1070
P415620,70
P415620,3511
P415620,1310
P415620,3522
P415620,3296
P415620,808
P415620,91
P415620,61
P415620,75
P415620,78
P415620,3513
P415620,173
P415620,176
P415620,174
P415620,177
P432049,5888
P432049,5889
P432049,5890
P432049,3963
P432049,4706
P432049,5891
P432049,5892
P432049,5893
P432049,5894
P432049,2877
P432049,5895
P454086,7734
P454086,1810
P454086,2976
P454086,250
P454086,1420
P454086,5
P454086,166
P454086,366
P454086,7931
P454086,331
P454086,1459
P454086,58
P454086,114
P454086,95
P454086,7736
P454086,415
P454086,4337
P454086,1807
P454086,2063
P454086,7735
P454086,286
P454086,3571
P454086,2968
P454086,7
P454086,93
P454086,169
P454086,97
P454086,92
P454086,274
P454086,74
P454086,3567
P454086,390
P454086,643
P454086,3568
P454086,4621
P454086,7739
P384537,1889
P384537,1346
P384537,71
P384537,24
P384537,4
P384537,1891
P384537,89
P384537,7
P384537,86
P384537,170
P384537,29
P384537,76
P384537,555
P384537,1894
P384537,1888
P384537,97
P384537,3765
P384537,696
P384537,1876
P384537,4025
P384537,2778
P384537,4026
P384537,3034
P384537,3033
P384537,5883
P384537,166
P384537,74
P384537,72
P384537,78
P384537,93
P384537,12
P384537,527
P384537,843
P384537,1119
P384537,91
P384537,132
P384537,246
P384537,121
P384537,5677
P472453,348
P472453,4
P472453,3493
P472453,90
P472453,88
P472453,404
P472453,1236
P472453,62
P472453,555
P472453,1240
P472453,1200
P472453,71
P472453,6046
P472453,748
P472453,235
P472453,6196
P472453,131
P472453,8
P472453,72
P472453,266
P472453,770
P472453,78
P472453,70
P472453,61
P472453,54
P472453,765
P472453,681
P472453,166
P472453,75
P472453,20
P472453,79
P472453,353
P472453,7932
P481830,709
P481830,813
P481830,71
P481830,85
P481830,77
P481830,4
P481830,1381
P481830,7933
P481830,2219
P481830,88
P481830,814
P481830,87
P481830,165
P481830,553
P481830,3439
P481830,3440
P481830,274
P481830,20
P481830,5638
P481830,131
P481830,275
P481830,1342
P481830,568
P481830,91
P481830,261
P481830,1360
P481830,3114
P481830,12
P481830,489
P481830,135
P481830,1572
P481830,207
P481830,202
P481830,204
P481830,176
P481830,271
P481830,203
P481830,174
P481830,272
P481830,2378
P481830,3475
P481830,2428
P442754,9
P442754,49
P442754,2555
P429953,85
P429953,631
P429953,2090
P429953,71
P429953,7934
P429953,1591
P429953,208
P429953,1905
P429953,61
P429953,308
P429953,155
P429953,767
P429953,3679
P429953,1412
P429953,7935
P429953,1904
P429953,70
P429953,1160
P429953,612
P429953,1161
P471101,7936
P471101,107
P471101,102
P471101,366
P471101,274
P471101,104
P471101,265
P471101,666
P471101,112
P471101,60
P471101,96
P471101,7937
P471101,365
P471101,695
P471101,75
P471101,911
P471101,811
P471101,12
P471101,78
P471101,266
P471101,91
P471101,9
P471101,7938
P297531,83
P297531,7
P297531,646
P297531,71
P297531,90
P297531,86
P297531,1879
P297531,2356
P297531,527
P297531,1030
P297531,7939
P297531,1857
P297531,202
P297531,2913
P297531,256
P297531,7940
P297531,834
P297531,841
P297531,60
P297531,452
P297531,2751
P297531,637
P297531,1514
P297531,7941
P297531,454
P297531,12
P297531,538
P297531,2355
P297531,994
P297531,20
P297531,170
P297531,1637
P297531,448
P297531,4
P297531,89
P297531,8
P297531,88
P297531,72
P297531,103
P297531,156
P297531,390
P297531,93
P297531,51
P297531,7942
P173619,83
P173619,7
P173619,7943
P173619,7944
P173619,200
P173619,878
P173619,11
P173619,131
P173619,90
P173619,57
P173619,3723
P173619,538
P173619,2724
P173619,7945
P173619,1275
P173619,736
P173619,7946
P173619,441
P173619,8
P173619,51
P173619,103
P173619,127
P173619,106
P173619,75
P173619,118
P173619,171
P173619,91
P173619,780
P173619,467
P173619,7947
P503999,55
P503999,4
P503999,118
P503999,7
P503999,90
P503999,878
P503999,767
P503999,1784
P503999,1903
P503999,2778
P503999,1690
P503999,1692
P503999,2623
P503999,130
P503999,20
P503999,3648
P503999,1691
P503999,63
P503999,9
P503999,1410
P503999,169
P503999,679
P503999,1128
P503999,568
P503999,246
P503999,117
P503999,1579
P503999,1275
P503999,2167
P503999,1404
P503999,4859
P503999,156
P503999,242
P503999,79
P503999,266
P503999,15
P503999,1105
P503999,74
P503999,70
P503999,61
P503999,76
P503999,244
P503999,474
P454799,5888
P454799,5889
P454799,5890
P454799,3963
P454799,4706
P454799,5891
P454799,5892
P454799,5893
P454799,5894
P454799,2877
P454799,7948
P501188,1745
P501188,382
P501188,2
P501188,4
P501188,641
P501188,878
P501188,87
P501188,7
P501188,383
P501188,179
P501188,484
P501188,352
P501188,358
P501188,91
P501188,6312
P501188,118
P501188,171
P501188,7949
P501188,1753
P501188,1331
P501188,1863
P501188,6326
P501188,322
P501188,6313
P501188,820
P501188,7950
P440504,405
P440504,809
P440504,74
P440504,1790
P440504,1772
P440504,71
P440504,770
P440504,258
P440504,7951
P440504,7952
P440504,3338
P440504,520
P440504,764
P440504,2507
P440504,7953
P440504,91
P440504,549
P470509,55
P470509,235
P470509,61
P470509,90
P470509,4
P470509,1251
P470509,3428
P470509,520
P470509,2973
P470509,1481
P470509,2380
P470509,161
P470509,4417
P470509,116
P470509,1598
P470509,7
P470509,29
P470509,266
P470509,79
P470509,70
P470509,20
P470509,418
P470509,265
P470509,75
P470509,95
P470509,169
P470509,131
P470509,57
P470509,2858
P470509,224
P470509,2859
P470509,228
P470509,4418
P470509,252
P470509,1623
P470509,4419
P433627,66
P433627,7954
P433627,7955
P433627,460
P433627,6350
P433627,4
P433627,88
P433627,206
P433627,7956
P433627,183
P433627,1599
P433627,368
P433627,420
P433627,7957
P433627,907
P433627,313
P433627,3357
P433627,1127
P433627,748
P433627,7405
P433627,194
P433627,322
P433627,889
P433627,570
P433627,1070
P433627,366
P433627,83
P433627,430
P433627,70
P433627,61
P433627,266
P433627,563
P433627,808
P433627,118
P433627,1119
P433627,686
P433627,174
P461177,66
P461177,7954
P461177,7955
P461177,460
P461177,6350
P461177,4
P461177,88
P461177,206
P461177,7956
P461177,183
P461177,1599
P461177,368
P461177,420
P461177,7957
P461177,907
P461177,313
P461177,3357
P461177,1127
P461177,748
P461177,7405
P461177,194
P461177,322
P461177,889
P461177,570
P461177,1070
P461177,366
P461177,83
P461177,430
P461177,70
P461177,61
P461177,266
P461177,563
P461177,808
P461177,118
P461177,1119
P461177,686
P461177,174
P428668,951
P428668,4
P428668,7
P428668,5
P428668,66
P428668,57
P428668,6
P428668,161
P428668,546
P428668,1695
P428668,3466
P428668,1227
P428668,12
P428668,584
P428668,93
P428668,39
P428668,131
P428668,20
P428668,627
P428668,3467
P428668,225
P428668,230
P428668,806
P428668,1270
P428668,232
P428668,2707
P428668,231
P428668,229
P428668,228
P428668,2698
P428668,2708
P428668,2706
P428668,227
P428668,226
P428668,3468
P428668,236
P428668,224
P428668,223
P428668,828
P428668,3469
P426080,83
P426080,4
P426080,1465
P426080,76
P426080,88
P426080,3695
P426080,71
P426080,852
P426080,878
P426080,5100
P426080,5101
P426080,553
P426080,449
P426080,5102
P426080,5103
P426080,5104
P426080,5105
P426080,5106
P426080,60
P426080,5107
P426080,943
P426080,3393
P426080,765
P426080,1430
P426080,4358
P426080,5108
P426080,5109
P426080,774
P426080,70
P426080,484
P426080,3410
P426080,5110
P426080,89
P426080,72
P426080,7
P426080,527
P426080,940
P426080,5111
P426080,352
P426080,93
P426080,20
P426080,51
P426080,135
P426080,770
P426080,77
P426080,5112
P426080,5113
P426080,686
P426080,91
P426080,174
P426080,1235
P501170,1990
P501170,1586
P501170,1587
P501170,1991
P501170,83
P501170,7
P501170,1409
P501170,74
P501170,4
P501170,785
P501170,1507
P501170,2
P501170,409
P501170,6112
P501170,1241
P501170,1993
P501170,164
P501170,455
P501170,252
P501170,6312
P501170,6313
P501170,1994
P501170,668
P501170,171
P501170,6739
P501170,7958
P501170,794
P501170,310
P501170,118
P501170,798
P501170,489
P501170,91
P501170,342
P501170,305
P501170,1343
P477985,211
P477985,633
P477985,127
P477985,70
P477985,396
P477985,4939
P394124,7213
P394124,5349
P394124,7959
P394124,7960
P394124,138
P394124,7961
P394124,7962
P394124,7963
P394124,1210
P394124,4244
P394124,1598
P394124,7521
P394124,43
P394124,1116
P394124,91
P394124,297
P394124,311
P394124,131
P394124,321
P394124,457
P394124,7964
P394124,7965
P394124,7966
P394124,1019
P394124,7967
P394124,398
P394124,7968
P394124,2175
P394124,2031
P394124,2223
P394124,7969
P394124,2237
P394124,843
P394124,2954
P394124,5361
P394124,12
P394124,7624
P394124,7627
P394124,7970
P467248,348
P467248,104
P467248,7
P467248,274
P467248,106
P467248,132
P467248,5610
P467248,882
P467248,5611
P467248,1459
P467248,367
P467248,3481
P467248,4754
P467248,4
P467248,166
P467248,75
P467248,78
P467248,122
P467248,266
P467248,91
P467248,446
P467248,1138
P482074,100
P482074,9
P482074,90
P482074,4
P482074,178
P482074,66
P482074,463
P482074,4665
P482074,20
P482074,708
P482074,133
P482074,161
P482074,97
P482074,285
P482074,422
P482074,331
P482074,1546
P482074,274
P482074,831
P482074,224
P482074,236
P482074,241
P482074,225
P482074,223
P482074,230
P482074,232
P482074,229
P482074,231
P482074,227
P482074,228
P482074,226
P482074,240
P482074,1130
P482074,86
P482074,93
P482074,78
P482074,746
P482074,79
P482074,75
P482074,1548
P482074,57
P482074,266
P482074,5
P482074,7971
P482741,7972
P482741,7973
P482741,89
P482741,83
P482741,74
P482741,641
P482741,2
P482741,4
P482741,1409
P482741,435
P482741,308
P482741,1746
P482741,790
P482741,442
P482741,6739
P482741,825
P482741,455
P482741,657
P482741,774
P482741,1843
P482741,850
P482741,584
P482741,1844
P482741,20
P482741,1757
P482741,95
P482741,7772
P482741,1845
P482741,1762
P482741,1846
P482741,1279
P482741,310
P482741,315
P482741,321
P482741,7
P482741,482
P482741,311
P482741,171
P482741,441
P482741,118
P482741,75
P482741,489
P482741,798
P482741,1847
P482741,797
P482741,70
P482741,91
P482741,122
P482741,799
P479645,100
P479645,457
P479645,90
P479645,9
P479645,527
P479645,3483
P479645,555
P479645,1597
P479645,684
P479645,876
P479645,455
P479645,649
P479645,877
P479645,878
P479645,2954
P479645,246
P479645,1847
P479645,1275
P479645,548
P479645,93
P479645,356
P479645,12
P479645,828
P479645,266
P479645,79
P479645,91
P479645,471
P501171,1745
P501171,2
P501171,200
P501171,4
P501171,140
P501171,3236
P501171,89
P501171,455
P501171,7974
P501171,91
P501171,4315
P501171,6312
P501171,8
P501171,118
P501171,103
P501171,4396
P501171,1903
P501171,7
P501171,488
P501171,774
P501171,489
P501171,93
P501171,787
P501171,166
P501171,1408
P501171,6326
P501171,1753
P501171,174
P501171,1863
P501171,322
P501171,1954
P501171,1759
P501171,7448
P501171,6313
P501171,4489
P501171,820
P501171,43
P501171,51
P501171,7449
P501171,471
P481169,348
P481169,85
P481169,71
P481169,7975
P481169,89
P481169,308
P481169,7976
P481169,713
P481169,9
P481169,1409
P481169,153
P481169,274
P481169,645
P481169,74
P481169,90
P481169,95
P481169,651
P481169,1324
P481169,398
P481169,92
P481169,70
P481169,1169
P481169,5320
P481169,1326
P481169,20
P481169,117
P481169,1325
P481169,420
P481169,265
P481169,72
P481169,535
P481169,169
P481169,263
P481169,7977
P481169,4073
P481169,815
P481169,7978
P481169,306
P481169,7
P481169,7979
P481169,78
P481169,252
P481169,390
P481169,12
P481169,91
P481169,1390
P481169,7980
P481169,6546
P391799,83
P391799,4
P391799,7
P391799,617
P391799,155
P391799,463
P391799,208
P391799,558
P391799,76
P391799,404
P391799,6031
P391799,86
P391799,553
P391799,71
P391799,89
P391799,6032
P391799,529
P391799,760
P391799,6033
P391799,6034
P391799,2371
P391799,95
P391799,2802
P391799,6035
P391799,69
P391799,20
P391799,130
P391799,131
P391799,70
P391799,291
P391799,484
P391799,467
P391799,6036
P391799,88
P391799,441
P391799,1581
P391799,756
P391799,262
P391799,93
P391799,265
P391799,74
P391799,135
P391799,546
P391799,2805
P391799,75
P391799,1355
P391799,51
P391799,266
P391799,1388
P391799,91
P391799,272
P391799,173
P391799,566
P466661,100
P466661,4
P466661,7981
P466661,2525
P466661,261
P466661,411
P466661,846
P466661,1583
P466661,2772
P466661,593
P466661,403
P466661,1829
P466661,133
P466661,382
P466661,2892
P466661,826
P466661,384
P466661,189
P466661,750
P466661,5647
P466661,596
P466661,7882
P466661,351
P466661,57
P466661,1817
P466661,79
P466661,595
P466661,107
P466661,5605
P466661,5432
P466661,7585
P466661,3462
P466661,7982
P466661,1552
P466661,749
P466661,694
P466661,745
P466661,1494
P466661,272
P466661,3552
P466661,317
P466661,4582
P466661,7983
P466661,190
P466661,1119
P466661,5648
P466661,132
P466661,264
P466661,265
P466661,1132
P457521,83
P457521,138
P457521,641
P457521,9
P457521,342
P457521,1732
P457521,2320
P457521,298
P457521,1162
P457521,1409
P457521,1863
P457521,891
P457521,2684
P457521,5
P457521,311
P457521,1481
P457521,84
P457521,310
P457521,7924
P457521,321
P457521,4373
P457521,39
P457521,12
P457521,471
P467137,100
P467137,762
P467137,7
P467137,1291
P467137,4
P467137,20
P467137,107
P467137,2939
P467137,166
P467137,911
P467137,129
P467137,8
P467137,266
P467137,12
P467137,78
P467137,563
P467137,70
P467137,117
P467137,79
P467137,1310
P467137,616
P467137,441
P467137,76
P467137,1315
P467137,57
P467137,353
P467137,89
P467137,7984
P467137,392
P414737,83
P414737,4
P414737,4773
P414737,3058
P414737,78
P414737,93
P414737,2229
P414737,7985
P414737,7986
P502966,83
P502966,9
P502966,71
P502966,297
P502966,5
P502966,274
P502966,20
P502966,472
P502966,673
P502966,1275
P502966,2313
P502966,1169
P502966,70
P502966,7
P502966,76
P502966,12
P502966,75
P502966,441
P502966,811
P502966,5162
P196542,7987
P196542,7988
P196542,5775
P196542,7
P196542,138
P196542,89
P196542,85
P196542,1360
P196542,2915
P196542,74
P196542,117
P196542,463
P196542,1525
P196542,637
P196542,452
P196542,1400
P196542,60
P196542,449
P196542,451
P196542,453
P196542,20
P196542,650
P196542,237
P196542,1113
P196542,1409
P196542,842
P196542,1002
P196542,528
P196542,72
P196542,131
P196542,2817
P196542,84
P196542,169
P196542,716
P196542,538
P196542,3282
P196542,4720
P196542,4170
P196542,238
P196542,1001
P196542,398
P196542,5134
P196542,1328
P196542,3324
P196542,1637
P196542,2223
P196542,458
P196542,1886
P196542,1210
P196542,75
P196542,310
P196542,7989
P196542,390
P196542,57
P196542,93
P196542,51
P196542,91
P196542,37
P196542,1390
P196542,491
P196542,7990
P437981,90
P437981,767
P437981,2250
P437981,1052
P437981,61
P437981,2919
P437981,3231
P437981,62
P437981,70
P437981,189
P437981,190
P437981,191
P437981,195
P437981,196
P437981,1064
P437981,627
P437981,198
P437981,1255
P437981,197
P437981,7991
P416564,7992
P457512,100
P457512,71
P457512,107
P457512,90
P457512,4
P457512,78
P457512,209
P457512,9
P457512,210
P457512,88
P457512,2162
P457512,676
P457512,1363
P457512,1795
P457512,57
P457512,91
P457512,12
P457512,322
P457512,7993
P457512,83
P457512,89
P457512,76
P457512,463
P457512,1544
P457512,72
P457512,152
P457512,7581
P457512,92
P457512,398
P457512,1242
P457512,237
P457512,129
P457512,430
P457512,7582
P457512,20
P457512,4062
P457512,252
P457512,79
P457512,75
P457512,7994
P457512,1144
P457512,29
P457512,97
P457512,617
P457512,1145
P457512,1146
P457512,238
P457512,1053
P457512,70
P457512,1147
P457512,1148
P457512,1149
P457512,8
P457512,7995
P457512,440
P457512,1361
P457512,747
P457512,7996
P457512,87
P457512,161
P457512,244
P457512,1673
P457512,2064
P457512,2062
P457512,1875
P457512,376
P271682,100
P271682,7
P271682,4
P271682,7720
P271682,411
P271682,7721
P271682,7723
P271682,3782
P271682,161
P271682,131
P271682,1282
P271682,430
P271682,266
P271682,79
P271682,49
P271682,392
P505024,71
P505024,627
P505024,1950
P505024,520
P505024,764
P505024,5
P505024,72
P505024,568
P505024,398
P505024,766
P505024,317
P505024,70
P505024,97
P505024,131
P505024,7163
P443359,100
P443359,71
P443359,1166
P443359,84
P443359,7
P443359,4
P443359,818
P443359,89
P443359,562
P443359,88
P443359,20
P443359,7997
P443359,60
P443359,285
P443359,1819
P443359,68
P443359,6428
P443359,6299
P443359,563
P443359,455
P443359,667
P443359,673
P443359,230
P443359,237
P443359,129
P443359,635
P443359,194
P443359,684
P443359,169
P443359,679
P443359,1130
P443359,2621
P443359,131
P443359,263
P443359,7998
P443359,669
P443359,441
P443359,199
P443359,7999
P443359,8000
P443359,72
P443359,678
P443359,75
P443359,70
P443359,1420
P443359,156
P443359,161
P443359,2055
P443359,527
P443359,170
P443359,86
P443359,8001
P443359,8002
P443359,8
P443359,12
P443359,78
P443359,1590
P443359,51
P443359,207
P443359,202
P443359,272
P443359,79
P443359,392
P429250,138
P429250,331
P429250,297
P429250,7
P429250,342
P429250,641
P429250,4
P429250,274
P429250,153
P429250,298
P429250,83
P429250,252
P429250,311
P429250,1753
P429250,310
P429250,321
P429250,314
P429250,316
P429250,513
P429250,93
P429250,319
P429250,169
P429250,322
P429250,324
P429250,327
P429250,296
P429250,61
P429250,330
P429250,118
P429250,71
P429250,91
P429250,329
P429250,117
P429250,285
P429250,4340
P429250,12
P429250,339
P429250,1364
P429250,1162
P429250,160
P429250,8003
P429250,2
P429250,308
P429250,8004
P429250,1481
P429250,1734
P429250,8005
P429250,5
P429250,1331
P429250,72
P429250,1449
P429250,39
P429250,7325
P429250,794
P429250,130
P429250,409
P429250,373
P429250,3035
P429250,793
P429250,2324
P429250,161
P429250,70
P429250,7327
P429250,76
P429250,1906
P429250,1797
P429250,2001
P429250,8006
P429250,2679
P429250,1602
P429250,1931
P429250,1776
P429250,97
P429250,1796
P429250,1664
P429250,8007
P479330,100
P479330,7
P479330,4
P479330,455
P479330,1364
P479330,328
P479330,90
P479330,289
P479330,715
P479330,1409
P479330,463
P479330,1404
P479330,8
P479330,9
P479330,10
P479330,8008
P479330,39
P479330,12
P479330,93
P479330,4272
P479330,4273
P479330,1310
P479330,268
P479330,8009
P479330,1320
P479330,2701
P479330,4014
P479330,4274
P479330,1270
P479330,174
P479330,8010
P479330,272
P479330,471
P424988,83
P424988,813
P424988,137
P424988,4279
P424988,4
P424988,4280
P424988,2343
P424988,2344
P424988,1324
P424988,77
P424988,4281
P424988,57
P424988,119
P424988,568
P424988,174
P424988,176
P424988,271
P424988,202
P424988,1595
P424988,78
P424988,122
P424988,391
P424988,392
P505054,55
P505054,74
P505054,4
P505054,382
P505054,71
P505054,5
P505054,878
P505054,7
P505054,178
P505054,8011
P505054,9
P505054,209
P505054,210
P505054,1355
P505054,244
P505054,8
P505054,246
P505054,90
P505054,10
P505054,398
P505054,745
P505054,568
P505054,6701
P505054,4469
P505054,7047
P505054,156
P505054,12
P505054,242
P505054,18
P505054,19
P505054,20
P505054,7045
P505054,3097
P505054,47
P505054,471
P500744,770
P500744,762
P500744,8012
P500744,4388
P500744,522
P500744,7912
P500744,45
P500744,568
P500744,70
P500744,4468
P500744,3167
P500744,61
P500744,1184
P500744,1185
P500744,1105
P500744,75
P500744,1116
P500744,8013
P454085,114
P454085,8014
P454085,7736
P454085,1807
P454085,441
P454085,8015
P454085,2968
P454085,1057
P454085,12
P454085,75
P454085,93
P454085,169
P454085,3567
P454085,390
P454085,8016
P454085,92
P454085,3568
P454085,97
P454085,643
P454085,8017
P454085,5
P454085,74
P454085,1242
P454085,237
P454085,129
P454085,4621
P454085,298
P454085,4404
P438620,55
P438620,4
P438620,235
P438620,1357
P438620,297
P438620,761
P438620,1178
P438620,1828
P438620,2740
P438620,2915
P438620,748
P438620,86
P438620,210
P438620,2917
P438620,244
P438620,7
P438620,520
P438620,211
P438620,88
P438620,90
P438620,745
P438620,2086
P438620,812
P438620,70
P438620,756
P438620,8
P438620,5
P438620,72
P438620,61
P438620,3237
P438620,78
P438620,156
P438620,242
P438620,252
P438620,376
P482540,8018
P482540,308
P482540,1
P482540,89
P482540,9
P482540,71
P482540,3324
P482540,5211
P482540,85
P482540,235
P482540,404
P482540,153
P482540,4
P482540,2017
P482540,1017
P482540,1598
P482540,2011
P482540,627
P482540,117
P482540,29
P482540,2012
P482540,868
P482540,2930
P482540,274
P482540,90
P482540,684
P482540,876
P482540,455
P482540,877
P482540,649
P482540,878
P482540,131
P482540,49
P482540,696
P482540,4072
P482540,12
P482540,107
P482540,132
P482540,457
P482540,311
P482540,1661
P482540,261
P482540,843
P482540,72
P482540,390
P482540,321
P482540,246
P482540,91
P482540,1375
P467123,83
P467123,4
P467123,71
P467123,88
P467123,86
P467123,170
P467123,89
P467123,2836
P467123,1430
P467123,2919
P467123,8019
P467123,96
P467123,3955
P467123,169
P467123,652
P467123,95
P467123,2254
P467123,1766
P467123,1249
P467123,131
P467123,70
P467123,8020
P467123,93
P467123,1148
P467123,398
P467123,321
P467123,394
P467123,119
P467123,7
P467123,20
P467123,2256
P467123,8021
P467123,205
P467123,2255
P467123,72
P467123,390
P467123,12
P467123,57
P467123,75
P467123,91
P467123,1294
P479706,100
P479706,102
P479706,9
P479706,78
P479706,627
P479706,3180
P479706,8022
P479706,1295
P479706,1212
P479706,409
P479706,86
P479706,274
P479706,70
P479706,1219
P479706,7413
P479706,127
P479706,2362
P479706,130
P479706,90
P479706,92
P479706,49
P479706,161
P479706,117
P479706,97
P479706,2458
P479706,679
P479706,430
P479706,168
P479706,911
P479706,106
P479706,5
P479706,74
P479706,20
P479706,132
P479706,266
P479706,313
P479706,235
P479706,79
P479706,57
P479706,1776
P479706,76
P479706,678
P479706,12
P479706,484
P479706,118
P479706,91
P479706,8023
P470243,1594
P470243,100
P470243,1116
P470243,383
P470243,382
P470243,265
P470243,9
P470243,4
P470243,66
P470243,75
P470243,342
P470243,641
P470243,91
P470243,676
P470243,106
P470243,3103
P470243,266
P470243,79
P470243,1256
P470243,321
P470243,20
P470243,549
P455237,83
P455237,20
P455237,527
P455237,234
P455237,4
P455237,835
P455237,555
P455237,557
P455237,892
P455237,402
P455237,235
P455237,393
P455237,341
P455237,57
P455237,394
P455237,391
P455237,206
P455237,90
P455237,3078
P455237,634
P455237,102
P455237,33
P455237,342
P455237,266
P455237,29
P455237,70
P455237,237
P455237,322
P455237,1863
P455237,4435
P455237,265
P455237,117
P455237,1872
P455237,673
P455237,1112
P455237,189
P455237,4436
P455237,2066
P455237,1467
P455237,627
P455237,2624
P455237,4437
P455237,3050
P455237,4130
P455237,4438
P502761,946
P502761,994
P502761,4
P502761,628
P502761,76
P502761,1197
P502761,9
P502761,1520
P502761,617
P502761,1935
P502761,484
P502761,1412
P502761,6959
P502761,6957
P502761,926
P502761,427
P502761,97
P502761,414
P502761,20
P502761,78
P502761,1127
P502761,861
P502761,4883
P502761,4884
P502761,130
P502761,3795
P502761,235
P502761,475
P502761,745
P502761,8024
P502761,2079
P502761,15
P502761,107
P502761,420
P502761,698
P502761,265
P502761,8025
P502761,1784
P502761,1213
P502761,527
P502761,70
P502761,79
P502761,272
P502761,174
P502761,173
P502761,950
P471111,100
P471111,716
P471111,7
P471111,815
P471111,118
P471111,5
P471111,695
P471111,903
P471111,365
P471111,183
P471111,75
P471111,107
P471111,109
P471111,366
P471111,539
P471111,102
P471111,1807
P471111,385
P471111,4
P471111,1070
P471111,703
P471111,5726
P471111,1072
P471111,618
P471111,1078
P471111,862
P471111,1079
P471111,749
P471111,750
P471111,1080
P471111,106
P471111,8
P471111,10
P471111,93
P471111,91
P471111,591
P505020,55
P505020,408
P505020,4
P505020,7
P505020,1087
P505020,2052
P505020,3236
P505020,412
P505020,349
P505020,676
P505020,79
P505020,72
P505020,75
P505020,745
P505020,568
P505020,4551
P505020,398
P505020,441
P505020,76
P505020,750
P505020,2939
P505020,6209
P505020,4489
P505020,47
P505020,471
P377577,524
P377577,4
P377577,527
P377577,89
P377577,1211
P377577,529
P377577,178
P377577,562
P377577,743
P377577,809
P377577,394
P377577,170
P377577,455
P377577,1199
P377577,834
P377577,2751
P377577,1499
P377577,1498
P377577,651
P377577,36
P377577,88
P377577,622
P377577,995
P377577,454
P377577,1001
P377577,842
P377577,7
P377577,1501
P377577,398
P377577,161
P377577,635
P377577,131
P377577,72
P377577,20
P377577,390
P377577,8
P377577,103
P377577,811
P377577,93
P377577,91
P377577,465
P377577,1009
P442843,92
P442843,513
P442843,29
P442843,633
P442843,1748
P442843,1134
P442843,703
P442843,627
P442843,471
P479362,100
P479362,7
P479362,4
P479362,76
P479362,5572
P479362,222
P479362,221
P479362,2453
P479362,20
P479362,673
P479362,472
P479362,1275
P479362,5573
P479362,469
P479362,836
P479362,835
P479362,5574
P479362,133
P479362,2330
P479362,1310
P479362,75
P479362,355
P479362,263
P479362,1709
P479362,5575
P479362,72
P479362,240
P479362,8
P479362,9
P479362,106
P479362,546
P479362,57
P479362,91
P479362,12
P479362,79
P479362,266
P479362,199
P479362,156
P479362,206
P479362,78
P479362,39
P479362,270
P479362,269
P479362,1304
P479362,4381
P474939,348
P474939,200
P474939,65
P474939,1236
P474939,1661
P474939,224
P474939,366
P474939,54
P474939,75
P474939,700
P474939,570
P474939,175
P474939,1826
P474939,327
P474939,79
P474939,173
P474939,430
P474939,176
P474939,266
P474939,272
P474939,890
P474939,1827
P474939,1132
P196524,6253
P196524,4756
P196524,83
P196524,595
P196524,624
P196524,86
P196524,409
P196524,885
P196524,4
P196524,454
P196524,116
P196524,8026
P196524,8027
P196524,886
P196524,252
P196524,135
P196524,6256
P196524,246
P196524,8028
P468684,557
P468684,61
P468684,100
P468684,2994
P468684,3126
P468684,2208
P468684,3127
P468684,4
P468684,3224
P468684,266
P468684,590
P468684,107
P468684,252
P468684,428
P468684,534
P468684,8029
P468684,430
P468684,6855
P468684,8030
P468684,634
P468684,5294
P468684,627
P468684,2414
P468684,75
P468684,441
P468684,1227
P468684,118
P468684,6141
P468684,173
P468684,566
P474079,1594
P474079,100
P474079,297
P474079,76
P474079,71
P474079,89
P474079,9
P474079,86
P474079,8031
P474079,527
P474079,29
P474079,1409
P474079,91
P474079,676
P474079,78
P474079,5847
P474079,131
P474079,74
P474079,930
P474079,8032
P474079,7
P474079,1462
P474079,1637
P474079,75
P474079,117
P474079,235
P474079,244
P474079,430
P474079,129
P474079,747
P474079,1905
P474079,90
P474079,79
P474079,118
P474079,127
P474079,106
P474079,132
P474079,266
P474079,156
P474079,1256
P474079,363
P474079,1766
P474079,3427
P474079,678
P474079,1170
P474079,242
P474079,818
P474079,5848
P504071,348
P504071,71
P504071,520
P504071,9
P504071,4
P504071,76
P504071,88
P504071,2665
P504071,956
P504071,3783
P504071,74
P504071,86
P504071,1817
P504071,484
P504071,454
P504071,4285
P504071,470
P504071,33
P504071,745
P504071,72
P504071,5
P504071,1851
P504071,3845
P504071,57
P504071,75
P504071,430
P504071,657
P504071,1296
P504071,765
P504071,635
P504071,70
P504071,828
P504071,441
P504071,1355
P504071,7383
P501176,524
P501176,743
P501176,448
P501176,106
P501176,809
P501176,4423
P501176,20
P501176,455
P501176,850
P501176,454
P501176,806
P501176,236
P501176,230
P501176,2706
P501176,223
P501176,2708
P501176,224
P501176,2707
P501176,228
P501176,229
P501176,231
P501176,232
P501176,227
P501176,226
P501176,225
P501176,90
P501176,5975
P501176,860
P501176,6273
P501176,8033
P501176,841
P501176,70
P501176,133
P501176,237
P501176,4
P501176,7
P501176,684
P501176,4422
P501176,158
P501176,590
P501176,2
P501176,75
P501176,8034
P501176,2366
P501176,51
P501176,441
P501176,79
P501176,266
P501176,246
P501176,686
P501176,93
P501176,1113
P501176,10
P501176,8
P501176,121
P501176,91
P501176,549
P442589,83
P442589,4
P442589,660
P442589,91
P442589,117
P442589,1712
P442589,1713
P442589,2464
P442589,5
P442589,72
P442589,165
P442589,1128
P442589,467
P442589,75
P442589,107
P442589,93
P442589,1905
P442589,808
P442589,78
P442589,174
P442589,1550
P442589,71
P442589,79
P442589,266
P442589,2378
P442589,4363
P470057,5774
P470057,83
P470057,308
P470057,71
P470057,1162
P470057,9
P470057,4
P470057,90
P470057,5775
P470057,1784
P470057,8035
P470057,457
P470057,88
P470057,86
P470057,1127
P470057,7
P470057,57
P470057,676
P470057,482
P470057,117
P470057,301
P470057,1598
P470057,1130
P470057,75
P470057,66
P470057,2162
P470057,265
P470057,20
P503668,100
P503668,955
P503668,9
P503668,956
P503668,274
P503668,4
P503668,463
P503668,1851
P503668,1812
P503668,911
P503668,117
P503668,657
P503668,2139
P503668,616
P503668,20
P503668,6651
P503668,6652
P503668,2301
P503668,3692
P503668,5698
P503668,6241
P503668,107
P503668,129
P503668,97
P503668,635
P503668,401
P503668,396
P503668,158
P503668,6653
P503668,4807
P503668,8036
P503668,4808
P503668,1404
P503668,3165
P503668,395
P503668,1709
P503668,131
P503668,70
P503668,7
P503668,72
P503668,403
P503668,12
P503668,390
P503668,76
P503668,233
P503668,15
P503668,132
P503668,79
P503668,745
P503668,57
P503668,266
P503668,8
P503668,5
P503668,1623
P503668,392
P482321,5774
P482321,83
P482321,308
P482321,71
P482321,1162
P482321,9
P482321,4
P482321,90
P482321,5775
P482321,1784
P482321,8035
P482321,457
P482321,88
P482321,86
P482321,1127
P482321,7
P482321,57
P482321,676
P482321,482
P482321,117
P482321,301
P482321,1598
P482321,1130
P482321,75
P482321,66
P482321,2162
P482321,265
P482321,2050
P500288,100
P500288,4
P500288,71
P500288,2256
P500288,5775
P500288,1220
P500288,5
P500288,2343
P500288,161
P500288,771
P500288,3653
P500288,97
P500288,70
P500288,127
P500288,131
P500288,1823
P500288,244
P500288,2492
P500288,4133
P500288,773
P500288,398
P500288,92
P500288,2062
P500288,2151
P500288,2602
P500288,685
P500288,224
P500288,9
P500288,668
P500288,313
P500288,128
P500288,107
P500288,430
P500288,72
P500288,1828
P500288,354
P500288,61
P500288,106
P500288,75
P500288,716
P500288,807
P500288,808
P500288,242
P500288,1731
P442535,55
P442535,1660
P442535,4
P442535,777
P442535,7
P442535,589
P442535,79
P442535,749
P442535,750
P442535,8037
P442535,590
P442535,78
P442535,1072
P442535,75
P442535,416
P442535,666
P442535,80
P481162,1745
P481162,89
P481162,7
P481162,200
P481162,878
P481162,4
P481162,155
P481162,1746
P481162,788
P481162,74
P481162,484
P481162,352
P481162,646
P481162,87
P481162,156
P481162,170
P481162,790
P481162,4396
P481162,91
P481162,4354
P481162,37
P481162,650
P481162,1241
P481162,121
P481162,118
P481162,8038
P481162,4355
P481162,8
P481162,171
P481162,57
P481162,454
P481162,103
P481162,482
P481162,488
P481162,1408
P481162,310
P481162,272
P481162,70
P481162,489
P481162,174
P481162,1700
P481162,20
P481162,1756
P481162,1176
P481162,67
P481162,1275
P481162,584
P481162,1331
P481162,1786
P481162,4380
P481162,1757
P481162,8039
P500993,348
P500993,71
P500993,90
P500993,9
P500993,1725
P500993,4
P500993,88
P500993,661
P500993,56
P500993,1178
P500993,449
P500993,685
P500993,29
P500993,20
P500993,274
P500993,70
P500993,398
P500993,161
P500993,679
P500993,1127
P500993,748
P500993,74
P500993,263
P500993,6298
P500993,1598
P500993,482
P500993,117
P500993,313
P500993,57
P500993,75
P500993,78
P500993,39
P500993,72
P500993,1130
P500993,8040
P500471,348
P500471,4
P500471,789
P500471,76
P500471,89
P500471,178
P500471,7
P500471,133
P500471,71
P500471,6300
P500471,809
P500471,91
P500471,5
P500471,441
P500471,12
P500471,252
P500471,75
P500471,446
P500471,20
P500471,3847
P500471,4374
P500471,79
P500471,174
P500471,266
P500471,272
P500471,3498
P392248,2198
P392248,361
P392248,2199
P392248,88
P392248,1748
P392248,211
P392248,100
P392248,37
P392248,2200
P392248,4
P392248,2201
P467122,83
P467122,138
P467122,89
P467122,2242
P467122,2243
P467122,527
P467122,535
P467122,1783
P467122,170
P467122,86
P467122,4
P467122,302
P467122,70
P467122,414
P467122,1123
P467122,2244
P467122,206
P467122,9
P467122,2245
P467122,84
P467122,2246
P467122,5
P467122,2247
P467122,1462
P467122,1637
P467122,2042
P467122,710
P467122,355
P467122,12
P467122,1749
P467122,454
P467122,667
P467122,93
P467122,75
P467122,57
P467122,117
P467122,2248
P467122,20
P467122,72
P467122,91
P467122,266
P467122,1294
P439057,83
P439057,4
P439057,89
P439057,9
P439057,443
P439057,153
P439057,91
P439057,75
P439057,252
P439057,7
P439057,246
P439057,441
P439057,1483
P439057,93
P439057,825
P439057,70
P439057,20
P439057,78
P439057,66
P439057,130
P439057,2
P439057,1846
P439057,815
P439057,8041
P439057,8042
P439057,1342
P439057,2664
P439057,808
P439057,79
P439057,107
P439057,527
P439057,266
P439057,1292
P439057,97
P439057,594
P439057,158
P439057,171
P439057,1333
P439057,12
P439057,396
P439057,395
P439057,1332
P439057,1335
P439057,1336
P439057,3976
P268700,83
P268700,85
P268700,71
P268700,4
P268700,4472
P268700,7
P268700,86
P268700,8043
P268700,208
P268700,4474
P268700,88
P268700,646
P268700,527
P268700,278
P268700,289
P268700,84
P268700,8044
P268700,544
P268700,422
P268700,876
P268700,878
P268700,649
P268700,877
P268700,455
P268700,8045
P268700,8046
P268700,2396
P268700,8047
P268700,20
P268700,850
P268700,747
P268700,131
P268700,237
P268700,129
P268700,156
P268700,1293
P268700,155
P268700,1211
P268700,161
P268700,1371
P268700,6635
P268700,119
P268700,684
P268700,8048
P268700,562
P268700,398
P268700,588
P268700,1890
P268700,89
P268700,1527
P268700,696
P268700,92
P268700,57
P268700,93
P268700,51
P268700,12
P268700,246
P268700,392
P450262,3956
P450262,9
P450262,264
P450262,274
P450262,76
P450262,4
P450262,66
P450262,266
P450262,79
P450262,880
P450262,165
P450262,5
P450262,72
P450262,12
P450262,75
P450262,2302
P448719,100
P448719,107
P448719,4
P448719,546
P448719,12
P448719,1179
P448719,750
P448719,1552
P448719,749
P448719,777
P448719,1072
P448719,104
P448719,1253
P448719,2384
P448719,2254
P448719,752
P448719,6132
P448719,1553
P448719,132
P448719,9
P448719,266
P448719,78
P448719,1304
P448719,199
P448719,156
P448719,815
P448719,4381
P501189,377
P501189,83
P501189,7
P501189,2
P501189,89
P501189,796
P501189,844
P501189,4315
P501189,1241
P501189,4
P501189,790
P501189,850
P501189,1844
P501189,3476
P501189,6313
P501189,1315
P501189,8
P501189,103
P501189,488
P501189,166
P501189,51
P501189,91
P501189,4381
P407448,83
P407448,813
P407448,77
P407448,815
P407448,278
P407448,4
P407448,4100
P407448,261
P407448,91
P407448,1142
P407448,467
P407448,546
P407448,275
P407448,489
P407448,12
P407448,272
P407448,66
P407448,1572
P407448,266
P407448,75
P407448,4713
P407448,2378
P407448,2428
P481366,5339
P481366,5341
P481366,5342
P481366,83
P481366,1162
P481366,3371
P481366,782
P481366,2614
P481366,85
P481366,1164
P481366,4
P481366,33
P481366,9
P481366,86
P481366,469
P481366,835
P481366,836
P481366,652
P481366,161
P481366,274
P481366,1556
P481366,61
P481366,522
P481366,1165
P481366,670
P481366,74
P481366,72
P481366,5
P481366,166
P481366,246
P481366,805
P481366,93
P481366,240
P481366,133
P481366,1353
P481366,4461
P481366,69
P481366,5345
P481366,3671
P481366,2065
P481366,13
P481366,574
P481366,2416
P481366,79
P481366,266
P481366,71
P481366,1167
P481366,174
P481366,272
P481366,207
P481366,342
P481366,799
P468411,83
P468411,4
P468411,2244
P468411,155
P468411,274
P468411,1216
P468411,7
P468411,29
P468411,71
P468411,76
P468411,89
P468411,2741
P468411,795
P468411,352
P468411,527
P468411,1382
P468411,484
P468411,161
P468411,131
P468411,206
P468411,152
P468411,170
P468411,88
P468411,748
P468411,119
P468411,153
P468411,780
P468411,93
P468411,467
P468411,1844
P468411,595
P468411,84
P468411,1569
P468411,1752
P468411,588
P468411,1916
P468411,78
P468411,330
P468411,4009
P468411,4925
P468411,4926
P468411,606
P468411,43
P468411,4927
P468411,4928
P479705,100
P479705,102
P479705,78
P479705,7
P479705,127
P479705,117
P479705,20
P479705,92
P479705,274
P479705,130
P479705,266
P479705,79
P479705,678
P479705,12
P479705,76
P479705,106
P479705,118
P479705,392
P441220,627
P441220,476
P441220,360
P441220,2250
P441220,62
P441220,327
P441220,520
P441220,4225
P441220,363
P441220,95
P441220,8049
P441220,416
P441220,67
P441220,94
P441220,96
P441220,285
P441220,4
P441220,764
P441220,131
P441220,5707
P441220,7
P441220,83
P441220,132
P441220,91
P441220,901
P441220,75
P441220,174
P441220,177
P468637,2463
P468637,8050
P468637,7700
P468637,1489
P468637,8051
P468637,2929
P468637,6724
P468637,8052
P481340,83
P481340,4
P481340,9
P481340,846
P481340,249
P481340,3489
P481340,2977
P481340,4537
P481340,165
P481340,108
P481340,102
P481340,110
P481340,776
P481340,75
P481340,205
P481340,4307
P481340,133
P481340,20
P481340,3232
P481340,66
P481340,398
P481340,63
P481340,95
P481340,275
P481340,7
P481340,1916
P481340,1597
P481340,78
P481340,252
P481340,264
P481340,430
P481340,71
P481340,1655
P481340,1920
P481340,1309
P481340,575
P481340,91
P481340,122
P481340,79
P481340,80
P462390,100
P462390,264
P462390,2256
P462390,78
P462390,102
P462390,104
P462390,107
P462390,278
P462390,6
P462390,366
P462390,2079
P462390,129
P462390,2939
P462390,563
P462390,70
P462390,117
P462390,266
P462390,79
P462390,122
P462390,441
P462390,353
P462390,93
P462390,392
P469506,1
P469506,49
P469506,7
P469506,278
P469506,4
P469506,880
P469506,165
P469506,76
P469506,3338
P469506,20
P469506,7564
P469506,117
P469506,1556
P469506,161
P469506,398
P469506,363
P469506,1109
P469506,1795
P469506,78
P469506,91
P469506,549
P375852,83
P375852,8053
P375852,7
P375852,57
P375852,3163
P375852,780
P375852,2326
P479329,1567
P479329,1596
P479329,90
P479329,297
P479329,3320
P479329,210
P479329,394
P479329,1598
P479329,8054
P479329,9
P479329,91
P479329,756
P479329,246
P479329,12
P479329,924
P479329,366
P479329,2302
P466163,100
P466163,4
P466163,1420
P466163,2
P466163,274
P466163,18
P466163,20
P466163,19
P466163,222
P466163,221
P466163,4603
P466163,1403
P466163,454
P466163,130
P466163,92
P466163,12
P466163,7
P466163,430
P466163,72
P466163,745
P466163,8
P466163,57
P466163,10
P466163,993
P466163,2346
P466163,5
P466163,165
P466163,106
P466163,70
P466163,268
P466163,272
P466163,1132
P464243,6507
P464243,286
P464243,1872
P464243,6508
P464243,8
P464243,60
P464243,93
P464243,467
P464243,2156
P464243,4
P464243,265
P464243,91
P464243,2015
P464243,2157
P464243,126
P464243,79
P464243,875
P464243,6509
P464243,523
P473828,1810
P473828,4
P473828,878
P473828,302
P473828,90
P473828,2916
P473828,1420
P473828,274
P473828,628
P473828,463
P473828,748
P473828,88
P473828,161
P473828,5
P473828,1127
P473828,97
P473828,2
P473828,745
P473828,618
P473828,409
P473828,358
P473828,12
P473828,700
P473828,169
P473828,92
P473828,130
P473828,811
P473828,1169
P473828,93
P473828,835
P473828,820
P473828,2426
P473828,699
P473828,13
P473828,70
P473828,86
P473828,396
P473828,158
P473828,2382
P473828,1333
P473828,962
P429529,83
P429529,4
P429529,7
P429529,118
P429529,161
P429529,878
P429529,1712
P429529,1713
P429529,1128
P429529,19
P429529,833
P429529,6568
P429529,246
P429529,546
P429529,93
P429529,57
P429529,11
P429529,96
P429529,685
P429529,2312
P429529,2313
P429529,95
P429529,72
P429529,5
P429529,850
P429529,244
P429529,8
P429529,224
P429529,2316
P429529,2317
P429529,1846
P429529,138
P429529,302
P429529,2318
P429529,6569
P476415,1594
P476415,2567
P476415,1346
P476415,249
P476415,352
P476415,9
P476415,1512
P476415,102
P476415,383
P476415,274
P476415,78
P476415,2700
P476415,95
P476415,70
P476415,4
P476415,12
P476415,910
P476415,811
P476415,911
P476415,250
P476415,57
P476415,252
P476415,75
P476415,266
P476415,91
P476415,1294
P442758,9
P442758,83
P442758,108
P442758,4
P442758,275
P442758,472
P442758,626
P442758,76
P442758,106
P442758,78
P442758,12
P442758,5
P442758,474
P442871,83
P442871,9
P442871,878
P442871,366
P442871,20
P442871,116
P442871,91
P442871,546
P442871,265
P442871,78
P442871,12
P442871,1243
P442871,5162
P479632,100
P479632,1812
P479632,264
P479632,9
P479632,200
P479632,161
P479632,5
P479632,10
P479632,7
P479632,12
P479632,130
P479632,2069
P479632,3974
P479632,1866
P479632,570
P479632,819
P479632,174
P479632,8055
P470507,55
P470507,71
P470507,76
P470507,815
P470507,4075
P470507,4
P470507,842
P470507,131
P470507,29
P470507,57
P470507,7
P470507,161
P470507,3021
P470507,66
P470507,118
P470507,418
P470507,90
P470507,61
P470507,91
P470507,78
P470507,8
P470507,117
P470507,158
P470507,169
P470507,563
P470507,97
P470507,1667
P470507,1674
P470507,75
P470507,1623
P470507,1619
P470507,2858
P470507,224
P470507,2066
P470507,225
P470507,2708
P470507,1146
P470507,595
P470507,228
P470507,229
P470507,4941
P470507,49
P470507,696
P470507,79
P470507,266
P470507,12
P470507,1679
P470507,4942
P470507,93
P470507,2859
P470507,3177
P470507,471
P501028,100
P501028,1412
P501028,4
P501028,7363
P501028,237
P501028,86
P501028,595
P501028,76
P501028,88
P501028,84
P501028,211
P501028,520
P501028,704
P501028,2380
P501028,2325
P501028,680
P501028,627
P501028,396
P501028,97
P501028,395
P501028,554
P501028,161
P501028,238
P501028,130
P501028,1270
P501028,1651
P501028,92
P501028,403
P501028,401
P501028,158
P501028,57
P501028,263
P501028,9
P501028,75
P501028,291
P501028,548
P501028,91
P501028,252
P501028,72
P501028,78
P501028,246
P501028,8
P501028,549
P423142,100
P423142,71
P423142,76
P423142,7
P423142,879
P423142,234
P423142,88
P423142,595
P423142,84
P423142,428
P423142,89
P423142,86
P423142,73
P423142,132
P423142,5320
P423142,750
P423142,60
P423142,1819
P423142,68
P423142,8056
P423142,9
P423142,156
P423142,72
P423142,166
P423142,92
P423142,263
P423142,235
P423142,2055
P423142,12
P423142,317
P423142,593
P423142,1656
P423142,1652
P423142,1309
P423142,8057
P423142,75
P423142,441
P423142,78
P423142,805
P423142,175
P423142,272
P423142,1132
P402944,3125
P467247,348
P467247,2525
P467247,3489
P467247,410
P467247,252
P467247,58
P467247,4
P467247,166
P467247,1717
P467247,809
P467247,4754
P467247,4755
P467247,95
P467247,1459
P467247,367
P467247,131
P467247,1583
P467247,4756
P467247,489
P467247,606
P467247,2145
P467247,7
P467247,72
P467247,79
P467247,91
P467247,446
P467247,202
P467247,1887
P467247,1555
P467247,37
P467247,464
P467247,4757
P474340,661
P474340,1431
P474340,1412
P474340,1144
P474340,663
P474340,671
P474340,200
P474340,1780
P474340,634
P474340,575
P474340,348
P474340,774
P474340,1053
P474340,8058
P474340,3428
P474340,8059
P474340,8060
P474340,4
P474340,61
P474340,672
P474340,107
P474340,117
P474340,126
P474340,70
P474340,131
P474340,764
P474340,266
P474340,79
P474340,433
P503693,100
P503693,2700
P503693,244
P503693,366
P503693,4
P503693,7413
P503693,680
P503693,211
P503693,76
P503693,2412
P503693,274
P503693,2850
P503693,92
P503693,1556
P503693,850
P503693,2753
P503693,594
P503693,2330
P503693,237
P503693,1862
P503693,1676
P503693,238
P503693,2454
P503693,158
P503693,1333
P503693,396
P503693,395
P503693,1332
P503693,97
P503693,472
P503693,911
P503693,8061
P503693,2381
P503693,1335
P503693,1336
P503693,90
P503693,563
P503693,831
P503693,2384
P503693,811
P503693,4809
P503693,1321
P503693,70
P503693,1342
P503693,91
P503693,242
P503693,910
P503693,527
P503693,72
P503693,246
P503693,156
P503693,549
P438617,55
P438617,71
P438617,4
P438617,7
P438617,4110
P438617,86
P438617,170
P438617,670
P438617,244
P438617,595
P438617,84
P438617,745
P438617,358
P438617,72
P438617,12
P438617,70
P438617,61
P438617,4027
P438617,20
P438617,131
P438617,398
P438617,668
P438617,156
P438617,242
P438617,430
P438617,224
P438617,4748
P479348,1
P479348,2700
P479348,71
P479348,382
P479348,9
P479348,352
P479348,167
P479348,274
P479348,383
P479348,8062
P479348,116
P479348,56
P479348,3526
P479348,555
P479348,91
P479348,2328
P479348,75
P479348,78
P479348,266
P479348,12
P479348,292
P479348,911
P479348,811
P479348,910
P479348,808
P479348,79
P479348,57
P479348,4
P479348,8063
P480613,524
P480613,833
P480613,4
P480613,879
P480613,448
P480613,809
P480613,531
P480613,1790
P480613,1793
P480613,1794
P480613,453
P480613,1791
P480613,1795
P480613,1796
P480613,338
P480613,340
P480613,1797
P480613,1798
P480613,1799
P480613,1792
P480613,1684
P480613,422
P480613,449
P480613,2124
P480613,1691
P480613,20
P480613,7
P480613,454
P480613,850
P480613,828
P480613,743
P480613,2167
P480613,455
P480613,460
P480613,2516
P480613,604
P480613,684
P480613,133
P480613,1667
P480613,4167
P480613,1143
P480613,2790
P480613,72
P480613,562
P480613,2886
P480613,1437
P480613,1090
P480613,678
P480613,2229
P480613,76
P480613,2366
P480613,117
P480613,4100
P480613,1007
P480613,106
P480613,1113
P480613,1548
P480613,200
P480613,121
P480613,174
P480613,272
P480613,203
P480613,173
P480613,176
P480613,51
P480613,93
P480613,266
P480613,246
P480613,686
P480613,392
P482024,524
P482024,833
P482024,4
P482024,879
P482024,448
P482024,809
P482024,531
P482024,1790
P482024,1793
P482024,1794
P482024,453
P482024,1791
P482024,1795
P482024,1796
P482024,338
P482024,340
P482024,1797
P482024,1798
P482024,1799
P482024,1792
P482024,1684
P482024,422
P482024,449
P482024,2124
P482024,1691
P482024,20
P482024,7
P482024,454
P482024,850
P482024,828
P482024,743
P482024,2167
P482024,455
P482024,460
P482024,2516
P482024,604
P482024,684
P482024,133
P482024,1667
P482024,4167
P482024,1143
P482024,2790
P482024,72
P482024,562
P482024,2886
P482024,1437
P482024,1090
P482024,678
P482024,2229
P482024,76
P482024,2366
P482024,117
P482024,4100
P482024,1007
P482024,106
P482024,1113
P482024,1548
P482024,200
P482024,121
P482024,174
P482024,272
P482024,203
P482024,173
P482024,176
P482024,51
P482024,93
P482024,266
P482024,246
P482024,686
P482024,392
P500019,83
P500019,4
P500019,89
P500019,308
P500019,88
P500019,555
P500019,6140
P500019,5
P500019,161
P500019,1423
P500019,39
P500019,86
P500019,1521
P500019,411
P500019,209
P500019,1320
P500019,210
P500019,192
P500019,166
P500019,57
P500019,188
P500019,10
P500019,1382
P500019,7
P500019,171
P500019,700
P500019,327
P500019,155
P500019,554
P500019,1227
P500019,1228
P500019,1229
P500019,1231
P500019,424
P500019,1230
P500019,6141
P500019,174
P500019,173
P500019,176
P500019,175
P500019,177
P438618,55
P438618,56
P438618,4
P438618,1828
P438618,57
P438618,79
P438618,75
P438618,266
P438618,666
P438618,2302
P442837,83
P442837,71
P442837,4
P442837,6694
P442837,1237
P442837,953
P442837,9
P442837,955
P442837,954
P442837,956
P442837,670
P442837,595
P442837,169
P442837,958
P442837,70
P442837,20
P442837,637
P442837,987
P442837,657
P442837,635
P442837,1851
P442837,66
P442837,363
P442837,1159
P442837,1143
P442837,76
P442837,418
P442837,770
P442837,652
P442837,957
P442837,12
P442837,91
P442837,266
P442837,15
P442837,75
P442837,264
P442837,79
P442837,1731
P420158,83
P420158,4
P420158,76
P420158,3080
P420158,71
P420158,617
P420158,86
P420158,1409
P420158,1784
P420158,9
P420158,2724
P420158,1660
P420158,777
P420158,4428
P420158,749
P420158,1072
P420158,131
P420158,774
P420158,161
P420158,70
P420158,1906
P420158,1797
P420158,1796
P420158,404
P420158,352
P420158,1462
P420158,756
P420158,84
P420158,553
P420158,8064
P420158,72
P420158,10
P420158,166
P420158,467
P420158,135
P420158,57
P420158,20
P420158,7
P420158,77
P420158,51
P420158,91
P420158,174
P420158,272
P420158,175
P420158,3498
P501236,55
P501236,4
P501236,9
P501236,118
P501236,264
P501236,7
P501236,76
P501236,71
P501236,90
P501236,1042
P501236,1966
P501236,304
P501236,1967
P501236,78
P501236,676
P501236,1903
P501236,235
P501236,86
P501236,767
P501236,554
P501236,568
P501236,102
P501236,842
P501236,1099
P501236,246
P501236,8
P501236,75
P501236,880
P501236,107
P501236,2329
P501236,89
P501236,57
P501236,20
P501236,1127
P501236,165
P501236,667
P501236,79
P501236,441
P501236,6168
P501236,1690
P501236,15
P501236,745
P501236,130
P501236,637
P501236,239
P501236,1968
P501236,72
P501236,77
P501236,668
P501236,1256
P501236,266
P501236,1184
P501236,1404
P501236,1579
P501236,70
P501236,74
P501236,644
P504007,100
P504007,4
P504007,71
P504007,2
P504007,88
P504007,1746
P504007,1364
P504007,26
P504007,29
P504007,5
P504007,289
P504007,628
P504007,209
P504007,161
P504007,86
P504007,484
P504007,210
P504007,1169
P504007,1110
P504007,748
P504007,97
P504007,2066
P504007,1333
P504007,2382
P504007,396
P504007,158
P504007,2916
P504007,169
P504007,595
P504007,84
P504007,358
P504007,87
P504007,463
P504007,668
P504007,811
P504007,1211
P504007,700
P504007,634
P504007,13
P504007,820
P504007,173
P504007,70
P504007,1009
P442990,55
P442990,641
P442990,71
P442990,66
P442990,4
P442990,955
P442990,9
P442990,1212
P442990,88
P442990,56
P442990,3510
P442990,4133
P442990,358
P442990,484
P442990,91
P442990,168
P442990,482
P442990,117
P442990,301
P442990,1598
P442990,1908
P442990,12
P442990,356
P442990,1050
P442990,57
P442990,668
P442990,252
P442990,1883
P442990,891
P442990,329
P442990,3501
P442990,700
P442990,808
P442990,1909
P442990,61
P442990,70
P442990,8065
P442990,353
P442990,75
P442990,78
P442990,173
P442990,176
P442990,174
P442990,177
P460624,2581
P460624,71
P460624,892
P460624,1950
P460624,61
P460624,1863
P460624,326
P460624,1951
P460624,62
P460624,322
P460624,637
P460624,1952
P460624,890
P460624,891
P460624,1321
P460624,563
P460624,4772
P460624,178
P460624,208
P460624,131
P460624,70
P460624,85
P460624,175
P460624,174
P460624,177
P460624,8066
P460624,100
P460624,875
P460624,2052
P460624,7
P460624,546
P460624,4180
P460624,889
P460624,1842
P460624,13
P460624,888
P460624,4
P460624,410
P460624,3489
P460624,745
P460624,249
P460624,5
P460624,72
P460624,9
P460624,75
P460624,3237
P460624,93
P460624,4100
P460624,78
P460624,1294
P460624,2582
P460624,358
P460624,359
P460624,349
P460624,360
P460624,361
P460624,362
P460624,363
P460624,364
P460624,350
P460624,92
P460624,365
P460624,366
P460624,367
P460624,95
P460624,96
P460624,241
P460624,368
P460624,369
P460624,351
P460624,370
P460624,265
P460624,1057
P460624,373
P460624,374
P460624,375
P460624,376
P460624,8067
P460624,1166
P460624,595
P460624,89
P460624,562
P460624,84
P460624,88
P460624,20
P460624,818
P460624,1179
P460624,428
P460624,60
P460624,285
P460624,1819
P460624,68
P460624,6428
P460624,6299
P460624,455
P460624,667
P460624,673
P460624,230
P460624,237
P460624,129
P460624,635
P460624,194
P460624,684
P460624,169
P460624,679
P460624,1130
P460624,2621
P460624,263
P460624,5048
P460624,76
P460624,669
P460624,441
P460624,199
P460624,4083
P460624,678
P460624,1420
P460624,156
P460624,161
P460624,2055
P460624,527
P460624,170
P460624,86
P460624,805
P460624,8
P460624,12
P460624,1590
P460624,593
P460624,51
P460624,207
P460624,202
P460624,272
P460624,79
P460624,392
P377368,83
P377368,71
P377368,5301
P377368,88
P377368,89
P377368,4
P377368,9
P377368,138
P377368,8068
P377368,8069
P377368,8070
P377368,86
P377368,8071
P377368,252
P377368,1304
P377368,93
P377368,463
P377368,152
P377368,302
P377368,1043
P377368,131
P377368,92
P377368,1695
P377368,7
P377368,1859
P377368,1862
P377368,1041
P377368,2308
P377368,8072
P377368,4463
P377368,70
P377368,57
P377368,3103
P377368,78
P377368,2987
P377368,8073
P377368,392
P426829,946
P426829,4
P426829,412
P426829,408
P426829,349
P426829,252
P426829,4100
P426829,1717
P426829,78
P426829,166
P426829,91
P426829,86
P426829,75
P426829,170
P426829,1583
P426829,56
P426829,72
P426829,70
P426829,8074
P426829,815
P426829,90
P426829,8075
P426829,366
P426829,246
P426829,356
P426829,15
P426829,8076
P426829,948
P426829,174
P426829,1478
P426829,2083
P426829,130
P426829,360
P426829,7
P426829,122
P426829,272
P426829,176
P426829,97
P426829,20
P426829,949
P426829,173
P426829,8
P426829,240
P426829,8041
P426829,106
P426829,222
P426829,1764
P480606,348
P480606,4
P480606,9
P480606,1117
P480606,4231
P480606,835
P480606,1661
P480606,8077
P480606,8078
P480606,1120
P480606,365
P480606,695
P480606,90
P480606,3415
P480606,1282
P480606,808
P480606,848
P480606,265
P480606,188
P480606,1124
P480606,192
P480606,890
P480606,1126
P480606,889
P480606,2689
P480606,75
P480606,5652
P480606,430
P480606,590
P480606,266
P480606,79
P480606,174
P480606,8079
P481732,1115
P481732,4
P481732,800
P481732,9
P481732,2666
P481732,90
P481732,714
P481732,6321
P481732,88
P481732,774
P481732,559
P481732,206
P481732,1058
P481732,4103
P481732,57
P481732,3314
P481732,374
P481732,3071
P481732,20
P481732,1127
P481732,1883
P481732,75
P481732,8080
P481732,538
P481732,391
P481732,1120
P481732,3513
P481732,2294
P481732,8081
P481732,272
P481732,174
P481732,176
P481732,122
P481732,2302
P454837,348
P454837,89
P454837,4
P454837,1615
P454837,8082
P454837,9
P454837,200
P454837,71
P454837,527
P454837,2793
P454837,1412
P454837,74
P454837,91
P454837,1042
P454837,72
P454837,446
P454837,3822
P454837,2079
P454837,174
P454837,130
P454837,70
P454837,57
P454837,93
P454837,272
P454837,97
P454837,949
P454837,794
P454837,1117
P454837,20
P454837,156
P454837,173
P454837,79
P454837,2369
P454837,176
P454837,8083
P454837,175
P454837,1566
P454837,4972
P454837,808
P454837,107
P454837,80
P503891,100
P503891,9
P503891,4
P503891,1364
P503891,3282
P503891,1732
P503891,140
P503891,2209
P503891,5
P503891,1211
P503891,153
P503891,455
P503891,3916
P503891,90
P503891,244
P503891,746
P503891,8
P503891,169
P503891,158
P503891,86
P503891,10
P503891,1404
P503891,268
P503891,18
P503891,161
P503891,92
P503891,88
P503891,57
P503891,39
P503891,1127
P503891,7
P503891,93
P503891,12
P503891,242
P503891,95
P503891,272
P503891,20
P503891,174
P503891,339
P503891,107
P503891,811
P503891,858
P503891,4935
P503891,19
P503891,97
P503891,70
P503891,472
P503891,401
P503891,4853
P456192,2031
P456192,8084
P456192,3348
P456192,8085
P456192,90
P456192,8086
P456192,8087
P456192,2497
P456192,8088
P456192,8089
P456192,8090
P456192,8091
P456192,3473
P456192,8092
P456192,634
P456192,8093
P456192,61
P456192,1663
P435386,469
P435386,1261
P435386,605
P435386,63
P435386,1262
P435386,1263
P435386,4
P435386,1264
P435386,1265
P435386,20
P435386,527
P435386,1266
P435386,57
P435386,1267
P435386,1268
P435386,584
P435386,1269
P435386,96
P435386,1270
P435386,1271
P435386,166
P435386,586
P435386,1272
P435386,687
P476876,557
P476876,6766
P476876,4
P476876,4666
P476876,88
P476876,100
P476876,234
P476876,460
P476876,4341
P476876,209
P476876,210
P476876,9
P476876,475
P476876,520
P476876,61
P476876,420
P476876,29
P476876,235
P476876,266
P476876,1112
P476876,1070
P476876,857
P476876,67
P476876,313
P476876,8078
P476876,6141
P476876,430
P476876,2959
P476876,189
P476876,1120
P476876,79
P476876,103
P476876,7401
P476876,70
P476876,185
P476876,967
P282920,89
P282920,83
P282920,457
P282920,200
P282920,831
P282920,825
P282920,7
P282920,637
P282920,840
P282920,2128
P282920,2586
P282920,449
P282920,454
P282920,1001
P282920,63
P282920,2263
P282920,833
P282920,106
P282920,366
P282920,747
P282920,131
P282920,72
P282920,20
P282920,4
P282920,117
P282920,155
P282920,2130
P282920,119
P282920,169
P282920,1521
P282920,1583
P282920,2129
P282920,4170
P282920,463
P282920,1293
P282920,74
P282920,75
P282920,390
P282920,4720
P282920,78
P282920,93
P282920,91
P282920,37
P282920,1390
P282920,491
P282920,1391
P282920,8094
P469503,1
P469503,1420
P469503,7
P469503,366
P469503,106
P469503,2005
P469503,78
P469503,357
P450633,85
P450633,140
P450633,1484
P450633,160
P450633,71
P450633,179
P450633,8095
P450633,45
P450633,38
P450633,787
P450633,174
P450633,1322
P450633,235
P450633,90
P450633,272
P450633,50
P450633,7
P450633,892
P450633,8096
P450633,1790
P450633,1173
P450633,5783
P450633,1700
P450633,6475
P450633,6476
P450633,8097
P450633,8098
P476730,85
P476730,140
P476730,1484
P476730,160
P476730,71
P476730,179
P476730,8095
P476730,45
P476730,38
P476730,787
P476730,174
P476730,1322
P476730,235
P476730,90
P476730,272
P476730,50
P476730,7
P476730,892
P476730,8096
P476730,1790
P476730,1173
P476730,5783
P476730,1700
P476730,6475
P476730,6476
P476730,8097
P476730,8098
P475182,348
P475182,2976
P475182,1313
P475182,468
P475182,2053
P475182,252
P475182,2977
P475182,994
P475182,418
P475182,197
P475182,256
P475182,1603
P475182,2166
P475182,2978
P475182,421
P475182,2979
P475182,432
P475182,550
P475182,131
P475182,563
P475182,161
P475182,405
P475182,106
P475182,7
P475182,1828
P475182,76
P475182,72
P475182,56
P475182,244
P475182,12
P475182,1087
P475182,2406
P475182,242
P475182,15
P475182,2980
P475182,4
P475182,75
P475182,78
P475182,686
P475182,91
P475182,122
P475182,426
P475182,121
P475182,1572
P475182,207
P475182,173
P475182,271
P475182,174
P475182,177
P482757,348
P482757,2976
P482757,1313
P482757,468
P482757,2053
P482757,252
P482757,2977
P482757,994
P482757,418
P482757,197
P482757,256
P482757,1603
P482757,2166
P482757,2978
P482757,421
P482757,2979
P482757,432
P482757,550
P482757,131
P482757,563
P482757,161
P482757,405
P482757,106
P482757,7
P482757,1828
P482757,76
P482757,72
P482757,56
P482757,244
P482757,12
P482757,1087
P482757,2406
P482757,242
P482757,15
P482757,2980
P482757,4
P482757,75
P482757,78
P482757,686
P482757,91
P482757,122
P482757,426
P482757,121
P482757,1572
P482757,207
P482757,173
P482757,271
P482757,174
P482757,177
P469522,2874
P469522,3739
P469522,612
P469522,3740
P469522,1
P469522,4
P469522,74
P469522,89
P469522,70
P469522,112
P469522,1179
P469522,256
P469522,2005
P469522,3278
P469522,3741
P469522,2541
P469522,2222
P469522,1022
P469522,169
P469522,342
P469522,658
P469522,1905
P469522,244
P469522,57
P469522,3021
P469522,206
P469522,79
P469522,266
P469522,392
P435800,83
P435800,102
P435800,776
P435800,78
P435800,274
P435800,9
P435800,2754
P435800,107
P435800,366
P435800,92
P435800,1153
P435800,1862
P435800,4
P435800,1461
P435800,1321
P435800,70
P435800,2072
P435800,75
P435800,423
P435800,4069
P480285,348
P480285,33
P480285,6195
P480285,2433
P480285,4
P480285,7
P480285,2074
P480285,74
P480285,76
P480285,9
P480285,88
P480285,748
P480285,520
P480285,6196
P480285,801
P480285,1240
P480285,1146
P480285,6197
P480285,555
P480285,131
P480285,8
P480285,1355
P480285,1877
P480285,61
P480285,374
P480285,1105
P480285,19
P480285,1288
P480285,57
P480285,70
P480285,130
P480285,117
P480285,430
P480285,2370
P480285,72
P480285,6198
P270544,83
P270544,404
P270544,90
P270544,7
P270544,527
P270544,86
P270544,770
P270544,627
P270544,520
P270544,1807
P270544,66
P270544,158
P270544,170
P270544,4
P270544,133
P270544,455
P270544,563
P270544,12
P270544,736
P270544,229
P270544,963
P270544,2817
P270544,225
P270544,237
P270544,401
P270544,78
P270544,131
P270544,20
P270544,70
P270544,8
P270544,93
P270544,392
P434361,83
P434361,1364
P434361,7
P434361,4
P434361,617
P434361,1853
P434361,1029
P434361,1854
P434361,1855
P434361,1856
P434361,1857
P434361,749
P434361,1353
P434361,174
P434361,272
P434361,175
P434361,1352
P434361,75
P434361,539
P434361,107
P434361,366
P434361,1388
P434361,131
P434361,133
P434361,538
P434361,1858
P434361,1137
P434361,841
P434361,1861
P434361,838
P434361,463
P434361,1039
P434361,400
P434361,208
P434361,529
P434361,834
P434361,237
P434361,129
P434361,66
P434361,89
P434361,12
P434361,8
P434361,455
P434361,10
P434361,224
P434361,72
P434361,457
P434361,1851
P434361,20
P434361,390
P434361,392
P456206,7915
P456206,813
P456206,165
P456206,106
P456206,4
P456206,878
P456206,91
P456206,568
P456206,897
P456206,8099
P456206,2012
P456206,2011
P456206,272
P456206,12
P456206,8100
P456206,4072
P456206,174
P456206,173
P456206,1122
P456206,271
P456206,107
P456206,19
P456206,1296
P456206,266
P456206,581
P456206,1294
P394826,8101
P394826,8102
P394826,8103
P394826,8104
P394826,695
P394826,8105
P394826,365
P394826,8106
P394826,8107
P394826,4631
P394826,4636
P394826,4638
P394826,8108
P394826,8109
P394826,8110
P394826,8111
P394826,8112
P394826,8113
P394826,8114
P394826,8115
P394826,8116
P394826,8117
P394826,8118
P392239,1134
P392239,8119
P392239,7770
P392239,8120
P503052,8101
P503052,8102
P503052,8103
P503052,8104
P503052,695
P503052,8105
P503052,365
P503052,8106
P503052,8107
P503052,4631
P503052,4636
P503052,4638
P503052,8108
P503052,8109
P503052,8110
P503052,8111
P503052,8112
P503052,8113
P503052,8114
P503052,8115
P503052,8116
P503052,8117
P503052,8118
P432262,83
P432262,813
P432262,4100
P432262,815
P432262,4
P432262,278
P432262,56
P432262,77
P432262,91
P432262,2294
P432262,489
P432262,73
P432262,546
P432262,70
P432262,7886
P432262,72
P432262,3572
P432262,7887
P432262,78
P432262,272
P432262,271
P432262,202
P432262,1595
P432262,173
P432262,203
P432262,1572
P432262,5677
P440498,640
P440498,83
P440498,4197
P440498,641
P440498,342
P440498,642
P440498,643
P440498,783
P440498,4
P440498,4404
P428816,5294
P428816,61
P428816,8121
P428816,520
P428816,627
P428816,3293
P428816,3681
P428816,71
P428816,3015
P428816,2930
P428816,8019
P428816,1227
P428816,8122
P428816,90
P428816,208
P428816,70
P428816,1851
P428816,4076
P428816,8123
P475185,348
P475185,404
P475185,90
P475185,4
P475185,71
P475185,527
P475185,89
P475185,770
P475185,1544
P475185,86
P475185,170
P475185,994
P475185,421
P475185,420
P475185,460
P475185,2979
P475185,418
P475185,2139
P475185,20
P475185,107
P475185,2166
P475185,414
P475185,1603
P475185,550
P475185,2978
P475185,95
P475185,197
P475185,131
P475185,563
P475185,634
P475185,835
P475185,469
P475185,836
P475185,1828
P475185,132
P475185,2984
P475185,427
P475185,240
P475185,133
P475185,8
P475185,78
P475185,76
P475185,12
P475185,352
P475185,75
P475185,426
P475185,79
P475185,266
P475185,91
P475185,15
P475185,252
P475185,7
P475185,5
P475185,265
P475185,121
P475185,1572
P475185,207
P475185,271
P475185,177
P475203,348
P475203,404
P475203,90
P475203,4
P475203,71
P475203,527
P475203,89
P475203,770
P475203,1544
P475203,86
P475203,170
P475203,994
P475203,421
P475203,420
P475203,460
P475203,2979
P475203,418
P475203,2139
P475203,20
P475203,107
P475203,2166
P475203,414
P475203,1603
P475203,550
P475203,2978
P475203,95
P475203,197
P475203,131
P475203,563
P475203,634
P475203,835
P475203,469
P475203,836
P475203,1828
P475203,132
P475203,2984
P475203,427
P475203,240
P475203,133
P475203,8
P475203,78
P475203,76
P475203,12
P475203,352
P475203,75
P475203,426
P475203,79
P475203,266
P475203,91
P475203,15
P475203,252
P475203,7
P475203,5
P475203,265
P475203,121
P475203,1572
P475203,207
P475203,271
P475203,177
P462666,348
P462666,4
P462666,4492
P462666,4493
P462666,9
P462666,88
P462666,878
P462666,1783
P462666,161
P462666,86
P462666,170
P462666,76
P462666,29
P462666,748
P462666,1042
P462666,8124
P462666,454
P462666,553
P462666,89
P462666,8
P462666,246
P462666,12
P462666,131
P462666,2368
P462666,1449
P462666,93
P462666,856
P462666,446
P462666,7
P462666,152
P462666,78
P462666,118
P462666,8125
P462666,8126
P462666,1499
P462666,4440
P462666,79
P462666,445
P462666,5580
P462666,8127
P454387,1160
P454387,2875
P454387,612
P454387,1161
P454387,71
P454387,118
P454387,1412
P454387,85
P454387,1904
P454387,5343
P454387,1164
P454387,476
P454387,782
P454387,1905
P454387,70
P454387,633
P454387,764
P454387,8128
P454387,767
P454387,61
P454387,45
P454387,29
P454387,1251
P454387,47
P454387,1715
P454387,1256
P454387,60
P454387,3651
P454387,376
P454388,1160
P454388,2875
P454388,612
P454388,1161
P454388,71
P454388,118
P454388,1412
P454388,85
P454388,1904
P454388,5343
P454388,1164
P454388,476
P454388,782
P454388,1905
P454388,70
P454388,633
P454388,764
P454388,8128
P454388,767
P454388,61
P454388,45
P454388,29
P454388,1251
P454388,47
P454388,1715
P454388,1256
P454388,60
P454388,3651
P454388,376
P427409,89
P427409,49
P427409,457
P427409,7885
P444980,100
P444980,9
P444980,557
P444980,1151
P444980,169
P444980,29
P444980,426
P444980,12
P444980,265
P444980,1153
P444980,57
P444980,878
P444980,5
P444980,72
P444980,266
P444980,4
P444980,6466
P444980,1154
P444980,8129
P444980,107
P444980,20
P444980,91
P444980,1294
P443829,5154
P443829,813
P443829,815
P443829,278
P443829,165
P443829,4
P443829,261
P443829,743
P443829,814
P443829,816
P443829,161
P443829,818
P443829,326
P443829,45
P443829,819
P443829,570
P443829,520
P443829,680
P443829,820
P443829,822
P443829,821
P443829,49
P443829,12
P443829,9
P443829,489
P443829,568
P443829,91
P443829,823
P217932,4
P217932,83
P217932,593
P217932,84
P217932,103
P217932,595
P217932,87
P217932,596
P217932,56
P217932,1717
P217932,467
P217932,1483
P217932,70
P217932,2374
P217932,1430
P217932,174
P217932,202
P217932,272
P217932,206
P217932,815
P217932,93
P217932,8130
P217932,1595
P217932,8131
P205614,83
P205614,89
P205614,7
P205614,4
P205614,118
P205614,658
P205614,646
P205614,1134
P205614,1746
P205614,484
P205614,178
P205614,87
P205614,4393
P205614,298
P205614,352
P205614,4354
P205614,156
P205614,528
P205614,131
P205614,91
P205614,37
P205614,467
P205614,650
P205614,171
P205614,825
P205614,441
P205614,1501
P205614,4355
P205614,33
P205614,74
P205614,57
P205614,488
P205614,174
P205614,75
P205614,790
P205614,310
P205614,207
P205614,1595
P205614,1331
P205614,272
P205614,20
P205614,173
P205614,1758
P205614,471
P456994,2567
P456994,1346
P456994,89
P456994,4
P456994,4051
P456994,4052
P456994,8132
P456994,274
P456994,457
P456994,71
P456994,33
P456994,303
P456994,8133
P456994,1664
P456994,1352
P456994,20
P456994,454
P456994,3532
P456994,191
P456994,96
P456994,94
P456994,95
P456994,70
P456994,1408
P456994,660
P456994,745
P456994,669
P456994,90
P456994,5712
P456994,676
P456994,117
P456994,8134
P456994,72
P456994,237
P456994,1159
P456994,74
P456994,390
P456994,595
P456994,1146
P456994,84
P456994,242
P456994,156
P456994,771
P456994,1256
P456994,8135
P456994,79
P456994,266
P456994,75
P456994,8136
P456994,644
P412025,100
P412025,4
P412025,1282
P412025,2
P412025,2769
P412025,60
P412025,666
P412025,454
P412025,285
P412025,20
P412025,1738
P412025,112
P412025,95
P412025,131
P412025,274
P412025,130
P412025,92
P412025,265
P412025,12
P412025,7
P412025,4490
P412025,762
P412025,57
P412025,811
P412025,1303
P412025,93
P412025,11
P412025,246
P412025,91
P412025,33
P412025,268
P412025,8137
P412025,1397
P9941,83
P9941,410
P9941,2976
P9941,4
P9941,7
P9941,805
P9941,106
P9941,166
P9941,161
P9941,129
P9941,131
P9941,696
P9941,563
P9941,49
P9941,2401
P9941,6043
P9941,6044
P9941,92
P9941,133
P9941,421
P9941,716
P9941,355
P9941,1109
P9941,93
P9941,91
P9941,72
P9941,246
P9941,174
P9941,272
P9941,8138
P9941,6590
P9941,6591
P9941,6592
P9941,6593
P9941,467
P9941,1375
P482264,348
P482264,382
P482264,4
P482264,383
P482264,88
P482264,71
P482264,178
P482264,366
P482264,385
P482264,8139
P482264,685
P482264,161
P482264,131
P482264,29
P482264,618
P482264,394
P482264,75
P482264,358
P482264,156
P482264,355
P482264,676
P482264,1581
P482264,103
P482264,91
P482264,1476
P423130,100
P423130,7
P423130,4
P423130,85
P423130,2549
P423130,4445
P423130,161
P423130,131
P423130,86
P423130,170
P423130,2208
P423130,4718
P423130,352
P423130,394
P423130,222
P423130,221
P423130,652
P423130,3925
P423130,95
P423130,112
P423130,554
P423130,63
P423130,129
P423130,696
P423130,563
P423130,237
P423130,532
P423130,107
P423130,634
P423130,2395
P423130,89
P423130,1179
P423130,896
P423130,96
P423130,3782
P423130,6170
P423130,329
P423130,133
P423130,92
P423130,7886
P423130,1606
P423130,555
P423130,756
P423130,772
P423130,4719
P423130,106
P423130,815
P423130,8
P423130,313
P423130,93
P423130,805
P423130,91
P423130,6173
P427529,8140
P446419,5354
P446419,475
P446419,4
P446419,100
P446419,460
P446419,8141
P446419,103
P446419,208
P446419,8142
P446419,420
P446419,1652
P446419,1070
P446419,1120
P446419,8143
P446419,673
P446419,1123
P446419,116
P446419,1776
P446419,313
P446419,57
P446419,679
P446419,71
P446419,49
P446419,132
P446419,8144
P446419,2543
P446419,266
P446419,430
P446419,79
P446419,75
P446419,3163
P446419,8145
P446419,70
P446419,74
P446419,265
P446419,118
P446419,633
P446419,1119
P446419,8146
P446419,6536
P446419,7843
P471037,100
P471037,89
P471037,770
P471037,84
P471037,5
P471037,178
P471037,1872
P471037,20
P471037,3007
P471037,197
P471037,2439
P471037,2968
P471037,767
P471037,878
P471037,2492
P471037,8
P471037,9
P471037,71
P471037,4
P471037,57
P471037,811
P471037,445
P471037,70
P471037,842
P471037,2446
P471037,2444
P471037,2445
P471037,1449
P471037,3008
P471037,430
P471037,263
P471037,401
P471037,3009
P471037,131
P471037,342
P471037,549
P392249,2198
P392249,361
P392249,2199
P392249,88
P392249,1929
P392249,1748
P392249,211
P392249,83
P392249,2203
P392249,37
P392249,61
P392249,2204
P392249,2205
P456582,100
P456582,641
P456582,71
P456582,85
P456582,89
P456582,1162
P456582,7
P456582,4
P456582,74
P456582,1598
P456582,825
P456582,1251
P456582,1516
P456582,3039
P456582,20
P456582,95
P456582,819
P456582,7313
P456582,131
P456582,252
P456582,2237
P456582,76
P456582,786
P456582,9
P456582,535
P456582,441
P456582,843
P456582,57
P456582,72
P456582,398
P456582,890
P456582,12
P456582,78
P456582,266
P456582,79
P456582,272
P456582,1132
P481832,55
P481832,663
P481832,813
P481832,88
P481832,2916
P481832,4
P481832,748
P481832,89
P481832,278
P481832,764
P481832,1715
P481832,2343
P481832,2629
P481832,1243
P481832,3775
P481832,20
P481832,70
P481832,61
P481832,71
P481832,5046
P481832,291
P481832,568
P481832,91
P481832,72
P481832,716
P481832,57
P481832,5047
P481832,47
P481832,272
P481832,5048
P481832,745
P481832,1572
P481832,206
P481832,79
P481832,107
P481832,266
P481832,376
P460701,55
P460701,7
P460701,4
P460701,5
P460701,745
P460701,117
P460701,58
P460701,756
P460701,4372
P460701,568
P460701,1305
P460701,57
P460701,4373
P460701,20
P460701,6250
P460701,8147
P503721,377
P503721,378
P503721,379
P503721,380
P442867,83
P442867,4458
P442867,4
P442867,9
P442867,1979
P442867,1980
P442867,1981
P442867,233
P442867,20
P442867,7316
P442867,216
P442867,215
P442867,214
P442867,217
P442867,218
P442867,161
P442867,6384
P442867,116
P442867,72
P442867,8148
P442867,117
P442867,313
P442867,679
P442867,5
P442867,8149
P442867,1130
P442867,74
P442867,130
P442867,206
P442867,266
P442867,6320
P442867,7
P442867,390
P442867,93
P442867,75
P442867,79
P442867,1731
P374841,89
P374841,83
P374841,1502
P374841,181
P374841,457
P374841,7
P374841,1503
P374841,297
P374841,153
P374841,1507
P374841,1521
P374841,2127
P374841,256
P374841,584
P374841,840
P374841,1499
P374841,1475
P374841,575
P374841,1505
P374841,531
P374841,158
P374841,237
P374841,4
P374841,1527
P374841,809
P374841,1506
P374841,1134
P374841,1211
P374841,3088
P374841,454
P374841,131
P374841,413
P374841,1508
P374841,562
P374841,401
P374841,1328
P374841,3154
P374841,538
P374841,843
P374841,321
P374841,252
P374841,93
P374841,91
P374841,33
P374841,37
P374841,1974
P374841,1753
P374841,845
P480192,100
P480192,484
P480192,4
P480192,29
P480192,76
P480192,663
P480192,88
P480192,71
P480192,274
P480192,244
P480192,86
P480192,617
P480192,747
P480192,1357
P480192,20
P480192,828
P480192,520
P480192,2781
P480192,454
P480192,92
P480192,9
P480192,129
P480192,703
P480192,8150
P480192,70
P480192,1257
P480192,197
P480192,191
P480192,195
P480192,944
P480192,8151
P480192,198
P480192,1255
P480192,627
P480192,1929
P480192,1041
P480192,1043
P480192,74
P480192,190
P480192,189
P480192,1127
P480192,1784
P480192,393
P480192,402
P480192,242
P480192,430
P480192,39
P480192,1464
P480192,57
P480192,5
P480192,72
P480192,79
P480192,426
P480192,156
P480192,33
P480192,1476
P456193,1
P456193,90
P456193,661
P456193,484
P456193,4
P456193,9
P456193,1596
P456193,8152
P456193,1893
P456193,29
P456193,2361
P456193,1598
P456193,8089
P456193,87
P456193,6579
P456193,20
P456193,1275
P456193,472
P456193,673
P456193,2628
P456193,868
P456193,197
P456193,2919
P456193,1546
P456193,4330
P456193,1698
P456193,198
P456193,1255
P456193,190
P456193,2591
P456193,189
P456193,191
P456193,3024
P456193,36
P456193,3027
P456193,4730
P456193,768
P456193,12
P456193,61
P456193,3933
P456193,79
P456193,590
P456193,807
P456193,3418
P456193,460
P456193,1790
P456193,1548
P456193,1697
P456193,313
P456193,266
P456193,117
P456193,1412
P456193,76
P456193,75
P456193,430
P456193,70
P456193,1663
P482323,8153
P482323,6517
P482323,6518
P482323,6519
P482323,200
P482323,398
P482323,3783
P482323,1162
P482323,71
P482323,402
P482323,208
P482323,1905
P482323,393
P482323,2666
P482323,2151
P482323,308
P482323,1903
P482323,570
P482323,1866
P482323,1210
P482323,1312
P482323,327
P482323,8154
P500138,100
P500138,208
P500138,19
P500138,2755
P500138,648
P500138,9
P500138,5577
P500138,746
P500138,161
P500138,274
P500138,229
P500138,131
P500138,66
P500138,5578
P500138,418
P500138,5579
P500138,4455
P500138,2936
P500138,2937
P500138,5580
P500138,4192
P500138,744
P500138,5581
P500138,1593
P500138,396
P500138,97
P500138,88
P500138,748
P500138,4
P500138,673
P500138,235
P500138,5582
P500138,206
P500138,685
P500138,398
P500138,72
P500138,8
P500138,275
P500138,2
P500138,1241
P500138,12
P500138,808
P500138,5
P500138,15
P500138,5583
P500138,5584
P500138,676
P500138,106
P500138,1130
P500138,266
P500138,225
P500138,745
P500138,79
P500138,5585
P500138,75
P500138,441
P500138,240
P500138,1725
P500138,57
P463665,627
P463665,71
P463665,1321
P463665,8155
P463665,118
P463665,558
P463665,1604
P463665,633
P463665,163
P463665,559
P463665,1938
P463665,69
P463665,1219
P463665,767
P463665,1050
P463665,2855
P463665,1825
P463665,61
P463665,637
P463665,1501
P463665,173
P463665,176
P463665,2438
P464239,2157
P464239,66
P464239,88
P464239,6513
P464239,526
P464239,90
P464239,1775
P464239,89
P464239,513
P464239,2156
P464239,126
P464239,2015
P464239,60
P464239,2155
P464239,2455
P464239,1872
P464239,8
P464239,804
P464239,206
P464239,91
P464239,2326
P503692,27
P503692,1746
P503692,525
P503692,762
P503692,71
P503692,8156
P503692,181
P503692,74
P503692,45
P503692,4754
P503692,4539
P503692,2015
P503692,70
P503692,131
P503692,627
P503692,755
P503692,47
P503692,677
P503692,7912
P503692,91
P503692,37
P503692,3818
P503692,845
